blockerType,legacyPath,legacyStatus,auditClassification,cutoverDecision,targetPath,confidence,title,notes
author_archive,/author/admin/,200,preserve_or_map,manual_review,/authors/admin,low,Magazine | WAKILISHA,Legacy author archive should map to React author profile/archive if supported.
author_archive,/author/frank/,200,preserve_or_map,manual_review,/authors/frank,low,"Frank Njugi, Writer at WAKILISHA | WAKILISHA",Legacy author archive should map to React author profile/archive if supported.
author_archive,/author/frank/page/2/,200,preserve_or_map,manual_review,/authors/frank?page=2,low,"Frank Njugi, Writer at WAKILISHA | Page 2 of 3 | WAKILISHA",Legacy paginated author archive needs React author pagination decision.
author_archive,/author/frank/page/3/,200,preserve_or_map,manual_review,/authors/frank?page=3,low,"Frank Njugi, Writer at WAKILISHA | Page 3 of 3 | WAKILISHA",Legacy paginated author archive needs React author pagination decision.
author_archive,/author/gatwiri_c/,200,preserve_or_map,manual_review,/authors/gatwiri_c,low,"gatwiri_c, Writer at WAKILISHA | WAKILISHA",Legacy author archive should map to React author profile/archive if supported.
author_archive,/author/hafare/,200,preserve_or_map,manual_review,/authors/hafare,low,Hafare Segelan | WAKILISHA,Legacy author archive should map to React author profile/archive if supported.
author_archive,/author/hafare/page/2/,200,preserve_or_map,manual_review,/authors/hafare?page=2,low,Hafare Segelan | WAKILISHA,Legacy paginated author archive needs React author pagination decision.
author_archive,/author/james/,200,preserve_or_map,manual_review,/authors/james,low,"Muiruri Beautah, Writer at WAKILISHA | WAKILISHA",Legacy author archive should map to React author profile/archive if supported.
author_archive,/author/james/page/2/,200,preserve_or_map,manual_review,/authors/james?page=2,low,"Muiruri Beautah, Writer at WAKILISHA | Page 2 of 3 | WAKILISHA",Legacy paginated author archive needs React author pagination decision.
author_archive,/author/james/page/3/,200,preserve_or_map,manual_review,/authors/james?page=3,low,"Muiruri Beautah, Writer at WAKILISHA | Page 3 of 3 | WAKILISHA",Legacy paginated author archive needs React author pagination decision.
author_archive,/author/k_matiri/,200,preserve_or_map,manual_review,/authors/k_matiri,low,"Kambura Matiri, Writer at WAKILISHA | WAKILISHA",Legacy author archive should map to React author profile/archive if supported.
author_archive,/author/k_matiri/page/2/,200,preserve_or_map,manual_review,/authors/k_matiri?page=2,low,"Kambura Matiri, Writer at WAKILISHA | Page 2 of 2 | WAKILISHA",Legacy paginated author archive needs React author pagination decision.
author_archive,/author/kendi/,200,preserve_or_map,manual_review,/authors/kendi,low,"Shalom Kendi Mbae, Writer at WAKILISHA | WAKILISHA",Legacy author archive should map to React author profile/archive if supported.
author_archive,/author/kendi/page/2/,200,preserve_or_map,manual_review,/authors/kendi?page=2,low,"Shalom Kendi Mbae, Writer at WAKILISHA | Page 2 of 2 | WAKILISHA",Legacy paginated author archive needs React author pagination decision.
author_archive,/author/kiuta/,200,preserve_or_map,manual_review,/authors/kiuta,low,"Kiuta Faith, Writer at WAKILISHA | WAKILISHA",Legacy author archive should map to React author profile/archive if supported.
author_archive,/author/michael/,200,preserve_or_map,manual_review,/authors/michael,low,"Michael Mburu, Writer at WAKILISHA | WAKILISHA",Legacy author archive should map to React author profile/archive if supported.
author_archive,/author/swambi/,200,preserve_or_map,manual_review,/authors/swambi,low,"Sarah Wambi, Writer at WAKILISHA | WAKILISHA",Legacy author archive should map to React author profile/archive if supported.
author_archive,/author/timo/,200,preserve_or_map,manual_review,/authors/timo,low,"Timothy Muiruri, Writer at WAKILISHA | WAKILISHA",Legacy author archive should map to React author profile/archive if supported.
author_archive,/author/vicmuia/,200,preserve_or_map,manual_review,/authors/vicmuia,low,Victor Muia | WAKILISHA,Legacy author archive should map to React author profile/archive if supported.
author_archive,/author/wakilishaji/,200,preserve_or_map,manual_review,/authors/wakilishaji,low,"Wakilisha Staff, Writer at WAKILISHA | WAKILISHA",Legacy author archive should map to React author profile/archive if supported.
author_archive,/author/wakilishaji/page/2/,200,preserve_or_map,manual_review,/authors/wakilishaji?page=2,low,"Wakilisha Staff, Writer at WAKILISHA | Page 2 of 8 | WAKILISHA",Legacy paginated author archive needs React author pagination decision.
author_archive,/author/wakilishaji/page/3/,200,preserve_or_map,manual_review,/authors/wakilishaji?page=3,low,"Wakilisha Staff, Writer at WAKILISHA | Page 3 of 8 | WAKILISHA",Legacy paginated author archive needs React author pagination decision.
author_archive,/author/wakilishaji/page/4/,200,preserve_or_map,manual_review,/authors/wakilishaji?page=4,low,"Wakilisha Staff, Writer at WAKILISHA | Page 4 of 8 | WAKILISHA",Legacy paginated author archive needs React author pagination decision.
author_archive,/author/wakilishaji/page/5/,200,preserve_or_map,manual_review,/authors/wakilishaji?page=5,low,"Wakilisha Staff, Writer at WAKILISHA | Page 5 of 8 | WAKILISHA",Legacy paginated author archive needs React author pagination decision.
author_archive,/author/wakilishaji/page/6/,200,preserve_or_map,manual_review,/authors/wakilishaji?page=6,low,"Wakilisha Staff, Writer at WAKILISHA | Page 6 of 8 | WAKILISHA",Legacy paginated author archive needs React author pagination decision.
author_archive,/author/wakilishaji/page/7/,200,preserve_or_map,manual_review,/authors/wakilishaji?page=7,low,"Wakilisha Staff, Writer at WAKILISHA | Page 7 of 8 | WAKILISHA",Legacy paginated author archive needs React author pagination decision.
author_archive,/author/wakilishaji/page/8/,200,preserve_or_map,manual_review,/authors/wakilishaji?page=8,low,"Wakilisha Staff, Writer at WAKILISHA | Page 8 of 8 | WAKILISHA",Legacy paginated author archive needs React author pagination decision.
author_archive,/author/wangari/,200,preserve_or_map,manual_review,/authors/wangari,low,"Wangari Karume, Writer at WAKILISHA | WAKILISHA",Legacy author archive should map to React author profile/archive if supported.
chart_runtime_route,/charts/top-100/ke/2026-01-26/,200,preserve_or_map,manual_review,/charts/top-100/ke/2026-01-26,medium,Magazine | WAKILISHA,"Chart route should be tested against React runtime routing, not only prerender output."
chart_runtime_route,/charts/top-gengetone/ke/2026-01-26/,200,preserve_or_map,manual_review,/charts/top-gengetone/ke/2026-01-26,medium,Magazine | WAKILISHA,"Chart route should be tested against React runtime routing, not only prerender output."
chart_runtime_route,/charts/top-rnb/ke/2026-01-26/,200,preserve_or_map,manual_review,/charts/top-rnb/ke/2026-01-26,medium,Magazine | WAKILISHA,"Chart route should be tested against React runtime routing, not only prerender output."
legacy_article_missing_react_route,/claim-your-name/,200,preserve_or_map,manual_review,/magazine/claim-your-name,low,Claim Your Name | WAKILISHA,"Likely legacy article/page slug. Decide whether to import as magazine article, redirect to new article URL, preserve static HTML, or intentional 404."
legacy_section_archive,/album-reviews/,200,preserve_or_map,manual_review,/magazine,low,Album Reviews | WAKILISHA,"Legacy WordPress section/archive route. Decide whether to rebuild the archive, redirect to a React section, or intentionally retire it."
legacy_section_archive,/art-design/,200,preserve_or_map,manual_review,/magazine,low,Art &amp; Design | WAKILISHA,"Legacy WordPress section/archive route. Decide whether to rebuild the archive, redirect to a React section, or intentionally retire it."
legacy_section_archive,/art/,200,preserve_or_map,manual_review,/magazine,low,Art | WAKILISHA,"Legacy WordPress section/archive route. Decide whether to rebuild the archive, redirect to a React section, or intentionally retire it."
legacy_section_archive,/blog-newspaper/,200,preserve_or_map,manual_review,/magazine,low,HOME | WAKILISHA,"Legacy WordPress section/archive route. Decide whether to rebuild the archive, redirect to a React section, or intentionally retire it."
legacy_section_archive,/film/,200,preserve_or_map,manual_review,/magazine,low,Film | WAKILISHA,"Legacy WordPress section/archive route. Decide whether to rebuild the archive, redirect to a React section, or intentionally retire it."
legacy_section_archive,/journal/,200,preserve_or_map,manual_review,/magazine,low,Magazine | WAKILISHA,"Legacy WordPress section/archive route. Decide whether to rebuild the archive, redirect to a React section, or intentionally retire it."
legacy_section_archive,/lifestyle/,200,preserve_or_map,manual_review,/magazine,low,Lifestyle | WAKILISHA,"Legacy WordPress section/archive route. Decide whether to rebuild the archive, redirect to a React section, or intentionally retire it."
legacy_section_archive,/literature/,200,preserve_or_map,manual_review,/magazine,low,Literature | WAKILISHA,"Legacy WordPress section/archive route. Decide whether to rebuild the archive, redirect to a React section, or intentionally retire it."
legacy_section_archive,/literature/short-stories/,200,preserve_or_map,manual_review,/magazine,low,Short Stories | WAKILISHA,"Legacy WordPress section/archive route. Decide whether to rebuild the archive, redirect to a React section, or intentionally retire it."
legacy_section_archive,/music/,200,preserve_or_map,manual_review,/music,low,Music | WAKILISHA,"Legacy WordPress section/archive route. Decide whether to rebuild the archive, redirect to a React section, or intentionally retire it."
legacy_section_archive,/opinion/,200,preserve_or_map,manual_review,/magazine,low,Opinion | WAKILISHA,"Legacy WordPress section/archive route. Decide whether to rebuild the archive, redirect to a React section, or intentionally retire it."
legacy_section_archive,/plan/,200,preserve_or_map,manual_review,/magazine,low,Plan | WAKILISHA,"Legacy WordPress section/archive route. Decide whether to rebuild the archive, redirect to a React section, or intentionally retire it."
legacy_section_archive,/plan/archive/,200,preserve_or_map,manual_review,/magazine,low,Archive | WAKILISHA,"Legacy WordPress section/archive route. Decide whether to rebuild the archive, redirect to a React section, or intentionally retire it."
legacy_section_archive,/science-and-technology/,200,preserve_or_map,manual_review,/magazine,low,Science and Technology | WAKILISHA,"Legacy WordPress section/archive route. Decide whether to rebuild the archive, redirect to a React section, or intentionally retire it."
legacy_section_archive,/short-stories/,200,preserve_or_map,manual_review,/magazine,low,Short Stories | WAKILISHA,"Legacy WordPress section/archive route. Decide whether to rebuild the archive, redirect to a React section, or intentionally retire it."
legacy_section_archive,/sports/,200,preserve_or_map,manual_review,/magazine,low,Sports | WAKILISHA,"Legacy WordPress section/archive route. Decide whether to rebuild the archive, redirect to a React section, or intentionally retire it."
static_or_account_route,/account/,200,preserve_or_map,manual_review,/account,medium,Account | WAKILISHA,Known legacy static/account route needs explicit React route or redirect decision.
static_or_account_route,/corrections/,200,preserve_or_map,manual_review,/corrections,medium,Corrections | WAKILISHA,Known legacy static/account route needs explicit React route or redirect decision.
static_or_account_route,/events/,200,preserve_or_map,manual_review,/events,medium,Events | WAKILISHA,Known legacy static/account route needs explicit React route or redirect decision.
static_or_account_route,/faq/,200,preserve_or_map,manual_review,/faq,medium,FAQ | WAKILISHA,Known legacy static/account route needs explicit React route or redirect decision.
static_or_account_route,/methodology/,200,preserve_or_map,manual_review,/methodology,medium,Methodology | WAKILISHA,Known legacy static/account route needs explicit React route or redirect decision.
static_or_account_route,/my-account/,200,preserve_or_map,manual_review,/account,medium,Sign in | WAKILISHA,Known legacy static/account route needs explicit React route or redirect decision.
static_or_account_route,/my-library/,200,preserve_or_map,manual_review,/library,medium,My Library | WAKILISHA,Known legacy static/account route needs explicit React route or redirect decision.
static_or_account_route,/my-top-10/,200,preserve_or_map,manual_review,/my-top-10,medium,Sign in | WAKILISHA,Known legacy static/account route needs explicit React route or redirect decision.
static_or_account_route,/news-resources/,200,preserve_or_map,manual_review,/magazine,medium,News &amp; Resources | WAKILISHA,Known legacy static/account route needs explicit React route or redirect decision.
static_or_account_route,/order-tracking/,200,preserve_or_map,manual_review,/account,medium,ORDER TRACKING | WAKILISHA,Known legacy static/account route needs explicit React route or redirect decision.
static_or_account_route,/settings/,200,preserve_or_map,manual_review,/settings,medium,Sign in | WAKILISHA,Known legacy static/account route needs explicit React route or redirect decision.
static_or_account_route,/venues/,200,preserve_or_map,manual_review,/venues,medium,Venues | WAKILISHA,Known legacy static/account route needs explicit React route or redirect decision.
tag_archive,/tag/2026/,200,preserve_or_map,manual_review,/search?tag=2026,low,2026 | WAKILISHA,"Legacy tag archive needs product decision: rebuild tag pages, redirect to search, or intentional 404."
tag_archive,/tag/4mr-frank-white/,200,preserve_or_map,manual_review,/search?tag=4mr-frank-white,low,4mr Frank White | WAKILISHA,"Legacy tag archive needs product decision: rebuild tag pages, redirect to search, or intentional 404."
tag_archive,/tag/60-nozzles/,200,preserve_or_map,manual_review,/search?tag=60-nozzles,low,60 Nozzles | WAKILISHA,"Legacy tag archive needs product decision: rebuild tag pages, redirect to search, or intentional 404."
tag_archive,/tag/8-4-4/,200,preserve_or_map,manual_review,/search?tag=8-4-4,low,8-4-4 | WAKILISHA,"Legacy tag archive needs product decision: rebuild tag pages, redirect to search, or intentional 404."
tag_archive,/tag/8th-street-gang/,200,preserve_or_map,manual_review,/search?tag=8th-street-gang,low,8th Street Gang | WAKILISHA,"Legacy tag archive needs product decision: rebuild tag pages, redirect to search, or intentional 404."
tag_archive,/tag/a-grain-of-wheat/,200,preserve_or_map,manual_review,/search?tag=a-grain-of-wheat,low,A Grain of Wheat | WAKILISHA,"Legacy tag archive needs product decision: rebuild tag pages, redirect to search, or intentional 404."
tag_archive,/tag/a-nurse-toto/,200,preserve_or_map,manual_review,/search?tag=a-nurse-toto,low,A Nurse Toto | WAKILISHA,"Legacy tag archive needs product decision: rebuild tag pages, redirect to search, or intentional 404."
tag_archive,/tag/aahil/,200,preserve_or_map,manual_review,/search?tag=aahil,low,Aahil | WAKILISHA,"Legacy tag archive needs product decision: rebuild tag pages, redirect to search, or intentional 404."
tag_archive,/tag/aaron-rimbui/,200,preserve_or_map,manual_review,/search?tag=aaron-rimbui,low,Aaron Rimbui | WAKILISHA,"Legacy tag archive needs product decision: rebuild tag pages, redirect to search, or intentional 404."
tag_archive,/tag/ababu-namwamba/,200,preserve_or_map,manual_review,/search?tag=ababu-namwamba,low,Ababu Namwamba | WAKILISHA,"Legacy tag archive needs product decision: rebuild tag pages, redirect to search, or intentional 404."
tag_archive,/tag/abas-k%eb%ab%bf/,200,preserve_or_map,manual_review,/search?tag=abas-k%25eb%25ab%25bf,low,Abas K뫿 | WAKILISHA,"Legacy tag archive needs product decision: rebuild tag pages, redirect to search, or intentional 404."
tag_archive,/tag/abbas-k%eb%ab%bf/,200,preserve_or_map,manual_review,/search?tag=abbas-k%25eb%25ab%25bf,low,Abbas K뫿 | WAKILISHA,"Legacy tag archive needs product decision: rebuild tag pages, redirect to search, or intentional 404."
tag_archive,/tag/abubakar-majid/,200,preserve_or_map,manual_review,/search?tag=abubakar-majid,low,Abubakar Majid | WAKILISHA,"Legacy tag archive needs product decision: rebuild tag pages, redirect to search, or intentional 404."
tag_archive,/tag/accessibility/,200,preserve_or_map,manual_review,/search?tag=accessibility,low,Accessibility | WAKILISHA,"Legacy tag archive needs product decision: rebuild tag pages, redirect to search, or intentional 404."
tag_archive,/tag/across-the-bridge/,200,preserve_or_map,manual_review,/search?tag=across-the-bridge,low,Across The Bridge | WAKILISHA,"Legacy tag archive needs product decision: rebuild tag pages, redirect to search, or intentional 404."
tag_archive,/tag/act-of-love/,200,preserve_or_map,manual_review,/search?tag=act-of-love,low,Act Of Love | WAKILISHA,"Legacy tag archive needs product decision: rebuild tag pages, redirect to search, or intentional 404."
tag_archive,/tag/ado-veli/,200,preserve_or_map,manual_review,/search?tag=ado-veli,low,Ado Veli | WAKILISHA,"Legacy tag archive needs product decision: rebuild tag pages, redirect to search, or intentional 404."
tag_archive,/tag/adobe/,200,preserve_or_map,manual_review,/search?tag=adobe,low,Adobe | WAKILISHA,"Legacy tag archive needs product decision: rebuild tag pages, redirect to search, or intentional 404."
tag_archive,/tag/afcfta/,200,preserve_or_map,manual_review,/search?tag=afcfta,low,AfCFTA | WAKILISHA,"Legacy tag archive needs product decision: rebuild tag pages, redirect to search, or intentional 404."
tag_archive,/tag/affordable-art-show/,200,preserve_or_map,manual_review,/search?tag=affordable-art-show,low,Affordable Art Show | WAKILISHA,"Legacy tag archive needs product decision: rebuild tag pages, redirect to search, or intentional 404."
tag_archive,/tag/africa/,200,preserve_or_map,manual_review,/search?tag=africa,low,Africa | WAKILISHA,"Legacy tag archive needs product decision: rebuild tag pages, redirect to search, or intentional 404."
tag_archive,/tag/african-continental-free-trade-area/,200,preserve_or_map,manual_review,/search?tag=african-continental-free-trade-area,low,African Continental Free Trade Area | WAKILISHA,"Legacy tag archive needs product decision: rebuild tag pages, redirect to search, or intentional 404."
tag_archive,/tag/african-fiction/,200,preserve_or_map,manual_review,/search?tag=african-fiction,low,African Fiction | WAKILISHA,"Legacy tag archive needs product decision: rebuild tag pages, redirect to search, or intentional 404."
tag_archive,/tag/african-music/,200,preserve_or_map,manual_review,/search?tag=african-music,low,African Music | WAKILISHA,"Legacy tag archive needs product decision: rebuild tag pages, redirect to search, or intentional 404."
tag_archive,/tag/afro-house/,200,preserve_or_map,manual_review,/search?tag=afro-house,low,Afro House | WAKILISHA,"Legacy tag archive needs product decision: rebuild tag pages, redirect to search, or intentional 404."
tag_archive,/tag/afrobeat/,200,preserve_or_map,manual_review,/search?tag=afrobeat,low,Afrobeat | WAKILISHA,"Legacy tag archive needs product decision: rebuild tag pages, redirect to search, or intentional 404."
tag_archive,/tag/afroelle-magazine/,200,preserve_or_map,manual_review,/search?tag=afroelle-magazine,low,Afroelle Magazine | WAKILISHA,"Legacy tag archive needs product decision: rebuild tag pages, redirect to search, or intentional 404."
tag_archive,/tag/afrofuturism/,200,preserve_or_map,manual_review,/search?tag=afrofuturism,low,Afrofuturism | WAKILISHA,"Legacy tag archive needs product decision: rebuild tag pages, redirect to search, or intentional 404."
tag_archive,/tag/afrohouse/,200,preserve_or_map,manual_review,/search?tag=afrohouse,low,Afrohouse | WAKILISHA,"Legacy tag archive needs product decision: rebuild tag pages, redirect to search, or intentional 404."
tag_archive,/tag/afronautiq/,200,preserve_or_map,manual_review,/search?tag=afronautiq,low,AfroNautiq | WAKILISHA,"Legacy tag archive needs product decision: rebuild tag pages, redirect to search, or intentional 404."
tag_archive,/tag/agent-mgumbe/,200,preserve_or_map,manual_review,/search?tag=agent-mgumbe,low,Agent Mgumbe | WAKILISHA,"Legacy tag archive needs product decision: rebuild tag pages, redirect to search, or intentional 404."
tag_archive,/tag/ajay/,200,preserve_or_map,manual_review,/search?tag=ajay,low,Ajay | WAKILISHA,"Legacy tag archive needs product decision: rebuild tag pages, redirect to search, or intentional 404."
tag_archive,/tag/akan-drum/,200,preserve_or_map,manual_review,/search?tag=akan-drum,low,Akan Drum | WAKILISHA,"Legacy tag archive needs product decision: rebuild tag pages, redirect to search, or intentional 404."
tag_archive,/tag/akoth-jumadi/,200,preserve_or_map,manual_review,/search?tag=akoth-jumadi,low,Akoth Jumadi | WAKILISHA,"Legacy tag archive needs product decision: rebuild tag pages, redirect to search, or intentional 404."
tag_archive,/tag/al-jean/,200,preserve_or_map,manual_review,/search?tag=al-jean,low,Al Jean | WAKILISHA,"Legacy tag archive needs product decision: rebuild tag pages, redirect to search, or intentional 404."
tag_archive,/tag/alantra-official/,200,preserve_or_map,manual_review,/search?tag=alantra-official,low,Alantra Official | WAKILISHA,"Legacy tag archive needs product decision: rebuild tag pages, redirect to search, or intentional 404."
tag_archive,/tag/album-review/,200,preserve_or_map,manual_review,/search?tag=album-review,low,Album Review | WAKILISHA,"Legacy tag archive needs product decision: rebuild tag pages, redirect to search, or intentional 404."
tag_archive,/tag/album-review/page/2/,200,preserve_or_map,manual_review,/search?tag=album-review,low,Album Review | WAKILISHA,"Legacy tag archive needs product decision: rebuild tag pages, redirect to search, or intentional 404."
tag_archive,/tag/alex-mawimbi/,200,preserve_or_map,manual_review,/search?tag=alex-mawimbi,low,Alex Mawimbi | WAKILISHA,"Legacy tag archive needs product decision: rebuild tag pages, redirect to search, or intentional 404."
tag_archive,/tag/alfred-international/,200,preserve_or_map,manual_review,/search?tag=alfred-international,low,Alfred International | WAKILISHA,"Legacy tag archive needs product decision: rebuild tag pages, redirect to search, or intentional 404."
tag_archive,/tag/algorithms/,200,preserve_or_map,manual_review,/search?tag=algorithms,low,Algorithms | WAKILISHA,"Legacy tag archive needs product decision: rebuild tag pages, redirect to search, or intentional 404."
tag_archive,/tag/alliance-francaise-de-nairobi/,200,preserve_or_map,manual_review,/search?tag=alliance-francaise-de-nairobi,low,Alliance Française de Nairobi | WAKILISHA,"Legacy tag archive needs product decision: rebuild tag pages, redirect to search, or intentional 404."
tag_archive,/tag/allianz-direct/,200,preserve_or_map,manual_review,/search?tag=allianz-direct,low,Allianz Direct | WAKILISHA,"Legacy tag archive needs product decision: rebuild tag pages, redirect to search, or intentional 404."
tag_archive,/tag/ally-fresh/,200,preserve_or_map,manual_review,/search?tag=ally-fresh,low,Ally Fresh | WAKILISHA,"Legacy tag archive needs product decision: rebuild tag pages, redirect to search, or intentional 404."
tag_archive,/tag/amapiano/,200,preserve_or_map,manual_review,/search?tag=amapiano,low,Amapiano | WAKILISHA,"Legacy tag archive needs product decision: rebuild tag pages, redirect to search, or intentional 404."
tag_archive,/tag/aminata/,200,preserve_or_map,manual_review,/search?tag=aminata,low,Aminata | WAKILISHA,"Legacy tag archive needs product decision: rebuild tag pages, redirect to search, or intentional 404."
tag_archive,/tag/angry-panda-clan/,200,preserve_or_map,manual_review,/search?tag=angry-panda-clan,low,Angry Panda Clan | WAKILISHA,"Legacy tag archive needs product decision: rebuild tag pages, redirect to search, or intentional 404."
tag_archive,/tag/animation/,200,preserve_or_map,manual_review,/search?tag=animation,low,Animation | WAKILISHA,"Legacy tag archive needs product decision: rebuild tag pages, redirect to search, or intentional 404."
tag_archive,/tag/anrey/,200,preserve_or_map,manual_review,/search?tag=anrey,low,Anrey | WAKILISHA,"Legacy tag archive needs product decision: rebuild tag pages, redirect to search, or intentional 404."
tag_archive,/tag/anyango-mpinga/,200,preserve_or_map,manual_review,/search?tag=anyango-mpinga,low,Anyango Mpinga | WAKILISHA,"Legacy tag archive needs product decision: rebuild tag pages, redirect to search, or intentional 404."
tag_archive,/tag/apesi/,200,preserve_or_map,manual_review,/search?tag=apesi,low,Apesi | WAKILISHA,"Legacy tag archive needs product decision: rebuild tag pages, redirect to search, or intentional 404."
tag_archive,/tag/apple-music/,200,preserve_or_map,manual_review,/search?tag=apple-music,low,Apple Music | WAKILISHA,"Legacy tag archive needs product decision: rebuild tag pages, redirect to search, or intentional 404."
tag_archive,/tag/arbantone/,200,preserve_or_map,manual_review,/search?tag=arbantone,low,Arbantone | WAKILISHA,"Legacy tag archive needs product decision: rebuild tag pages, redirect to search, or intentional 404."
tag_archive,/tag/architecture/,200,preserve_or_map,manual_review,/search?tag=architecture,low,Architecture | WAKILISHA,"Legacy tag archive needs product decision: rebuild tag pages, redirect to search, or intentional 404."
tag_archive,/tag/aress-66/,200,preserve_or_map,manual_review,/search?tag=aress-66,low,Aress 66 | WAKILISHA,"Legacy tag archive needs product decision: rebuild tag pages, redirect to search, or intentional 404."
tag_archive,/tag/arlen-dilsizian/,200,preserve_or_map,manual_review,/search?tag=arlen-dilsizian,low,Arlen Dilsizian | WAKILISHA,"Legacy tag archive needs product decision: rebuild tag pages, redirect to search, or intentional 404."
tag_archive,/tag/arlene-wandera/,200,preserve_or_map,manual_review,/search?tag=arlene-wandera,low,Arlene Wandera | WAKILISHA,"Legacy tag archive needs product decision: rebuild tag pages, redirect to search, or intentional 404."
tag_archive,/tag/arrow-boy/,200,preserve_or_map,manual_review,/search?tag=arrow-boy,low,Arrow Boy | WAKILISHA,"Legacy tag archive needs product decision: rebuild tag pages, redirect to search, or intentional 404."
tag_archive,/tag/artificial-intelligence/,200,preserve_or_map,manual_review,/search?tag=artificial-intelligence,low,Artificial Intelligence | WAKILISHA,"Legacy tag archive needs product decision: rebuild tag pages, redirect to search, or intentional 404."
tag_archive,/tag/assistive-technology/,200,preserve_or_map,manual_review,/search?tag=assistive-technology,low,Assistive Technology | WAKILISHA,"Legacy tag archive needs product decision: rebuild tag pages, redirect to search, or intentional 404."
tag_archive,/tag/atemi-oyungu/,200,preserve_or_map,manual_review,/search?tag=atemi-oyungu,low,Atemi Oyungu | WAKILISHA,"Legacy tag archive needs product decision: rebuild tag pages, redirect to search, or intentional 404."
tag_archive,/tag/athens/,200,preserve_or_map,manual_review,/search?tag=athens,low,Athens | WAKILISHA,"Legacy tag archive needs product decision: rebuild tag pages, redirect to search, or intentional 404."
tag_archive,/tag/athletics/,200,preserve_or_map,manual_review,/search?tag=athletics,low,Athletics | WAKILISHA,"Legacy tag archive needs product decision: rebuild tag pages, redirect to search, or intentional 404."
tag_archive,/tag/atmos-blaq/,200,preserve_or_map,manual_review,/search?tag=atmos-blaq,low,Atmos Blaq | WAKILISHA,"Legacy tag archive needs product decision: rebuild tag pages, redirect to search, or intentional 404."
tag_archive,/tag/ato-malinda/,200,preserve_or_map,manual_review,/search?tag=ato-malinda,low,Ato Malinda | WAKILISHA,"Legacy tag archive needs product decision: rebuild tag pages, redirect to search, or intentional 404."
tag_archive,/tag/axel-lussiez/,200,preserve_or_map,manual_review,/search?tag=axel-lussiez,low,Axel Lussiez | WAKILISHA,"Legacy tag archive needs product decision: rebuild tag pages, redirect to search, or intentional 404."
tag_archive,/tag/ayra-starr/,200,preserve_or_map,manual_review,/search?tag=ayra-starr,low,Ayra Starr | WAKILISHA,"Legacy tag archive needs product decision: rebuild tag pages, redirect to search, or intentional 404."
tag_archive,/tag/ayrosh/,200,preserve_or_map,manual_review,/search?tag=ayrosh,low,Ayrosh | WAKILISHA,"Legacy tag archive needs product decision: rebuild tag pages, redirect to search, or intentional 404."
tag_archive,/tag/ayub-ogada/,200,preserve_or_map,manual_review,/search?tag=ayub-ogada,low,Ayub Ogada | WAKILISHA,"Legacy tag archive needs product decision: rebuild tag pages, redirect to search, or intentional 404."
tag_archive,/tag/azziad-nasenya/,200,preserve_or_map,manual_review,/search?tag=azziad-nasenya,low,Azziad Nasenya | WAKILISHA,"Legacy tag archive needs product decision: rebuild tag pages, redirect to search, or intentional 404."
tag_archive,/tag/bahati/,200,preserve_or_map,manual_review,/search?tag=bahati,low,Bahati | WAKILISHA,"Legacy tag archive needs product decision: rebuild tag pages, redirect to search, or intentional 404."
tag_archive,/tag/bakone/,200,preserve_or_map,manual_review,/search?tag=bakone,low,Bakone | WAKILISHA,"Legacy tag archive needs product decision: rebuild tag pages, redirect to search, or intentional 404."
tag_archive,/tag/bali/,200,preserve_or_map,manual_review,/search?tag=bali,low,Bali | WAKILISHA,"Legacy tag archive needs product decision: rebuild tag pages, redirect to search, or intentional 404."
tag_archive,/tag/bankslave/,200,preserve_or_map,manual_review,/search?tag=bankslave,low,Bankslave | WAKILISHA,"Legacy tag archive needs product decision: rebuild tag pages, redirect to search, or intentional 404."
tag_archive,/tag/bantu/,200,preserve_or_map,manual_review,/search?tag=bantu,low,Bantu | WAKILISHA,"Legacy tag archive needs product decision: rebuild tag pages, redirect to search, or intentional 404."
tag_archive,/tag/baraza/,200,preserve_or_map,manual_review,/search?tag=baraza,low,Baraza | WAKILISHA,"Legacy tag archive needs product decision: rebuild tag pages, redirect to search, or intentional 404."
tag_archive,/tag/bare-sessions/,200,preserve_or_map,manual_review,/search?tag=bare-sessions,low,BARE SESSIONS | WAKILISHA,"Legacy tag archive needs product decision: rebuild tag pages, redirect to search, or intentional 404."
tag_archive,/tag/bayanni/,200,preserve_or_map,manual_review,/search?tag=bayanni,low,Bayanni | WAKILISHA,"Legacy tag archive needs product decision: rebuild tag pages, redirect to search, or intentional 404."
tag_archive,/tag/beef/,200,preserve_or_map,manual_review,/search?tag=beef,low,Beef | WAKILISHA,"Legacy tag archive needs product decision: rebuild tag pages, redirect to search, or intentional 404."
tag_archive,/tag/ben-cyco/,200,preserve_or_map,manual_review,/search?tag=ben-cyco,low,Ben Cyco | WAKILISHA,"Legacy tag archive needs product decision: rebuild tag pages, redirect to search, or intentional 404."
tag_archive,/tag/beneath-the-baobabs-festival/,200,preserve_or_map,manual_review,/search?tag=beneath-the-baobabs-festival,low,Beneath The Baobabs Festival | WAKILISHA,"Legacy tag archive needs product decision: rebuild tag pages, redirect to search, or intentional 404."
tag_archive,/tag/benga/,200,preserve_or_map,manual_review,/search?tag=benga,low,Benga | WAKILISHA,"Legacy tag archive needs product decision: rebuild tag pages, redirect to search, or intentional 404."
tag_archive,/tag/bensoul/,200,preserve_or_map,manual_review,/search?tag=bensoul,low,Bensoul | WAKILISHA,"Legacy tag archive needs product decision: rebuild tag pages, redirect to search, or intentional 404."
tag_archive,/tag/bey-t/,200,preserve_or_map,manual_review,/search?tag=bey-t,low,Bey T | WAKILISHA,"Legacy tag archive needs product decision: rebuild tag pages, redirect to search, or intentional 404."
tag_archive,/tag/bien-aime-baraza/,200,preserve_or_map,manual_review,/search?tag=bien-aime-baraza,low,Bien-Aime Baraza | WAKILISHA,"Legacy tag archive needs product decision: rebuild tag pages, redirect to search, or intentional 404."
tag_archive,/tag/bien/,200,preserve_or_map,manual_review,/search?tag=bien,low,Bien | WAKILISHA,"Legacy tag archive needs product decision: rebuild tag pages, redirect to search, or intentional 404."
tag_archive,/tag/big-nyagz/,200,preserve_or_map,manual_review,/search?tag=big-nyagz,low,Big Nyagz | WAKILISHA,"Legacy tag archive needs product decision: rebuild tag pages, redirect to search, or intentional 404."
tag_archive,/tag/bigpin/,200,preserve_or_map,manual_review,/search?tag=bigpin,low,Bigpin | WAKILISHA,"Legacy tag archive needs product decision: rebuild tag pages, redirect to search, or intentional 404."
tag_archive,/tag/bigpins-radius/,200,preserve_or_map,manual_review,/search?tag=bigpins-radius,low,Bigpin&#039;s Radius | WAKILISHA,"Legacy tag archive needs product decision: rebuild tag pages, redirect to search, or intentional 404."
tag_archive,/tag/billy-black/,200,preserve_or_map,manual_review,/search?tag=billy-black,low,Billy Black | WAKILISHA,"Legacy tag archive needs product decision: rebuild tag pages, redirect to search, or intentional 404."
tag_archive,/tag/binyavanga-wainaina/,200,preserve_or_map,manual_review,/search?tag=binyavanga-wainaina,low,Binyavanga Wainaina | WAKILISHA,"Legacy tag archive needs product decision: rebuild tag pages, redirect to search, or intentional 404."
tag_archive,/tag/bitcoin/,200,preserve_or_map,manual_review,/search?tag=bitcoin,low,Bitcoin | WAKILISHA,"Legacy tag archive needs product decision: rebuild tag pages, redirect to search, or intentional 404."
tag_archive,/tag/blankets-and-wine/,200,preserve_or_map,manual_review,/search?tag=blankets-and-wine,low,Blankets And Wine | WAKILISHA,"Legacy tag archive needs product decision: rebuild tag pages, redirect to search, or intentional 404."
tag_archive,/tag/blankets-wine/,200,preserve_or_map,manual_review,/search?tag=blankets-wine,low,Blankets &amp; Wine | WAKILISHA,"Legacy tag archive needs product decision: rebuild tag pages, redirect to search, or intentional 404."
tag_archive,/tag/blessing-lungaho/,200,preserve_or_map,manual_review,/search?tag=blessing-lungaho,low,Blessing Lung&#039;Aho | WAKILISHA,"Legacy tag archive needs product decision: rebuild tag pages, redirect to search, or intentional 404."
tag_archive,/tag/blind/,200,preserve_or_map,manual_review,/search?tag=blind,low,Blind | WAKILISHA,"Legacy tag archive needs product decision: rebuild tag pages, redirect to search, or intentional 404."
tag_archive,/tag/blinky-bill/,200,preserve_or_map,manual_review,/search?tag=blinky-bill,low,Blinky Bill | WAKILISHA,"Legacy tag archive needs product decision: rebuild tag pages, redirect to search, or intentional 404."
tag_archive,/tag/bmg/,200,preserve_or_map,manual_review,/search?tag=bmg,low,BMG | WAKILISHA,"Legacy tag archive needs product decision: rebuild tag pages, redirect to search, or intentional 404."
tag_archive,/tag/bobs-burgers/,200,preserve_or_map,manual_review,/search?tag=bobs-burgers,low,Bob&#039;s Burgers | WAKILISHA,"Legacy tag archive needs product decision: rebuild tag pages, redirect to search, or intentional 404."
tag_archive,/tag/bomb-squad-crew/,200,preserve_or_map,manual_review,/search?tag=bomb-squad-crew,low,Bomb Squad Crew | WAKILISHA,"Legacy tag archive needs product decision: rebuild tag pages, redirect to search, or intentional 404."
tag_archive,/tag/book-clubs/,200,preserve_or_map,manual_review,/search?tag=book-clubs,low,Book Clubs | WAKILISHA,"Legacy tag archive needs product decision: rebuild tag pages, redirect to search, or intentional 404."
tag_archive,/tag/boondocks-gang/,200,preserve_or_map,manual_review,/search?tag=boondocks-gang,low,Boondocks Gang | WAKILISHA,"Legacy tag archive needs product decision: rebuild tag pages, redirect to search, or intentional 404."
tag_archive,/tag/boutross/,200,preserve_or_map,manual_review,/search?tag=boutross,low,Boutross | WAKILISHA,"Legacy tag archive needs product decision: rebuild tag pages, redirect to search, or intentional 404."
tag_archive,/tag/brandy-maina/,200,preserve_or_map,manual_review,/search?tag=brandy-maina,low,Brandy Maina | WAKILISHA,"Legacy tag archive needs product decision: rebuild tag pages, redirect to search, or intentional 404."
tag_archive,/tag/breeder-lw/,200,preserve_or_map,manual_review,/search?tag=breeder-lw,low,Breeder LW | WAKILISHA,"Legacy tag archive needs product decision: rebuild tag pages, redirect to search, or intentional 404."
tag_archive,/tag/brian-kabugi/,200,preserve_or_map,manual_review,/search?tag=brian-kabugi,low,Brian Kabugi | WAKILISHA,"Legacy tag archive needs product decision: rebuild tag pages, redirect to search, or intentional 404."
tag_archive,/tag/brown/,200,preserve_or_map,manual_review,/search?tag=brown,low,Brown | WAKILISHA,"Legacy tag archive needs product decision: rebuild tag pages, redirect to search, or intentional 404."
tag_archive,/tag/bryan-ngatia/,200,preserve_or_map,manual_review,/search?tag=bryan-ngatia,low,Bryan Ngatia | WAKILISHA,"Legacy tag archive needs product decision: rebuild tag pages, redirect to search, or intentional 404."
tag_archive,/tag/bsq/,200,preserve_or_map,manual_review,/search?tag=bsq,low,BSQ | WAKILISHA,"Legacy tag archive needs product decision: rebuild tag pages, redirect to search, or intentional 404."
tag_archive,/tag/buke-abduba/,200,preserve_or_map,manual_review,/search?tag=buke-abduba,low,Buke Abduba | WAKILISHA,"Legacy tag archive needs product decision: rebuild tag pages, redirect to search, or intentional 404."
tag_archive,/tag/burna-boy/,200,preserve_or_map,manual_review,/search?tag=burna-boy,low,Burna Boy | WAKILISHA,"Legacy tag archive needs product decision: rebuild tag pages, redirect to search, or intentional 404."
tag_archive,/tag/buruburu/,200,preserve_or_map,manual_review,/search?tag=buruburu,low,Buruburu | WAKILISHA,"Legacy tag archive needs product decision: rebuild tag pages, redirect to search, or intentional 404."
tag_archive,/tag/burudani-express/,200,preserve_or_map,manual_review,/search?tag=burudani-express,low,Burudani Express. | WAKILISHA,"Legacy tag archive needs product decision: rebuild tag pages, redirect to search, or intentional 404."
tag_archive,/tag/buruklyn-boyz/,200,preserve_or_map,manual_review,/search?tag=buruklyn-boyz,low,BURUKLYN BOYZ | WAKILISHA,"Legacy tag archive needs product decision: rebuild tag pages, redirect to search, or intentional 404."
tag_archive,/tag/burundi/,200,preserve_or_map,manual_review,/search?tag=burundi,low,Burundi | WAKILISHA,"Legacy tag archive needs product decision: rebuild tag pages, redirect to search, or intentional 404."
tag_archive,/tag/bussa-j/,200,preserve_or_map,manual_review,/search?tag=bussa-j,low,Bussa J | WAKILISHA,"Legacy tag archive needs product decision: rebuild tag pages, redirect to search, or intentional 404."
tag_archive,/tag/bussaj/,200,preserve_or_map,manual_review,/search?tag=bussaj,low,BussaJ | WAKILISHA,"Legacy tag archive needs product decision: rebuild tag pages, redirect to search, or intentional 404."
tag_archive,/tag/butere-girls/,200,preserve_or_map,manual_review,/search?tag=butere-girls,low,Butere Girls | WAKILISHA,"Legacy tag archive needs product decision: rebuild tag pages, redirect to search, or intentional 404."
tag_archive,/tag/c-i-r-u/,200,preserve_or_map,manual_review,/search?tag=c-i-r-u,low,c i r u | WAKILISHA,"Legacy tag archive needs product decision: rebuild tag pages, redirect to search, or intentional 404."
tag_archive,/tag/cabinet-secretary-for-youth-affairs-sports-and-the-arts/,200,preserve_or_map,manual_review,/search?tag=cabinet-secretary-for-youth-affairs-sports-and-the-arts,low,Cabinet Secretary for Youth Affairs Sports and The Arts | WAKILISHA,"Legacy tag archive needs product decision: rebuild tag pages, redirect to search, or intentional 404."
tag_archive,/tag/caine-prize/,200,preserve_or_map,manual_review,/search?tag=caine-prize,low,Caine Prize | WAKILISHA,"Legacy tag archive needs product decision: rebuild tag pages, redirect to search, or intentional 404."
tag_archive,/tag/caleb-awiti/,200,preserve_or_map,manual_review,/search?tag=caleb-awiti,low,Caleb Awiti | WAKILISHA,"Legacy tag archive needs product decision: rebuild tag pages, redirect to search, or intentional 404."
tag_archive,/tag/calif-records/,200,preserve_or_map,manual_review,/search?tag=calif-records,low,Calif Records | WAKILISHA,"Legacy tag archive needs product decision: rebuild tag pages, redirect to search, or intentional 404."
tag_archive,/tag/casettes/,200,preserve_or_map,manual_review,/search?tag=casettes,low,Casettes | WAKILISHA,"Legacy tag archive needs product decision: rebuild tag pages, redirect to search, or intentional 404."
tag_archive,/tag/cassettes/,200,preserve_or_map,manual_review,/search?tag=cassettes,low,Cassettes | WAKILISHA,"Legacy tag archive needs product decision: rebuild tag pages, redirect to search, or intentional 404."
tag_archive,/tag/cave-bureau/,200,preserve_or_map,manual_review,/search?tag=cave-bureau,low,Cave Bureau | WAKILISHA,"Legacy tag archive needs product decision: rebuild tag pages, redirect to search, or intentional 404."
tag_archive,/tag/cedo/,200,preserve_or_map,manual_review,/search?tag=cedo,low,Cedo | WAKILISHA,"Legacy tag archive needs product decision: rebuild tag pages, redirect to search, or intentional 404."
tag_archive,/tag/chantelle/,200,preserve_or_map,manual_review,/search?tag=chantelle,low,Chantelle | WAKILISHA,"Legacy tag archive needs product decision: rebuild tag pages, redirect to search, or intentional 404."
tag_archive,/tag/charisma/,200,preserve_or_map,manual_review,/search?tag=charisma,low,Charisma | WAKILISHA,"Legacy tag archive needs product decision: rebuild tag pages, redirect to search, or intentional 404."
tag_archive,/tag/charles-mangua/,200,preserve_or_map,manual_review,/search?tag=charles-mangua,low,Charles Mangua | WAKILISHA,"Legacy tag archive needs product decision: rebuild tag pages, redirect to search, or intentional 404."
tag_archive,/tag/cheche-book-store/,200,preserve_or_map,manual_review,/search?tag=cheche-book-store,low,Cheche Book Store | WAKILISHA,"Legacy tag archive needs product decision: rebuild tag pages, redirect to search, or intentional 404."
tag_archive,/tag/chelwek/,200,preserve_or_map,manual_review,/search?tag=chelwek,low,Chelwek | WAKILISHA,"Legacy tag archive needs product decision: rebuild tag pages, redirect to search, or intentional 404."
tag_archive,/tag/chemutai-sage/,200,preserve_or_map,manual_review,/search?tag=chemutai-sage,low,Chemutai Sage | WAKILISHA,"Legacy tag archive needs product decision: rebuild tag pages, redirect to search, or intentional 404."
tag_archive,/tag/cheque-mate/,200,preserve_or_map,manual_review,/search?tag=cheque-mate,low,Cheque Mate | WAKILISHA,"Legacy tag archive needs product decision: rebuild tag pages, redirect to search, or intentional 404."
tag_archive,/tag/child/,200,preserve_or_map,manual_review,/search?tag=child,low,Child | WAKILISHA,"Legacy tag archive needs product decision: rebuild tag pages, redirect to search, or intentional 404."
tag_archive,/tag/chimano/,200,preserve_or_map,manual_review,/search?tag=chimano,low,Chimano | WAKILISHA,"Legacy tag archive needs product decision: rebuild tag pages, redirect to search, or intentional 404."
tag_archive,/tag/chinua-achebe/,200,preserve_or_map,manual_review,/search?tag=chinua-achebe,low,Chinua Achebe | WAKILISHA,"Legacy tag archive needs product decision: rebuild tag pages, redirect to search, or intentional 404."
tag_archive,/tag/chiwawa/,200,preserve_or_map,manual_review,/search?tag=chiwawa,low,Chiwawa | WAKILISHA,"Legacy tag archive needs product decision: rebuild tag pages, redirect to search, or intentional 404."
tag_archive,/tag/chris-kaiga/,200,preserve_or_map,manual_review,/search?tag=chris-kaiga,low,Chris Kaiga | WAKILISHA,"Legacy tag archive needs product decision: rebuild tag pages, redirect to search, or intentional 404."
tag_archive,/tag/christmas/,200,preserve_or_map,manual_review,/search?tag=christmas,low,Christmas | WAKILISHA,"Legacy tag archive needs product decision: rebuild tag pages, redirect to search, or intentional 404."
tag_archive,/tag/chronicles-of-gedi/,200,preserve_or_map,manual_review,/search?tag=chronicles-of-gedi,low,Chronicles of Gedi | WAKILISHA,"Legacy tag archive needs product decision: rebuild tag pages, redirect to search, or intentional 404."
tag_archive,/tag/ciano-maimba/,200,preserve_or_map,manual_review,/search?tag=ciano-maimba,low,Ciano Maimba | WAKILISHA,"Legacy tag archive needs product decision: rebuild tag pages, redirect to search, or intentional 404."
tag_archive,/tag/circle-art-gallery/,200,preserve_or_map,manual_review,/search?tag=circle-art-gallery,low,Circle Art Gallery | WAKILISHA,"Legacy tag archive needs product decision: rebuild tag pages, redirect to search, or intentional 404."
tag_archive,/tag/civic-education/,200,preserve_or_map,manual_review,/search?tag=civic-education,low,Civic Education | WAKILISHA,"Legacy tag archive needs product decision: rebuild tag pages, redirect to search, or intentional 404."
tag_archive,/tag/claire-gor/,200,preserve_or_map,manual_review,/search?tag=claire-gor,low,Claire Gor | WAKILISHA,"Legacy tag archive needs product decision: rebuild tag pages, redirect to search, or intentional 404."
tag_archive,/tag/clamer/,200,preserve_or_map,manual_review,/search?tag=clamer,low,Clamer | WAKILISHA,"Legacy tag archive needs product decision: rebuild tag pages, redirect to search, or intentional 404."
tag_archive,/tag/classicism/,200,preserve_or_map,manual_review,/search?tag=classicism,low,Classicism | WAKILISHA,"Legacy tag archive needs product decision: rebuild tag pages, redirect to search, or intentional 404."
tag_archive,/tag/cleophas-malala/,200,preserve_or_map,manual_review,/search?tag=cleophas-malala,low,Cleophas Malala | WAKILISHA,"Legacy tag archive needs product decision: rebuild tag pages, redirect to search, or intentional 404."
tag_archive,/tag/climate-change/,200,preserve_or_map,manual_review,/search?tag=climate-change,low,Climate Change | WAKILISHA,"Legacy tag archive needs product decision: rebuild tag pages, redirect to search, or intentional 404."
tag_archive,/tag/cockfights/,200,preserve_or_map,manual_review,/search?tag=cockfights,low,Cockfights | WAKILISHA,"Legacy tag archive needs product decision: rebuild tag pages, redirect to search, or intentional 404."
tag_archive,/tag/coflo/,200,preserve_or_map,manual_review,/search?tag=coflo,low,Coflo | WAKILISHA,"Legacy tag archive needs product decision: rebuild tag pages, redirect to search, or intentional 404."
tag_archive,/tag/collaboration/,200,preserve_or_map,manual_review,/search?tag=collaboration,low,Collaboration | WAKILISHA,"Legacy tag archive needs product decision: rebuild tag pages, redirect to search, or intentional 404."
tag_archive,/tag/collective-management-organizations-cmos/,200,preserve_or_map,manual_review,/search?tag=collective-management-organizations-cmos,low,Collective Management Organizations (CMOs) | WAKILISHA,"Legacy tag archive needs product decision: rebuild tag pages, redirect to search, or intentional 404."
tag_archive,/tag/colonialism/,200,preserve_or_map,manual_review,/search?tag=colonialism,low,Colonialism | WAKILISHA,"Legacy tag archive needs product decision: rebuild tag pages, redirect to search, or intentional 404."
tag_archive,/tag/comedy/,200,preserve_or_map,manual_review,/search?tag=comedy,low,Comedy | WAKILISHA,"Legacy tag archive needs product decision: rebuild tag pages, redirect to search, or intentional 404."
tag_archive,/tag/coming-to-birth/,200,preserve_or_map,manual_review,/search?tag=coming-to-birth,low,Coming To Birth | WAKILISHA,"Legacy tag archive needs product decision: rebuild tag pages, redirect to search, or intentional 404."
tag_archive,/tag/community/,200,preserve_or_map,manual_review,/search?tag=community,low,Community | WAKILISHA,"Legacy tag archive needs product decision: rebuild tag pages, redirect to search, or intentional 404."
tag_archive,/tag/computer-misuse-and-cybercrimes-act/,200,preserve_or_map,manual_review,/search?tag=computer-misuse-and-cybercrimes-act,low,Computer Misuse and Cybercrimes Act | WAKILISHA,"Legacy tag archive needs product decision: rebuild tag pages, redirect to search, or intentional 404."
tag_archive,/tag/congo-man/,200,preserve_or_map,manual_review,/search?tag=congo-man,low,Congo Man | WAKILISHA,"Legacy tag archive needs product decision: rebuild tag pages, redirect to search, or intentional 404."
tag_archive,/tag/conspiracy-theories/,200,preserve_or_map,manual_review,/search?tag=conspiracy-theories,low,Conspiracy Theories | WAKILISHA,"Legacy tag archive needs product decision: rebuild tag pages, redirect to search, or intentional 404."
tag_archive,/tag/convention-on-the-rights-of-persons-with-disabilities/,200,preserve_or_map,manual_review,/search?tag=convention-on-the-rights-of-persons-with-disabilities,low,Convention on the Rights of Persons with Disabilities | WAKILISHA,"Legacy tag archive needs product decision: rebuild tag pages, redirect to search, or intentional 404."
tag_archive,/tag/convergent-evolution/,200,preserve_or_map,manual_review,/search?tag=convergent-evolution,low,Convergent Evolution | WAKILISHA,"Legacy tag archive needs product decision: rebuild tag pages, redirect to search, or intentional 404."
tag_archive,/tag/cordoban/,200,preserve_or_map,manual_review,/search?tag=cordoban,low,Cordoban | WAKILISHA,"Legacy tag archive needs product decision: rebuild tag pages, redirect to search, or intentional 404."
tag_archive,/tag/coster-ojwang/,200,preserve_or_map,manual_review,/search?tag=coster-ojwang,low,Coster Ojwang | WAKILISHA,"Legacy tag archive needs product decision: rebuild tag pages, redirect to search, or intentional 404."
tag_archive,/tag/covid-19/,200,preserve_or_map,manual_review,/search?tag=covid-19,low,Covid-19 | WAKILISHA,"Legacy tag archive needs product decision: rebuild tag pages, redirect to search, or intentional 404."
tag_archive,/tag/creative-industry/,200,preserve_or_map,manual_review,/search?tag=creative-industry,low,Creative Industry | WAKILISHA,"Legacy tag archive needs product decision: rebuild tag pages, redirect to search, or intentional 404."
tag_archive,/tag/creativity/,200,preserve_or_map,manual_review,/search?tag=creativity,low,Creativity | WAKILISHA,"Legacy tag archive needs product decision: rebuild tag pages, redirect to search, or intentional 404."
tag_archive,/tag/crime-and-justice/,200,preserve_or_map,manual_review,/search?tag=crime-and-justice,low,Crime and Justice | WAKILISHA,"Legacy tag archive needs product decision: rebuild tag pages, redirect to search, or intentional 404."
tag_archive,/tag/crpd/,200,preserve_or_map,manual_review,/search?tag=crpd,low,CRPD | WAKILISHA,"Legacy tag archive needs product decision: rebuild tag pages, redirect to search, or intentional 404."
tag_archive,/tag/cryptocurrencies/,200,preserve_or_map,manual_review,/search?tag=cryptocurrencies,low,Cryptocurrencies | WAKILISHA,"Legacy tag archive needs product decision: rebuild tag pages, redirect to search, or intentional 404."
tag_archive,/tag/cultural-identity/,200,preserve_or_map,manual_review,/search?tag=cultural-identity,low,Cultural Identity | WAKILISHA,"Legacy tag archive needs product decision: rebuild tag pages, redirect to search, or intentional 404."
tag_archive,/tag/culture/,200,preserve_or_map,manual_review,/search?tag=culture,low,Culture | WAKILISHA,"Legacy tag archive needs product decision: rebuild tag pages, redirect to search, or intentional 404."
tag_archive,/tag/customer/,200,preserve_or_map,manual_review,/search?tag=customer,low,Customer | WAKILISHA,"Legacy tag archive needs product decision: rebuild tag pages, redirect to search, or intentional 404."
tag_archive,/tag/cyrus-kabiru/,200,preserve_or_map,manual_review,/search?tag=cyrus-kabiru,low,Cyrus Kabiru | WAKILISHA,"Legacy tag archive needs product decision: rebuild tag pages, redirect to search, or intentional 404."
tag_archive,/tag/czars/,200,preserve_or_map,manual_review,/search?tag=czars,low,Czars | WAKILISHA,"Legacy tag archive needs product decision: rebuild tag pages, redirect to search, or intentional 404."
tag_archive,/tag/daddo/,200,preserve_or_map,manual_review,/search?tag=daddo,low,Daddo | WAKILISHA,"Legacy tag archive needs product decision: rebuild tag pages, redirect to search, or intentional 404."
tag_archive,/tag/dakar-biennale/,200,preserve_or_map,manual_review,/search?tag=dakar-biennale,low,Dakar Biennale | WAKILISHA,"Legacy tag archive needs product decision: rebuild tag pages, redirect to search, or intentional 404."
tag_archive,/tag/dance/,200,preserve_or_map,manual_review,/search?tag=dance,low,Dance | WAKILISHA,"Legacy tag archive needs product decision: rebuild tag pages, redirect to search, or intentional 404."
tag_archive,/tag/daniel-muli/,200,preserve_or_map,manual_review,/search?tag=daniel-muli,low,Daniel Muli | WAKILISHA,"Legacy tag archive needs product decision: rebuild tag pages, redirect to search, or intentional 404."
tag_archive,/tag/davaji/,200,preserve_or_map,manual_review,/search?tag=davaji,low,Davaji | WAKILISHA,"Legacy tag archive needs product decision: rebuild tag pages, redirect to search, or intentional 404."
tag_archive,/tag/david-tosh-gitonga/,200,preserve_or_map,manual_review,/search?tag=david-tosh-gitonga,low,David &#039;Tosh&#039; Gitonga | WAKILISHA,"Legacy tag archive needs product decision: rebuild tag pages, redirect to search, or intentional 404."
tag_archive,/tag/dela/,200,preserve_or_map,manual_review,/search?tag=dela,low,Dela | WAKILISHA,"Legacy tag archive needs product decision: rebuild tag pages, redirect to search, or intentional 404."
tag_archive,/tag/della/,200,preserve_or_map,manual_review,/search?tag=della,low,Della | WAKILISHA,"Legacy tag archive needs product decision: rebuild tag pages, redirect to search, or intentional 404."
tag_archive,/tag/democracy/,200,preserve_or_map,manual_review,/search?tag=democracy,low,Democracy | WAKILISHA,"Legacy tag archive needs product decision: rebuild tag pages, redirect to search, or intentional 404."
tag_archive,/tag/dennis-kooker/,200,preserve_or_map,manual_review,/search?tag=dennis-kooker,low,Dennis Kooker | WAKILISHA,"Legacy tag archive needs product decision: rebuild tag pages, redirect to search, or intentional 404."
tag_archive,/tag/dennis-mugaa/,200,preserve_or_map,manual_review,/search?tag=dennis-mugaa,low,Dennis Mugaa | WAKILISHA,"Legacy tag archive needs product decision: rebuild tag pages, redirect to search, or intentional 404."
tag_archive,/tag/dennis-ombachi/,200,preserve_or_map,manual_review,/search?tag=dennis-ombachi,low,Dennis Ombachi | WAKILISHA,"Legacy tag archive needs product decision: rebuild tag pages, redirect to search, or intentional 404."
tag_archive,/tag/derek-debru/,200,preserve_or_map,manual_review,/search?tag=derek-debru,low,Derek Debru | WAKILISHA,"Legacy tag archive needs product decision: rebuild tag pages, redirect to search, or intentional 404."
tag_archive,/tag/derkman-ftg/,200,preserve_or_map,manual_review,/search?tag=derkman-ftg,low,DERKMAN FTG | WAKILISHA,"Legacy tag archive needs product decision: rebuild tag pages, redirect to search, or intentional 404."
tag_archive,/tag/design-thinking/,200,preserve_or_map,manual_review,/search?tag=design-thinking,low,Design Thinking | WAKILISHA,"Legacy tag archive needs product decision: rebuild tag pages, redirect to search, or intentional 404."
tag_archive,/tag/design/,200,preserve_or_map,manual_review,/search?tag=design,low,Design | WAKILISHA,"Legacy tag archive needs product decision: rebuild tag pages, redirect to search, or intentional 404."
tag_archive,/tag/dickens-otieno/,200,preserve_or_map,manual_review,/search?tag=dickens-otieno,low,Dickens Otieno | WAKILISHA,"Legacy tag archive needs product decision: rebuild tag pages, redirect to search, or intentional 404."
tag_archive,/tag/diet/,200,preserve_or_map,manual_review,/search?tag=diet,low,Diet | WAKILISHA,"Legacy tag archive needs product decision: rebuild tag pages, redirect to search, or intentional 404."
tag_archive,/tag/digital-art/,200,preserve_or_map,manual_review,/search?tag=digital-art,low,Digital Art | WAKILISHA,"Legacy tag archive needs product decision: rebuild tag pages, redirect to search, or intentional 404."
tag_archive,/tag/digital-transformation/,200,preserve_or_map,manual_review,/search?tag=digital-transformation,low,Digital Transformation | WAKILISHA,"Legacy tag archive needs product decision: rebuild tag pages, redirect to search, or intentional 404."
tag_archive,/tag/dillie/,200,preserve_or_map,manual_review,/search?tag=dillie,low,Dillie | WAKILISHA,"Legacy tag archive needs product decision: rebuild tag pages, redirect to search, or intentional 404."
tag_archive,/tag/dinga-ya-wife/,200,preserve_or_map,manual_review,/search?tag=dinga-ya-wife,low,Dinga ya Wife | WAKILISHA,"Legacy tag archive needs product decision: rebuild tag pages, redirect to search, or intentional 404."
tag_archive,/tag/disabled/,200,preserve_or_map,manual_review,/search?tag=disabled,low,Disabled | WAKILISHA,"Legacy tag archive needs product decision: rebuild tag pages, redirect to search, or intentional 404."
tag_archive,/tag/disco-matanga/,200,preserve_or_map,manual_review,/search?tag=disco-matanga,low,Disco Matanga | WAKILISHA,"Legacy tag archive needs product decision: rebuild tag pages, redirect to search, or intentional 404."
tag_archive,/tag/disney/,200,preserve_or_map,manual_review,/search?tag=disney,low,Disney | WAKILISHA,"Legacy tag archive needs product decision: rebuild tag pages, redirect to search, or intentional 404."
tag_archive,/tag/dj-fredy-muks/,200,preserve_or_map,manual_review,/search?tag=dj-fredy-muks,low,DJ FREDY MUKS | WAKILISHA,"Legacy tag archive needs product decision: rebuild tag pages, redirect to search, or intentional 404."
tag_archive,/tag/dj-joe-mfalme/,200,preserve_or_map,manual_review,/search?tag=dj-joe-mfalme,low,DJ Joe Mfalme | WAKILISHA,"Legacy tag archive needs product decision: rebuild tag pages, redirect to search, or intentional 404."
tag_archive,/tag/dj-katta/,200,preserve_or_map,manual_review,/search?tag=dj-katta,low,DJ Katta | WAKILISHA,"Legacy tag archive needs product decision: rebuild tag pages, redirect to search, or intentional 404."
tag_archive,/tag/dj-mura/,200,preserve_or_map,manual_review,/search?tag=dj-mura,low,DJ Mura | WAKILISHA,"Legacy tag archive needs product decision: rebuild tag pages, redirect to search, or intentional 404."
tag_archive,/tag/dj-nephas/,200,preserve_or_map,manual_review,/search?tag=dj-nephas,low,DJ Nephas | WAKILISHA,"Legacy tag archive needs product decision: rebuild tag pages, redirect to search, or intentional 404."
tag_archive,/tag/dj-skyrock/,200,preserve_or_map,manual_review,/search?tag=dj-skyrock,low,DJ Skyrock | WAKILISHA,"Legacy tag archive needs product decision: rebuild tag pages, redirect to search, or intentional 404."
tag_archive,/tag/doek-literary-magazine/,200,preserve_or_map,manual_review,/search?tag=doek-literary-magazine,low,Doek Literary Magazine | WAKILISHA,"Legacy tag archive needs product decision: rebuild tag pages, redirect to search, or intentional 404."
tag_archive,/tag/domani-munga/,200,preserve_or_map,manual_review,/search?tag=domani-munga,low,Domani Munga | WAKILISHA,"Legacy tag archive needs product decision: rebuild tag pages, redirect to search, or intentional 404."
tag_archive,/tag/dorphan/,200,preserve_or_map,manual_review,/search?tag=dorphan,low,Dorphan | WAKILISHA,"Legacy tag archive needs product decision: rebuild tag pages, redirect to search, or intentional 404."
tag_archive,/tag/dorphanage/,200,preserve_or_map,manual_review,/search?tag=dorphanage,low,Dorphanage | WAKILISHA,"Legacy tag archive needs product decision: rebuild tag pages, redirect to search, or intentional 404."
tag_archive,/tag/drama-festivals/,200,preserve_or_map,manual_review,/search?tag=drama-festivals,low,Drama Festivals | WAKILISHA,"Legacy tag archive needs product decision: rebuild tag pages, redirect to search, or intentional 404."
tag_archive,/tag/drc/,200,preserve_or_map,manual_review,/search?tag=drc,low,DRC | WAKILISHA,"Legacy tag archive needs product decision: rebuild tag pages, redirect to search, or intentional 404."
tag_archive,/tag/drill-music/,200,preserve_or_map,manual_review,/search?tag=drill-music,low,Drill Music | WAKILISHA,"Legacy tag archive needs product decision: rebuild tag pages, redirect to search, or intentional 404."
tag_archive,/tag/dust/,200,preserve_or_map,manual_review,/search?tag=dust,low,Dust | WAKILISHA,"Legacy tag archive needs product decision: rebuild tag pages, redirect to search, or intentional 404."
tag_archive,/tag/dyana-cods/,200,preserve_or_map,manual_review,/search?tag=dyana-cods,low,Dyana Cods | WAKILISHA,"Legacy tag archive needs product decision: rebuild tag pages, redirect to search, or intentional 404."
tag_archive,/tag/dylan-s/,200,preserve_or_map,manual_review,/search?tag=dylan-s,low,Dylan-S | WAKILISHA,"Legacy tag archive needs product decision: rebuild tag pages, redirect to search, or intentional 404."
tag_archive,/tag/east-african-community/,200,preserve_or_map,manual_review,/search?tag=east-african-community,low,East African Community | WAKILISHA,"Legacy tag archive needs product decision: rebuild tag pages, redirect to search, or intentional 404."
tag_archive,/tag/echo254/,200,preserve_or_map,manual_review,/search?tag=echo254,low,Echo254 | WAKILISHA,"Legacy tag archive needs product decision: rebuild tag pages, redirect to search, or intentional 404."
tag_archive,/tag/echoes-of-war/,200,preserve_or_map,manual_review,/search?tag=echoes-of-war,low,Echoes of War | WAKILISHA,"Legacy tag archive needs product decision: rebuild tag pages, redirect to search, or intentional 404."
tag_archive,/tag/eddie-butita/,200,preserve_or_map,manual_review,/search?tag=eddie-butita,low,Eddie Butita | WAKILISHA,"Legacy tag archive needs product decision: rebuild tag pages, redirect to search, or intentional 404."
tag_archive,/tag/edi-gathegi/,200,preserve_or_map,manual_review,/search?tag=edi-gathegi,low,Edi Gathegi | WAKILISHA,"Legacy tag archive needs product decision: rebuild tag pages, redirect to search, or intentional 404."
tag_archive,/tag/education/,200,preserve_or_map,manual_review,/search?tag=education,low,Education | WAKILISHA,"Legacy tag archive needs product decision: rebuild tag pages, redirect to search, or intentional 404."
tag_archive,/tag/egeme/,200,preserve_or_map,manual_review,/search?tag=egeme,low,Egeme | WAKILISHA,"Legacy tag archive needs product decision: rebuild tag pages, redirect to search, or intentional 404."
tag_archive,/tag/el-chi/,200,preserve_or_map,manual_review,/search?tag=el-chi,low,El Chi | WAKILISHA,"Legacy tag archive needs product decision: rebuild tag pages, redirect to search, or intentional 404."
tag_archive,/tag/elections/,200,preserve_or_map,manual_review,/search?tag=elections,low,Elections | WAKILISHA,"Legacy tag archive needs product decision: rebuild tag pages, redirect to search, or intentional 404."
tag_archive,/tag/electronic-dance-music/,200,preserve_or_map,manual_review,/search?tag=electronic-dance-music,low,Electronic Dance Music | WAKILISHA,"Legacy tag archive needs product decision: rebuild tag pages, redirect to search, or intentional 404."
tag_archive,/tag/elias-mutani/,200,preserve_or_map,manual_review,/search?tag=elias-mutani,low,Elias Mutani | WAKILISHA,"Legacy tag archive needs product decision: rebuild tag pages, redirect to search, or intentional 404."
tag_archive,/tag/eliud-kipchoge/,200,preserve_or_map,manual_review,/search?tag=eliud-kipchoge,low,Eliud Kipchoge | WAKILISHA,"Legacy tag archive needs product decision: rebuild tag pages, redirect to search, or intentional 404."
tag_archive,/tag/elsa/,200,preserve_or_map,manual_review,/search?tag=elsa,low,Elsa | WAKILISHA,"Legacy tag archive needs product decision: rebuild tag pages, redirect to search, or intentional 404."
tag_archive,/tag/elsaphan-njora/,200,preserve_or_map,manual_review,/search?tag=elsaphan-njora,low,Elsaphan Njora | WAKILISHA,"Legacy tag archive needs product decision: rebuild tag pages, redirect to search, or intentional 404."
tag_archive,/tag/elsy-wameyo/,200,preserve_or_map,manual_review,/search?tag=elsy-wameyo,low,Elsy Wameyo | WAKILISHA,"Legacy tag archive needs product decision: rebuild tag pages, redirect to search, or intentional 404."
tag_archive,/tag/elvis-ounyo/,200,preserve_or_map,manual_review,/search?tag=elvis-ounyo,low,Elvis Ounyo | WAKILISHA,"Legacy tag archive needs product decision: rebuild tag pages, redirect to search, or intentional 404."
tag_archive,/tag/emma-cheruto/,200,preserve_or_map,manual_review,/search?tag=emma-cheruto,low,Emma Cheruto | WAKILISHA,"Legacy tag archive needs product decision: rebuild tag pages, redirect to search, or intentional 404."
tag_archive,/tag/emmie-muthiga/,200,preserve_or_map,manual_review,/search?tag=emmie-muthiga,low,Emmie Muthiga | WAKILISHA,"Legacy tag archive needs product decision: rebuild tag pages, redirect to search, or intentional 404."
tag_archive,/tag/emmy-kosgei/,200,preserve_or_map,manual_review,/search?tag=emmy-kosgei,low,Emmy Kosgei | WAKILISHA,"Legacy tag archive needs product decision: rebuild tag pages, redirect to search, or intentional 404."
tag_archive,/tag/employment/,200,preserve_or_map,manual_review,/search?tag=employment,low,Employment | WAKILISHA,"Legacy tag archive needs product decision: rebuild tag pages, redirect to search, or intentional 404."
tag_archive,/tag/empowerment/,200,preserve_or_map,manual_review,/search?tag=empowerment,low,Empowerment | WAKILISHA,"Legacy tag archive needs product decision: rebuild tag pages, redirect to search, or intentional 404."
tag_archive,/tag/enjoy/,200,preserve_or_map,manual_review,/search?tag=enjoy,low,Enjoy | WAKILISHA,"Legacy tag archive needs product decision: rebuild tag pages, redirect to search, or intentional 404."
tag_archive,/tag/entertainment/,200,preserve_or_map,manual_review,/search?tag=entertainment,low,Entertainment | WAKILISHA,"Legacy tag archive needs product decision: rebuild tag pages, redirect to search, or intentional 404."
tag_archive,/tag/eric-rugara/,200,preserve_or_map,manual_review,/search?tag=eric-rugara,low,Eric Rugara | WAKILISHA,"Legacy tag archive needs product decision: rebuild tag pages, redirect to search, or intentional 404."
tag_archive,/tag/eric-wainaina/,200,preserve_or_map,manual_review,/search?tag=eric-wainaina,low,Eric Wainaina | WAKILISHA,"Legacy tag archive needs product decision: rebuild tag pages, redirect to search, or intentional 404."
tag_archive,/tag/esen/,200,preserve_or_map,manual_review,/search?tag=esen,low,Esen | WAKILISHA,"Legacy tag archive needs product decision: rebuild tag pages, redirect to search, or intentional 404."
tag_archive,/tag/ethan-muziki/,200,preserve_or_map,manual_review,/search?tag=ethan-muziki,low,Ethan Muziki | WAKILISHA,"Legacy tag archive needs product decision: rebuild tag pages, redirect to search, or intentional 404."
tag_archive,/tag/ethereum/,200,preserve_or_map,manual_review,/search?tag=ethereum,low,Ethereum | WAKILISHA,"Legacy tag archive needs product decision: rebuild tag pages, redirect to search, or intentional 404."
tag_archive,/tag/ethic/,200,preserve_or_map,manual_review,/search?tag=ethic,low,Ethic | WAKILISHA,"Legacy tag archive needs product decision: rebuild tag pages, redirect to search, or intentional 404."
tag_archive,/tag/euggy/,200,preserve_or_map,manual_review,/search?tag=euggy,low,Euggy | WAKILISHA,"Legacy tag archive needs product decision: rebuild tag pages, redirect to search, or intentional 404."
tag_archive,/tag/evolution/,200,preserve_or_map,manual_review,/search?tag=evolution,low,Evolution | WAKILISHA,"Legacy tag archive needs product decision: rebuild tag pages, redirect to search, or intentional 404."
tag_archive,/tag/exray-taniua/,200,preserve_or_map,manual_review,/search?tag=exray-taniua,low,Exray Taniua | WAKILISHA,"Legacy tag archive needs product decision: rebuild tag pages, redirect to search, or intentional 404."
tag_archive,/tag/exray/,200,preserve_or_map,manual_review,/search?tag=exray,low,ExRay | WAKILISHA,"Legacy tag archive needs product decision: rebuild tag pages, redirect to search, or intentional 404."
tag_archive,/tag/fadhilee-itulya/,200,preserve_or_map,manual_review,/search?tag=fadhilee-itulya,low,Fadhilee Itulya | WAKILISHA,"Legacy tag archive needs product decision: rebuild tag pages, redirect to search, or intentional 404."
tag_archive,/tag/faith-kipyegon/,200,preserve_or_map,manual_review,/search?tag=faith-kipyegon,low,Faith Kipyegon | WAKILISHA,"Legacy tag archive needs product decision: rebuild tag pages, redirect to search, or intentional 404."
tag_archive,/tag/faiz-francis-ouma/,200,preserve_or_map,manual_review,/search?tag=faiz-francis-ouma,low,Faiz Francis Ouma | WAKILISHA,"Legacy tag archive needs product decision: rebuild tag pages, redirect to search, or intentional 404."
tag_archive,/tag/fancy-fingers/,200,preserve_or_map,manual_review,/search?tag=fancy-fingers,low,Fancy Fingers | WAKILISHA,"Legacy tag archive needs product decision: rebuild tag pages, redirect to search, or intentional 404."
tag_archive,/tag/fathermoh-and-ssaru/,200,preserve_or_map,manual_review,/search?tag=fathermoh-and-ssaru,low,Fathermoh and Ssaru | WAKILISHA,"Legacy tag archive needs product decision: rebuild tag pages, redirect to search, or intentional 404."
tag_archive,/tag/fathermoh/,200,preserve_or_map,manual_review,/search?tag=fathermoh,low,Fathermoh | WAKILISHA,"Legacy tag archive needs product decision: rebuild tag pages, redirect to search, or intentional 404."
tag_archive,/tag/fatoumata-diawara/,200,preserve_or_map,manual_review,/search?tag=fatoumata-diawara,low,Fatoumata Diawara | WAKILISHA,"Legacy tag archive needs product decision: rebuild tag pages, redirect to search, or intentional 404."
tag_archive,/tag/femi-one/,200,preserve_or_map,manual_review,/search?tag=femi-one,low,Femi One | WAKILISHA,"Legacy tag archive needs product decision: rebuild tag pages, redirect to search, or intentional 404."
tag_archive,/tag/fena-gitu/,200,preserve_or_map,manual_review,/search?tag=fena-gitu,low,Fena Gitu | WAKILISHA,"Legacy tag archive needs product decision: rebuild tag pages, redirect to search, or intentional 404."
tag_archive,/tag/film-production/,200,preserve_or_map,manual_review,/search?tag=film-production,low,Film Production | WAKILISHA,"Legacy tag archive needs product decision: rebuild tag pages, redirect to search, or intentional 404."
tag_archive,/tag/film/,200,preserve_or_map,manual_review,/search?tag=film,low,Film | WAKILISHA,"Legacy tag archive needs product decision: rebuild tag pages, redirect to search, or intentional 404."
tag_archive,/tag/flea-market/,200,preserve_or_map,manual_review,/search?tag=flea-market,low,Flea Market | WAKILISHA,"Legacy tag archive needs product decision: rebuild tag pages, redirect to search, or intentional 404."
tag_archive,/tag/flexfab/,200,preserve_or_map,manual_review,/search?tag=flexfab,low,FlexFab | WAKILISHA,"Legacy tag archive needs product decision: rebuild tag pages, redirect to search, or intentional 404."
tag_archive,/tag/flier/,200,preserve_or_map,manual_review,/search?tag=flier,low,Flier | WAKILISHA,"Legacy tag archive needs product decision: rebuild tag pages, redirect to search, or intentional 404."
tag_archive,/tag/flossin-mauwano/,200,preserve_or_map,manual_review,/search?tag=flossin-mauwano,low,Flossin Mauwano | WAKILISHA,"Legacy tag archive needs product decision: rebuild tag pages, redirect to search, or intentional 404."
tag_archive,/tag/folk-music/,200,preserve_or_map,manual_review,/search?tag=folk-music,low,Folk Music | WAKILISHA,"Legacy tag archive needs product decision: rebuild tag pages, redirect to search, or intentional 404."
tag_archive,/tag/food/,200,preserve_or_map,manual_review,/search?tag=food,low,Food | WAKILISHA,"Legacy tag archive needs product decision: rebuild tag pages, redirect to search, or intentional 404."
tag_archive,/tag/fort-jesus/,200,preserve_or_map,manual_review,/search?tag=fort-jesus,low,Fort Jesus | WAKILISHA,"Legacy tag archive needs product decision: rebuild tag pages, redirect to search, or intentional 404."
tag_archive,/tag/francis-d-imbuga/,200,preserve_or_map,manual_review,/search?tag=francis-d-imbuga,low,Francis D. Imbuga | WAKILISHA,"Legacy tag archive needs product decision: rebuild tag pages, redirect to search, or intentional 404."
tag_archive,/tag/francis-thompson/,200,preserve_or_map,manual_review,/search?tag=francis-thompson,low,Francis Thompson | WAKILISHA,"Legacy tag archive needs product decision: rebuild tag pages, redirect to search, or intentional 404."
tag_archive,/tag/fred-hirschy/,200,preserve_or_map,manual_review,/search?tag=fred-hirschy,low,Fred Hirschy | WAKILISHA,"Legacy tag archive needs product decision: rebuild tag pages, redirect to search, or intentional 404."
tag_archive,/tag/freddie-gibbs/,200,preserve_or_map,manual_review,/search?tag=freddie-gibbs,low,Freddie Gibbs | WAKILISHA,"Legacy tag archive needs product decision: rebuild tag pages, redirect to search, or intentional 404."
tag_archive,/tag/freddie-wangombe/,200,preserve_or_map,manual_review,/search?tag=freddie-wangombe,low,Freddie Wang&#039;ombe | WAKILISHA,"Legacy tag archive needs product decision: rebuild tag pages, redirect to search, or intentional 404."
tag_archive,/tag/friendship/,200,preserve_or_map,manual_review,/search?tag=friendship,low,Friendship | WAKILISHA,"Legacy tag archive needs product decision: rebuild tag pages, redirect to search, or intentional 404."
tag_archive,/tag/fundamental-attribution-error/,200,preserve_or_map,manual_review,/search?tag=fundamental-attribution-error,low,Fundamental Attribution Error | WAKILISHA,"Legacy tag archive needs product decision: rebuild tag pages, redirect to search, or intentional 404."
tag_archive,/tag/geco-tribe-cafe/,200,preserve_or_map,manual_review,/search?tag=geco-tribe-cafe,low,Geco Tribe Café | WAKILISHA,"Legacy tag archive needs product decision: rebuild tag pages, redirect to search, or intentional 404."
tag_archive,/tag/gen-z/,200,preserve_or_map,manual_review,/search?tag=gen-z,low,Gen-Z | WAKILISHA,"Legacy tag archive needs product decision: rebuild tag pages, redirect to search, or intentional 404."
tag_archive,/tag/genes1s/,200,preserve_or_map,manual_review,/search?tag=genes1s,low,Genes1s | WAKILISHA,"Legacy tag archive needs product decision: rebuild tag pages, redirect to search, or intentional 404."
tag_archive,/tag/gengetone/,200,preserve_or_map,manual_review,/search?tag=gengetone,low,Gengetone | WAKILISHA,"Legacy tag archive needs product decision: rebuild tag pages, redirect to search, or intentional 404."
tag_archive,/tag/george-luchiri-wajackoyah/,200,preserve_or_map,manual_review,/search?tag=george-luchiri-wajackoyah,low,George Luchiri Wajackoyah | WAKILISHA,"Legacy tag archive needs product decision: rebuild tag pages, redirect to search, or intentional 404."
tag_archive,/tag/ghetto-pimps-crew/,200,preserve_or_map,manual_review,/search?tag=ghetto-pimps-crew,low,Ghetto Pimps Crew | WAKILISHA,"Legacy tag archive needs product decision: rebuild tag pages, redirect to search, or intentional 404."
tag_archive,/tag/gidi-gidi/,200,preserve_or_map,manual_review,/search?tag=gidi-gidi,low,Gidi Gidi | WAKILISHA,"Legacy tag archive needs product decision: rebuild tag pages, redirect to search, or intentional 404."
tag_archive,/tag/goethe-institut-nairobi/,200,preserve_or_map,manual_review,/search?tag=goethe-institut-nairobi,low,Goethe-Institut Nairobi | WAKILISHA,"Legacy tag archive needs product decision: rebuild tag pages, redirect to search, or intentional 404."
tag_archive,/tag/gondwana/,200,preserve_or_map,manual_review,/search?tag=gondwana,low,Gondwana | WAKILISHA,"Legacy tag archive needs product decision: rebuild tag pages, redirect to search, or intentional 404."
tag_archive,/tag/goodluck-gozbert/,200,preserve_or_map,manual_review,/search?tag=goodluck-gozbert,low,Goodluck Gozbert | WAKILISHA,"Legacy tag archive needs product decision: rebuild tag pages, redirect to search, or intentional 404."
tag_archive,/tag/gordon-moore/,200,preserve_or_map,manual_review,/search?tag=gordon-moore,low,Gordon Moore | WAKILISHA,"Legacy tag archive needs product decision: rebuild tag pages, redirect to search, or intentional 404."
tag_archive,/tag/grace-ogot/,200,preserve_or_map,manual_review,/search?tag=grace-ogot,low,Grace Ogot | WAKILISHA,"Legacy tag archive needs product decision: rebuild tag pages, redirect to search, or intentional 404."
tag_archive,/tag/graffiti-girls-kenya/,200,preserve_or_map,manual_review,/search?tag=graffiti-girls-kenya,low,Graffiti Girls Kenya | WAKILISHA,"Legacy tag archive needs product decision: rebuild tag pages, redirect to search, or intentional 404."
tag_archive,/tag/graffiti/,200,preserve_or_map,manual_review,/search?tag=graffiti,low,Graffiti | WAKILISHA,"Legacy tag archive needs product decision: rebuild tag pages, redirect to search, or intentional 404."
tag_archive,/tag/gray/,200,preserve_or_map,manual_review,/search?tag=gray,low,Gray | WAKILISHA,"Legacy tag archive needs product decision: rebuild tag pages, redirect to search, or intentional 404."
tag_archive,/tag/green-living/,200,preserve_or_map,manual_review,/search?tag=green-living,low,Green Living | WAKILISHA,"Legacy tag archive needs product decision: rebuild tag pages, redirect to search, or intentional 404."
tag_archive,/tag/green/,200,preserve_or_map,manual_review,/search?tag=green,low,Green | WAKILISHA,"Legacy tag archive needs product decision: rebuild tag pages, redirect to search, or intentional 404."
tag_archive,/tag/grief/,200,preserve_or_map,manual_review,/search?tag=grief,low,Grief | WAKILISHA,"Legacy tag archive needs product decision: rebuild tag pages, redirect to search, or intentional 404."
tag_archive,/tag/gta/,200,preserve_or_map,manual_review,/search?tag=gta,low,GTA | WAKILISHA,"Legacy tag archive needs product decision: rebuild tag pages, redirect to search, or intentional 404."
tag_archive,/tag/guapanessse/,200,preserve_or_map,manual_review,/search?tag=guapanessse,low,Guapanessse | WAKILISHA,"Legacy tag archive needs product decision: rebuild tag pages, redirect to search, or intentional 404."
tag_archive,/tag/gufy/,200,preserve_or_map,manual_review,/search?tag=gufy,low,Gufy | WAKILISHA,"Legacy tag archive needs product decision: rebuild tag pages, redirect to search, or intentional 404."
tag_archive,/tag/gwaash/,200,preserve_or_map,manual_review,/search?tag=gwaash,low,Gwaash | WAKILISHA,"Legacy tag archive needs product decision: rebuild tag pages, redirect to search, or intentional 404."
tag_archive,/tag/h_art-the-band/,200,preserve_or_map,manual_review,/search?tag=h_art-the-band,low,H_art The Band | WAKILISHA,"Legacy tag archive needs product decision: rebuild tag pages, redirect to search, or intentional 404."
tag_archive,/tag/habits/,200,preserve_or_map,manual_review,/search?tag=habits,low,Habits | WAKILISHA,"Legacy tag archive needs product decision: rebuild tag pages, redirect to search, or intentional 404."
tag_archive,/tag/harmonize/,200,preserve_or_map,manual_review,/search?tag=harmonize,low,Harmonize | WAKILISHA,"Legacy tag archive needs product decision: rebuild tag pages, redirect to search, or intentional 404."
tag_archive,/tag/harry-craze/,200,preserve_or_map,manual_review,/search?tag=harry-craze,low,Harry Craze | WAKILISHA,"Legacy tag archive needs product decision: rebuild tag pages, redirect to search, or intentional 404."
tag_archive,/tag/health/,200,preserve_or_map,manual_review,/search?tag=health,low,Health | WAKILISHA,"Legacy tag archive needs product decision: rebuild tag pages, redirect to search, or intentional 404."
tag_archive,/tag/heavy-cane/,200,preserve_or_map,manual_review,/search?tag=heavy-cane,low,Heavy Cane | WAKILISHA,"Legacy tag archive needs product decision: rebuild tag pages, redirect to search, or intentional 404."
tag_archive,/tag/hells-gate-national-park/,200,preserve_or_map,manual_review,/search?tag=hells-gate-national-park,low,Hell&#039;s Gate National Park | WAKILISHA,"Legacy tag archive needs product decision: rebuild tag pages, redirect to search, or intentional 404."
tag_archive,/tag/hendrick-sam/,200,preserve_or_map,manual_review,/search?tag=hendrick-sam,low,Hendrick Sam | WAKILISHA,"Legacy tag archive needs product decision: rebuild tag pages, redirect to search, or intentional 404."
tag_archive,/tag/hihi/,200,preserve_or_map,manual_review,/search?tag=hihi,low,Hihi | WAKILISHA,"Legacy tag archive needs product decision: rebuild tag pages, redirect to search, or intentional 404."
tag_archive,/tag/hip-hop/,200,preserve_or_map,manual_review,/search?tag=hip-hop,low,Hip Hop | WAKILISHA,"Legacy tag archive needs product decision: rebuild tag pages, redirect to search, or intentional 404."
tag_archive,/tag/history/,200,preserve_or_map,manual_review,/search?tag=history,low,History | WAKILISHA,"Legacy tag archive needs product decision: rebuild tag pages, redirect to search, or intentional 404."
tag_archive,/tag/hornsphere/,200,preserve_or_map,manual_review,/search?tag=hornsphere,low,Hornsphere | WAKILISHA,"Legacy tag archive needs product decision: rebuild tag pages, redirect to search, or intentional 404."
tag_archive,/tag/humanism/,200,preserve_or_map,manual_review,/search?tag=humanism,low,Humanism | WAKILISHA,"Legacy tag archive needs product decision: rebuild tag pages, redirect to search, or intentional 404."
tag_archive,/tag/humanities/,200,preserve_or_map,manual_review,/search?tag=humanities,low,Humanities | WAKILISHA,"Legacy tag archive needs product decision: rebuild tag pages, redirect to search, or intentional 404."
tag_archive,/tag/hyrax-hill-museum/,200,preserve_or_map,manual_review,/search?tag=hyrax-hill-museum,low,Hyrax Hill Museum | WAKILISHA,"Legacy tag archive needs product decision: rebuild tag pages, redirect to search, or intentional 404."
tag_archive,/tag/idd-aziz/,200,preserve_or_map,manual_review,/search?tag=idd-aziz,low,Idd Aziz | WAKILISHA,"Legacy tag archive needs product decision: rebuild tag pages, redirect to search, or intentional 404."
tag_archive,/tag/ideas/,200,preserve_or_map,manual_review,/search?tag=ideas,low,Ideas | WAKILISHA,"Legacy tag archive needs product decision: rebuild tag pages, redirect to search, or intentional 404."
tag_archive,/tag/idza-luhumyo/,200,preserve_or_map,manual_review,/search?tag=idza-luhumyo,low,Idza Luhumyo | WAKILISHA,"Legacy tag archive needs product decision: rebuild tag pages, redirect to search, or intentional 404."
tag_archive,/tag/ignyte-awards/,200,preserve_or_map,manual_review,/search?tag=ignyte-awards,low,IGNYTE AWARDS | WAKILISHA,"Legacy tag archive needs product decision: rebuild tag pages, redirect to search, or intentional 404."
tag_archive,/tag/inclusive-design/,200,preserve_or_map,manual_review,/search?tag=inclusive-design,low,Inclusive Design | WAKILISHA,"Legacy tag archive needs product decision: rebuild tag pages, redirect to search, or intentional 404."
tag_archive,/tag/influencers/,200,preserve_or_map,manual_review,/search?tag=influencers,low,Influencers | WAKILISHA,"Legacy tag archive needs product decision: rebuild tag pages, redirect to search, or intentional 404."
tag_archive,/tag/internet/,200,preserve_or_map,manual_review,/search?tag=internet,low,Internet | WAKILISHA,"Legacy tag archive needs product decision: rebuild tag pages, redirect to search, or intentional 404."
tag_archive,/tag/iphoolish/,200,preserve_or_map,manual_review,/search?tag=iphoolish,low,Iphoolish | WAKILISHA,"Legacy tag archive needs product decision: rebuild tag pages, redirect to search, or intentional 404."
tag_archive,/tag/israel-onyach/,200,preserve_or_map,manual_review,/search?tag=israel-onyach,low,Israel Onyach | WAKILISHA,"Legacy tag archive needs product decision: rebuild tag pages, redirect to search, or intentional 404."
tag_archive,/tag/issa-juma/,200,preserve_or_map,manual_review,/search?tag=issa-juma,low,Issa Juma | WAKILISHA,"Legacy tag archive needs product decision: rebuild tag pages, redirect to search, or intentional 404."
tag_archive,/tag/itanda-falls/,200,preserve_or_map,manual_review,/search?tag=itanda-falls,low,Itanda Falls | WAKILISHA,"Legacy tag archive needs product decision: rebuild tag pages, redirect to search, or intentional 404."
tag_archive,/tag/itanda/,200,preserve_or_map,manual_review,/search?tag=itanda,low,Itanda | WAKILISHA,"Legacy tag archive needs product decision: rebuild tag pages, redirect to search, or intentional 404."
tag_archive,/tag/itsyaba/,200,preserve_or_map,manual_review,/search?tag=itsyaba,low,ItsYaba | WAKILISHA,"Legacy tag archive needs product decision: rebuild tag pages, redirect to search, or intentional 404."
tag_archive,/tag/ivy-lygue/,200,preserve_or_map,manual_review,/search?tag=ivy-lygue,low,Ivy Lygue | WAKILISHA,"Legacy tag archive needs product decision: rebuild tag pages, redirect to search, or intentional 404."
tag_archive,/tag/iyanah-kiragu/,200,preserve_or_map,manual_review,/search?tag=iyanah-kiragu,low,Iyanah Kiragu | WAKILISHA,"Legacy tag archive needs product decision: rebuild tag pages, redirect to search, or intentional 404."
tag_archive,/tag/iyanah/,200,preserve_or_map,manual_review,/search?tag=iyanah,low,Iyanah | WAKILISHA,"Legacy tag archive needs product decision: rebuild tag pages, redirect to search, or intentional 404."
tag_archive,/tag/iyanii/,200,preserve_or_map,manual_review,/search?tag=iyanii,low,Iyanii | WAKILISHA,"Legacy tag archive needs product decision: rebuild tag pages, redirect to search, or intentional 404."
tag_archive,/tag/jack-brown/,200,preserve_or_map,manual_review,/search?tag=jack-brown,low,Jack Brown | WAKILISHA,"Legacy tag archive needs product decision: rebuild tag pages, redirect to search, or intentional 404."
tag_archive,/tag/jacky-vike/,200,preserve_or_map,manual_review,/search?tag=jacky-vike,low,Jacky Vike | WAKILISHA,"Legacy tag archive needs product decision: rebuild tag pages, redirect to search, or intentional 404."
tag_archive,/tag/jaguar/,200,preserve_or_map,manual_review,/search?tag=jaguar,low,Jaguar | WAKILISHA,"Legacy tag archive needs product decision: rebuild tag pages, redirect to search, or intentional 404."
tag_archive,/tag/james-jozee/,200,preserve_or_map,manual_review,/search?tag=james-jozee,low,James Jozee | WAKILISHA,"Legacy tag archive needs product decision: rebuild tag pages, redirect to search, or intentional 404."
tag_archive,/tag/james-murumbi-gallery/,200,preserve_or_map,manual_review,/search?tag=james-murumbi-gallery,low,James Murumbi Gallery | WAKILISHA,"Legacy tag archive needs product decision: rebuild tag pages, redirect to search, or intentional 404."
tag_archive,/tag/jameson-connects-kenya/,200,preserve_or_map,manual_review,/search?tag=jameson-connects-kenya,low,Jameson Connects Kenya | WAKILISHA,"Legacy tag archive needs product decision: rebuild tag pages, redirect to search, or intentional 404."
tag_archive,/tag/jgip-events/,200,preserve_or_map,manual_review,/search?tag=jgip-events,low,JGIP Events | WAKILISHA,"Legacy tag archive needs product decision: rebuild tag pages, redirect to search, or intentional 404."
tag_archive,/tag/jim-chuchu/,200,preserve_or_map,manual_review,/search?tag=jim-chuchu,low,Jim Chuchu | WAKILISHA,"Legacy tag archive needs product decision: rebuild tag pages, redirect to search, or intentional 404."
tag_archive,/tag/jimmy-ogonga/,200,preserve_or_map,manual_review,/search?tag=jimmy-ogonga,low,Jimmy Ogonga | WAKILISHA,"Legacy tag archive needs product decision: rebuild tag pages, redirect to search, or intentional 404."
tag_archive,/tag/jimwat/,200,preserve_or_map,manual_review,/search?tag=jimwat,low,Jimwat | WAKILISHA,"Legacy tag archive needs product decision: rebuild tag pages, redirect to search, or intentional 404."
tag_archive,/tag/jinja/,200,preserve_or_map,manual_review,/search?tag=jinja,low,Jinja | WAKILISHA,"Legacy tag archive needs product decision: rebuild tag pages, redirect to search, or intentional 404."
tag_archive,/tag/joefes/,200,preserve_or_map,manual_review,/search?tag=joefes,low,Joefes | WAKILISHA,"Legacy tag archive needs product decision: rebuild tag pages, redirect to search, or intentional 404."
tag_archive,/tag/john-demathew/,200,preserve_or_map,manual_review,/search?tag=john-demathew,low,John De&#039;Mathew | WAKILISHA,"Legacy tag archive needs product decision: rebuild tag pages, redirect to search, or intentional 404."
tag_archive,/tag/john-michuki-park/,200,preserve_or_map,manual_review,/search?tag=john-michuki-park,low,John Michuki Park | WAKILISHA,"Legacy tag archive needs product decision: rebuild tag pages, redirect to search, or intentional 404."
tag_archive,/tag/john-ndichu/,200,preserve_or_map,manual_review,/search?tag=john-ndichu,low,John Ndichu | WAKILISHA,"Legacy tag archive needs product decision: rebuild tag pages, redirect to search, or intentional 404."
tag_archive,/tag/joseph-kamaru/,200,preserve_or_map,manual_review,/search?tag=joseph-kamaru,low,Joseph Kamaru | WAKILISHA,"Legacy tag archive needs product decision: rebuild tag pages, redirect to search, or intentional 404."
tag_archive,/tag/joseph-mbatia-bertiers/,200,preserve_or_map,manual_review,/search?tag=joseph-mbatia-bertiers,low,Joseph Mbatia Bertiers | WAKILISHA,"Legacy tag archive needs product decision: rebuild tag pages, redirect to search, or intentional 404."
tag_archive,/tag/joshua-baraka/,200,preserve_or_map,manual_review,/search?tag=joshua-baraka,low,Joshua Baraka | WAKILISHA,"Legacy tag archive needs product decision: rebuild tag pages, redirect to search, or intentional 404."
tag_archive,/tag/jovial/,200,preserve_or_map,manual_review,/search?tag=jovial,low,Jovial | WAKILISHA,"Legacy tag archive needs product decision: rebuild tag pages, redirect to search, or intentional 404."
tag_archive,/tag/joy-ocholla/,200,preserve_or_map,manual_review,/search?tag=joy-ocholla,low,Joy Ocholla | WAKILISHA,"Legacy tag archive needs product decision: rebuild tag pages, redirect to search, or intentional 404."
tag_archive,/tag/jua-cali/,200,preserve_or_map,manual_review,/search?tag=jua-cali,low,Jua Cali | WAKILISHA,"Legacy tag archive needs product decision: rebuild tag pages, redirect to search, or intentional 404."
tag_archive,/tag/juliani/,200,preserve_or_map,manual_review,/search?tag=juliani,low,Juliani | WAKILISHA,"Legacy tag archive needs product decision: rebuild tag pages, redirect to search, or intentional 404."
tag_archive,/tag/june-gachui/,200,preserve_or_map,manual_review,/search?tag=june-gachui,low,June Gachui | WAKILISHA,"Legacy tag archive needs product decision: rebuild tag pages, redirect to search, or intentional 404."
tag_archive,/tag/just-a-band/,200,preserve_or_map,manual_review,/search?tag=just-a-band,low,Just A Band | WAKILISHA,"Legacy tag archive needs product decision: rebuild tag pages, redirect to search, or intentional 404."
tag_archive,/tag/justice-gully/,200,preserve_or_map,manual_review,/search?tag=justice-gully,low,Justice Gully | WAKILISHA,"Legacy tag archive needs product decision: rebuild tag pages, redirect to search, or intentional 404."
tag_archive,/tag/justice/,200,preserve_or_map,manual_review,/search?tag=justice,low,Justice | WAKILISHA,"Legacy tag archive needs product decision: rebuild tag pages, redirect to search, or intentional 404."
tag_archive,/tag/jux/,200,preserve_or_map,manual_review,/search?tag=jux,low,Jux | WAKILISHA,"Legacy tag archive needs product decision: rebuild tag pages, redirect to search, or intentional 404."
tag_archive,/tag/k4kanali/,200,preserve_or_map,manual_review,/search?tag=k4kanali,low,K4Kanali | WAKILISHA,"Legacy tag archive needs product decision: rebuild tag pages, redirect to search, or intentional 404."
tag_archive,/tag/kaa-la-moto/,200,preserve_or_map,manual_review,/search?tag=kaa-la-moto,low,Kaa La Moto | WAKILISHA,"Legacy tag archive needs product decision: rebuild tag pages, redirect to search, or intentional 404."
tag_archive,/tag/kabage-karanja/,200,preserve_or_map,manual_review,/search?tag=kabage-karanja,low,Kabage Karanja | WAKILISHA,"Legacy tag archive needs product decision: rebuild tag pages, redirect to search, or intentional 404."
tag_archive,/tag/kagwe-mungai/,200,preserve_or_map,manual_review,/search?tag=kagwe-mungai,low,Kagwe Mungai | WAKILISHA,"Legacy tag archive needs product decision: rebuild tag pages, redirect to search, or intentional 404."
tag_archive,/tag/kalamashaka/,200,preserve_or_map,manual_review,/search?tag=kalamashaka,low,Kalamashaka | WAKILISHA,"Legacy tag archive needs product decision: rebuild tag pages, redirect to search, or intentional 404."
tag_archive,/tag/kaloki-nyamai/,200,preserve_or_map,manual_review,/search?tag=kaloki-nyamai,low,Kaloki Nyamai | WAKILISHA,"Legacy tag archive needs product decision: rebuild tag pages, redirect to search, or intentional 404."
tag_archive,/tag/kamaa-kalamashaka/,200,preserve_or_map,manual_review,/search?tag=kamaa-kalamashaka,low,Kamaa Kalamashaka | WAKILISHA,"Legacy tag archive needs product decision: rebuild tag pages, redirect to search, or intentional 404."
tag_archive,/tag/kamande-wa-kioi/,200,preserve_or_map,manual_review,/search?tag=kamande-wa-kioi,low,Kamande Wa Kioi | WAKILISHA,"Legacy tag archive needs product decision: rebuild tag pages, redirect to search, or intentional 404."
tag_archive,/tag/kambua/,200,preserve_or_map,manual_review,/search?tag=kambua,low,Kambua | WAKILISHA,"Legacy tag archive needs product decision: rebuild tag pages, redirect to search, or intentional 404."
tag_archive,/tag/kanairo/,200,preserve_or_map,manual_review,/search?tag=kanairo,low,Kanairo | WAKILISHA,"Legacy tag archive needs product decision: rebuild tag pages, redirect to search, or intentional 404."
tag_archive,/tag/karen-blixen-museum/,200,preserve_or_map,manual_review,/search?tag=karen-blixen-museum,low,Karen Blixen Museum | WAKILISHA,"Legacy tag archive needs product decision: rebuild tag pages, redirect to search, or intentional 404."
tag_archive,/tag/karen-village/,200,preserve_or_map,manual_review,/search?tag=karen-village,low,Karen Village | WAKILISHA,"Legacy tag archive needs product decision: rebuild tag pages, redirect to search, or intentional 404."
tag_archive,/tag/karun/,200,preserve_or_map,manual_review,/search?tag=karun,low,Karun | WAKILISHA,"Legacy tag archive needs product decision: rebuild tag pages, redirect to search, or intentional 404."
tag_archive,/tag/karura-forest/,200,preserve_or_map,manual_review,/search?tag=karura-forest,low,Karura Forest | WAKILISHA,"Legacy tag archive needs product decision: rebuild tag pages, redirect to search, or intentional 404."
tag_archive,/tag/kasarani-laureate-gardens/,200,preserve_or_map,manual_review,/search?tag=kasarani-laureate-gardens,low,Kasarani Laureate Gardens | WAKILISHA,"Legacy tag archive needs product decision: rebuild tag pages, redirect to search, or intentional 404."
tag_archive,/tag/kasha/,200,preserve_or_map,manual_review,/search?tag=kasha,low,Kasha | WAKILISHA,"Legacy tag archive needs product decision: rebuild tag pages, redirect to search, or intentional 404."
tag_archive,/tag/katapilla/,200,preserve_or_map,manual_review,/search?tag=katapilla,low,Katapilla | WAKILISHA,"Legacy tag archive needs product decision: rebuild tag pages, redirect to search, or intentional 404."
tag_archive,/tag/kc-kangiri/,200,preserve_or_map,manual_review,/search?tag=kc-kangiri,low,Kc Kangiri | WAKILISHA,"Legacy tag archive needs product decision: rebuild tag pages, redirect to search, or intentional 404."
tag_archive,/tag/keemlyf/,200,preserve_or_map,manual_review,/search?tag=keemlyf,low,Keemlyf | WAKILISHA,"Legacy tag archive needs product decision: rebuild tag pages, redirect to search, or intentional 404."
tag_archive,/tag/kemboste/,200,preserve_or_map,manual_review,/search?tag=kemboste,low,Kemboste | WAKILISHA,"Legacy tag archive needs product decision: rebuild tag pages, redirect to search, or intentional 404."
tag_archive,/tag/kendrick-lamar/,200,preserve_or_map,manual_review,/search?tag=kendrick-lamar,low,Kendrick Lamar | WAKILISHA,"Legacy tag archive needs product decision: rebuild tag pages, redirect to search, or intentional 404."
tag_archive,/tag/kenrazy/,200,preserve_or_map,manual_review,/search?tag=kenrazy,low,Kenrazy | WAKILISHA,"Legacy tag archive needs product decision: rebuild tag pages, redirect to search, or intentional 404."
tag_archive,/tag/kenya-african-national-union-kanu/,200,preserve_or_map,manual_review,/search?tag=kenya-african-national-union-kanu,low,Kenya African National Union (KANU) | WAKILISHA,"Legacy tag archive needs product decision: rebuild tag pages, redirect to search, or intentional 404."
tag_archive,/tag/kenya-copyright-act/,200,preserve_or_map,manual_review,/search?tag=kenya-copyright-act,low,Kenya Copyright Act | WAKILISHA,"Legacy tag archive needs product decision: rebuild tag pages, redirect to search, or intentional 404."
tag_archive,/tag/kenya-copyright-board-kecobo/,200,preserve_or_map,manual_review,/search?tag=kenya-copyright-board-kecobo,low,Kenya Copyright Board (KECOBO) | WAKILISHA,"Legacy tag archive needs product decision: rebuild tag pages, redirect to search, or intentional 404."
tag_archive,/tag/kenya-cultural-centre/,200,preserve_or_map,manual_review,/search?tag=kenya-cultural-centre,low,Kenya Cultural Centre | WAKILISHA,"Legacy tag archive needs product decision: rebuild tag pages, redirect to search, or intentional 404."
tag_archive,/tag/kenya-museum-society/,200,preserve_or_map,manual_review,/search?tag=kenya-museum-society,low,Kenya Museum Society | WAKILISHA,"Legacy tag archive needs product decision: rebuild tag pages, redirect to search, or intentional 404."
tag_archive,/tag/kenya-national-theatre/,200,preserve_or_map,manual_review,/search?tag=kenya-national-theatre,low,Kenya National Theatre | WAKILISHA,"Legacy tag archive needs product decision: rebuild tag pages, redirect to search, or intentional 404."
tag_archive,/tag/kenya-space-agency/,200,preserve_or_map,manual_review,/search?tag=kenya-space-agency,low,Kenya Space Agency | WAKILISHA,"Legacy tag archive needs product decision: rebuild tag pages, redirect to search, or intentional 404."
tag_archive,/tag/kenya-wildlife-service/,200,preserve_or_map,manual_review,/search?tag=kenya-wildlife-service,low,Kenya Wildlife Service | WAKILISHA,"Legacy tag archive needs product decision: rebuild tag pages, redirect to search, or intentional 404."
tag_archive,/tag/kenya/,200,preserve_or_map,manual_review,/search?tag=kenya,low,Kenya | WAKILISHA,"Legacy tag archive needs product decision: rebuild tag pages, redirect to search, or intentional 404."
tag_archive,/tag/kerosh/,200,preserve_or_map,manual_review,/search?tag=kerosh,low,Kerosh | WAKILISHA,"Legacy tag archive needs product decision: rebuild tag pages, redirect to search, or intentional 404."
tag_archive,/tag/kethan/,200,preserve_or_map,manual_review,/search?tag=kethan,low,Kethan | WAKILISHA,"Legacy tag archive needs product decision: rebuild tag pages, redirect to search, or intentional 404."
tag_archive,/tag/khaddija-abdalla-bajaber/,200,preserve_or_map,manual_review,/search?tag=khaddija-abdalla-bajaber,low,Khaddija Abdalla Bajaber | WAKILISHA,"Legacy tag archive needs product decision: rebuild tag pages, redirect to search, or intentional 404."
tag_archive,/tag/khadija-abdalla-bajaber/,200,preserve_or_map,manual_review,/search?tag=khadija-abdalla-bajaber,low,Khadija Abdalla Bajaber | WAKILISHA,"Legacy tag archive needs product decision: rebuild tag pages, redirect to search, or intentional 404."
tag_archive,/tag/khadija-abdalla-bjaber/,200,preserve_or_map,manual_review,/search?tag=khadija-abdalla-bjaber,low,Khadija Abdalla Bjaber | WAKILISHA,"Legacy tag archive needs product decision: rebuild tag pages, redirect to search, or intentional 404."
tag_archive,/tag/khali-cartel/,200,preserve_or_map,manual_review,/search?tag=khali-cartel,low,Khali Cartel | WAKILISHA,"Legacy tag archive needs product decision: rebuild tag pages, redirect to search, or intentional 404."
tag_archive,/tag/khaligraph-jones/,200,preserve_or_map,manual_review,/search?tag=khaligraph-jones,low,Khaligraph Jones | WAKILISHA,"Legacy tag archive needs product decision: rebuild tag pages, redirect to search, or intentional 404."
tag_archive,/tag/khaligraph-jones/page/2/,200,preserve_or_map,manual_review,/search?tag=khaligraph-jones,low,Khaligraph Jones | WAKILISHA,"Legacy tag archive needs product decision: rebuild tag pages, redirect to search, or intentional 404."
tag_archive,/tag/kibera/,200,preserve_or_map,manual_review,/search?tag=kibera,low,Kibera | WAKILISHA,"Legacy tag archive needs product decision: rebuild tag pages, redirect to search, or intentional 404."
tag_archive,/tag/kid-kora/,200,preserve_or_map,manual_review,/search?tag=kid-kora,low,Kid Kora | WAKILISHA,"Legacy tag archive needs product decision: rebuild tag pages, redirect to search, or intentional 404."
tag_archive,/tag/kigooco/,200,preserve_or_map,manual_review,/search?tag=kigooco,low,Kigooco | WAKILISHA,"Legacy tag archive needs product decision: rebuild tag pages, redirect to search, or intentional 404."
tag_archive,/tag/kikuyu-music/,200,preserve_or_map,manual_review,/search?tag=kikuyu-music,low,Kikuyu Music | WAKILISHA,"Legacy tag archive needs product decision: rebuild tag pages, redirect to search, or intentional 404."
tag_archive,/tag/kina/,200,preserve_or_map,manual_review,/search?tag=kina,low,Kina | WAKILISHA,"Legacy tag archive needs product decision: rebuild tag pages, redirect to search, or intentional 404."
tag_archive,/tag/king-david/,200,preserve_or_map,manual_review,/search?tag=king-david,low,King David | WAKILISHA,"Legacy tag archive needs product decision: rebuild tag pages, redirect to search, or intentional 404."
tag_archive,/tag/king-kaka/,200,preserve_or_map,manual_review,/search?tag=king-kaka,low,King Kaka | WAKILISHA,"Legacy tag archive needs product decision: rebuild tag pages, redirect to search, or intentional 404."
tag_archive,/tag/king-kerby/,200,preserve_or_map,manual_review,/search?tag=king-kerby,low,King Kerby | WAKILISHA,"Legacy tag archive needs product decision: rebuild tag pages, redirect to search, or intentional 404."
tag_archive,/tag/kingpheezle/,200,preserve_or_map,manual_review,/search?tag=kingpheezle,low,Kingpheezle | WAKILISHA,"Legacy tag archive needs product decision: rebuild tag pages, redirect to search, or intentional 404."
tag_archive,/tag/kinoti/,200,preserve_or_map,manual_review,/search?tag=kinoti,low,Kinoti | WAKILISHA,"Legacy tag archive needs product decision: rebuild tag pages, redirect to search, or intentional 404."
tag_archive,/tag/kitu-sewer/,200,preserve_or_map,manual_review,/search?tag=kitu-sewer,low,Kitu Sewer | WAKILISHA,"Legacy tag archive needs product decision: rebuild tag pages, redirect to search, or intentional 404."
tag_archive,/tag/kizazi-moto/,200,preserve_or_map,manual_review,/search?tag=kizazi-moto,low,Kizazi Moto | WAKILISHA,"Legacy tag archive needs product decision: rebuild tag pages, redirect to search, or intentional 404."
tag_archive,/tag/kleptomaniax/,200,preserve_or_map,manual_review,/search?tag=kleptomaniax,low,Kleptomaniax | WAKILISHA,"Legacy tag archive needs product decision: rebuild tag pages, redirect to search, or intentional 404."
tag_archive,/tag/koda/,200,preserve_or_map,manual_review,/search?tag=koda,low,Koda | WAKILISHA,"Legacy tag archive needs product decision: rebuild tag pages, redirect to search, or intentional 404."
tag_archive,/tag/kodongklan/,200,preserve_or_map,manual_review,/search?tag=kodongklan,low,KODONGKLAN | WAKILISHA,"Legacy tag archive needs product decision: rebuild tag pages, redirect to search, or intentional 404."
tag_archive,/tag/krg-the-don/,200,preserve_or_map,manual_review,/search?tag=krg-the-don,low,Krg the Don | WAKILISHA,"Legacy tag archive needs product decision: rebuild tag pages, redirect to search, or intentional 404."
tag_archive,/tag/kristoff/,200,preserve_or_map,manual_review,/search?tag=kristoff,low,Kristoff | WAKILISHA,"Legacy tag archive needs product decision: rebuild tag pages, redirect to search, or intentional 404."
tag_archive,/tag/kuky/,200,preserve_or_map,manual_review,/search?tag=kuky,low,Kuky | WAKILISHA,"Legacy tag archive needs product decision: rebuild tag pages, redirect to search, or intentional 404."
tag_archive,/tag/kunye/,200,preserve_or_map,manual_review,/search?tag=kunye,low,Kunye | WAKILISHA,"Legacy tag archive needs product decision: rebuild tag pages, redirect to search, or intentional 404."
tag_archive,/tag/kushman/,200,preserve_or_map,manual_review,/search?tag=kushman,low,Kushman | WAKILISHA,"Legacy tag archive needs product decision: rebuild tag pages, redirect to search, or intentional 404."
tag_archive,/tag/l-a-rochelle/,200,preserve_or_map,manual_review,/search?tag=l-a-rochelle,low,L.A. Rochelle | WAKILISHA,"Legacy tag archive needs product decision: rebuild tag pages, redirect to search, or intentional 404."
tag_archive,/tag/l3gs/,200,preserve_or_map,manual_review,/search?tag=l3gs,low,L3GS | WAKILISHA,"Legacy tag archive needs product decision: rebuild tag pages, redirect to search, or intentional 404."
tag_archive,/tag/la-biennale-di-venezia/,200,preserve_or_map,manual_review,/search?tag=la-biennale-di-venezia,low,La Biennale Di Venezia | WAKILISHA,"Legacy tag archive needs product decision: rebuild tag pages, redirect to search, or intentional 404."
tag_archive,/tag/labor-of-love/,200,preserve_or_map,manual_review,/search?tag=labor-of-love,low,Labor of Love | WAKILISHA,"Legacy tag archive needs product decision: rebuild tag pages, redirect to search, or intentional 404."
tag_archive,/tag/landmarks/,200,preserve_or_map,manual_review,/search?tag=landmarks,low,Landmarks | WAKILISHA,"Legacy tag archive needs product decision: rebuild tag pages, redirect to search, or intentional 404."
tag_archive,/tag/language/,200,preserve_or_map,manual_review,/search?tag=language,low,Language | WAKILISHA,"Legacy tag archive needs product decision: rebuild tag pages, redirect to search, or intentional 404."
tag_archive,/tag/laroz/,200,preserve_or_map,manual_review,/search?tag=laroz,low,Laroz | WAKILISHA,"Legacy tag archive needs product decision: rebuild tag pages, redirect to search, or intentional 404."
tag_archive,/tag/lavosti/,200,preserve_or_map,manual_review,/search?tag=lavosti,low,Lavosti | WAKILISHA,"Legacy tag archive needs product decision: rebuild tag pages, redirect to search, or intentional 404."
tag_archive,/tag/le-guin-prize/,200,preserve_or_map,manual_review,/search?tag=le-guin-prize,low,Le Guin Prize | WAKILISHA,"Legacy tag archive needs product decision: rebuild tag pages, redirect to search, or intentional 404."
tag_archive,/tag/leilah-babirye/,200,preserve_or_map,manual_review,/search?tag=leilah-babirye,low,Leilah Babirye | WAKILISHA,"Legacy tag archive needs product decision: rebuild tag pages, redirect to search, or intentional 404."
tag_archive,/tag/leo-tolstoy/,200,preserve_or_map,manual_review,/search?tag=leo-tolstoy,low,Leo Tolstoy | WAKILISHA,"Legacy tag archive needs product decision: rebuild tag pages, redirect to search, or intentional 404."
tag_archive,/tag/let-me-you/,200,preserve_or_map,manual_review,/search?tag=let-me-you,low,let me you | WAKILISHA,"Legacy tag archive needs product decision: rebuild tag pages, redirect to search, or intentional 404."
tag_archive,/tag/lil-maina/,200,preserve_or_map,manual_review,/search?tag=lil-maina,low,Lil Maina | WAKILISHA,"Legacy tag archive needs product decision: rebuild tag pages, redirect to search, or intentional 404."
tag_archive,/tag/lilmaina/,200,preserve_or_map,manual_review,/search?tag=lilmaina,low,Lilmaina | WAKILISHA,"Legacy tag archive needs product decision: rebuild tag pages, redirect to search, or intentional 404."
tag_archive,/tag/linda-musita/,200,preserve_or_map,manual_review,/search?tag=linda-musita,low,Linda Musita | WAKILISHA,"Legacy tag archive needs product decision: rebuild tag pages, redirect to search, or intentional 404."
tag_archive,/tag/linsanity/,200,preserve_or_map,manual_review,/search?tag=linsanity,low,Linsanity | WAKILISHA,"Legacy tag archive needs product decision: rebuild tag pages, redirect to search, or intentional 404."
tag_archive,/tag/lisa-oduor-noah/,200,preserve_or_map,manual_review,/search?tag=lisa-oduor-noah,low,Lisa Oduor-Noah | WAKILISHA,"Legacy tag archive needs product decision: rebuild tag pages, redirect to search, or intentional 404."
tag_archive,/tag/live-nation/,200,preserve_or_map,manual_review,/search?tag=live-nation,low,Live Nation | WAKILISHA,"Legacy tag archive needs product decision: rebuild tag pages, redirect to search, or intentional 404."
tag_archive,/tag/logan-roy/,200,preserve_or_map,manual_review,/search?tag=logan-roy,low,Logan Roy | WAKILISHA,"Legacy tag archive needs product decision: rebuild tag pages, redirect to search, or intentional 404."
tag_archive,/tag/love-letters-3/,200,preserve_or_map,manual_review,/search?tag=love-letters-3,low,Love Letters 3 | WAKILISHA,"Legacy tag archive needs product decision: rebuild tag pages, redirect to search, or intentional 404."
tag_archive,/tag/love/,200,preserve_or_map,manual_review,/search?tag=love,low,Love | WAKILISHA,"Legacy tag archive needs product decision: rebuild tag pages, redirect to search, or intentional 404."
tag_archive,/tag/lufasa/,200,preserve_or_map,manual_review,/search?tag=lufasa,low,Lufasa | WAKILISHA,"Legacy tag archive needs product decision: rebuild tag pages, redirect to search, or intentional 404."
tag_archive,/tag/lupita-nyongo/,200,preserve_or_map,manual_review,/search?tag=lupita-nyongo,low,Lupita Nyong&#039;o | WAKILISHA,"Legacy tag archive needs product decision: rebuild tag pages, redirect to search, or intentional 404."
tag_archive,/tag/lyvid-and-sofiya-nzau/,200,preserve_or_map,manual_review,/search?tag=lyvid-and-sofiya-nzau,low,Lyvid and Sofiya Nzau | WAKILISHA,"Legacy tag archive needs product decision: rebuild tag pages, redirect to search, or intentional 404."
tag_archive,/tag/lyvid-remix-by-misumena/,200,preserve_or_map,manual_review,/search?tag=lyvid-remix-by-misumena,low,Lyvid Remix by Misumena | WAKILISHA,"Legacy tag archive needs product decision: rebuild tag pages, redirect to search, or intentional 404."
tag_archive,/tag/maandy/,200,preserve_or_map,manual_review,/search?tag=maandy,low,Maandy | WAKILISHA,"Legacy tag archive needs product decision: rebuild tag pages, redirect to search, or intentional 404."
tag_archive,/tag/maasai-market/,200,preserve_or_map,manual_review,/search?tag=maasai-market,low,Maasai Market | WAKILISHA,"Legacy tag archive needs product decision: rebuild tag pages, redirect to search, or intentional 404."
tag_archive,/tag/maasai/,200,preserve_or_map,manual_review,/search?tag=maasai,low,Maasai | WAKILISHA,"Legacy tag archive needs product decision: rebuild tag pages, redirect to search, or intentional 404."
tag_archive,/tag/machine-learning/,200,preserve_or_map,manual_review,/search?tag=machine-learning,low,Machine Learning | WAKILISHA,"Legacy tag archive needs product decision: rebuild tag pages, redirect to search, or intentional 404."
tag_archive,/tag/macondo-lit-festival/,200,preserve_or_map,manual_review,/search?tag=macondo-lit-festival,low,Macondo Lit Festival | WAKILISHA,"Legacy tag archive needs product decision: rebuild tag pages, redirect to search, or intentional 404."
tag_archive,/tag/mad-g/,200,preserve_or_map,manual_review,/search?tag=mad-g,low,Mad G | WAKILISHA,"Legacy tag archive needs product decision: rebuild tag pages, redirect to search, or intentional 404."
tag_archive,/tag/magdalene-odundo/,200,preserve_or_map,manual_review,/search?tag=magdalene-odundo,low,Magdalene Odundo | WAKILISHA,"Legacy tag archive needs product decision: rebuild tag pages, redirect to search, or intentional 404."
tag_archive,/tag/mahalia/,200,preserve_or_map,manual_review,/search?tag=mahalia,low,Mahalia | WAKILISHA,"Legacy tag archive needs product decision: rebuild tag pages, redirect to search, or intentional 404."
tag_archive,/tag/maina-murumba/,200,preserve_or_map,manual_review,/search?tag=maina-murumba,low,Maina Murumba | WAKILISHA,"Legacy tag archive needs product decision: rebuild tag pages, redirect to search, or intentional 404."
tag_archive,/tag/maji-maji/,200,preserve_or_map,manual_review,/search?tag=maji-maji,low,Maji Maji | WAKILISHA,"Legacy tag archive needs product decision: rebuild tag pages, redirect to search, or intentional 404."
tag_archive,/tag/makena-onjerika/,200,preserve_or_map,manual_review,/search?tag=makena-onjerika,low,Makena Onjerika | WAKILISHA,"Legacy tag archive needs product decision: rebuild tag pages, redirect to search, or intentional 404."
tag_archive,/tag/mali/,200,preserve_or_map,manual_review,/search?tag=mali,low,Mali | WAKILISHA,"Legacy tag archive needs product decision: rebuild tag pages, redirect to search, or intentional 404."
tag_archive,/tag/manzi-wa-kibera/,200,preserve_or_map,manual_review,/search?tag=manzi-wa-kibera,low,Manzi wa Kibera | WAKILISHA,"Legacy tag archive needs product decision: rebuild tag pages, redirect to search, or intentional 404."
tag_archive,/tag/maovete/,200,preserve_or_map,manual_review,/search?tag=maovete,low,Maovete | WAKILISHA,"Legacy tag archive needs product decision: rebuild tag pages, redirect to search, or intentional 404."
tag_archive,/tag/mapenzi-baby/,200,preserve_or_map,manual_review,/search?tag=mapenzi-baby,low,Mapenzi Baby | WAKILISHA,"Legacy tag archive needs product decision: rebuild tag pages, redirect to search, or intentional 404."
tag_archive,/tag/marijuana/,200,preserve_or_map,manual_review,/search?tag=marijuana,low,Marijuana | WAKILISHA,"Legacy tag archive needs product decision: rebuild tag pages, redirect to search, or intentional 404."
tag_archive,/tag/marjorie-oludhe-macgoye/,200,preserve_or_map,manual_review,/search?tag=marjorie-oludhe-macgoye,low,Marjorie Oludhe Macgoye | WAKILISHA,"Legacy tag archive needs product decision: rebuild tag pages, redirect to search, or intentional 404."
tag_archive,/tag/marketing/,200,preserve_or_map,manual_review,/search?tag=marketing,low,Marketing | WAKILISHA,"Legacy tag archive needs product decision: rebuild tag pages, redirect to search, or intentional 404."
tag_archive,/tag/marriage/,200,preserve_or_map,manual_review,/search?tag=marriage,low,Marriage | WAKILISHA,"Legacy tag archive needs product decision: rebuild tag pages, redirect to search, or intentional 404."
tag_archive,/tag/masauti/,200,preserve_or_map,manual_review,/search?tag=masauti,low,Masauti | WAKILISHA,"Legacy tag archive needs product decision: rebuild tag pages, redirect to search, or intentional 404."
tag_archive,/tag/mass-media/,200,preserve_or_map,manual_review,/search?tag=mass-media,low,Mass Media | WAKILISHA,"Legacy tag archive needs product decision: rebuild tag pages, redirect to search, or intentional 404."
tag_archive,/tag/mastar-vk/,200,preserve_or_map,manual_review,/search?tag=mastar-vk,low,Mastar VK | WAKILISHA,"Legacy tag archive needs product decision: rebuild tag pages, redirect to search, or intentional 404."
tag_archive,/tag/masterpiece-king/,200,preserve_or_map,manual_review,/search?tag=masterpiece-king,low,Masterpiece King | WAKILISHA,"Legacy tag archive needs product decision: rebuild tag pages, redirect to search, or intentional 404."
tag_archive,/tag/matara/,200,preserve_or_map,manual_review,/search?tag=matara,low,Matara | WAKILISHA,"Legacy tag archive needs product decision: rebuild tag pages, redirect to search, or intentional 404."
tag_archive,/tag/matata/,200,preserve_or_map,manual_review,/search?tag=matata,low,Matata | WAKILISHA,"Legacy tag archive needs product decision: rebuild tag pages, redirect to search, or intentional 404."
tag_archive,/tag/matatu-culture/,200,preserve_or_map,manual_review,/search?tag=matatu-culture,low,Matatu Culture | WAKILISHA,"Legacy tag archive needs product decision: rebuild tag pages, redirect to search, or intentional 404."
tag_archive,/tag/matt-ngesa/,200,preserve_or_map,manual_review,/search?tag=matt-ngesa,low,Matt Ngesa | WAKILISHA,"Legacy tag archive needs product decision: rebuild tag pages, redirect to search, or intentional 404."
tag_archive,/tag/mau-from-nowhere/,200,preserve_or_map,manual_review,/search?tag=mau-from-nowhere,low,mau from nowhere | WAKILISHA,"Legacy tag archive needs product decision: rebuild tag pages, redirect to search, or intentional 404."
tag_archive,/tag/mau-mau/,200,preserve_or_map,manual_review,/search?tag=mau-mau,low,Mau Mau | WAKILISHA,"Legacy tag archive needs product decision: rebuild tag pages, redirect to search, or intentional 404."
tag_archive,/tag/mauru-unit/,200,preserve_or_map,manual_review,/search?tag=mauru-unit,low,Mauru Unit | WAKILISHA,"Legacy tag archive needs product decision: rebuild tag pages, redirect to search, or intentional 404."
tag_archive,/tag/mavultures/,200,preserve_or_map,manual_review,/search?tag=mavultures,low,Mavultures | WAKILISHA,"Legacy tag archive needs product decision: rebuild tag pages, redirect to search, or intentional 404."
tag_archive,/tag/maya-amolo/,200,preserve_or_map,manual_review,/search?tag=maya-amolo,low,Maya Amolo | WAKILISHA,"Legacy tag archive needs product decision: rebuild tag pages, redirect to search, or intentional 404."
tag_archive,/tag/maybe-ii/,200,preserve_or_map,manual_review,/search?tag=maybe-ii,low,Maybe II | WAKILISHA,"Legacy tag archive needs product decision: rebuild tag pages, redirect to search, or intentional 404."
tag_archive,/tag/mayonde/,200,preserve_or_map,manual_review,/search?tag=mayonde,low,Mayonde | WAKILISHA,"Legacy tag archive needs product decision: rebuild tag pages, redirect to search, or intentional 404."
tag_archive,/tag/mbai-caves/,200,preserve_or_map,manual_review,/search?tag=mbai-caves,low,Mbai Caves | WAKILISHA,"Legacy tag archive needs product decision: rebuild tag pages, redirect to search, or intentional 404."
tag_archive,/tag/mbira/,200,preserve_or_map,manual_review,/search?tag=mbira,low,Mbira | WAKILISHA,"Legacy tag archive needs product decision: rebuild tag pages, redirect to search, or intentional 404."
tag_archive,/tag/mbithi-masya/,200,preserve_or_map,manual_review,/search?tag=mbithi-masya,low,Mbithi Masya | WAKILISHA,"Legacy tag archive needs product decision: rebuild tag pages, redirect to search, or intentional 404."
tag_archive,/tag/mbithi/,200,preserve_or_map,manual_review,/search?tag=mbithi,low,Mbithi | WAKILISHA,"Legacy tag archive needs product decision: rebuild tag pages, redirect to search, or intentional 404."
tag_archive,/tag/mbogi-genje/,200,preserve_or_map,manual_review,/search?tag=mbogi-genje,low,Mbogi Genje | WAKILISHA,"Legacy tag archive needs product decision: rebuild tag pages, redirect to search, or intentional 404."
tag_archive,/tag/mbuzi-gang/,200,preserve_or_map,manual_review,/search?tag=mbuzi-gang,low,Mbuzi Gang | WAKILISHA,"Legacy tag archive needs product decision: rebuild tag pages, redirect to search, or intentional 404."
tag_archive,/tag/mc-sharon/,200,preserve_or_map,manual_review,/search?tag=mc-sharon,low,MC Sharon | WAKILISHA,"Legacy tag archive needs product decision: rebuild tag pages, redirect to search, or intentional 404."
tag_archive,/tag/mcmillan-memorial-library/,200,preserve_or_map,manual_review,/search?tag=mcmillan-memorial-library,low,McMillan Memorial Library | WAKILISHA,"Legacy tag archive needs product decision: rebuild tag pages, redirect to search, or intentional 404."
tag_archive,/tag/mdundo/,200,preserve_or_map,manual_review,/search?tag=mdundo,low,Mdundo | WAKILISHA,"Legacy tag archive needs product decision: rebuild tag pages, redirect to search, or intentional 404."
tag_archive,/tag/meja-mwangi/,200,preserve_or_map,manual_review,/search?tag=meja-mwangi,low,Meja Mwangi | WAKILISHA,"Legacy tag archive needs product decision: rebuild tag pages, redirect to search, or intentional 404."
tag_archive,/tag/mejja/,200,preserve_or_map,manual_review,/search?tag=mejja,low,Mejja | WAKILISHA,"Legacy tag archive needs product decision: rebuild tag pages, redirect to search, or intentional 404."
tag_archive,/tag/melodica-music-store/,200,preserve_or_map,manual_review,/search?tag=melodica-music-store,low,Melodica Music Store | WAKILISHA,"Legacy tag archive needs product decision: rebuild tag pages, redirect to search, or intentional 404."
tag_archive,/tag/mental-health/,200,preserve_or_map,manual_review,/search?tag=mental-health,low,Mental Health | WAKILISHA,"Legacy tag archive needs product decision: rebuild tag pages, redirect to search, or intentional 404."
tag_archive,/tag/mercy-munyanya/,200,preserve_or_map,manual_review,/search?tag=mercy-munyanya,low,Mercy Munyanya | WAKILISHA,"Legacy tag archive needs product decision: rebuild tag pages, redirect to search, or intentional 404."
tag_archive,/tag/mex-cortez/,200,preserve_or_map,manual_review,/search?tag=mex-cortez,low,Mex Cortez | WAKILISHA,"Legacy tag archive needs product decision: rebuild tag pages, redirect to search, or intentional 404."
tag_archive,/tag/mic-cheque/,200,preserve_or_map,manual_review,/search?tag=mic-cheque,low,Mic Cheque | WAKILISHA,"Legacy tag archive needs product decision: rebuild tag pages, redirect to search, or intentional 404."
tag_archive,/tag/michael-armitage/,200,preserve_or_map,manual_review,/search?tag=michael-armitage,low,Michael Armitage | WAKILISHA,"Legacy tag archive needs product decision: rebuild tag pages, redirect to search, or intentional 404."
tag_archive,/tag/michael-soi/,200,preserve_or_map,manual_review,/search?tag=michael-soi,low,Michael Soi | WAKILISHA,"Legacy tag archive needs product decision: rebuild tag pages, redirect to search, or intentional 404."
tag_archive,/tag/mike-winkelmann/,200,preserve_or_map,manual_review,/search?tag=mike-winkelmann,low,Mike Winkelmann | WAKILISHA,"Legacy tag archive needs product decision: rebuild tag pages, redirect to search, or intentional 404."
tag_archive,/tag/mikel-the-energy/,200,preserve_or_map,manual_review,/search?tag=mikel-the-energy,low,Mikel The Energy | WAKILISHA,"Legacy tag archive needs product decision: rebuild tag pages, redirect to search, or intentional 404."
tag_archive,/tag/millenials/,200,preserve_or_map,manual_review,/search?tag=millenials,low,Millenials | WAKILISHA,"Legacy tag archive needs product decision: rebuild tag pages, redirect to search, or intentional 404."
tag_archive,/tag/mimi-mars/,200,preserve_or_map,manual_review,/search?tag=mimi-mars,low,Mimi Mars | WAKILISHA,"Legacy tag archive needs product decision: rebuild tag pages, redirect to search, or intentional 404."
tag_archive,/tag/miriam-syowia-kyambi/,200,preserve_or_map,manual_review,/search?tag=miriam-syowia-kyambi,low,Miriam Syowia Kyambi | WAKILISHA,"Legacy tag archive needs product decision: rebuild tag pages, redirect to search, or intentional 404."
tag_archive,/tag/moeazy/,200,preserve_or_map,manual_review,/search?tag=moeazy,low,Moeazy | WAKILISHA,"Legacy tag archive needs product decision: rebuild tag pages, redirect to search, or intentional 404."
tag_archive,/tag/monrovia-street/,200,preserve_or_map,manual_review,/search?tag=monrovia-street,low,Monrovia Street | WAKILISHA,"Legacy tag archive needs product decision: rebuild tag pages, redirect to search, or intentional 404."
tag_archive,/tag/monski/,200,preserve_or_map,manual_review,/search?tag=monski,low,Monski | WAKILISHA,"Legacy tag archive needs product decision: rebuild tag pages, redirect to search, or intentional 404."
tag_archive,/tag/mookh/,200,preserve_or_map,manual_review,/search?tag=mookh,low,Mookh | WAKILISHA,"Legacy tag archive needs product decision: rebuild tag pages, redirect to search, or intentional 404."
tag_archive,/tag/moores-law/,200,preserve_or_map,manual_review,/search?tag=moores-law,low,Moore&#039;s Law | WAKILISHA,"Legacy tag archive needs product decision: rebuild tag pages, redirect to search, or intentional 404."
tag_archive,/tag/mordecai-dex/,200,preserve_or_map,manual_review,/search?tag=mordecai-dex,low,Mordecai Dex | WAKILISHA,"Legacy tag archive needs product decision: rebuild tag pages, redirect to search, or intentional 404."
tag_archive,/tag/morris-kiruga/,200,preserve_or_map,manual_review,/search?tag=morris-kiruga,low,Morris Kiruga | WAKILISHA,"Legacy tag archive needs product decision: rebuild tag pages, redirect to search, or intentional 404."
tag_archive,/tag/movaz-warombosaji-nation/,200,preserve_or_map,manual_review,/search?tag=movaz-warombosaji-nation,low,Movaz Warombosaji Nation | WAKILISHA,"Legacy tag archive needs product decision: rebuild tag pages, redirect to search, or intentional 404."
tag_archive,/tag/mpizy-tycoon/,200,preserve_or_map,manual_review,/search?tag=mpizy-tycoon,low,Mpizy Tycoon | WAKILISHA,"Legacy tag archive needs product decision: rebuild tag pages, redirect to search, or intentional 404."
tag_archive,/tag/mr-lu/,200,preserve_or_map,manual_review,/search?tag=mr-lu,low,MR. LU* | WAKILISHA,"Legacy tag archive needs product decision: rebuild tag pages, redirect to search, or intentional 404."
tag_archive,/tag/mr-seed/,200,preserve_or_map,manual_review,/search?tag=mr-seed,low,Mr Seed | WAKILISHA,"Legacy tag archive needs product decision: rebuild tag pages, redirect to search, or intentional 404."
tag_archive,/tag/mr-tee/,200,preserve_or_map,manual_review,/search?tag=mr-tee,low,Mr. Tee | WAKILISHA,"Legacy tag archive needs product decision: rebuild tag pages, redirect to search, or intentional 404."
tag_archive,/tag/msale/,200,preserve_or_map,manual_review,/search?tag=msale,low,Msale | WAKILISHA,"Legacy tag archive needs product decision: rebuild tag pages, redirect to search, or intentional 404."
tag_archive,/tag/msito/,200,preserve_or_map,manual_review,/search?tag=msito,low,Msito | WAKILISHA,"Legacy tag archive needs product decision: rebuild tag pages, redirect to search, or intentional 404."
tag_archive,/tag/mtaa-yangu/,200,preserve_or_map,manual_review,/search?tag=mtaa-yangu,low,Mtaa Yangu | WAKILISHA,"Legacy tag archive needs product decision: rebuild tag pages, redirect to search, or intentional 404."
tag_archive,/tag/mtap3li/,200,preserve_or_map,manual_review,/search?tag=mtap3li,low,Mtap3li | WAKILISHA,"Legacy tag archive needs product decision: rebuild tag pages, redirect to search, or intentional 404."
tag_archive,/tag/mudra-d-viral/,200,preserve_or_map,manual_review,/search?tag=mudra-d-viral,low,Mudra D Viral | WAKILISHA,"Legacy tag archive needs product decision: rebuild tag pages, redirect to search, or intentional 404."
tag_archive,/tag/muki-rai/,200,preserve_or_map,manual_review,/search?tag=muki-rai,low,Muki Rai | WAKILISHA,"Legacy tag archive needs product decision: rebuild tag pages, redirect to search, or intentional 404."
tag_archive,/tag/mukoma-wa-ngugi/,200,preserve_or_map,manual_review,/search?tag=mukoma-wa-ngugi,low,Mukoma Wa Ngugi | WAKILISHA,"Legacy tag archive needs product decision: rebuild tag pages, redirect to search, or intentional 404."
tag_archive,/tag/muranga-county/,200,preserve_or_map,manual_review,/search?tag=muranga-county,low,Muranga County | WAKILISHA,"Legacy tag archive needs product decision: rebuild tag pages, redirect to search, or intentional 404."
tag_archive,/tag/muringi/,200,preserve_or_map,manual_review,/search?tag=muringi,low,Muringi | WAKILISHA,"Legacy tag archive needs product decision: rebuild tag pages, redirect to search, or intentional 404."
tag_archive,/tag/museum-hill-road/,200,preserve_or_map,manual_review,/search?tag=museum-hill-road,low,Museum Hill Road | WAKILISHA,"Legacy tag archive needs product decision: rebuild tag pages, redirect to search, or intentional 404."
tag_archive,/tag/music-festivals/,200,preserve_or_map,manual_review,/search?tag=music-festivals,low,Music Festivals | WAKILISHA,"Legacy tag archive needs product decision: rebuild tag pages, redirect to search, or intentional 404."
tag_archive,/tag/music-industry/,200,preserve_or_map,manual_review,/search?tag=music-industry,low,Music Industry | WAKILISHA,"Legacy tag archive needs product decision: rebuild tag pages, redirect to search, or intentional 404."
tag_archive,/tag/music-videos/,200,preserve_or_map,manual_review,/search?tag=music-videos,low,Music Videos | WAKILISHA,"Legacy tag archive needs product decision: rebuild tag pages, redirect to search, or intentional 404."
tag_archive,/tag/music/,200,preserve_or_map,manual_review,/search?tag=music,low,Music | WAKILISHA,"Legacy tag archive needs product decision: rebuild tag pages, redirect to search, or intentional 404."
tag_archive,/tag/muthaka/,200,preserve_or_map,manual_review,/search?tag=muthaka,low,Muthaka | WAKILISHA,"Legacy tag archive needs product decision: rebuild tag pages, redirect to search, or intentional 404."
tag_archive,/tag/muthoni-drummer-queen/,200,preserve_or_map,manual_review,/search?tag=muthoni-drummer-queen,low,Muthoni Drummer Queen | WAKILISHA,"Legacy tag archive needs product decision: rebuild tag pages, redirect to search, or intentional 404."
tag_archive,/tag/muthoni-garland/,200,preserve_or_map,manual_review,/search?tag=muthoni-garland,low,Muthoni Garland | WAKILISHA,"Legacy tag archive needs product decision: rebuild tag pages, redirect to search, or intentional 404."
tag_archive,/tag/muthoni-likimani/,200,preserve_or_map,manual_review,/search?tag=muthoni-likimani,low,Muthoni Likimani | WAKILISHA,"Legacy tag archive needs product decision: rebuild tag pages, redirect to search, or intentional 404."
tag_archive,/tag/mutoriah/,200,preserve_or_map,manual_review,/search?tag=mutoriah,low,Mutoriah | WAKILISHA,"Legacy tag archive needs product decision: rebuild tag pages, redirect to search, or intentional 404."
tag_archive,/tag/mutua-matheka/,200,preserve_or_map,manual_review,/search?tag=mutua-matheka,low,Mutua Matheka | WAKILISHA,"Legacy tag archive needs product decision: rebuild tag pages, redirect to search, or intentional 404."
tag_archive,/tag/muze-club/,200,preserve_or_map,manual_review,/search?tag=muze-club,low,Muze Club | WAKILISHA,"Legacy tag archive needs product decision: rebuild tag pages, redirect to search, or intentional 404."
tag_archive,/tag/mvera/,200,preserve_or_map,manual_review,/search?tag=mvera,low,Mvera | WAKILISHA,"Legacy tag archive needs product decision: rebuild tag pages, redirect to search, or intentional 404."
tag_archive,/tag/mwangi-gicheru/,200,preserve_or_map,manual_review,/search?tag=mwangi-gicheru,low,Mwangi Gicheru | WAKILISHA,"Legacy tag archive needs product decision: rebuild tag pages, redirect to search, or intentional 404."
tag_archive,/tag/mwangi-hutter/,200,preserve_or_map,manual_review,/search?tag=mwangi-hutter,low,Mwangi Hutter | WAKILISHA,"Legacy tag archive needs product decision: rebuild tag pages, redirect to search, or intentional 404."
tag_archive,/tag/mwihoko-utheri-wa-ngoro/,200,preserve_or_map,manual_review,/search?tag=mwihoko-utheri-wa-ngoro,low,Mwihoko: Utheri wa Ngoro | WAKILISHA,"Legacy tag archive needs product decision: rebuild tag pages, redirect to search, or intentional 404."
tag_archive,/tag/mwikali-and-the-forbidden-mask/,200,preserve_or_map,manual_review,/search?tag=mwikali-and-the-forbidden-mask,low,Mwikali and The Forbidden Mask | WAKILISHA,"Legacy tag archive needs product decision: rebuild tag pages, redirect to search, or intentional 404."
tag_archive,/tag/naiboi/,200,preserve_or_map,manual_review,/search?tag=naiboi,low,Naiboi | WAKILISHA,"Legacy tag archive needs product decision: rebuild tag pages, redirect to search, or intentional 404."
tag_archive,/tag/nairobi-city/,200,preserve_or_map,manual_review,/search?tag=nairobi-city,low,Nairobi City | WAKILISHA,"Legacy tag archive needs product decision: rebuild tag pages, redirect to search, or intentional 404."
tag_archive,/tag/nairobi-contemporary-art-institute/,200,preserve_or_map,manual_review,/search?tag=nairobi-contemporary-art-institute,low,Nairobi Contemporary Art Institute | WAKILISHA,"Legacy tag archive needs product decision: rebuild tag pages, redirect to search, or intentional 404."
tag_archive,/tag/nairobi-festival/,200,preserve_or_map,manual_review,/search?tag=nairobi-festival,low,Nairobi Festival | WAKILISHA,"Legacy tag archive needs product decision: rebuild tag pages, redirect to search, or intentional 404."
tag_archive,/tag/nairobi-gallery/,200,preserve_or_map,manual_review,/search?tag=nairobi-gallery,low,Nairobi Gallery | WAKILISHA,"Legacy tag archive needs product decision: rebuild tag pages, redirect to search, or intentional 404."
tag_archive,/tag/nairobi-gossip-club/,200,preserve_or_map,manual_review,/search?tag=nairobi-gossip-club,low,Nairobi Gossip Club | WAKILISHA,"Legacy tag archive needs product decision: rebuild tag pages, redirect to search, or intentional 404."
tag_archive,/tag/nairobi-international-jazz-festival/,200,preserve_or_map,manual_review,/search?tag=nairobi-international-jazz-festival,low,Nairobi International Jazz Festival | WAKILISHA,"Legacy tag archive needs product decision: rebuild tag pages, redirect to search, or intentional 404."
tag_archive,/tag/nairobi-literature-festival/,200,preserve_or_map,manual_review,/search?tag=nairobi-literature-festival,low,Nairobi Literature Festival | WAKILISHA,"Legacy tag archive needs product decision: rebuild tag pages, redirect to search, or intentional 404."
tag_archive,/tag/nairobi-litfest/,200,preserve_or_map,manual_review,/search?tag=nairobi-litfest,low,Nairobi Litfest | WAKILISHA,"Legacy tag archive needs product decision: rebuild tag pages, redirect to search, or intentional 404."
tag_archive,/tag/nairobi-national-museum/,200,preserve_or_map,manual_review,/search?tag=nairobi-national-museum,low,Nairobi National Museum | WAKILISHA,"Legacy tag archive needs product decision: rebuild tag pages, redirect to search, or intentional 404."
tag_archive,/tag/nairobi-national-park/,200,preserve_or_map,manual_review,/search?tag=nairobi-national-park,low,Nairobi National Park | WAKILISHA,"Legacy tag archive needs product decision: rebuild tag pages, redirect to search, or intentional 404."
tag_archive,/tag/nairobi/,200,preserve_or_map,manual_review,/search?tag=nairobi,low,Nairobi | WAKILISHA,"Legacy tag archive needs product decision: rebuild tag pages, redirect to search, or intentional 404."
tag_archive,/tag/nakili-sessions/,200,preserve_or_map,manual_review,/search?tag=nakili-sessions,low,Nakili Sessions | WAKILISHA,"Legacy tag archive needs product decision: rebuild tag pages, redirect to search, or intentional 404."
tag_archive,/tag/naomi-wanjiku-gakunga/,200,preserve_or_map,manual_review,/search?tag=naomi-wanjiku-gakunga,low,Naomi Wanjiku Gakunga | WAKILISHA,"Legacy tag archive needs product decision: rebuild tag pages, redirect to search, or intentional 404."
tag_archive,/tag/nasha-travis/,200,preserve_or_map,manual_review,/search?tag=nasha-travis,low,Nasha Travis | WAKILISHA,"Legacy tag archive needs product decision: rebuild tag pages, redirect to search, or intentional 404."
tag_archive,/tag/nastie-nastie/,200,preserve_or_map,manual_review,/search?tag=nastie-nastie,low,Nastie Nastie | WAKILISHA,"Legacy tag archive needs product decision: rebuild tag pages, redirect to search, or intentional 404."
tag_archive,/tag/natasha-sinayobye/,200,preserve_or_map,manual_review,/search?tag=natasha-sinayobye,low,Natasha Sinayobye | WAKILISHA,"Legacy tag archive needs product decision: rebuild tag pages, redirect to search, or intentional 404."
tag_archive,/tag/nate-speaks/,200,preserve_or_map,manual_review,/search?tag=nate-speaks,low,Nate Speaks | WAKILISHA,"Legacy tag archive needs product decision: rebuild tag pages, redirect to search, or intentional 404."
tag_archive,/tag/national-cohesion-and-integration-commission/,200,preserve_or_map,manual_review,/search?tag=national-cohesion-and-integration-commission,low,National Cohesion and Integration Commission | WAKILISHA,"Legacy tag archive needs product decision: rebuild tag pages, redirect to search, or intentional 404."
tag_archive,/tag/national-museum-of-kenya/,200,preserve_or_map,manual_review,/search?tag=national-museum-of-kenya,low,National Museum of Kenya | WAKILISHA,"Legacy tag archive needs product decision: rebuild tag pages, redirect to search, or intentional 404."
tag_archive,/tag/natty/,200,preserve_or_map,manual_review,/search?tag=natty,low,Natty | WAKILISHA,"Legacy tag archive needs product decision: rebuild tag pages, redirect to search, or intentional 404."
tag_archive,/tag/nature/,200,preserve_or_map,manual_review,/search?tag=nature,low,Nature | WAKILISHA,"Legacy tag archive needs product decision: rebuild tag pages, redirect to search, or intentional 404."
tag_archive,/tag/ndarlin-p/,200,preserve_or_map,manual_review,/search?tag=ndarlin-p,low,Ndarlin P | WAKILISHA,"Legacy tag archive needs product decision: rebuild tag pages, redirect to search, or intentional 404."
tag_archive,/tag/ndovu-kuu/,200,preserve_or_map,manual_review,/search?tag=ndovu-kuu,low,Ndovu Kuu | WAKILISHA,"Legacy tag archive needs product decision: rebuild tag pages, redirect to search, or intentional 404."
tag_archive,/tag/nebulazz/,200,preserve_or_map,manual_review,/search?tag=nebulazz,low,Nebulazz | WAKILISHA,"Legacy tag archive needs product decision: rebuild tag pages, redirect to search, or intentional 404."
tag_archive,/tag/nes-mburu/,200,preserve_or_map,manual_review,/search?tag=nes-mburu,low,Nes Mburu | WAKILISHA,"Legacy tag archive needs product decision: rebuild tag pages, redirect to search, or intentional 404."
tag_archive,/tag/nestle/,200,preserve_or_map,manual_review,/search?tag=nestle,low,Nestle | WAKILISHA,"Legacy tag archive needs product decision: rebuild tag pages, redirect to search, or intentional 404."
tag_archive,/tag/netflix/,200,preserve_or_map,manual_review,/search?tag=netflix,low,Netflix | WAKILISHA,"Legacy tag archive needs product decision: rebuild tag pages, redirect to search, or intentional 404."
tag_archive,/tag/nfts/,200,preserve_or_map,manual_review,/search?tag=nfts,low,NFTs | WAKILISHA,"Legacy tag archive needs product decision: rebuild tag pages, redirect to search, or intentional 404."
tag_archive,/tag/ngara/,200,preserve_or_map,manual_review,/search?tag=ngara,low,Ngara | WAKILISHA,"Legacy tag archive needs product decision: rebuild tag pages, redirect to search, or intentional 404."
tag_archive,/tag/ngorongoro-conservation-area/,200,preserve_or_map,manual_review,/search?tag=ngorongoro-conservation-area,low,Ngorongoro Conservation Area | WAKILISHA,"Legacy tag archive needs product decision: rebuild tag pages, redirect to search, or intentional 404."
tag_archive,/tag/ngugi-wa-thiongo/,200,preserve_or_map,manual_review,/search?tag=ngugi-wa-thiongo,low,Ngugi Wa Thiong&#039;o | WAKILISHA,"Legacy tag archive needs product decision: rebuild tag pages, redirect to search, or intentional 404."
tag_archive,/tag/nick-mutuma/,200,preserve_or_map,manual_review,/search?tag=nick-mutuma,low,Nick Mutuma | WAKILISHA,"Legacy tag archive needs product decision: rebuild tag pages, redirect to search, or intentional 404."
tag_archive,/tag/nikita-kering/,200,preserve_or_map,manual_review,/search?tag=nikita-kering,low,Nikita Kering&#039; | WAKILISHA,"Legacy tag archive needs product decision: rebuild tag pages, redirect to search, or intentional 404."
tag_archive,/tag/njerae/,200,preserve_or_map,manual_review,/search?tag=njerae,low,Njerae | WAKILISHA,"Legacy tag archive needs product decision: rebuild tag pages, redirect to search, or intentional 404."
tag_archive,/tag/njiru/,200,preserve_or_map,manual_review,/search?tag=njiru,low,N&#039;Jiru | WAKILISHA,"Legacy tag archive needs product decision: rebuild tag pages, redirect to search, or intentional 404."
tag_archive,/tag/njoki-karu/,200,preserve_or_map,manual_review,/search?tag=njoki-karu,low,Njoki Karu | WAKILISHA,"Legacy tag archive needs product decision: rebuild tag pages, redirect to search, or intentional 404."
tag_archive,/tag/njoro-wa-uba/,200,preserve_or_map,manual_review,/search?tag=njoro-wa-uba,low,Njoro wa Uba | WAKILISHA,"Legacy tag archive needs product decision: rebuild tag pages, redirect to search, or intentional 404."
tag_archive,/tag/njugush/,200,preserve_or_map,manual_review,/search?tag=njugush,low,Njugush | WAKILISHA,"Legacy tag archive needs product decision: rebuild tag pages, redirect to search, or intentional 404."
tag_archive,/tag/noname-book-club/,200,preserve_or_map,manual_review,/search?tag=noname-book-club,low,Noname Book Club | WAKILISHA,"Legacy tag archive needs product decision: rebuild tag pages, redirect to search, or intentional 404."
tag_archive,/tag/nonini/,200,preserve_or_map,manual_review,/search?tag=nonini,low,Nonini | WAKILISHA,"Legacy tag archive needs product decision: rebuild tag pages, redirect to search, or intentional 404."
tag_archive,/tag/noumoucounda-cissoko/,200,preserve_or_map,manual_review,/search?tag=noumoucounda-cissoko,low,Noumoucounda Cissoko | WAKILISHA,"Legacy tag archive needs product decision: rebuild tag pages, redirect to search, or intentional 404."
tag_archive,/tag/nviiri-the-storyteller/,200,preserve_or_map,manual_review,/search?tag=nviiri-the-storyteller,low,Nviiri The Storyteller | WAKILISHA,"Legacy tag archive needs product decision: rebuild tag pages, redirect to search, or intentional 404."
tag_archive,/tag/nviiri/,200,preserve_or_map,manual_review,/search?tag=nviiri,low,Nviiri | WAKILISHA,"Legacy tag archive needs product decision: rebuild tag pages, redirect to search, or intentional 404."
tag_archive,/tag/nyashinski/,200,preserve_or_map,manual_review,/search?tag=nyashinski,low,Nyashinski | WAKILISHA,"Legacy tag archive needs product decision: rebuild tag pages, redirect to search, or intentional 404."
tag_archive,/tag/nyawira-alison/,200,preserve_or_map,manual_review,/search?tag=nyawira-alison,low,Nyawira Alison | WAKILISHA,"Legacy tag archive needs product decision: rebuild tag pages, redirect to search, or intentional 404."
tag_archive,/tag/nyege-nyege-festival/,200,preserve_or_map,manual_review,/search?tag=nyege-nyege-festival,low,Nyege Nyege Festival | WAKILISHA,"Legacy tag archive needs product decision: rebuild tag pages, redirect to search, or intentional 404."
tag_archive,/tag/nyrobi-book-fest/,200,preserve_or_map,manual_review,/search?tag=nyrobi-book-fest,low,NYrobi Book Fest | WAKILISHA,"Legacy tag archive needs product decision: rebuild tag pages, redirect to search, or intentional 404."
tag_archive,/tag/ochungulo-family/,200,preserve_or_map,manual_review,/search?tag=ochungulo-family,low,Ochungulo Family | WAKILISHA,"Legacy tag archive needs product decision: rebuild tag pages, redirect to search, or intentional 404."
tag_archive,/tag/octopizzo/,200,preserve_or_map,manual_review,/search?tag=octopizzo,low,Octopizzo | WAKILISHA,"Legacy tag archive needs product decision: rebuild tag pages, redirect to search, or intentional 404."
tag_archive,/tag/odi-wa-muranga/,200,preserve_or_map,manual_review,/search?tag=odi-wa-muranga,low,Odi wa Muranga | WAKILISHA,"Legacy tag archive needs product decision: rebuild tag pages, redirect to search, or intentional 404."
tag_archive,/tag/ogopa-deejays/,200,preserve_or_map,manual_review,/search?tag=ogopa-deejays,low,Ogopa Deejays | WAKILISHA,"Legacy tag archive needs product decision: rebuild tag pages, redirect to search, or intentional 404."
tag_archive,/tag/ogopa-djs/,200,preserve_or_map,manual_review,/search?tag=ogopa-djs,low,Ogopa DJs | WAKILISHA,"Legacy tag archive needs product decision: rebuild tag pages, redirect to search, or intentional 404."
tag_archive,/tag/okello-max/,200,preserve_or_map,manual_review,/search?tag=okello-max,low,Okello Max | WAKILISHA,"Legacy tag archive needs product decision: rebuild tag pages, redirect to search, or intentional 404."
tag_archive,/tag/okwiri-oduor/,200,preserve_or_map,manual_review,/search?tag=okwiri-oduor,low,Okwiri Oduor | WAKILISHA,"Legacy tag archive needs product decision: rebuild tag pages, redirect to search, or intentional 404."
tag_archive,/tag/olorgesailie/,200,preserve_or_map,manual_review,/search?tag=olorgesailie,low,Olorgesailie | WAKILISHA,"Legacy tag archive needs product decision: rebuild tag pages, redirect to search, or intentional 404."
tag_archive,/tag/omega-mighty/,200,preserve_or_map,manual_review,/search?tag=omega-mighty,low,Omega Mighty | WAKILISHA,"Legacy tag archive needs product decision: rebuild tag pages, redirect to search, or intentional 404."
tag_archive,/tag/online-gossip/,200,preserve_or_map,manual_review,/search?tag=online-gossip,low,Online Gossip | WAKILISHA,"Legacy tag archive needs product decision: rebuild tag pages, redirect to search, or intentional 404."
tag_archive,/tag/osborne-macharia/,200,preserve_or_map,manual_review,/search?tag=osborne-macharia,low,Osborne Macharia | WAKILISHA,"Legacy tag archive needs product decision: rebuild tag pages, redirect to search, or intentional 404."
tag_archive,/tag/otile-brown/,200,preserve_or_map,manual_review,/search?tag=otile-brown,low,Otile Brown | WAKILISHA,"Legacy tag archive needs product decision: rebuild tag pages, redirect to search, or intentional 404."
tag_archive,/tag/ousmane-sembene/,200,preserve_or_map,manual_review,/search?tag=ousmane-sembene,low,Ousmane Sembene | WAKILISHA,"Legacy tag archive needs product decision: rebuild tag pages, redirect to search, or intentional 404."
tag_archive,/tag/out-with-the-old/,200,preserve_or_map,manual_review,/search?tag=out-with-the-old,low,Out With the Old | WAKILISHA,"Legacy tag archive needs product decision: rebuild tag pages, redirect to search, or intentional 404."
tag_archive,/tag/overthinking/,200,preserve_or_map,manual_review,/search?tag=overthinking,low,Overthinking | WAKILISHA,"Legacy tag archive needs product decision: rebuild tag pages, redirect to search, or intentional 404."
tag_archive,/tag/paa-born-to-fly/,200,preserve_or_map,manual_review,/search?tag=paa-born-to-fly,low,PAA - Born to Fly | WAKILISHA,"Legacy tag archive needs product decision: rebuild tag pages, redirect to search, or intentional 404."
tag_archive,/tag/papa-nyosto/,200,preserve_or_map,manual_review,/search?tag=papa-nyosto,low,Papa Nyosto | WAKILISHA,"Legacy tag archive needs product decision: rebuild tag pages, redirect to search, or intentional 404."
tag_archive,/tag/pasibo-maru/,200,preserve_or_map,manual_review,/search?tag=pasibo-maru,low,Pasibo Maru | WAKILISHA,"Legacy tag archive needs product decision: rebuild tag pages, redirect to search, or intentional 404."
tag_archive,/tag/patonee/,200,preserve_or_map,manual_review,/search?tag=patonee,low,Patonee | WAKILISHA,"Legacy tag archive needs product decision: rebuild tag pages, redirect to search, or intentional 404."
tag_archive,/tag/paul-onditi/,200,preserve_or_map,manual_review,/search?tag=paul-onditi,low,Paul Onditi | WAKILISHA,"Legacy tag archive needs product decision: rebuild tag pages, redirect to search, or intentional 404."
tag_archive,/tag/pawa254/,200,preserve_or_map,manual_review,/search?tag=pawa254,low,Pawa254 | WAKILISHA,"Legacy tag archive needs product decision: rebuild tag pages, redirect to search, or intentional 404."
tag_archive,/tag/pepeta/,200,preserve_or_map,manual_review,/search?tag=pepeta,low,Pepeta | WAKILISHA,"Legacy tag archive needs product decision: rebuild tag pages, redirect to search, or intentional 404."
tag_archive,/tag/peter-ngila-njeri/,200,preserve_or_map,manual_review,/search?tag=peter-ngila-njeri,low,Peter Ngila Njeri | WAKILISHA,"Legacy tag archive needs product decision: rebuild tag pages, redirect to search, or intentional 404."
tag_archive,/tag/peterson-kamwathi/,200,preserve_or_map,manual_review,/search?tag=peterson-kamwathi,low,Peterson Kamwathi | WAKILISHA,"Legacy tag archive needs product decision: rebuild tag pages, redirect to search, or intentional 404."
tag_archive,/tag/photoshop/,200,preserve_or_map,manual_review,/search?tag=photoshop,low,Photoshop | WAKILISHA,"Legacy tag archive needs product decision: rebuild tag pages, redirect to search, or intentional 404."
tag_archive,/tag/phy/,200,preserve_or_map,manual_review,/search?tag=phy,low,PHY | WAKILISHA,"Legacy tag archive needs product decision: rebuild tag pages, redirect to search, or intentional 404."
tag_archive,/tag/pino/,200,preserve_or_map,manual_review,/search?tag=pino,low,Pino | WAKILISHA,"Legacy tag archive needs product decision: rebuild tag pages, redirect to search, or intentional 404."
tag_archive,/tag/plan-b/,200,preserve_or_map,manual_review,/search?tag=plan-b,low,Plan B | WAKILISHA,"Legacy tag archive needs product decision: rebuild tag pages, redirect to search, or intentional 404."
tag_archive,/tag/plato/,200,preserve_or_map,manual_review,/search?tag=plato,low,Plato | WAKILISHA,"Legacy tag archive needs product decision: rebuild tag pages, redirect to search, or intentional 404."
tag_archive,/tag/playlists/,200,preserve_or_map,manual_review,/search?tag=playlists,low,Playlists | WAKILISHA,"Legacy tag archive needs product decision: rebuild tag pages, redirect to search, or intentional 404."
tag_archive,/tag/poetry-slam-africa-festival/,200,preserve_or_map,manual_review,/search?tag=poetry-slam-africa-festival,low,Poetry Slam Africa Festival | WAKILISHA,"Legacy tag archive needs product decision: rebuild tag pages, redirect to search, or intentional 404."
tag_archive,/tag/polaris-pauline/,200,preserve_or_map,manual_review,/search?tag=polaris-pauline,low,Polaris Pauline | WAKILISHA,"Legacy tag archive needs product decision: rebuild tag pages, redirect to search, or intentional 404."
tag_archive,/tag/polaris/,200,preserve_or_map,manual_review,/search?tag=polaris,low,Polaris | WAKILISHA,"Legacy tag archive needs product decision: rebuild tag pages, redirect to search, or intentional 404."
tag_archive,/tag/polio/,200,preserve_or_map,manual_review,/search?tag=polio,low,Polio | WAKILISHA,"Legacy tag archive needs product decision: rebuild tag pages, redirect to search, or intentional 404."
tag_archive,/tag/politics/,200,preserve_or_map,manual_review,/search?tag=politics,low,Politics | WAKILISHA,"Legacy tag archive needs product decision: rebuild tag pages, redirect to search, or intentional 404."
tag_archive,/tag/polycarp-otieno/,200,preserve_or_map,manual_review,/search?tag=polycarp-otieno,low,Polycarp Otieno | WAKILISHA,"Legacy tag archive needs product decision: rebuild tag pages, redirect to search, or intentional 404."
tag_archive,/tag/prayer-for-the-departed/,200,preserve_or_map,manual_review,/search?tag=prayer-for-the-departed,low,Prayer For The Departed | WAKILISHA,"Legacy tag archive needs product decision: rebuild tag pages, redirect to search, or intentional 404."
tag_archive,/tag/prezzo/,200,preserve_or_map,manual_review,/search?tag=prezzo,low,Prezzo | WAKILISHA,"Legacy tag archive needs product decision: rebuild tag pages, redirect to search, or intentional 404."
tag_archive,/tag/procreate/,200,preserve_or_map,manual_review,/search?tag=procreate,low,Procreate | WAKILISHA,"Legacy tag archive needs product decision: rebuild tag pages, redirect to search, or intentional 404."
tag_archive,/tag/productivity/,200,preserve_or_map,manual_review,/search?tag=productivity,low,Productivity | WAKILISHA,"Legacy tag archive needs product decision: rebuild tag pages, redirect to search, or intentional 404."
tag_archive,/tag/promoting-music/,200,preserve_or_map,manual_review,/search?tag=promoting-music,low,Promoting Music | WAKILISHA,"Legacy tag archive needs product decision: rebuild tag pages, redirect to search, or intentional 404."
tag_archive,/tag/propaganda/,200,preserve_or_map,manual_review,/search?tag=propaganda,low,Propaganda | WAKILISHA,"Legacy tag archive needs product decision: rebuild tag pages, redirect to search, or intentional 404."
tag_archive,/tag/protest-movements/,200,preserve_or_map,manual_review,/search?tag=protest-movements,low,Protest Movements | WAKILISHA,"Legacy tag archive needs product decision: rebuild tag pages, redirect to search, or intentional 404."
tag_archive,/tag/q-family/,200,preserve_or_map,manual_review,/search?tag=q-family,low,Q Family | WAKILISHA,"Legacy tag archive needs product decision: rebuild tag pages, redirect to search, or intentional 404."
tag_archive,/tag/q-ta-c/,200,preserve_or_map,manual_review,/search?tag=q-ta-c,low,Q-ta-C | WAKILISHA,"Legacy tag archive needs product decision: rebuild tag pages, redirect to search, or intentional 404."
tag_archive,/tag/queen-jane/,200,preserve_or_map,manual_review,/search?tag=queen-jane,low,Queen Jane | WAKILISHA,"Legacy tag archive needs product decision: rebuild tag pages, redirect to search, or intentional 404."
tag_archive,/tag/radio-254/,200,preserve_or_map,manual_review,/search?tag=radio-254,low,Radio 254 | WAKILISHA,"Legacy tag archive needs product decision: rebuild tag pages, redirect to search, or intentional 404."
tag_archive,/tag/rahmu/,200,preserve_or_map,manual_review,/search?tag=rahmu,low,Rahmu | WAKILISHA,"Legacy tag archive needs product decision: rebuild tag pages, redirect to search, or intentional 404."
tag_archive,/tag/raila-amolo-odinga/,200,preserve_or_map,manual_review,/search?tag=raila-amolo-odinga,low,Raila Amolo Odinga | WAKILISHA,"Legacy tag archive needs product decision: rebuild tag pages, redirect to search, or intentional 404."
tag_archive,/tag/ranzscooby/,200,preserve_or_map,manual_review,/search?tag=ranzscooby,low,RanzScooby | WAKILISHA,"Legacy tag archive needs product decision: rebuild tag pages, redirect to search, or intentional 404."
tag_archive,/tag/rapdokta/,200,preserve_or_map,manual_review,/search?tag=rapdokta,low,Rapdokta | WAKILISHA,"Legacy tag archive needs product decision: rebuild tag pages, redirect to search, or intentional 404."
tag_archive,/tag/rb/,200,preserve_or_map,manual_review,/search?tag=rb,low,R&amp;B | WAKILISHA,"Legacy tag archive needs product decision: rebuild tag pages, redirect to search, or intentional 404."
tag_archive,/tag/rejectfinancebill2024/,200,preserve_or_map,manual_review,/search?tag=rejectfinancebill2024,low,#RejectFinanceBill2024 | WAKILISHA,"Legacy tag archive needs product decision: rebuild tag pages, redirect to search, or intentional 404."
tag_archive,/tag/rekles/,200,preserve_or_map,manual_review,/search?tag=rekles,low,Rekles | WAKILISHA,"Legacy tag archive needs product decision: rebuild tag pages, redirect to search, or intentional 404."
tag_archive,/tag/rema/,200,preserve_or_map,manual_review,/search?tag=rema,low,Rema | WAKILISHA,"Legacy tag archive needs product decision: rebuild tag pages, redirect to search, or intentional 404."
tag_archive,/tag/remote-working/,200,preserve_or_map,manual_review,/search?tag=remote-working,low,Remote Working | WAKILISHA,"Legacy tag archive needs product decision: rebuild tag pages, redirect to search, or intentional 404."
tag_archive,/tag/remy-ngamije/,200,preserve_or_map,manual_review,/search?tag=remy-ngamije,low,Remy Ngamije | WAKILISHA,"Legacy tag archive needs product decision: rebuild tag pages, redirect to search, or intentional 404."
tag_archive,/tag/rico-gang/,200,preserve_or_map,manual_review,/search?tag=rico-gang,low,Rico Gang | WAKILISHA,"Legacy tag archive needs product decision: rebuild tag pages, redirect to search, or intentional 404."
tag_archive,/tag/rpg-bazu/,200,preserve_or_map,manual_review,/search?tag=rpg-bazu,low,Rpg Bazu | WAKILISHA,"Legacy tag archive needs product decision: rebuild tag pages, redirect to search, or intentional 404."
tag_archive,/tag/rush-arts-gallery/,200,preserve_or_map,manual_review,/search?tag=rush-arts-gallery,low,Rush Arts Gallery | WAKILISHA,"Legacy tag archive needs product decision: rebuild tag pages, redirect to search, or intentional 404."
tag_archive,/tag/ruto-must-go/,200,preserve_or_map,manual_review,/search?tag=ruto-must-go,low,Ruto Must Go | WAKILISHA,"Legacy tag archive needs product decision: rebuild tag pages, redirect to search, or intentional 404."
tag_archive,/tag/ruyonga/,200,preserve_or_map,manual_review,/search?tag=ruyonga,low,Ruyonga | WAKILISHA,"Legacy tag archive needs product decision: rebuild tag pages, redirect to search, or intentional 404."
tag_archive,/tag/rwanda/,200,preserve_or_map,manual_review,/search?tag=rwanda,low,Rwanda | WAKILISHA,"Legacy tag archive needs product decision: rebuild tag pages, redirect to search, or intentional 404."
tag_archive,/tag/sabi-wu/,200,preserve_or_map,manual_review,/search?tag=sabi-wu,low,Sabi Wu | WAKILISHA,"Legacy tag archive needs product decision: rebuild tag pages, redirect to search, or intentional 404."
tag_archive,/tag/sailors-gang/,200,preserve_or_map,manual_review,/search?tag=sailors-gang,low,Sailors Gang | WAKILISHA,"Legacy tag archive needs product decision: rebuild tag pages, redirect to search, or intentional 404."
tag_archive,/tag/saint-evo/,200,preserve_or_map,manual_review,/search?tag=saint-evo,low,Saint Evo | WAKILISHA,"Legacy tag archive needs product decision: rebuild tag pages, redirect to search, or intentional 404."
tag_archive,/tag/salem/,200,preserve_or_map,manual_review,/search?tag=salem,low,Salem | WAKILISHA,"Legacy tag archive needs product decision: rebuild tag pages, redirect to search, or intentional 404."
tag_archive,/tag/samidoh/,200,preserve_or_map,manual_review,/search?tag=samidoh,low,Samidoh | WAKILISHA,"Legacy tag archive needs product decision: rebuild tag pages, redirect to search, or intentional 404."
tag_archive,/tag/sanaipei-tande/,200,preserve_or_map,manual_review,/search?tag=sanaipei-tande,low,Sanaipei Tande | WAKILISHA,"Legacy tag archive needs product decision: rebuild tag pages, redirect to search, or intentional 404."
tag_archive,/tag/santuri-east-africa/,200,preserve_or_map,manual_review,/search?tag=santuri-east-africa,low,Santuri East Africa | WAKILISHA,"Legacy tag archive needs product decision: rebuild tag pages, redirect to search, or intentional 404."
tag_archive,/tag/sarabi-band/,200,preserve_or_map,manual_review,/search?tag=sarabi-band,low,Sarabi Band | WAKILISHA,"Legacy tag archive needs product decision: rebuild tag pages, redirect to search, or intentional 404."
tag_archive,/tag/sarah-hassan/,200,preserve_or_map,manual_review,/search?tag=sarah-hassan,low,Sarah Hassan | WAKILISHA,"Legacy tag archive needs product decision: rebuild tag pages, redirect to search, or intentional 404."
tag_archive,/tag/sarakasi-dome/,200,preserve_or_map,manual_review,/search?tag=sarakasi-dome,low,Sarakasi Dome | WAKILISHA,"Legacy tag archive needs product decision: rebuild tag pages, redirect to search, or intentional 404."
tag_archive,/tag/sarakasi-za-siasa/,200,preserve_or_map,manual_review,/search?tag=sarakasi-za-siasa,low,Sarakasi za Siasa | WAKILISHA,"Legacy tag archive needs product decision: rebuild tag pages, redirect to search, or intentional 404."
tag_archive,/tag/sauti-sol/,200,preserve_or_map,manual_review,/search?tag=sauti-sol,low,Sauti Sol | WAKILISHA,"Legacy tag archive needs product decision: rebuild tag pages, redirect to search, or intentional 404."
tag_archive,/tag/sauti-za-busara-festival/,200,preserve_or_map,manual_review,/search?tag=sauti-za-busara-festival,low,Sauti za Busara Festival | WAKILISHA,"Legacy tag archive needs product decision: rebuild tag pages, redirect to search, or intentional 404."
tag_archive,/tag/savara/,200,preserve_or_map,manual_review,/search?tag=savara,low,Savara | WAKILISHA,"Legacy tag archive needs product decision: rebuild tag pages, redirect to search, or intentional 404."
tag_archive,/tag/savinnah/,200,preserve_or_map,manual_review,/search?tag=savinnah,low,Savinnah | WAKILISHA,"Legacy tag archive needs product decision: rebuild tag pages, redirect to search, or intentional 404."
tag_archive,/tag/scar-mkadinali/,200,preserve_or_map,manual_review,/search?tag=scar-mkadinali,low,Scar Mkadinali | WAKILISHA,"Legacy tag archive needs product decision: rebuild tag pages, redirect to search, or intentional 404."
tag_archive,/tag/serro/,200,preserve_or_map,manual_review,/search?tag=serro,low,SERRO | WAKILISHA,"Legacy tag archive needs product decision: rebuild tag pages, redirect to search, or intentional 404."
tag_archive,/tag/seska/,200,preserve_or_map,manual_review,/search?tag=seska,low,Seska | WAKILISHA,"Legacy tag archive needs product decision: rebuild tag pages, redirect to search, or intentional 404."
tag_archive,/tag/sewersydaa/,200,preserve_or_map,manual_review,/search?tag=sewersydaa,low,Sewersydaa | WAKILISHA,"Legacy tag archive needs product decision: rebuild tag pages, redirect to search, or intentional 404."
tag_archive,/tag/shaevy-and-slice/,200,preserve_or_map,manual_review,/search?tag=shaevy-and-slice,low,Shaevy and Slice | WAKILISHA,"Legacy tag archive needs product decision: rebuild tag pages, redirect to search, or intentional 404."
tag_archive,/tag/shan/,200,preserve_or_map,manual_review,/search?tag=shan,low,Shan | WAKILISHA,"Legacy tag archive needs product decision: rebuild tag pages, redirect to search, or intentional 404."
tag_archive,/tag/shanariha-evans/,200,preserve_or_map,manual_review,/search?tag=shanariha-evans,low,Shanariha Evans | WAKILISHA,"Legacy tag archive needs product decision: rebuild tag pages, redirect to search, or intentional 404."
tag_archive,/tag/shanty-bobo/,200,preserve_or_map,manual_review,/search?tag=shanty-bobo,low,Shanty Bobo | WAKILISHA,"Legacy tag archive needs product decision: rebuild tag pages, redirect to search, or intentional 404."
tag_archive,/tag/shanty-flames/,200,preserve_or_map,manual_review,/search?tag=shanty-flames,low,Shanty Flames | WAKILISHA,"Legacy tag archive needs product decision: rebuild tag pages, redirect to search, or intentional 404."
tag_archive,/tag/shappaman/,200,preserve_or_map,manual_review,/search?tag=shappaman,low,Shappaman | WAKILISHA,"Legacy tag archive needs product decision: rebuild tag pages, redirect to search, or intentional 404."
tag_archive,/tag/shekina-karen/,200,preserve_or_map,manual_review,/search?tag=shekina-karen,low,Shekina Karen | WAKILISHA,"Legacy tag archive needs product decision: rebuild tag pages, redirect to search, or intentional 404."
tag_archive,/tag/shekinah-karen/,200,preserve_or_map,manual_review,/search?tag=shekinah-karen,low,Shekinah Karen | WAKILISHA,"Legacy tag archive needs product decision: rebuild tag pages, redirect to search, or intentional 404."
tag_archive,/tag/shingai-njeri/,200,preserve_or_map,manual_review,/search?tag=shingai-njeri,low,Shingai Njeri | WAKILISHA,"Legacy tag archive needs product decision: rebuild tag pages, redirect to search, or intentional 404."
tag_archive,/tag/shourtie/,200,preserve_or_map,manual_review,/search?tag=shourtie,low,Shourtie | WAKILISHA,"Legacy tag archive needs product decision: rebuild tag pages, redirect to search, or intentional 404."
tag_archive,/tag/showmax/,200,preserve_or_map,manual_review,/search?tag=showmax,low,Showmax | WAKILISHA,"Legacy tag archive needs product decision: rebuild tag pages, redirect to search, or intentional 404."
tag_archive,/tag/shrubbing/,200,preserve_or_map,manual_review,/search?tag=shrubbing,low,Shrubbing | WAKILISHA,"Legacy tag archive needs product decision: rebuild tag pages, redirect to search, or intentional 404."
tag_archive,/tag/shugha-rhee/,200,preserve_or_map,manual_review,/search?tag=shugha-rhee,low,Shugha Rhee | WAKILISHA,"Legacy tag archive needs product decision: rebuild tag pages, redirect to search, or intentional 404."
tag_archive,/tag/silas-jay/,200,preserve_or_map,manual_review,/search?tag=silas-jay,low,Silas Jay | WAKILISHA,"Legacy tag archive needs product decision: rebuild tag pages, redirect to search, or intentional 404."
tag_archive,/tag/silverstone-bars/,200,preserve_or_map,manual_review,/search?tag=silverstone-bars,low,Silverstone Bars | WAKILISHA,"Legacy tag archive needs product decision: rebuild tag pages, redirect to search, or intentional 404."
tag_archive,/tag/simiyu-barasa/,200,preserve_or_map,manual_review,/search?tag=simiyu-barasa,low,Simiyu Barasa | WAKILISHA,"Legacy tag archive needs product decision: rebuild tag pages, redirect to search, or intentional 404."
tag_archive,/tag/single-kiasi/,200,preserve_or_map,manual_review,/search?tag=single-kiasi,low,Single Kiasi | WAKILISHA,"Legacy tag archive needs product decision: rebuild tag pages, redirect to search, or intentional 404."
tag_archive,/tag/sir-bwoy/,200,preserve_or_map,manual_review,/search?tag=sir-bwoy,low,Sir Bwoy | WAKILISHA,"Legacy tag archive needs product decision: rebuild tag pages, redirect to search, or intentional 404."
tag_archive,/tag/skillo/,200,preserve_or_map,manual_review,/search?tag=skillo,low,Skillo | WAKILISHA,"Legacy tag archive needs product decision: rebuild tag pages, redirect to search, or intentional 404."
tag_archive,/tag/slavery/,200,preserve_or_map,manual_review,/search?tag=slavery,low,Slavery | WAKILISHA,"Legacy tag archive needs product decision: rebuild tag pages, redirect to search, or intentional 404."
tag_archive,/tag/slimflows/,200,preserve_or_map,manual_review,/search?tag=slimflows,low,Slimflows | WAKILISHA,"Legacy tag archive needs product decision: rebuild tag pages, redirect to search, or intentional 404."
tag_archive,/tag/smady-tings/,200,preserve_or_map,manual_review,/search?tag=smady-tings,low,Smady Tings | WAKILISHA,"Legacy tag archive needs product decision: rebuild tag pages, redirect to search, or intentional 404."
tag_archive,/tag/smart-speakers/,200,preserve_or_map,manual_review,/search?tag=smart-speakers,low,Smart Speakers | WAKILISHA,"Legacy tag archive needs product decision: rebuild tag pages, redirect to search, or intentional 404."
tag_archive,/tag/smokilah/,200,preserve_or_map,manual_review,/search?tag=smokilah,low,Smokilah | WAKILISHA,"Legacy tag archive needs product decision: rebuild tag pages, redirect to search, or intentional 404."
tag_archive,/tag/snap/,200,preserve_or_map,manual_review,/search?tag=snap,low,Snap | WAKILISHA,"Legacy tag archive needs product decision: rebuild tag pages, redirect to search, or intentional 404."
tag_archive,/tag/snapchat/,200,preserve_or_map,manual_review,/search?tag=snapchat,low,Snapchat | WAKILISHA,"Legacy tag archive needs product decision: rebuild tag pages, redirect to search, or intentional 404."
tag_archive,/tag/social-media/,200,preserve_or_map,manual_review,/search?tag=social-media,low,Social Media | WAKILISHA,"Legacy tag archive needs product decision: rebuild tag pages, redirect to search, or intentional 404."
tag_archive,/tag/sofiya-nzau/,200,preserve_or_map,manual_review,/search?tag=sofiya-nzau,low,Sofiya Nzau | WAKILISHA,"Legacy tag archive needs product decision: rebuild tag pages, redirect to search, or intentional 404."
tag_archive,/tag/soma-nami-pan-african-book-fair/,200,preserve_or_map,manual_review,/search?tag=soma-nami-pan-african-book-fair,low,Soma Nami Pan-African Book Fair | WAKILISHA,"Legacy tag archive needs product decision: rebuild tag pages, redirect to search, or intentional 404."
tag_archive,/tag/some-fine-day-pix/,200,preserve_or_map,manual_review,/search?tag=some-fine-day-pix,low,SOME FINE DAY Pix | WAKILISHA,"Legacy tag archive needs product decision: rebuild tag pages, redirect to search, or intentional 404."
tag_archive,/tag/son-of-a-woman/,200,preserve_or_map,manual_review,/search?tag=son-of-a-woman,low,Son Of A Woman | WAKILISHA,"Legacy tag archive needs product decision: rebuild tag pages, redirect to search, or intentional 404."
tag_archive,/tag/sony-music-entertainment/,200,preserve_or_map,manual_review,/search?tag=sony-music-entertainment,low,Sony Music Entertainment | WAKILISHA,"Legacy tag archive needs product decision: rebuild tag pages, redirect to search, or intentional 404."
tag_archive,/tag/sosa-the-prodigy/,200,preserve_or_map,manual_review,/search?tag=sosa-the-prodigy,low,Sosa The Prodigy | WAKILISHA,"Legacy tag archive needs product decision: rebuild tag pages, redirect to search, or intentional 404."
tag_archive,/tag/soundiiz/,200,preserve_or_map,manual_review,/search?tag=soundiiz,low,Soundiiz | WAKILISHA,"Legacy tag archive needs product decision: rebuild tag pages, redirect to search, or intentional 404."
tag_archive,/tag/soundkraft/,200,preserve_or_map,manual_review,/search?tag=soundkraft,low,Soundkraft | WAKILISHA,"Legacy tag archive needs product decision: rebuild tag pages, redirect to search, or intentional 404."
tag_archive,/tag/south-african-music/,200,preserve_or_map,manual_review,/search?tag=south-african-music,low,South African Music | WAKILISHA,"Legacy tag archive needs product decision: rebuild tag pages, redirect to search, or intentional 404."
tag_archive,/tag/south-sudan/,200,preserve_or_map,manual_review,/search?tag=south-sudan,low,South Sudan | WAKILISHA,"Legacy tag archive needs product decision: rebuild tag pages, redirect to search, or intentional 404."
tag_archive,/tag/spacex/,200,preserve_or_map,manual_review,/search?tag=spacex,low,SpaceX | WAKILISHA,"Legacy tag archive needs product decision: rebuild tag pages, redirect to search, or intentional 404."
tag_archive,/tag/spider-clan/,200,preserve_or_map,manual_review,/search?tag=spider-clan,low,Spider Clan | WAKILISHA,"Legacy tag archive needs product decision: rebuild tag pages, redirect to search, or intentional 404."
tag_archive,/tag/spoiler/,200,preserve_or_map,manual_review,/search?tag=spoiler,low,Spoiler | WAKILISHA,"Legacy tag archive needs product decision: rebuild tag pages, redirect to search, or intentional 404."
tag_archive,/tag/spotify/,200,preserve_or_map,manual_review,/search?tag=spotify,low,Spotify | WAKILISHA,"Legacy tag archive needs product decision: rebuild tag pages, redirect to search, or intentional 404."
tag_archive,/tag/spray-uzi/,200,preserve_or_map,manual_review,/search?tag=spray-uzi,low,Spray Uzi | WAKILISHA,"Legacy tag archive needs product decision: rebuild tag pages, redirect to search, or intentional 404."
tag_archive,/tag/ssaru/,200,preserve_or_map,manual_review,/search?tag=ssaru,low,Ssaru | WAKILISHA,"Legacy tag archive needs product decision: rebuild tag pages, redirect to search, or intentional 404."
tag_archive,/tag/stacy-kamatu/,200,preserve_or_map,manual_review,/search?tag=stacy-kamatu,low,Stacy Kamatu | WAKILISHA,"Legacy tag archive needs product decision: rebuild tag pages, redirect to search, or intentional 404."
tag_archive,/tag/stella-mutegi/,200,preserve_or_map,manual_review,/search?tag=stella-mutegi,low,Stella Mutegi | WAKILISHA,"Legacy tag archive needs product decision: rebuild tag pages, redirect to search, or intentional 404."
tag_archive,/tag/stephanie-muchiri/,200,preserve_or_map,manual_review,/search?tag=stephanie-muchiri,low,Stephanie Muchiri | WAKILISHA,"Legacy tag archive needs product decision: rebuild tag pages, redirect to search, or intentional 404."
tag_archive,/tag/stephen-mule/,200,preserve_or_map,manual_review,/search?tag=stephen-mule,low,Stephen Mule | WAKILISHA,"Legacy tag archive needs product decision: rebuild tag pages, redirect to search, or intentional 404."
tag_archive,/tag/steve-biko/,200,preserve_or_map,manual_review,/search?tag=steve-biko,low,Steve Biko | WAKILISHA,"Legacy tag archive needs product decision: rebuild tag pages, redirect to search, or intentional 404."
tag_archive,/tag/streaming/,200,preserve_or_map,manual_review,/search?tag=streaming,low,Streaming | WAKILISHA,"Legacy tag archive needs product decision: rebuild tag pages, redirect to search, or intentional 404."
tag_archive,/tag/street-art/,200,preserve_or_map,manual_review,/search?tag=street-art,low,Street Art | WAKILISHA,"Legacy tag archive needs product decision: rebuild tag pages, redirect to search, or intentional 404."
tag_archive,/tag/su-dough-boss/,200,preserve_or_map,manual_review,/search?tag=su-dough-boss,low,Su Dough Boss | WAKILISHA,"Legacy tag archive needs product decision: rebuild tag pages, redirect to search, or intentional 404."
tag_archive,/tag/succession/,200,preserve_or_map,manual_review,/search?tag=succession,low,Succession | WAKILISHA,"Legacy tag archive needs product decision: rebuild tag pages, redirect to search, or intentional 404."
tag_archive,/tag/sudough-boss/,200,preserve_or_map,manual_review,/search?tag=sudough-boss,low,Sudough Boss | WAKILISHA,"Legacy tag archive needs product decision: rebuild tag pages, redirect to search, or intentional 404."
tag_archive,/tag/supremacy-sounds/,200,preserve_or_map,manual_review,/search?tag=supremacy-sounds,low,Supremacy Sounds | WAKILISHA,"Legacy tag archive needs product decision: rebuild tag pages, redirect to search, or intentional 404."
tag_archive,/tag/suraj/,200,preserve_or_map,manual_review,/search?tag=suraj,low,Suraj | WAKILISHA,"Legacy tag archive needs product decision: rebuild tag pages, redirect to search, or intentional 404."
tag_archive,/tag/surrealism/,200,preserve_or_map,manual_review,/search?tag=surrealism,low,Surrealism | WAKILISHA,"Legacy tag archive needs product decision: rebuild tag pages, redirect to search, or intentional 404."
tag_archive,/tag/suzanna-owiyo/,200,preserve_or_map,manual_review,/search?tag=suzanna-owiyo,low,Suzanna Owiyo | WAKILISHA,"Legacy tag archive needs product decision: rebuild tag pages, redirect to search, or intentional 404."
tag_archive,/tag/swat-matire/,200,preserve_or_map,manual_review,/search?tag=swat-matire,low,Swat Matire | WAKILISHA,"Legacy tag archive needs product decision: rebuild tag pages, redirect to search, or intentional 404."
tag_archive,/tag/swat/,200,preserve_or_map,manual_review,/search?tag=swat,low,Swat | WAKILISHA,"Legacy tag archive needs product decision: rebuild tag pages, redirect to search, or intentional 404."
tag_archive,/tag/swift9/,200,preserve_or_map,manual_review,/search?tag=swift9,low,Swift9 | WAKILISHA,"Legacy tag archive needs product decision: rebuild tag pages, redirect to search, or intentional 404."
tag_archive,/tag/syllent-killah/,200,preserve_or_map,manual_review,/search?tag=syllent-killah,low,Syllent Killah | WAKILISHA,"Legacy tag archive needs product decision: rebuild tag pages, redirect to search, or intentional 404."
tag_archive,/tag/taabu/,200,preserve_or_map,manual_review,/search?tag=taabu,low,Taabu | WAKILISHA,"Legacy tag archive needs product decision: rebuild tag pages, redirect to search, or intentional 404."
tag_archive,/tag/taarab/,200,preserve_or_map,manual_review,/search?tag=taarab,low,Taarab | WAKILISHA,"Legacy tag archive needs product decision: rebuild tag pages, redirect to search, or intentional 404."
tag_archive,/tag/taifa-1/,200,preserve_or_map,manual_review,/search?tag=taifa-1,low,Taifa-1 | WAKILISHA,"Legacy tag archive needs product decision: rebuild tag pages, redirect to search, or intentional 404."
tag_archive,/tag/talking-walls/,200,preserve_or_map,manual_review,/search?tag=talking-walls,low,Talking Walls | WAKILISHA,"Legacy tag archive needs product decision: rebuild tag pages, redirect to search, or intentional 404."
tag_archive,/tag/tanzania/,200,preserve_or_map,manual_review,/search?tag=tanzania,low,Tanzania | WAKILISHA,"Legacy tag archive needs product decision: rebuild tag pages, redirect to search, or intentional 404."
tag_archive,/tag/technology/,200,preserve_or_map,manual_review,/search?tag=technology,low,Technology | WAKILISHA,"Legacy tag archive needs product decision: rebuild tag pages, redirect to search, or intentional 404."
tag_archive,/tag/teferah/,200,preserve_or_map,manual_review,/search?tag=teferah,low,Teferah | WAKILISHA,"Legacy tag archive needs product decision: rebuild tag pages, redirect to search, or intentional 404."
tag_archive,/tag/tems/,200,preserve_or_map,manual_review,/search?tag=tems,low,Tems | WAKILISHA,"Legacy tag archive needs product decision: rebuild tag pages, redirect to search, or intentional 404."
tag_archive,/tag/thabo-mbeki/,200,preserve_or_map,manual_review,/search?tag=thabo-mbeki,low,Thabo Mbeki | WAKILISHA,"Legacy tag archive needs product decision: rebuild tag pages, redirect to search, or intentional 404."
tag_archive,/tag/thais-diarra/,200,preserve_or_map,manual_review,/search?tag=thais-diarra,low,Thaïs Diarra | WAKILISHA,"Legacy tag archive needs product decision: rebuild tag pages, redirect to search, or intentional 404."
tag_archive,/tag/thandiwe-muriu/,200,preserve_or_map,manual_review,/search?tag=thandiwe-muriu,low,Thandiwe Muriu | WAKILISHA,"Legacy tag archive needs product decision: rebuild tag pages, redirect to search, or intentional 404."
tag_archive,/tag/thayu-mwas/,200,preserve_or_map,manual_review,/search?tag=thayu-mwas,low,Thayu Mwas | WAKILISHA,"Legacy tag archive needs product decision: rebuild tag pages, redirect to search, or intentional 404."
tag_archive,/tag/the-house-of-rust/,200,preserve_or_map,manual_review,/search?tag=the-house-of-rust,low,The House of Rust | WAKILISHA,"Legacy tag archive needs product decision: rebuild tag pages, redirect to search, or intentional 404."
tag_archive,/tag/the-kansoul/,200,preserve_or_map,manual_review,/search?tag=the-kansoul,low,The Kansoul | WAKILISHA,"Legacy tag archive needs product decision: rebuild tag pages, redirect to search, or intentional 404."
tag_archive,/tag/the-lion-of-sudah/,200,preserve_or_map,manual_review,/search?tag=the-lion-of-sudah,low,The Lion Of Sudah | WAKILISHA,"Legacy tag archive needs product decision: rebuild tag pages, redirect to search, or intentional 404."
tag_archive,/tag/the-other-woman/,200,preserve_or_map,manual_review,/search?tag=the-other-woman,low,The Other Woman | WAKILISHA,"Legacy tag archive needs product decision: rebuild tag pages, redirect to search, or intentional 404."
tag_archive,/tag/the-real-housewives-of-nairobi/,200,preserve_or_map,manual_review,/search?tag=the-real-housewives-of-nairobi,low,The Real Housewives of Nairobi | WAKILISHA,"Legacy tag archive needs product decision: rebuild tag pages, redirect to search, or intentional 404."
tag_archive,/tag/the-river-between/,200,preserve_or_map,manual_review,/search?tag=the-river-between,low,The River Between | WAKILISHA,"Legacy tag archive needs product decision: rebuild tag pages, redirect to search, or intentional 404."
tag_archive,/tag/the-selfish-gene/,200,preserve_or_map,manual_review,/search?tag=the-selfish-gene,low,The Selfish Gene | WAKILISHA,"Legacy tag archive needs product decision: rebuild tag pages, redirect to search, or intentional 404."
tag_archive,/tag/the-simpsons/,200,preserve_or_map,manual_review,/search?tag=the-simpsons,low,The Simpsons | WAKILISHA,"Legacy tag archive needs product decision: rebuild tag pages, redirect to search, or intentional 404."
tag_archive,/tag/thee-exit-band/,200,preserve_or_map,manual_review,/search?tag=thee-exit-band,low,Thee Exit Band | WAKILISHA,"Legacy tag archive needs product decision: rebuild tag pages, redirect to search, or intentional 404."
tag_archive,/tag/thimlich-ohinga/,200,preserve_or_map,manual_review,/search?tag=thimlich-ohinga,low,Thimlich Ohinga | WAKILISHA,"Legacy tag archive needs product decision: rebuild tag pages, redirect to search, or intentional 404."
tag_archive,/tag/things-fall-apart/,200,preserve_or_map,manual_review,/search?tag=things-fall-apart,low,Things Fall Apart | WAKILISHA,"Legacy tag archive needs product decision: rebuild tag pages, redirect to search, or intentional 404."
tag_archive,/tag/third-eye-simba/,200,preserve_or_map,manual_review,/search?tag=third-eye-simba,low,Third Eye Simba | WAKILISHA,"Legacy tag archive needs product decision: rebuild tag pages, redirect to search, or intentional 404."
tag_archive,/tag/thom-ogonga/,200,preserve_or_map,manual_review,/search?tag=thom-ogonga,low,Thom Ogonga | WAKILISHA,"Legacy tag archive needs product decision: rebuild tag pages, redirect to search, or intentional 404."
tag_archive,/tag/ticketsasa/,200,preserve_or_map,manual_review,/search?tag=ticketsasa,low,Ticketsasa | WAKILISHA,"Legacy tag archive needs product decision: rebuild tag pages, redirect to search, or intentional 404."
tag_archive,/tag/tiktok/,200,preserve_or_map,manual_review,/search?tag=tiktok,low,TikTok | WAKILISHA,"Legacy tag archive needs product decision: rebuild tag pages, redirect to search, or intentional 404."
tag_archive,/tag/tina-ardor/,200,preserve_or_map,manual_review,/search?tag=tina-ardor,low,Tina Ardor | WAKILISHA,"Legacy tag archive needs product decision: rebuild tag pages, redirect to search, or intentional 404."
tag_archive,/tag/tipsy-gee/,200,preserve_or_map,manual_review,/search?tag=tipsy-gee,low,Tipsy Gee | WAKILISHA,"Legacy tag archive needs product decision: rebuild tag pages, redirect to search, or intentional 404."
tag_archive,/tag/tokyonite/,200,preserve_or_map,manual_review,/search?tag=tokyonite,low,Tokyonite | WAKILISHA,"Legacy tag archive needs product decision: rebuild tag pages, redirect to search, or intentional 404."
tag_archive,/tag/tom-misch/,200,preserve_or_map,manual_review,/search?tag=tom-misch,low,Tom Misch | WAKILISHA,"Legacy tag archive needs product decision: rebuild tag pages, redirect to search, or intentional 404."
tag_archive,/tag/tony-njuguna/,200,preserve_or_map,manual_review,/search?tag=tony-njuguna,low,Tony Njuguna | WAKILISHA,"Legacy tag archive needs product decision: rebuild tag pages, redirect to search, or intentional 404."
tag_archive,/tag/too-early-for-birds/,200,preserve_or_map,manual_review,/search?tag=too-early-for-birds,low,Too Early for Birds | WAKILISHA,"Legacy tag archive needs product decision: rebuild tag pages, redirect to search, or intentional 404."
tag_archive,/tag/toxic-lyrikali/,200,preserve_or_map,manual_review,/search?tag=toxic-lyrikali,low,Toxic Lyrikali | WAKILISHA,"Legacy tag archive needs product decision: rebuild tag pages, redirect to search, or intentional 404."
tag_archive,/tag/trends/,200,preserve_or_map,manual_review,/search?tag=trends,low,Trends | WAKILISHA,"Legacy tag archive needs product decision: rebuild tag pages, redirect to search, or intentional 404."
tag_archive,/tag/tricks-hr/,200,preserve_or_map,manual_review,/search?tag=tricks-hr,low,Tricks Hr | WAKILISHA,"Legacy tag archive needs product decision: rebuild tag pages, redirect to search, or intentional 404."
tag_archive,/tag/trio-mio/,200,preserve_or_map,manual_review,/search?tag=trio-mio,low,Trio Mio | WAKILISHA,"Legacy tag archive needs product decision: rebuild tag pages, redirect to search, or intentional 404."
tag_archive,/tag/trio-mio/page/2/,200,preserve_or_map,manual_review,/search?tag=trio-mio,low,Trio Mio | WAKILISHA,"Legacy tag archive needs product decision: rebuild tag pages, redirect to search, or intentional 404."
tag_archive,/tag/trip/,200,preserve_or_map,manual_review,/search?tag=trip,low,Trip | WAKILISHA,"Legacy tag archive needs product decision: rebuild tag pages, redirect to search, or intentional 404."
tag_archive,/tag/troy-onyango/,200,preserve_or_map,manual_review,/search?tag=troy-onyango,low,Troy Onyango | WAKILISHA,"Legacy tag archive needs product decision: rebuild tag pages, redirect to search, or intentional 404."
tag_archive,/tag/truth/,200,preserve_or_map,manual_review,/search?tag=truth,low,Truth | WAKILISHA,"Legacy tag archive needs product decision: rebuild tag pages, redirect to search, or intentional 404."
tag_archive,/tag/tuku-kantu/,200,preserve_or_map,manual_review,/search?tag=tuku-kantu,low,Tuku Kantu | WAKILISHA,"Legacy tag archive needs product decision: rebuild tag pages, redirect to search, or intentional 404."
tag_archive,/tag/tunedem-band/,200,preserve_or_map,manual_review,/search?tag=tunedem-band,low,Tunedem Band | WAKILISHA,"Legacy tag archive needs product decision: rebuild tag pages, redirect to search, or intentional 404."
tag_archive,/tag/tunemymusic/,200,preserve_or_map,manual_review,/search?tag=tunemymusic,low,TuneMyMusic | WAKILISHA,"Legacy tag archive needs product decision: rebuild tag pages, redirect to search, or intentional 404."
tag_archive,/tag/tyso/,200,preserve_or_map,manual_review,/search?tag=tyso,low,Tyso | WAKILISHA,"Legacy tag archive needs product decision: rebuild tag pages, redirect to search, or intentional 404."
tag_archive,/tag/udelele/,200,preserve_or_map,manual_review,/search?tag=udelele,low,Udelele | WAKILISHA,"Legacy tag archive needs product decision: rebuild tag pages, redirect to search, or intentional 404."
tag_archive,/tag/uganda/,200,preserve_or_map,manual_review,/search?tag=uganda,low,Uganda | WAKILISHA,"Legacy tag archive needs product decision: rebuild tag pages, redirect to search, or intentional 404."
tag_archive,/tag/uhuru-b/,200,preserve_or_map,manual_review,/search?tag=uhuru-b,low,Uhuru B | WAKILISHA,"Legacy tag archive needs product decision: rebuild tag pages, redirect to search, or intentional 404."
tag_archive,/tag/uhuru-gardens-national-monument/,200,preserve_or_map,manual_review,/search?tag=uhuru-gardens-national-monument,low,Uhuru Gardens National Monument | WAKILISHA,"Legacy tag archive needs product decision: rebuild tag pages, redirect to search, or intentional 404."
tag_archive,/tag/ukweli/,200,preserve_or_map,manual_review,/search?tag=ukweli,low,Ukweli | WAKILISHA,"Legacy tag archive needs product decision: rebuild tag pages, redirect to search, or intentional 404."
tag_archive,/tag/umoja-sounds/,200,preserve_or_map,manual_review,/search?tag=umoja-sounds,low,Umoja Sounds | WAKILISHA,"Legacy tag archive needs product decision: rebuild tag pages, redirect to search, or intentional 404."
tag_archive,/tag/unco-jingjong/,200,preserve_or_map,manual_review,/search?tag=unco-jingjong,low,Unco Jingjong | WAKILISHA,"Legacy tag archive needs product decision: rebuild tag pages, redirect to search, or intentional 404."
tag_archive,/tag/uncojingjong/,200,preserve_or_map,manual_review,/search?tag=uncojingjong,low,Uncojingjong | WAKILISHA,"Legacy tag archive needs product decision: rebuild tag pages, redirect to search, or intentional 404."
tag_archive,/tag/unintentional/,200,preserve_or_map,manual_review,/search?tag=unintentional,low,Unintentional | WAKILISHA,"Legacy tag archive needs product decision: rebuild tag pages, redirect to search, or intentional 404."
tag_archive,/tag/united-nations/,200,preserve_or_map,manual_review,/search?tag=united-nations,low,United Nations | WAKILISHA,"Legacy tag archive needs product decision: rebuild tag pages, redirect to search, or intentional 404."
tag_archive,/tag/universal-music-group/,200,preserve_or_map,manual_review,/search?tag=universal-music-group,low,Universal Music Group | WAKILISHA,"Legacy tag archive needs product decision: rebuild tag pages, redirect to search, or intentional 404."
tag_archive,/tag/unseen-nairobi/,200,preserve_or_map,manual_review,/search?tag=unseen-nairobi,low,Unseen Nairobi | WAKILISHA,"Legacy tag archive needs product decision: rebuild tag pages, redirect to search, or intentional 404."
tag_archive,/tag/unspoken-salaton/,200,preserve_or_map,manual_review,/search?tag=unspoken-salaton,low,Unspoken Salaton | WAKILISHA,"Legacy tag archive needs product decision: rebuild tag pages, redirect to search, or intentional 404."
tag_archive,/tag/usain-bolt/,200,preserve_or_map,manual_review,/search?tag=usain-bolt,low,Usain Bolt | WAKILISHA,"Legacy tag archive needs product decision: rebuild tag pages, redirect to search, or intentional 404."
tag_archive,/tag/utalii-lane/,200,preserve_or_map,manual_review,/search?tag=utalii-lane,low,Utalii Lane | WAKILISHA,"Legacy tag archive needs product decision: rebuild tag pages, redirect to search, or intentional 404."
tag_archive,/tag/vdj-jones/,200,preserve_or_map,manual_review,/search?tag=vdj-jones,low,Vdj Jones | WAKILISHA,"Legacy tag archive needs product decision: rebuild tag pages, redirect to search, or intentional 404."
tag_archive,/tag/venice-biennale/,200,preserve_or_map,manual_review,/search?tag=venice-biennale,low,Venice Biennale | WAKILISHA,"Legacy tag archive needs product decision: rebuild tag pages, redirect to search, or intentional 404."
tag_archive,/tag/vernacular-pop/,200,preserve_or_map,manual_review,/search?tag=vernacular-pop,low,Vernacular Pop | WAKILISHA,"Legacy tag archive needs product decision: rebuild tag pages, redirect to search, or intentional 404."
tag_archive,/tag/viberate/,200,preserve_or_map,manual_review,/search?tag=viberate,low,Viberate | WAKILISHA,"Legacy tag archive needs product decision: rebuild tag pages, redirect to search, or intentional 404."
tag_archive,/tag/victoria-kimani/,200,preserve_or_map,manual_review,/search?tag=victoria-kimani,low,Victoria Kimani | WAKILISHA,"Legacy tag archive needs product decision: rebuild tag pages, redirect to search, or intentional 404."
tag_archive,/tag/vinc-on-the-beat/,200,preserve_or_map,manual_review,/search?tag=vinc-on-the-beat,low,Vinc On The Beat | WAKILISHA,"Legacy tag archive needs product decision: rebuild tag pages, redirect to search, or intentional 404."
tag_archive,/tag/vinyl-records/,200,preserve_or_map,manual_review,/search?tag=vinyl-records,low,Vinyl Records | WAKILISHA,"Legacy tag archive needs product decision: rebuild tag pages, redirect to search, or intentional 404."
tag_archive,/tag/virtual-reality/,200,preserve_or_map,manual_review,/search?tag=virtual-reality,low,Virtual Reality | WAKILISHA,"Legacy tag archive needs product decision: rebuild tag pages, redirect to search, or intentional 404."
tag_archive,/tag/vision-2030/,200,preserve_or_map,manual_review,/search?tag=vision-2030,low,Vision 2030 | WAKILISHA,"Legacy tag archive needs product decision: rebuild tag pages, redirect to search, or intentional 404."
tag_archive,/tag/visual-trends/,200,preserve_or_map,manual_review,/search?tag=visual-trends,low,Visual Trends | WAKILISHA,"Legacy tag archive needs product decision: rebuild tag pages, redirect to search, or intentional 404."
tag_archive,/tag/visualizer/,200,preserve_or_map,manual_review,/search?tag=visualizer,low,Visualizer | WAKILISHA,"Legacy tag archive needs product decision: rebuild tag pages, redirect to search, or intentional 404."
tag_archive,/tag/volume/,200,preserve_or_map,manual_review,/search?tag=volume,low,Volume | WAKILISHA,"Legacy tag archive needs product decision: rebuild tag pages, redirect to search, or intentional 404."
tag_archive,/tag/wadagliz/,200,preserve_or_map,manual_review,/search?tag=wadagliz,low,Wadagliz | WAKILISHA,"Legacy tag archive needs product decision: rebuild tag pages, redirect to search, or intentional 404."
tag_archive,/tag/wajesus-family/,200,preserve_or_map,manual_review,/search?tag=wajesus-family,low,Wajesus Family | WAKILISHA,"Legacy tag archive needs product decision: rebuild tag pages, redirect to search, or intentional 404."
tag_archive,/tag/wakadinali-cinematic-universe/,200,preserve_or_map,manual_review,/search?tag=wakadinali-cinematic-universe,low,Wakadinali Cinematic Universe | WAKILISHA,"Legacy tag archive needs product decision: rebuild tag pages, redirect to search, or intentional 404."
tag_archive,/tag/wakadinali/,200,preserve_or_map,manual_review,/search?tag=wakadinali,low,Wakadinali | WAKILISHA,"Legacy tag archive needs product decision: rebuild tag pages, redirect to search, or intentional 404."
tag_archive,/tag/wakadinali/page/2/,200,preserve_or_map,manual_review,/search?tag=wakadinali,low,Wakadinali | WAKILISHA,"Legacy tag archive needs product decision: rebuild tag pages, redirect to search, or intentional 404."
tag_archive,/tag/walker-town/,200,preserve_or_map,manual_review,/search?tag=walker-town,low,Walker Town | WAKILISHA,"Legacy tag archive needs product decision: rebuild tag pages, redirect to search, or intentional 404."
tag_archive,/tag/wanavokali/,200,preserve_or_map,manual_review,/search?tag=wanavokali,low,Wanavokali | WAKILISHA,"Legacy tag archive needs product decision: rebuild tag pages, redirect to search, or intentional 404."
tag_archive,/tag/wangechi-mutu/,200,preserve_or_map,manual_review,/search?tag=wangechi-mutu,low,Wangechi Mutu | WAKILISHA,"Legacy tag archive needs product decision: rebuild tag pages, redirect to search, or intentional 404."
tag_archive,/tag/wangechi/,200,preserve_or_map,manual_review,/search?tag=wangechi,low,Wangechi | WAKILISHA,"Legacy tag archive needs product decision: rebuild tag pages, redirect to search, or intentional 404."
tag_archive,/tag/wanja-kimani/,200,preserve_or_map,manual_review,/search?tag=wanja-kimani,low,Wanja Kimani | WAKILISHA,"Legacy tag archive needs product decision: rebuild tag pages, redirect to search, or intentional 404."
tag_archive,/tag/wanja-wohoro/,200,preserve_or_map,manual_review,/search?tag=wanja-wohoro,low,Wanja Wohoro | WAKILISHA,"Legacy tag archive needs product decision: rebuild tag pages, redirect to search, or intentional 404."
tag_archive,/tag/wanjine/,200,preserve_or_map,manual_review,/search?tag=wanjine,low,Wanjine | WAKILISHA,"Legacy tag archive needs product decision: rebuild tag pages, redirect to search, or intentional 404."
tag_archive,/tag/wanuri-kahiu/,200,preserve_or_map,manual_review,/search?tag=wanuri-kahiu,low,Wanuri Kahiu | WAKILISHA,"Legacy tag archive needs product decision: rebuild tag pages, redirect to search, or intentional 404."
tag_archive,/tag/wapi/,200,preserve_or_map,manual_review,/search?tag=wapi,low,WaPi | WAKILISHA,"Legacy tag archive needs product decision: rebuild tag pages, redirect to search, or intentional 404."
tag_archive,/tag/warner-music-group/,200,preserve_or_map,manual_review,/search?tag=warner-music-group,low,Warner Music Group | WAKILISHA,"Legacy tag archive needs product decision: rebuild tag pages, redirect to search, or intentional 404."
tag_archive,/tag/watendawili/,200,preserve_or_map,manual_review,/search?tag=watendawili,low,Watendawili | WAKILISHA,"Legacy tag archive needs product decision: rebuild tag pages, redirect to search, or intentional 404."
tag_archive,/tag/water/,200,preserve_or_map,manual_review,/search?tag=water,low,Water | WAKILISHA,"Legacy tag archive needs product decision: rebuild tag pages, redirect to search, or intentional 404."
tag_archive,/tag/watu-fresh/,200,preserve_or_map,manual_review,/search?tag=watu-fresh,low,Watu Fresh | WAKILISHA,"Legacy tag archive needs product decision: rebuild tag pages, redirect to search, or intentional 404."
tag_archive,/tag/wcu/,200,preserve_or_map,manual_review,/search?tag=wcu,low,WCU | WAKILISHA,"Legacy tag archive needs product decision: rebuild tag pages, redirect to search, or intentional 404."
tag_archive,/tag/we-are-nubia/,200,preserve_or_map,manual_review,/search?tag=we-are-nubia,low,We are Nubia | WAKILISHA,"Legacy tag archive needs product decision: rebuild tag pages, redirect to search, or intentional 404."
tag_archive,/tag/weep-not/,200,preserve_or_map,manual_review,/search?tag=weep-not,low,Weep Not | WAKILISHA,"Legacy tag archive needs product decision: rebuild tag pages, redirect to search, or intentional 404."
tag_archive,/tag/wellness/,200,preserve_or_map,manual_review,/search?tag=wellness,low,Wellness | WAKILISHA,"Legacy tag archive needs product decision: rebuild tag pages, redirect to search, or intentional 404."
tag_archive,/tag/wendy-kay/,200,preserve_or_map,manual_review,/search?tag=wendy-kay,low,Wendy Kay | WAKILISHA,"Legacy tag archive needs product decision: rebuild tag pages, redirect to search, or intentional 404."
tag_archive,/tag/where-the-river-divides/,200,preserve_or_map,manual_review,/search?tag=where-the-river-divides,low,Where The River Divides | WAKILISHA,"Legacy tag archive needs product decision: rebuild tag pages, redirect to search, or intentional 404."
tag_archive,/tag/whizbi-music/,200,preserve_or_map,manual_review,/search?tag=whizbi-music,low,Whizbi Music | WAKILISHA,"Legacy tag archive needs product decision: rebuild tag pages, redirect to search, or intentional 404."
tag_archive,/tag/wicky-mosh/,200,preserve_or_map,manual_review,/search?tag=wicky-mosh,low,Wicky Mosh | WAKILISHA,"Legacy tag archive needs product decision: rebuild tag pages, redirect to search, or intentional 404."
tag_archive,/tag/william-ruto/,200,preserve_or_map,manual_review,/search?tag=william-ruto,low,William Ruto | WAKILISHA,"Legacy tag archive needs product decision: rebuild tag pages, redirect to search, or intentional 404."
tag_archive,/tag/willy-paul/,200,preserve_or_map,manual_review,/search?tag=willy-paul,low,Willy Paul | WAKILISHA,"Legacy tag archive needs product decision: rebuild tag pages, redirect to search, or intentional 404."
tag_archive,/tag/wise-two/,200,preserve_or_map,manual_review,/search?tag=wise-two,low,Wise Two | WAKILISHA,"Legacy tag archive needs product decision: rebuild tag pages, redirect to search, or intentional 404."
tag_archive,/tag/wizkid/,200,preserve_or_map,manual_review,/search?tag=wizkid,low,Wizkid | WAKILISHA,"Legacy tag archive needs product decision: rebuild tag pages, redirect to search, or intentional 404."
tag_archive,/tag/work-life/,200,preserve_or_map,manual_review,/search?tag=work-life,low,Work life | WAKILISHA,"Legacy tag archive needs product decision: rebuild tag pages, redirect to search, or intentional 404."
tag_archive,/tag/workplaces/,200,preserve_or_map,manual_review,/search?tag=workplaces,low,Workplaces | WAKILISHA,"Legacy tag archive needs product decision: rebuild tag pages, redirect to search, or intentional 404."
tag_archive,/tag/wyre/,200,preserve_or_map,manual_review,/search?tag=wyre,low,Wyre | WAKILISHA,"Legacy tag archive needs product decision: rebuild tag pages, redirect to search, or intentional 404."
tag_archive,/tag/xenia-manasseh/,200,preserve_or_map,manual_review,/search?tag=xenia-manasseh,low,Xenia Manasseh | WAKILISHA,"Legacy tag archive needs product decision: rebuild tag pages, redirect to search, or intentional 404."
tag_archive,/tag/xenia-manasseh/page/2/,200,preserve_or_map,manual_review,/search?tag=xenia-manasseh,low,Xenia Manasseh | WAKILISHA,"Legacy tag archive needs product decision: rebuild tag pages, redirect to search, or intentional 404."
tag_archive,/tag/ybw-smith/,200,preserve_or_map,manual_review,/search?tag=ybw-smith,low,YBW Smith | WAKILISHA,"Legacy tag archive needs product decision: rebuild tag pages, redirect to search, or intentional 404."
tag_archive,/tag/you-again/,200,preserve_or_map,manual_review,/search?tag=you-again,low,You Again | WAKILISHA,"Legacy tag archive needs product decision: rebuild tag pages, redirect to search, or intentional 404."
tag_archive,/tag/youtube/,200,preserve_or_map,manual_review,/search?tag=youtube,low,YouTube | WAKILISHA,"Legacy tag archive needs product decision: rebuild tag pages, redirect to search, or intentional 404."
tag_archive,/tag/yussef-dayes/,200,preserve_or_map,manual_review,/search?tag=yussef-dayes,low,Yussef Dayes | WAKILISHA,"Legacy tag archive needs product decision: rebuild tag pages, redirect to search, or intentional 404."
tag_archive,/tag/yvonne-adhiambo-owuor/,200,preserve_or_map,manual_review,/search?tag=yvonne-adhiambo-owuor,low,Yvonne Adhiambo Owuor | WAKILISHA,"Legacy tag archive needs product decision: rebuild tag pages, redirect to search, or intentional 404."
tag_archive,/tag/ywaya-tajiri/,200,preserve_or_map,manual_review,/search?tag=ywaya-tajiri,low,Ywaya Tajiri | WAKILISHA,"Legacy tag archive needs product decision: rebuild tag pages, redirect to search, or intentional 404."
tag_archive,/tag/yy-comedian/,200,preserve_or_map,manual_review,/search?tag=yy-comedian,low,YY Comedian | WAKILISHA,"Legacy tag archive needs product decision: rebuild tag pages, redirect to search, or intentional 404."
tag_archive,/tag/zaituni-wambui/,200,preserve_or_map,manual_review,/search?tag=zaituni-wambui,low,Zaituni Wambui | WAKILISHA,"Legacy tag archive needs product decision: rebuild tag pages, redirect to search, or intentional 404."
tag_archive,/tag/zaituni/,200,preserve_or_map,manual_review,/search?tag=zaituni,low,Zaituni | WAKILISHA,"Legacy tag archive needs product decision: rebuild tag pages, redirect to search, or intentional 404."
tag_archive,/tag/zerb/,200,preserve_or_map,manual_review,/search?tag=zerb,low,Zerb | WAKILISHA,"Legacy tag archive needs product decision: rebuild tag pages, redirect to search, or intentional 404."
tag_archive,/tag/zikki/,200,preserve_or_map,manual_review,/search?tag=zikki,low,Zikki | WAKILISHA,"Legacy tag archive needs product decision: rebuild tag pages, redirect to search, or intentional 404."
tag_archive,/tag/zilla/,200,preserve_or_map,manual_review,/search?tag=zilla,low,Zilla | WAKILISHA,"Legacy tag archive needs product decision: rebuild tag pages, redirect to search, or intentional 404."
tag_archive,/tag/ziller-bas/,200,preserve_or_map,manual_review,/search?tag=ziller-bas,low,Ziller Bas | WAKILISHA,"Legacy tag archive needs product decision: rebuild tag pages, redirect to search, or intentional 404."
tag_archive,/tag/zowie-kengocha/,200,preserve_or_map,manual_review,/search?tag=zowie-kengocha,low,Zowie Kengocha | WAKILISHA,"Legacy tag archive needs product decision: rebuild tag pages, redirect to search, or intentional 404."
tag_archive,/tag/zukiswa-wanner/,200,preserve_or_map,manual_review,/search?tag=zukiswa-wanner,low,Zukiswa Wanner | WAKILISHA,"Legacy tag archive needs product decision: rebuild tag pages, redirect to search, or intentional 404."
tag_archive,/tag/zzero-sufuri/,200,preserve_or_map,manual_review,/search?tag=zzero-sufuri,low,Zzero Sufuri | WAKILISHA,"Legacy tag archive needs product decision: rebuild tag pages, redirect to search, or intentional 404."
woocommerce_dynamic_route,/cart/,0,dynamic_legacy_woo_route,product_decision_required,,high,,"Dynamic WooCommerce route. Decide whether to retire, rebuild, redirect, or preserve behind a legacy store path."
woocommerce_dynamic_route,/checkout/,0,dynamic_legacy_woo_route,product_decision_required,,high,,"Dynamic WooCommerce route. Decide whether to retire, rebuild, redirect, or preserve behind a legacy store path."
