source,target,status,preserveQueryString,sourceGroup,confidence,safeToApplyAfterFinalGoNoGo,notes
/10-contemporary-kenyan-artists-you-should-know/,/magazine/10-contemporary-kenyan-artists-you-should-know,302,true,base_article_artist_redirect,high,true,Legacy article/page slug has a matching React magazine route.
/10-kenyan-authors-you-should-read/,/magazine/10-kenyan-authors-you-should-read,302,true,base_article_artist_redirect,high,true,Legacy article/page slug has a matching React magazine route.
/10-places-in-nairobi-to-explore-art-music-and-design/,/magazine/10-places-in-nairobi-to-explore-art-music-and-design,302,true,base_article_artist_redirect,high,true,Legacy article/page slug has a matching React magazine route.
/15-fatoumata-diawara-songs/,/magazine/15-fatoumata-diawara-songs,302,true,base_article_artist_redirect,high,true,Legacy article/page slug has a matching React magazine route.
/15-things-to-do-home-5-months/,/magazine/15-things-to-do-home-5-months,302,true,base_article_artist_redirect,high,true,Legacy article/page slug has a matching React magazine route.
/2021-visual-trends/,/magazine/2021-visual-trends,302,true,base_article_artist_redirect,high,true,Legacy article/page slug has a matching React magazine route.
/2022-nyege-nyege-festival-officially-announced/,/magazine/2022-nyege-nyege-festival-officially-announced,302,true,base_article_artist_redirect,high,true,Legacy article/page slug has a matching React magazine route.
/2023-trends-to-take-note-of/,/magazine/2023-trends-to-take-note-of,302,true,base_article_artist_redirect,high,true,Legacy article/page slug has a matching React magazine route.
/4-tips-for-diversifying-your-diet-on-a-budget/,/magazine/4-tips-for-diversifying-your-diet-on-a-budget,302,true,base_article_artist_redirect,high,true,Legacy article/page slug has a matching React magazine route.
/5-cultural-destinations-worth-visiting-in-nairobi/,/magazine/5-cultural-destinations-worth-visiting-in-nairobi,302,true,base_article_artist_redirect,high,true,Legacy article/page slug has a matching React magazine route.
/5-golden-rules-of-traversing-downtown-nairobi-ft-melodica-music-store/,/magazine/5-golden-rules-of-traversing-downtown-nairobi-ft-melodica-music-store,302,true,base_article_artist_redirect,high,true,Legacy article/page slug has a matching React magazine route.
/5-ideas-to-make-christmas-2020-better/,/magazine/5-ideas-to-make-christmas-2020-better,302,true,base_article_artist_redirect,high,true,Legacy article/page slug has a matching React magazine route.
/5-kenyan-artists-to-follow/,/magazine/5-kenyan-artists-to-follow,302,true,base_article_artist_redirect,high,true,Legacy article/page slug has a matching React magazine route.
/5-kenyan-artists-to-look-out-for-in-2025/,/magazine/5-kenyan-artists-to-look-out-for-in-2025,302,true,base_article_artist_redirect,high,true,Legacy article/page slug has a matching React magazine route.
/5-kenyan-music-events-you-should-attend-at-least-once/,/magazine/5-kenyan-music-events-you-should-attend-at-least-once,302,true,base_article_artist_redirect,high,true,Legacy article/page slug has a matching React magazine route.
/5-kenyan-music-podcasts-you-should-listen-to/,/magazine/5-kenyan-music-podcasts-you-should-listen-to,302,true,base_article_artist_redirect,high,true,Legacy article/page slug has a matching React magazine route.
/5-reasons-why-you-should-wear-a-mask/,/magazine/5-reasons-why-you-should-wear-a-mask,302,true,base_article_artist_redirect,high,true,Legacy article/page slug has a matching React magazine route.
/8-kenyan-artists-making-waves-in-2021/,/magazine/8-kenyan-artists-making-waves-in-2021,302,true,base_article_artist_redirect,high,true,Legacy article/page slug has a matching React magazine route.
/a-bad-memory-recorder-practice-and-female-friendships/,/magazine/a-bad-memory-recorder-practice-and-female-friendships,302,true,base_article_artist_redirect,high,true,Legacy article/page slug has a matching React magazine route.
/acumen-and-dominion-why-wakadinali-only-sit-in-the-cockpit-of-entertainment/,/magazine/acumen-and-dominion-why-wakadinali-only-sit-in-the-cockpit-of-entertainment,302,true,base_article_artist_redirect,high,true,Legacy article/page slug has a matching React magazine route.
/affordable-art-show-2023/,/magazine/affordable-art-show-2023,302,true,base_article_artist_redirect,high,true,Legacy article/page slug has a matching React magazine route.
/african-renaissance-through-music-part-ii/,/magazine/african-renaissance-through-music-part-ii,302,true,base_article_artist_redirect,high,true,Legacy article/page slug has a matching React magazine route.
/african-renaissance-through-music/,/magazine/african-renaissance-through-music,302,true,base_article_artist_redirect,high,true,Legacy article/page slug has a matching React magazine route.
/africas-online-gossip-enterprise-and-its-place-in-the-entertainment-industry/,/magazine/africas-online-gossip-enterprise-and-its-place-in-the-entertainment-industry,302,true,base_article_artist_redirect,high,true,Legacy article/page slug has a matching React magazine route.
/ai-could-take-my-job-and-maybe-thats-a-good-thing/,/magazine/ai-could-take-my-job-and-maybe-thats-a-good-thing,302,true,base_article_artist_redirect,high,true,Legacy article/page slug has a matching React magazine route.
/ai-for-all/,/magazine/ai-for-all,302,true,base_article_artist_redirect,high,true,Legacy article/page slug has a matching React magazine route.
/album-review-58-flava-by-buruklyn-boyz/,/magazine/album-review-58-flava-by-buruklyn-boyz,302,true,base_article_artist_redirect,high,true,Legacy article/page slug has a matching React magazine route.
/album-review-alusa-why-are-you-topless/,/magazine/album-review-alusa-why-are-you-topless,302,true,base_article_artist_redirect,high,true,Legacy article/page slug has a matching React magazine route.
/album-review-dusk-to-dawn-by-serro/,/magazine/album-review-dusk-to-dawn-by-serro,302,true,base_article_artist_redirect,high,true,Legacy article/page slug has a matching React magazine route.
/album-review-labor-of-love-zaituni-wambui/,/magazine/album-review-labor-of-love-zaituni-wambui,302,true,base_article_artist_redirect,high,true,Legacy article/page slug has a matching React magazine route.
/album-review-love-hate-pt-1/,/magazine/album-review-love-hate-pt-1,302,true,base_article_artist_redirect,high,true,Legacy article/page slug has a matching React magazine route.
/album-review-love-letters-3-by-caleb-awiti/,/magazine/album-review-love-letters-3-by-caleb-awiti,302,true,base_article_artist_redirect,high,true,Legacy article/page slug has a matching React magazine route.
/album-review-mauru-unit/,/magazine/album-review-mauru-unit,302,true,base_article_artist_redirect,high,true,Legacy article/page slug has a matching React magazine route.
/album-review-maybe-ii-by-xenia-manasseh-and-ukweli/,/magazine/album-review-maybe-ii-by-xenia-manasseh-and-ukweli,302,true,base_article_artist_redirect,high,true,Legacy article/page slug has a matching React magazine route.
/album-review-mtoto-wa-khadija-by-mejja/,/magazine/album-review-mtoto-wa-khadija-by-mejja,302,true,base_article_artist_redirect,high,true,Legacy article/page slug has a matching React magazine route.
/album-review-now-its-experience-talking-blinky-bill-muthoni-drummer-queen/,/magazine/album-review-now-its-experience-talking-blinky-bill-muthoni-drummer-queen,302,true,base_article_artist_redirect,high,true,Legacy article/page slug has a matching React magazine route.
/album-review-sumbua-by-lil-maina/,/magazine/album-review-sumbua-by-lil-maina,302,true,base_article_artist_redirect,high,true,Legacy article/page slug has a matching React magazine route.
/album-review-sweetest-time-by-maya-amolo/,/magazine/album-review-sweetest-time-by-maya-amolo,302,true,base_article_artist_redirect,high,true,Legacy article/page slug has a matching React magazine route.
/album-review-the-lion-of-sudah/,/magazine/album-review-the-lion-of-sudah,302,true,base_article_artist_redirect,high,true,Legacy article/page slug has a matching React magazine route.
/album-review-time2023-by-h_art-the-band/,/magazine/album-review-time2023-by-h_art-the-band,302,true,base_article_artist_redirect,high,true,Legacy article/page slug has a matching React magazine route.
/album-review-victims-of-madness-2-0/,/magazine/album-review-victims-of-madness-2-0,302,true,base_article_artist_redirect,high,true,Legacy article/page slug has a matching React magazine route.
/album-review-we-dont-need-money-to-be-rich-by-mutoriah/,/magazine/album-review-we-dont-need-money-to-be-rich-by-mutoriah,302,true,base_article_artist_redirect,high,true,Legacy article/page slug has a matching React magazine route.
/all-that-glitters/,/magazine/all-that-glitters,302,true,base_article_artist_redirect,high,true,Legacy article/page slug has a matching React magazine route.
/anyango-mpinga-leading-the-way-for-kenyan-fashion-designers/,/magazine/anyango-mpinga-leading-the-way-for-kenyan-fashion-designers,302,true,base_article_artist_redirect,high,true,Legacy article/page slug has a matching React magazine route.
/art-guide-mapping-nairobi-cultural-hotspots/,/magazine/art-guide-mapping-nairobi-cultural-hotspots,302,true,base_article_artist_redirect,high,true,Legacy article/page slug has a matching React magazine route.
/artist/4mr-frank-white/,/artists/4mr-frank-white,302,true,base_article_artist_redirect,high,true,Legacy singular /artist/ route should map to React plural /artists/ route.
/artist/ayrosh/,/artists/ayrosh,302,true,base_article_artist_redirect,high,true,Legacy singular /artist/ route should map to React plural /artists/ route.
/artist/ayub-ogada/,/artists/ayub-ogada,302,true,base_article_artist_redirect,high,true,Legacy singular /artist/ route should map to React plural /artists/ route.
/artist/bahati/,/artists/bahati,302,true,base_article_artist_redirect,high,true,Legacy singular /artist/ route should map to React plural /artists/ route.
/artist/bensoul/,/artists/bensoul,302,true,base_article_artist_redirect,high,true,Legacy singular /artist/ route should map to React plural /artists/ route.
/artist/bien/,/artists/bien,302,true,base_article_artist_redirect,high,true,Legacy singular /artist/ route should map to React plural /artists/ route.
/artist/big-nyagz/,/artists/big-nyagz,302,true,base_article_artist_redirect,high,true,Legacy singular /artist/ route should map to React plural /artists/ route.
/artist/blinky-bill/,/artists/blinky-bill,302,true,base_article_artist_redirect,high,true,Legacy singular /artist/ route should map to React plural /artists/ route.
/artist/boutross/,/artists/boutross,302,true,base_article_artist_redirect,high,true,Legacy singular /artist/ route should map to React plural /artists/ route.
/artist/brandy-maina/,/artists/brandy-maina,302,true,base_article_artist_redirect,high,true,Legacy singular /artist/ route should map to React plural /artists/ route.
/artist/breeder-lw/,/artists/breeder-lw,302,true,base_article_artist_redirect,high,true,Legacy singular /artist/ route should map to React plural /artists/ route.
/artist/bridget-blue/,/artists/bridget-blue,302,true,base_article_artist_redirect,high,true,Legacy singular /artist/ route should map to React plural /artists/ route.
/artist/buruklyn-boyz/,/artists/buruklyn-boyz,302,true,base_article_artist_redirect,high,true,Legacy singular /artist/ route should map to React plural /artists/ route.
/artist/caleb-awiti/,/artists/caleb-awiti,302,true,base_article_artist_redirect,high,true,Legacy singular /artist/ route should map to React plural /artists/ route.
/artist/charisma/,/artists/charisma,302,true,base_article_artist_redirect,high,true,Legacy singular /artist/ route should map to React plural /artists/ route.
/artist/chimano/,/artists/chimano,302,true,base_article_artist_redirect,high,true,Legacy singular /artist/ route should map to React plural /artists/ route.
/artist/chris-kaiga/,/artists/chris-kaiga,302,true,base_article_artist_redirect,high,true,Legacy singular /artist/ route should map to React plural /artists/ route.
/artist/ciano-maimba/,/artists/ciano-maimba,302,true,base_article_artist_redirect,high,true,Legacy singular /artist/ route should map to React plural /artists/ route.
/artist/coster-ojwang/,/artists/coster-ojwang,302,true,base_article_artist_redirect,high,true,Legacy singular /artist/ route should map to React plural /artists/ route.
/artist/dyana-cods/,/artists/dyana-cods,302,true,base_article_artist_redirect,high,true,Legacy singular /artist/ route should map to React plural /artists/ route.
/artist/e-sir/,/artists/e-sir,302,true,base_article_artist_redirect,high,true,Legacy singular /artist/ route should map to React plural /artists/ route.
/artist/elani/,/artists/elani,302,true,base_article_artist_redirect,high,true,Legacy singular /artist/ route should map to React plural /artists/ route.
/artist/elsy-wameyo/,/artists/elsy-wameyo,302,true,base_article_artist_redirect,high,true,Legacy singular /artist/ route should map to React plural /artists/ route.
/artist/eric-wainaina/,/artists/eric-wainaina,302,true,base_article_artist_redirect,high,true,Legacy singular /artist/ route should map to React plural /artists/ route.
/artist/ethic/,/artists/ethic,302,true,base_article_artist_redirect,high,true,Legacy singular /artist/ route should map to React plural /artists/ route.
/artist/exray-taniua/,/artists/exray-taniua,302,true,base_article_artist_redirect,high,true,Legacy singular /artist/ route should map to React plural /artists/ route.
/artist/fancy-fingers/,/artists/fancy-fingers,302,true,base_article_artist_redirect,high,true,Legacy singular /artist/ route should map to React plural /artists/ route.
/artist/fathermoh/,/artists/fathermoh,302,true,base_article_artist_redirect,high,true,Legacy singular /artist/ route should map to React plural /artists/ route.
/artist/fena-gitu/,/artists/fena-gitu,302,true,base_article_artist_redirect,high,true,Legacy singular /artist/ route should map to React plural /artists/ route.
/artist/flier/,/artists/flier,302,true,base_article_artist_redirect,high,true,Legacy singular /artist/ route should map to React plural /artists/ route.
/artist/genes1s/,/artists/genes1s,302,true,base_article_artist_redirect,high,true,Legacy singular /artist/ route should map to React plural /artists/ route.
/artist/h_art-the-band/,/artists/h_art-the-band,302,true,base_article_artist_redirect,high,true,Legacy singular /artist/ route should map to React plural /artists/ route.
/artist/israel-onyach/,/artists/israel-onyach,302,true,base_article_artist_redirect,high,true,Legacy singular /artist/ route should map to React plural /artists/ route.
/artist/iyanii/,/artists/iyanii,302,true,base_article_artist_redirect,high,true,Legacy singular /artist/ route should map to React plural /artists/ route.
/artist/joefes/,/artists/joefes,302,true,base_article_artist_redirect,high,true,Legacy singular /artist/ route should map to React plural /artists/ route.
/artist/jua-cali/,/artists/jua-cali,302,true,base_article_artist_redirect,high,true,Legacy singular /artist/ route should map to React plural /artists/ route.
/artist/juliani/,/artists/juliani,302,true,base_article_artist_redirect,high,true,Legacy singular /artist/ route should map to React plural /artists/ route.
/artist/june-gachui/,/artists/june-gachui,302,true,base_article_artist_redirect,high,true,Legacy singular /artist/ route should map to React plural /artists/ route.
/artist/just-a-band/,/artists/just-a-band,302,true,base_article_artist_redirect,high,true,Legacy singular /artist/ route should map to React plural /artists/ route.
/artist/kaa-la-moto/,/artists/kaa-la-moto,302,true,base_article_artist_redirect,high,true,Legacy singular /artist/ route should map to React plural /artists/ route.
/artist/kagwe-mungai/,/artists/kagwe-mungai,302,true,base_article_artist_redirect,high,true,Legacy singular /artist/ route should map to React plural /artists/ route.
/artist/kahush/,/artists/kahush,302,true,base_article_artist_redirect,high,true,Legacy singular /artist/ route should map to React plural /artists/ route.
/artist/kalamashaka/,/artists/kalamashaka,302,true,base_article_artist_redirect,high,true,Legacy singular /artist/ route should map to React plural /artists/ route.
/artist/karura-voices/,/artists/karura-voices,302,true,base_article_artist_redirect,high,true,Legacy singular /artist/ route should map to React plural /artists/ route.
/artist/katapilla/,/artists/katapilla,302,true,base_article_artist_redirect,high,true,Legacy singular /artist/ route should map to React plural /artists/ route.
/artist/kethan/,/artists/kethan,302,true,base_article_artist_redirect,high,true,Legacy singular /artist/ route should map to React plural /artists/ route.
/artist/khaligraph-jones/,/artists/khaligraph-jones,302,true,base_article_artist_redirect,high,true,Legacy singular /artist/ route should map to React plural /artists/ route.
/artist/king-kaka/,/artists/king-kaka,302,true,base_article_artist_redirect,high,true,Legacy singular /artist/ route should map to React plural /artists/ route.
/artist/kitu-sewer/,/artists/kitu-sewer,302,true,base_article_artist_redirect,high,true,Legacy singular /artist/ route should map to React plural /artists/ route.
/artist/kleptomaniax/,/artists/kleptomaniax,302,true,base_article_artist_redirect,high,true,Legacy singular /artist/ route should map to React plural /artists/ route.
/artist/krg-the-don/,/artists/krg-the-don,302,true,base_article_artist_redirect,high,true,Legacy singular /artist/ route should map to React plural /artists/ route.
/artist/kushman/,/artists/kushman,302,true,base_article_artist_redirect,high,true,Legacy singular /artist/ route should map to React plural /artists/ route.
/artist/lil-maina/,/artists/lil-maina,302,true,base_article_artist_redirect,high,true,Legacy singular /artist/ route should map to React plural /artists/ route.
/artist/maandy/,/artists/maandy,302,true,base_article_artist_redirect,high,true,Legacy singular /artist/ route should map to React plural /artists/ route.
/artist/maovete/,/artists/maovete,302,true,base_article_artist_redirect,high,true,Legacy singular /artist/ route should map to React plural /artists/ route.
/artist/masauti/,/artists/masauti,302,true,base_article_artist_redirect,high,true,Legacy singular /artist/ route should map to React plural /artists/ route.
/artist/mastar-vk/,/artists/mastar-vk,302,true,base_article_artist_redirect,high,true,Legacy singular /artist/ route should map to React plural /artists/ route.
/artist/matata/,/artists/matata,302,true,base_article_artist_redirect,high,true,Legacy singular /artist/ route should map to React plural /artists/ route.
/artist/matt-ngesa/,/artists/matt-ngesa,302,true,base_article_artist_redirect,high,true,Legacy singular /artist/ route should map to React plural /artists/ route.
/artist/mau-from-nowhere/,/artists/mau-from-nowhere,302,true,base_article_artist_redirect,high,true,Legacy singular /artist/ route should map to React plural /artists/ route.
/artist/maya-amolo/,/artists/maya-amolo,302,true,base_article_artist_redirect,high,true,Legacy singular /artist/ route should map to React plural /artists/ route.
/artist/mayonde/,/artists/mayonde,302,true,base_article_artist_redirect,high,true,Legacy singular /artist/ route should map to React plural /artists/ route.
/artist/mbuzi-gang/,/artists/mbuzi-gang,302,true,base_article_artist_redirect,high,true,Legacy singular /artist/ route should map to React plural /artists/ route.
/artist/mejja/,/artists/mejja,302,true,base_article_artist_redirect,high,true,Legacy singular /artist/ route should map to React plural /artists/ route.
/artist/mordecai-dex/,/artists/mordecai-dex,302,true,base_article_artist_redirect,high,true,Legacy singular /artist/ route should map to React plural /artists/ route.
/artist/muthaka/,/artists/muthaka,302,true,base_article_artist_redirect,high,true,Legacy singular /artist/ route should map to React plural /artists/ route.
/artist/mutoriah/,/artists/mutoriah,302,true,base_article_artist_redirect,high,true,Legacy singular /artist/ route should map to React plural /artists/ route.
/artist/nadia-mukami/,/artists/nadia-mukami,302,true,base_article_artist_redirect,high,true,Legacy singular /artist/ route should map to React plural /artists/ route.
/artist/ndovu-kuu/,/artists/ndovu-kuu,302,true,base_article_artist_redirect,high,true,Legacy singular /artist/ route should map to React plural /artists/ route.
/artist/njerae/,/artists/njerae,302,true,base_article_artist_redirect,high,true,Legacy singular /artist/ route should map to React plural /artists/ route.
/artist/njoki-karu/,/artists/njoki-karu,302,true,base_article_artist_redirect,high,true,Legacy singular /artist/ route should map to React plural /artists/ route.
/artist/nyashinski/,/artists/nyashinski,302,true,base_article_artist_redirect,high,true,Legacy singular /artist/ route should map to React plural /artists/ route.
/artist/ochungulo-family/,/artists/ochungulo-family,302,true,base_article_artist_redirect,high,true,Legacy singular /artist/ route should map to React plural /artists/ route.
/artist/octopizzo/,/artists/octopizzo,302,true,base_article_artist_redirect,high,true,Legacy singular /artist/ route should map to React plural /artists/ route.
/artist/okello-max/,/artists/okello-max,302,true,base_article_artist_redirect,high,true,Legacy singular /artist/ route should map to React plural /artists/ route.
/artist/otile-brown/,/artists/otile-brown,302,true,base_article_artist_redirect,high,true,Legacy singular /artist/ route should map to React plural /artists/ route.
/artist/polaris-pauline/,/artists/polaris-pauline,302,true,base_article_artist_redirect,high,true,Legacy singular /artist/ route should map to React plural /artists/ route.
/artist/rekles/,/artists/rekles,302,true,base_article_artist_redirect,high,true,Legacy singular /artist/ route should map to React plural /artists/ route.
/artist/sabi-wu/,/artists/sabi-wu,302,true,base_article_artist_redirect,high,true,Legacy singular /artist/ route should map to React plural /artists/ route.
/artist/sauti-sol/,/artists/sauti-sol,302,true,base_article_artist_redirect,high,true,Legacy singular /artist/ route should map to React plural /artists/ route.
/artist/savara/,/artists/savara,302,true,base_article_artist_redirect,high,true,Legacy singular /artist/ route should map to React plural /artists/ route.
/artist/savinnah/,/artists/savinnah,302,true,base_article_artist_redirect,high,true,Legacy singular /artist/ route should map to React plural /artists/ route.
/artist/scar-mkadinali/,/artists/scar-mkadinali,302,true,base_article_artist_redirect,high,true,Legacy singular /artist/ route should map to React plural /artists/ route.
/artist/serro/,/artists/serro,302,true,base_article_artist_redirect,high,true,Legacy singular /artist/ route should map to React plural /artists/ route.
/artist/sewersydaa/,/artists/sewersydaa,302,true,base_article_artist_redirect,high,true,Legacy singular /artist/ route should map to React plural /artists/ route.
/artist/shekinah-karen/,/artists/shekinah-karen,302,true,base_article_artist_redirect,high,true,Legacy singular /artist/ route should map to React plural /artists/ route.
/artist/sofiya-nzau/,/artists/sofiya-nzau,302,true,base_article_artist_redirect,high,true,Legacy singular /artist/ route should map to React plural /artists/ route.
/artist/ssaru/,/artists/ssaru,302,true,base_article_artist_redirect,high,true,Legacy singular /artist/ route should map to React plural /artists/ route.
/artist/stacy-kamatu/,/artists/stacy-kamatu,302,true,base_article_artist_redirect,high,true,Legacy singular /artist/ route should map to React plural /artists/ route.
/artist/swat-matire/,/artists/swat-matire,302,true,base_article_artist_redirect,high,true,Legacy singular /artist/ route should map to React plural /artists/ route.
/artist/teslah/,/artists/teslah,302,true,base_article_artist_redirect,high,true,Legacy singular /artist/ route should map to React plural /artists/ route.
/artist/tina-ardor/,/artists/tina-ardor,302,true,base_article_artist_redirect,high,true,Legacy singular /artist/ route should map to React plural /artists/ route.
/artist/tipsy-gee/,/artists/tipsy-gee,302,true,base_article_artist_redirect,high,true,Legacy singular /artist/ route should map to React plural /artists/ route.
/artist/toxic-lyrikali/,/artists/toxic-lyrikali,302,true,base_article_artist_redirect,high,true,Legacy singular /artist/ route should map to React plural /artists/ route.
/artist/trio-mio/,/artists/trio-mio,302,true,base_article_artist_redirect,high,true,Legacy singular /artist/ route should map to React plural /artists/ route.
/artist/ukweli/,/artists/ukweli,302,true,base_article_artist_redirect,high,true,Legacy singular /artist/ route should map to React plural /artists/ route.
/artist/uncojingjong/,/artists/uncojingjong,302,true,base_article_artist_redirect,high,true,Legacy singular /artist/ route should map to React plural /artists/ route.
/artist/unspoken-salaton/,/artists/unspoken-salaton,302,true,base_article_artist_redirect,high,true,Legacy singular /artist/ route should map to React plural /artists/ route.
/artist/v-be/,/artists/v-be,302,true,base_article_artist_redirect,high,true,Legacy singular /artist/ route should map to React plural /artists/ route.
/artist/vic-west/,/artists/vic-west,302,true,base_article_artist_redirect,high,true,Legacy singular /artist/ route should map to React plural /artists/ route.
/artist/wakadinali/,/artists/wakadinali,302,true,base_article_artist_redirect,high,true,Legacy singular /artist/ route should map to React plural /artists/ route.
/artist/wanavokali/,/artists/wanavokali,302,true,base_article_artist_redirect,high,true,Legacy singular /artist/ route should map to React plural /artists/ route.
/artist/wangechi/,/artists/wangechi,302,true,base_article_artist_redirect,high,true,Legacy singular /artist/ route should map to React plural /artists/ route.
/artist/wanja-wohoro/,/artists/wanja-wohoro,302,true,base_article_artist_redirect,high,true,Legacy singular /artist/ route should map to React plural /artists/ route.
/artist/watendawili/,/artists/watendawili,302,true,base_article_artist_redirect,high,true,Legacy singular /artist/ route should map to React plural /artists/ route.
/artist/we-are-nubia/,/artists/we-are-nubia,302,true,base_article_artist_redirect,high,true,Legacy singular /artist/ route should map to React plural /artists/ route.
/artist/willy-paul/,/artists/willy-paul,302,true,base_article_artist_redirect,high,true,Legacy singular /artist/ route should map to React plural /artists/ route.
/artist/winyo/,/artists/winyo,302,true,base_article_artist_redirect,high,true,Legacy singular /artist/ route should map to React plural /artists/ route.
/artist/wyre/,/artists/wyre,302,true,base_article_artist_redirect,high,true,Legacy singular /artist/ route should map to React plural /artists/ route.
/artist/xenia-manasseh/,/artists/xenia-manasseh,302,true,base_article_artist_redirect,high,true,Legacy singular /artist/ route should map to React plural /artists/ route.
/artist/yaba/,/artists/yaba,302,true,base_article_artist_redirect,high,true,Legacy singular /artist/ route should map to React plural /artists/ route.
/artist/ywaya-tajiri/,/artists/ywaya-tajiri,302,true,base_article_artist_redirect,high,true,Legacy singular /artist/ route should map to React plural /artists/ route.
/artist/zaituni/,/artists/zaituni,302,true,base_article_artist_redirect,high,true,Legacy singular /artist/ route should map to React plural /artists/ route.
/artist/zowie-kengocha/,/artists/zowie-kengocha,302,true,base_article_artist_redirect,high,true,Legacy singular /artist/ route should map to React plural /artists/ route.
/artist/zzero-sufuri/,/artists/zzero-sufuri,302,true,base_article_artist_redirect,high,true,Legacy singular /artist/ route should map to React plural /artists/ route.
/atemi-brings-the-joy-of-christmas-alive-in-tis-the-season-album/,/magazine/atemi-brings-the-joy-of-christmas-alive-in-tis-the-season-album,302,true,base_article_artist_redirect,high,true,Legacy article/page slug has a matching React magazine route.
/beef-the-rivalries-that-shaped-kenyan-music/,/magazine/beef-the-rivalries-that-shaped-kenyan-music,302,true,base_article_artist_redirect,high,true,Legacy article/page slug has a matching React magazine route.
/best-apple-music-playlists-to-discover-new-kenyan-music/,/magazine/best-apple-music-playlists-to-discover-new-kenyan-music,302,true,base_article_artist_redirect,high,true,Legacy article/page slug has a matching React magazine route.
/best-new-kenyan-music-2022/,/magazine/best-new-kenyan-music-2022,302,true,base_article_artist_redirect,high,true,Legacy article/page slug has a matching React magazine route.
/bigpin-is-back-with-new-ep-pino/,/magazine/bigpin-is-back-with-new-ep-pino,302,true,base_article_artist_redirect,high,true,Legacy article/page slug has a matching React magazine route.
/birth-of-gengetone/,/magazine/birth-of-gengetone,302,true,base_article_artist_redirect,high,true,Legacy article/page slug has a matching React magazine route.
/building-a-sustainable-music-industry-in-kenya/,/magazine/building-a-sustainable-music-industry-in-kenya,302,true,base_article_artist_redirect,high,true,Legacy article/page slug has a matching React magazine route.
/buruklyn-boyz-inspiring-a-new-generation-of-young-artists/,/magazine/buruklyn-boyz-inspiring-a-new-generation-of-young-artists,302,true,base_article_artist_redirect,high,true,Legacy article/page slug has a matching React magazine route.
/calling-african-creatives-your-comprehensive-guide-to-2024s-end-of-year-noteworthy-prizes-residencies-masterclasses-and-more/,/magazine/calling-african-creatives-your-comprehensive-guide-to-2024s-end-of-year-noteworthy-prizes-residencies-masterclasses-and-more,302,true,base_article_artist_redirect,high,true,Legacy article/page slug has a matching React magazine route.
/capture-the-beauty-of-nature-through-photography/,/magazine/capture-the-beauty-of-nature-through-photography,302,true,base_article_artist_redirect,high,true,Legacy article/page slug has a matching React magazine route.
/case-to-rename-landmarks-of-africa/,/magazine/case-to-rename-landmarks-of-africa,302,true,base_article_artist_redirect,high,true,Legacy article/page slug has a matching React magazine route.
/cave-bureau-indigenous-communities-2023-venice-architecture-biennale/,/magazine/cave-bureau-indigenous-communities-2023-venice-architecture-biennale,302,true,base_article_artist_redirect,high,true,Legacy article/page slug has a matching React magazine route.
/chapter-5-a-good-citizen/,/magazine/chapter-5-a-good-citizen,302,true,base_article_artist_redirect,high,true,Legacy article/page slug has a matching React magazine route.
/christmas-in-2020/,/magazine/christmas-in-2020,302,true,base_article_artist_redirect,high,true,Legacy article/page slug has a matching React magazine route.
/chronicles-of-gedi-the-heart-of-a-jackal/,/magazine/chronicles-of-gedi-the-heart-of-a-jackal,302,true,base_article_artist_redirect,high,true,Legacy article/page slug has a matching React magazine route.
/chronicles-of-gedi-the-hunter-and-the-roving-pt-1/,/magazine/chronicles-of-gedi-the-hunter-and-the-roving-pt-1,302,true,base_article_artist_redirect,high,true,Legacy article/page slug has a matching React magazine route.
/circle-art-to-showcase-dickens-otienos-new-works-at-art-dubai-2023/,/magazine/circle-art-to-showcase-dickens-otienos-new-works-at-art-dubai-2023,302,true,base_article_artist_redirect,high,true,Legacy article/page slug has a matching React magazine route.
/collaboration-in-kenyan-music-industry/,/magazine/collaboration-in-kenyan-music-industry,302,true,base_article_artist_redirect,high,true,Legacy article/page slug has a matching React magazine route.
/contacts/,/contact,302,true,base_article_artist_redirect,high,true,Known legacy static/account route has a matching React destination.
/cultivating-new-cultural-identity/,/magazine/cultivating-new-cultural-identity,302,true,base_article_artist_redirect,high,true,Legacy article/page slug has a matching React magazine route.
/cultural-destinations-outside-nairobi-worth-visiting/,/magazine/cultural-destinations-outside-nairobi-worth-visiting,302,true,base_article_artist_redirect,high,true,Legacy article/page slug has a matching React magazine route.
/dear-baba-from-the-africa-you-dreamt-of/,/magazine/dear-baba-from-the-africa-you-dreamt-of,302,true,base_article_artist_redirect,high,true,Legacy article/page slug has a matching React magazine route.
/debunking-5-top-conspiracy-theories-in-kenya/,/magazine/debunking-5-top-conspiracy-theories-in-kenya,302,true,base_article_artist_redirect,high,true,Legacy article/page slug has a matching React magazine route.
/delightful-start-to-season-2-of-bare-sessions/,/magazine/delightful-start-to-season-2-of-bare-sessions,302,true,base_article_artist_redirect,high,true,Legacy article/page slug has a matching React magazine route.
/designing-for-accessibility-best-practices-for-inclusive-design-in-digital-and-built-environments/,/magazine/designing-for-accessibility-best-practices-for-inclusive-design-in-digital-and-built-environments,302,true,base_article_artist_redirect,high,true,Legacy article/page slug has a matching React magazine route.
/disko-album-review-kodongklan/,/magazine/disko-album-review-kodongklan,302,true,base_article_artist_redirect,high,true,Legacy article/page slug has a matching React magazine route.
/does-culture-shape-education-or-does-education-shape-culture/,/magazine/does-culture-shape-education-or-does-education-shape-culture,302,true,base_article_artist_redirect,high,true,Legacy article/page slug has a matching React magazine route.
/duka/,/,302,true,base_article_artist_redirect,high,true,Known legacy static/account route has a matching React destination.
/eliud-kipchoge-pursues-marathon-grand-slam/,/magazine/eliud-kipchoge-pursues-marathon-grand-slam,302,true,base_article_artist_redirect,high,true,Legacy article/page slug has a matching React magazine route.
/embracing-linguistic-diversity-in-a-globalized-world/,/magazine/embracing-linguistic-diversity-in-a-globalized-world,302,true,base_article_artist_redirect,high,true,Legacy article/page slug has a matching React magazine route.
/en-route-watendawili-album-review/,/magazine/en-route-watendawili-album-review,302,true,base_article_artist_redirect,high,true,Legacy article/page slug has a matching React magazine route.
/enabling-the-adoption-of-afcfta-through-digitalization/,/magazine/enabling-the-adoption-of-afcfta-through-digitalization,302,true,base_article_artist_redirect,high,true,Legacy article/page slug has a matching React magazine route.
/ep-review-wameyo-by-elsy-wameyo/,/magazine/ep-review-wameyo-by-elsy-wameyo,302,true,base_article_artist_redirect,high,true,Legacy article/page slug has a matching React magazine route.
/eric-rugara-chapter-in-the-story-of-surrealism-writing-in-kenya/,/magazine/eric-rugara-chapter-in-the-story-of-surrealism-writing-in-kenya,302,true,base_article_artist_redirect,high,true,Legacy article/page slug has a matching React magazine route.
/evolution-of-drill-music-in-kenya/,/magazine/evolution-of-drill-music-in-kenya,302,true,base_article_artist_redirect,high,true,Legacy article/page slug has a matching React magazine route.
/evolution-of-ideas/,/magazine/evolution-of-ideas,302,true,base_article_artist_redirect,high,true,Legacy article/page slug has a matching React magazine route.
/expand-your-worldview-resources-to-broaden-your-perspective/,/magazine/expand-your-worldview-resources-to-broaden-your-perspective,302,true,base_article_artist_redirect,high,true,Legacy article/page slug has a matching React magazine route.
/faith-kipyegon-cementing-the-reign-of-a-running-royal/,/magazine/faith-kipyegon-cementing-the-reign-of-a-running-royal,302,true,base_article_artist_redirect,high,true,Legacy article/page slug has a matching React magazine route.
/femi-one-speaks-to-the-hearts-of-kenyan-youth-everywhere/,/magazine/femi-one-speaks-to-the-hearts-of-kenyan-youth-everywhere,302,true,base_article_artist_redirect,high,true,Legacy article/page slug has a matching React magazine route.
/fiction-books-by-kenyan-authors-to-read-at-least-once/,/magazine/fiction-books-by-kenyan-authors-to-read-at-least-once,302,true,base_article_artist_redirect,high,true,Legacy article/page slug has a matching React magazine route.
/flier-is-for-lovers-in-endless-revolutions/,/magazine/flier-is-for-lovers-in-endless-revolutions,302,true,base_article_artist_redirect,high,true,Legacy article/page slug has a matching React magazine route.
/found-in-translation-the-rise-of-kenyan-vernacular-pop-music/,/magazine/found-in-translation-the-rise-of-kenyan-vernacular-pop-music,302,true,base_article_artist_redirect,high,true,Legacy article/page slug has a matching React magazine route.
/from-benga-to-gengetone-a-history-of-kenyan-music/,/magazine/from-benga-to-gengetone-a-history-of-kenyan-music,302,true,base_article_artist_redirect,high,true,Legacy article/page slug has a matching React magazine route.
/from-cairo-to-cape-town-100-relaxing-african-songs-part-1/,/magazine/from-cairo-to-cape-town-100-relaxing-african-songs-part-1,302,true,base_article_artist_redirect,high,true,Legacy article/page slug has a matching React magazine route.
/from-cairo-to-cape-town-100-relaxing-african-songs-part-2/,/magazine/from-cairo-to-cape-town-100-relaxing-african-songs-part-2,302,true,base_article_artist_redirect,high,true,Legacy article/page slug has a matching React magazine route.
/from-cairo-to-cape-town-100-relaxing-african-songs-part-5/,/magazine/from-cairo-to-cape-town-100-relaxing-african-songs-part-5,302,true,base_article_artist_redirect,high,true,Legacy article/page slug has a matching React magazine route.
/from-cairo-to-cape-town-african-music-playlist-part-3/,/magazine/from-cairo-to-cape-town-african-music-playlist-part-3,302,true,base_article_artist_redirect,high,true,Legacy article/page slug has a matching React magazine route.
/from-cairo-to-cape-town-relaxing-african-music-part-4/,/magazine/from-cairo-to-cape-town-relaxing-african-music-part-4,302,true,base_article_artist_redirect,high,true,Legacy article/page slug has a matching React magazine route.
/gen-z-account-of-2022-general-elections-in-kenya/,/magazine/gen-z-account-of-2022-general-elections-in-kenya,302,true,base_article_artist_redirect,high,true,Legacy article/page slug has a matching React magazine route.
/gods-justice-and-mercy/,/magazine/gods-justice-and-mercy,302,true,base_article_artist_redirect,high,true,Legacy article/page slug has a matching React magazine route.
/growing-pains-blankets-wine/,/magazine/growing-pains-blankets-wine,302,true,base_article_artist_redirect,high,true,Legacy article/page slug has a matching React magazine route.
/guide-to-nfts-everything-you-need-to-know-about-non-fungible-tokens/,/magazine/guide-to-nfts-everything-you-need-to-know-about-non-fungible-tokens,302,true,base_article_artist_redirect,high,true,Legacy article/page slug has a matching React magazine route.
/history-of-nairobi-street-art-movement/,/magazine/history-of-nairobi-street-art-movement,302,true,base_article_artist_redirect,high,true,Legacy article/page slug has a matching React magazine route.
/how-afrohouse-found-a-second-home-in-nairobi/,/magazine/how-afrohouse-found-a-second-home-in-nairobi,302,true,base_article_artist_redirect,high,true,Legacy article/page slug has a matching React magazine route.
/how-kenyan-arbantone-could-take-root-as-a-genre/,/magazine/how-kenyan-arbantone-could-take-root-as-a-genre,302,true,base_article_artist_redirect,high,true,Legacy article/page slug has a matching React magazine route.
/how-to-design-for-the-blind/,/magazine/how-to-design-for-the-blind,302,true,base_article_artist_redirect,high,true,Legacy article/page slug has a matching React magazine route.
/how-to-hire-creatives/,/magazine/how-to-hire-creatives,302,true,base_article_artist_redirect,high,true,Legacy article/page slug has a matching React magazine route.
/how-to-make-digital-art/,/magazine/how-to-make-digital-art,302,true,base_article_artist_redirect,high,true,Legacy article/page slug has a matching React magazine route.
/how-to-make-new-friends/,/magazine/how-to-make-new-friends,302,true,base_article_artist_redirect,high,true,Legacy article/page slug has a matching React magazine route.
/how-to-transfer-music-playlists-from-spotify-to-apple-music/,/magazine/how-to-transfer-music-playlists-from-spotify-to-apple-music,302,true,base_article_artist_redirect,high,true,Legacy article/page slug has a matching React magazine route.
/how-working-from-home-is-changing-the-creative-industry/,/magazine/how-working-from-home-is-changing-the-creative-industry,302,true,base_article_artist_redirect,high,true,Legacy article/page slug has a matching React magazine route.
/importance-of-art-in-engaging-the-community/,/magazine/importance-of-art-in-engaging-the-community,302,true,base_article_artist_redirect,high,true,Legacy article/page slug has a matching React magazine route.
/interview-maina-murumba-future-comedy-in-kenya/,/magazine/interview-maina-murumba-future-comedy-in-kenya,302,true,base_article_artist_redirect,high,true,Legacy article/page slug has a matching React magazine route.
/january-2024-noteworthy-fellowships-residencies-and-grants-for-kenyan-creatives/,/magazine/january-2024-noteworthy-fellowships-residencies-and-grants-for-kenyan-creatives,302,true,base_article_artist_redirect,high,true,Legacy article/page slug has a matching React magazine route.
/joseph-mbatia-bertiers-sarakasi-za-siasa-art-exhibition/,/magazine/joseph-mbatia-bertiers-sarakasi-za-siasa-art-exhibition,302,true,base_article_artist_redirect,high,true,Legacy article/page slug has a matching React magazine route.
/journal-of-a-new-plant-mom/,/magazine/journal-of-a-new-plant-mom,302,true,base_article_artist_redirect,high,true,Legacy article/page slug has a matching React magazine route.
/just-a-band-articulating-the-world-on-own-terms/,/magazine/just-a-band-articulating-the-world-on-own-terms,302,true,base_article_artist_redirect,high,true,Legacy article/page slug has a matching React magazine route.
/kenya-youtube-specials/,/magazine/kenya-youtube-specials,302,true,base_article_artist_redirect,high,true,Legacy article/page slug has a matching React magazine route.
/kenyan-art-exploring-the-rich-culture-of-the-maasai/,/magazine/kenyan-art-exploring-the-rich-culture-of-the-maasai,302,true,base_article_artist_redirect,high,true,Legacy article/page slug has a matching React magazine route.
/kenyan-female-artists-2022/,/magazine/kenyan-female-artists-2022,302,true,base_article_artist_redirect,high,true,Legacy article/page slug has a matching React magazine route.
/kenyan-music-to-the-world/,/magazine/kenyan-music-to-the-world,302,true,base_article_artist_redirect,high,true,Legacy article/page slug has a matching React magazine route.
/kenyan-short-stories-published-in-2023/,/magazine/kenyan-short-stories-published-in-2023,302,true,base_article_artist_redirect,high,true,Legacy article/page slug has a matching React magazine route.
/kenyan-shows-on-showmax-adapted-from-other-african-shows/,/magazine/kenyan-shows-on-showmax-adapted-from-other-african-shows,302,true,base_article_artist_redirect,high,true,Legacy article/page slug has a matching React magazine route.
/kenyan-visual-artists-propelling-industry-forward/,/magazine/kenyan-visual-artists-propelling-industry-forward,302,true,base_article_artist_redirect,high,true,Legacy article/page slug has a matching React magazine route.
/kenyas-top-10-one-hit-wonder-songs/,/magazine/kenyas-top-10-one-hit-wonder-songs,302,true,base_article_artist_redirect,high,true,Legacy article/page slug has a matching React magazine route.
/kenyas-top-female-artists-of-2025/,/magazine/kenyas-top-female-artists-of-2025,302,true,base_article_artist_redirect,high,true,Legacy article/page slug has a matching React magazine route.
/likizo-dj-mura-big-nyagz-album-review/,/magazine/likizo-dj-mura-big-nyagz-album-review,302,true,base_article_artist_redirect,high,true,Legacy article/page slug has a matching React magazine route.
/login/,/auth,302,true,base_article_artist_redirect,high,true,Known legacy static/account route has a matching React destination.
/magdalene-odundo-exhibition-at-the-hayward-gallery-art-exhibition/,/magazine/magdalene-odundo-exhibition-at-the-hayward-gallery-art-exhibition,302,true,base_article_artist_redirect,high,true,Legacy article/page slug has a matching React magazine route.
/maisha-ya-stunna-album-review/,/magazine/maisha-ya-stunna-album-review,302,true,base_article_artist_redirect,high,true,Legacy article/page slug has a matching React magazine route.
/making-art-accessible-to-everyone/,/magazine/making-art-accessible-to-everyone,302,true,base_article_artist_redirect,high,true,Legacy article/page slug has a matching React magazine route.
/michael-soi-and-thom-ogongas-sex-and-the-city-5-art-exhibition-opens-at-alliance-francaise/,/magazine/michael-soi-and-thom-ogongas-sex-and-the-city-5-art-exhibition-opens-at-alliance-francaise,302,true,base_article_artist_redirect,high,true,Legacy article/page slug has a matching React magazine route.
/nairobi-festival-a-spark-to-rekindle-the-fire-of-community/,/magazine/nairobi-festival-a-spark-to-rekindle-the-fire-of-community,302,true,base_article_artist_redirect,high,true,Legacy article/page slug has a matching React magazine route.
/nairobi-national-park/,/magazine/nairobi-national-park,302,true,base_article_artist_redirect,high,true,Legacy article/page slug has a matching React magazine route.
/njerae-and-the-changing-face-of-kenyan-rnb/,/magazine/njerae-and-the-changing-face-of-kenyan-rnb,302,true,base_article_artist_redirect,high,true,Legacy article/page slug has a matching React magazine route.
/njoki-karu-mwihoko-utheri-wa-ngoro-album-review/,/magazine/njoki-karu-mwihoko-utheri-wa-ngoro-album-review,302,true,base_article_artist_redirect,high,true,Legacy article/page slug has a matching React magazine route.
/no-dead-heroes-no-good-soldiers/,/magazine/no-dead-heroes-no-good-soldiers,302,true,base_article_artist_redirect,high,true,Legacy article/page slug has a matching React magazine route.
/nyege-nyege-festival-2023-november/,/magazine/nyege-nyege-festival-2023-november,302,true,base_article_artist_redirect,high,true,Legacy article/page slug has a matching React magazine route.
/of-shrubbing-or-when-the-tongue-slips/,/magazine/of-shrubbing-or-when-the-tongue-slips,302,true,base_article_artist_redirect,high,true,Legacy article/page slug has a matching React magazine route.
/open-letter-cabinet-secretary-youth-affairs-sports-arts/,/magazine/open-letter-cabinet-secretary-youth-affairs-sports-arts,302,true,base_article_artist_redirect,high,true,Legacy article/page slug has a matching React magazine route.
/overthinkers-assemble/,/magazine/overthinkers-assemble,302,true,base_article_artist_redirect,high,true,Legacy article/page slug has a matching React magazine route.
/pepeta-stoking-the-flames-of-acceptance/,/magazine/pepeta-stoking-the-flames-of-acceptance,302,true,base_article_artist_redirect,high,true,Legacy article/page slug has a matching React magazine route.
/poetry-slam-africa-festival-returns-to-nairobi-this-january/,/magazine/poetry-slam-africa-festival-returns-to-nairobi-this-january,302,true,base_article_artist_redirect,high,true,Legacy article/page slug has a matching React magazine route.
/promoting-music-on-tiktok-and-social-media/,/magazine/promoting-music-on-tiktok-and-social-media,302,true,base_article_artist_redirect,high,true,Legacy article/page slug has a matching React magazine route.
/public-profile/,/profile,302,true,base_article_artist_redirect,high,true,Known legacy static/account route has a matching React destination.
/registry/,/charts,302,true,base_article_artist_redirect,high,true,Known legacy static/account route has a matching React destination.
/review-of-kizazi-moto-by-kizazi-moto/,/magazine/review-of-kizazi-moto-by-kizazi-moto,302,true,base_article_artist_redirect,high,true,Legacy article/page slug has a matching React magazine route.
/short-walk-through-maasai-market/,/magazine/short-walk-through-maasai-market,302,true,base_article_artist_redirect,high,true,Legacy article/page slug has a matching React magazine route.
/should-you-read-african-fiction/,/magazine/should-you-read-african-fiction,302,true,base_article_artist_redirect,high,true,Legacy article/page slug has a matching React magazine route.
/so-you-are-crying-in-a-matatu/,/magazine/so-you-are-crying-in-a-matatu,302,true,base_article_artist_redirect,high,true,Legacy article/page slug has a matching React magazine route.
/spotlight-on-kenyan-literature-in-2023/,/magazine/spotlight-on-kenyan-literature-in-2023,302,true,base_article_artist_redirect,high,true,Legacy article/page slug has a matching React magazine route.
/stomach-infrastructure-2-0-how-digital-politics-feeds-hunger/,/magazine/stomach-infrastructure-2-0-how-digital-politics-feeds-hunger,302,true,base_article_artist_redirect,high,true,Legacy article/page slug has a matching React magazine route.
/taifa-1-kenya-launches-first-earth-observation-satellite-into-orbit/,/magazine/taifa-1-kenya-launches-first-earth-observation-satellite-into-orbit,302,true,base_article_artist_redirect,high,true,Legacy article/page slug has a matching React magazine route.
/thais-diarra-noumoucounda-alliance-francaise-nairobi/,/magazine/thais-diarra-noumoucounda-alliance-francaise-nairobi,302,true,base_article_artist_redirect,high,true,Legacy article/page slug has a matching React magazine route.
/the-african-climate-story-they-do-not-want-us-to-tell/,/magazine/the-african-climate-story-they-do-not-want-us-to-tell,302,true,base_article_artist_redirect,high,true,Legacy article/page slug has a matching React magazine route.
/the-artists-who-defined-kenyan-music-in-2025/,/magazine/the-artists-who-defined-kenyan-music-in-2025,302,true,base_article_artist_redirect,high,true,Legacy article/page slug has a matching React magazine route.
/the-birth-of-the-visualizer/,/magazine/the-birth-of-the-visualizer,302,true,base_article_artist_redirect,high,true,Legacy article/page slug has a matching React magazine route.
/the-curious-case-of-the-young-contemporary-african/,/magazine/the-curious-case-of-the-young-contemporary-african,302,true,base_article_artist_redirect,high,true,Legacy article/page slug has a matching React magazine route.
/the-day-kenyans-got-angry-enough-rejectfinancebill2024/,/magazine/the-day-kenyans-got-angry-enough-rejectfinancebill2024,302,true,base_article_artist_redirect,high,true,Legacy article/page slug has a matching React magazine route.
/the-era-of-digital-music-spotify-launches-in-kenya/,/magazine/the-era-of-digital-music-spotify-launches-in-kenya,302,true,base_article_artist_redirect,high,true,Legacy article/page slug has a matching React magazine route.
/the-evolution-of-kikuyu-music/,/magazine/the-evolution-of-kikuyu-music,302,true,base_article_artist_redirect,high,true,Legacy article/page slug has a matching React magazine route.
/the-ghost-in-the-algorithm-how-digital-africa-lost-its-moral-compass/,/magazine/the-ghost-in-the-algorithm-how-digital-africa-lost-its-moral-compass,302,true,base_article_artist_redirect,high,true,Legacy article/page slug has a matching React magazine route.
/the-hound-of-heaven-comes-to-succession/,/magazine/the-hound-of-heaven-comes-to-succession,302,true,base_article_artist_redirect,high,true,Legacy article/page slug has a matching React magazine route.
/the-kenya-pavilion-at-la-biennale-di-venezia-2022/,/magazine/the-kenya-pavilion-at-la-biennale-di-venezia-2022,302,true,base_article_artist_redirect,high,true,Legacy article/page slug has a matching React magazine route.
/the-latest-exhibition-by-syowia-kyambi-explores-the-bold-truth/,/magazine/the-latest-exhibition-by-syowia-kyambi-explores-the-bold-truth,302,true,base_article_artist_redirect,high,true,Legacy article/page slug has a matching React magazine route.
/the-power-of-film/,/magazine/the-power-of-film,302,true,base_article_artist_redirect,high,true,Legacy article/page slug has a matching React magazine route.
/the-rise-of-music-playlists/,/magazine/the-rise-of-music-playlists,302,true,base_article_artist_redirect,high,true,Legacy article/page slug has a matching React magazine route.
/the-rising-popularity-of-afro-centric-childrens-entertainment/,/magazine/the-rising-popularity-of-afro-centric-childrens-entertainment,302,true,base_article_artist_redirect,high,true,Legacy article/page slug has a matching React magazine route.
/the-songs-that-marched-with-us/,/magazine/the-songs-that-marched-with-us,302,true,base_article_artist_redirect,high,true,Legacy article/page slug has a matching React magazine route.
/the-three-phases-of-gengetone/,/magazine/the-three-phases-of-gengetone,302,true,base_article_artist_redirect,high,true,Legacy article/page slug has a matching React magazine route.
/the-truth-still-counts/,/magazine/the-truth-still-counts,302,true,base_article_artist_redirect,high,true,Legacy article/page slug has a matching React magazine route.
/the-water-we-drink-the-food-we-eat-why-we-need-to-trace-the-source/,/magazine/the-water-we-drink-the-food-we-eat-why-we-need-to-trace-the-source,302,true,base_article_artist_redirect,high,true,Legacy article/page slug has a matching React magazine route.
/theatre-in-a-vacuum/,/magazine/theatre-in-a-vacuum,302,true,base_article_artist_redirect,high,true,Legacy article/page slug has a matching React magazine route.
/this-year/,/magazine/this-year,302,true,base_article_artist_redirect,high,true,Legacy article/page slug has a matching React magazine route.
/too-early-for-birds-rewriting-annals-kenya-history/,/magazine/too-early-for-birds-rewriting-annals-kenya-history,302,true,base_article_artist_redirect,high,true,Legacy article/page slug has a matching React magazine route.
/top-10-femi-one-songs/,/magazine/top-10-femi-one-songs,302,true,base_article_artist_redirect,high,true,Legacy article/page slug has a matching React magazine route.
/top-10-karun-songs/,/magazine/top-10-karun-songs,302,true,base_article_artist_redirect,high,true,Legacy article/page slug has a matching React magazine route.
/top-10-kenyan-albums-2025/,/magazine/top-10-kenyan-albums-2025,302,true,base_article_artist_redirect,high,true,Legacy article/page slug has a matching React magazine route.
/top-10-kenyan-albums-of-2022/,/magazine/top-10-kenyan-albums-of-2022,302,true,base_article_artist_redirect,high,true,Legacy article/page slug has a matching React magazine route.
/top-10-otile-brown-songs/,/magazine/top-10-otile-brown-songs,302,true,base_article_artist_redirect,high,true,Legacy article/page slug has a matching React magazine route.
/top-10-songs-by-buruklyn-boyz/,/magazine/top-10-songs-by-buruklyn-boyz,302,true,base_article_artist_redirect,high,true,Legacy article/page slug has a matching React magazine route.
/top-10-songs-by-kenyan-female-artists-released-in-january-2023/,/magazine/top-10-songs-by-kenyan-female-artists-released-in-january-2023,302,true,base_article_artist_redirect,high,true,Legacy article/page slug has a matching React magazine route.
/top-10-ssaru-songs/,/magazine/top-10-ssaru-songs,302,true,base_article_artist_redirect,high,true,Legacy article/page slug has a matching React magazine route.
/top-10-trio-mio-songs/,/magazine/top-10-trio-mio-songs,302,true,base_article_artist_redirect,high,true,Legacy article/page slug has a matching React magazine route.
/top-15-sauti-sol-songs/,/magazine/top-15-sauti-sol-songs,302,true,base_article_artist_redirect,high,true,Legacy article/page slug has a matching React magazine route.
/top-15-wakadinali-songs/,/magazine/top-15-wakadinali-songs,302,true,base_article_artist_redirect,high,true,Legacy article/page slug has a matching React magazine route.
/top-20-kenyan-songs-released-in-february-2023/,/magazine/top-20-kenyan-songs-released-in-february-2023,302,true,base_article_artist_redirect,high,true,Legacy article/page slug has a matching React magazine route.
/top-20-kenyan-songs-released-in-january-2023/,/magazine/top-20-kenyan-songs-released-in-january-2023,302,true,base_article_artist_redirect,high,true,Legacy article/page slug has a matching React magazine route.
/top-20-nyashinski-songs/,/magazine/top-20-nyashinski-songs,302,true,base_article_artist_redirect,high,true,Legacy article/page slug has a matching React magazine route.
/top-25-kenyan-songs-released-in-march-2023/,/magazine/top-25-kenyan-songs-released-in-march-2023,302,true,base_article_artist_redirect,high,true,Legacy article/page slug has a matching React magazine route.
/top-5-kenyan-films-on-netflix-writers-pick/,/magazine/top-5-kenyan-films-on-netflix-writers-pick,302,true,base_article_artist_redirect,high,true,Legacy article/page slug has a matching React magazine route.
/top-5-kenyan-films-released-in-2023/,/magazine/top-5-kenyan-films-released-in-2023,302,true,base_article_artist_redirect,high,true,Legacy article/page slug has a matching React magazine route.
/top-gengetone-songs-of-2022/,/magazine/top-gengetone-songs-of-2022,302,true,base_article_artist_redirect,high,true,Legacy article/page slug has a matching React magazine route.
/top-gengetone-songs-released-in-2023/,/magazine/top-gengetone-songs-released-in-2023,302,true,base_article_artist_redirect,high,true,Legacy article/page slug has a matching React magazine route.
/top-gengetone-songs-released-in-2025/,/magazine/top-gengetone-songs-released-in-2025,302,true,base_article_artist_redirect,high,true,Legacy article/page slug has a matching React magazine route.
/top-gengetone-songs-to-include-in-your-party-playlist/,/magazine/top-gengetone-songs-to-include-in-your-party-playlist,302,true,base_article_artist_redirect,high,true,Legacy article/page slug has a matching React magazine route.
/top-kenyan-albums-released-in-2023/,/magazine/top-kenyan-albums-released-in-2023,302,true,base_article_artist_redirect,high,true,Legacy article/page slug has a matching React magazine route.
/top-kenyan-drill-songs-released-in-2023/,/magazine/top-kenyan-drill-songs-released-in-2023,302,true,base_article_artist_redirect,high,true,Legacy article/page slug has a matching React magazine route.
/top-kenyan-songs-of-2025/,/magazine/top-kenyan-songs-of-2025,302,true,base_article_artist_redirect,high,true,Legacy article/page slug has a matching React magazine route.
/top-kenyan-songs-released-in-april-2023/,/magazine/top-kenyan-songs-released-in-april-2023,302,true,base_article_artist_redirect,high,true,Legacy article/page slug has a matching React magazine route.
/top-kenyan-songs-released-in-august-2023/,/magazine/top-kenyan-songs-released-in-august-2023,302,true,base_article_artist_redirect,high,true,Legacy article/page slug has a matching React magazine route.
/top-kenyan-songs-released-in-july-2023/,/magazine/top-kenyan-songs-released-in-july-2023,302,true,base_article_artist_redirect,high,true,Legacy article/page slug has a matching React magazine route.
/top-kenyan-songs-released-in-november-2023/,/magazine/top-kenyan-songs-released-in-november-2023,302,true,base_article_artist_redirect,high,true,Legacy article/page slug has a matching React magazine route.
/toxic-lyrikali-amplifying-the-voice-of-the-streets/,/magazine/toxic-lyrikali-amplifying-the-voice-of-the-streets,302,true,base_article_artist_redirect,high,true,Legacy article/page slug has a matching React magazine route.
/trio-mio-a-new-hope-for-kenyan-music/,/magazine/trio-mio-a-new-hope-for-kenyan-music,302,true,base_article_artist_redirect,high,true,Legacy article/page slug has a matching React magazine route.
/volume-latest-kenyan-offering-on-netflix-asks-a-question/,/magazine/volume-latest-kenyan-offering-on-netflix-asks-a-question,302,true,base_article_artist_redirect,high,true,Legacy article/page slug has a matching React magazine route.
/wakilisha-humanistic-approach-covid-19-public-awareness/,/magazine/wakilisha-humanistic-approach-covid-19-public-awareness,302,true,base_article_artist_redirect,high,true,Legacy article/page slug has a matching React magazine route.
/want-to-get-out-more-start-a-book-club/,/magazine/want-to-get-out-more-start-a-book-club,302,true,base_article_artist_redirect,high,true,Legacy article/page slug has a matching React magazine route.
/what-about-selfishness/,/magazine/what-about-selfishness,302,true,base_article_artist_redirect,high,true,Legacy article/page slug has a matching React magazine route.
/what-is-amapiano/,/magazine/what-is-amapiano,302,true,base_article_artist_redirect,high,true,Legacy article/page slug has a matching React magazine route.
/what-is-it-about-kenyan-events/,/magazine/what-is-it-about-kenyan-events,302,true,base_article_artist_redirect,high,true,Legacy article/page slug has a matching React magazine route.
/what-is-the-importance-of-music/,/magazine/what-is-the-importance-of-music,302,true,base_article_artist_redirect,high,true,Legacy article/page slug has a matching React magazine route.
/what-to-know-about-the-proposed-copyright-bill/,/magazine/what-to-know-about-the-proposed-copyright-bill,302,true,base_article_artist_redirect,high,true,Legacy article/page slug has a matching React magazine route.
/why-love-can-be-so-unsexy/,/magazine/why-love-can-be-so-unsexy,302,true,base_article_artist_redirect,high,true,Legacy article/page slug has a matching React magazine route.
/why-you-need-design-thinking/,/magazine/why-you-need-design-thinking,302,true,base_article_artist_redirect,high,true,Legacy article/page slug has a matching React magazine route.
/tag/2026/,/search?tag=2026,302,true,tag_archive_redirect,medium,true,Legacy WordPress tag archive can redirect to React search filtered by tag.
/tag/4mr-frank-white/,/search?tag=4mr%20frank%20white,302,true,tag_archive_redirect,medium,true,Legacy WordPress tag archive can redirect to React search filtered by tag.
/tag/60-nozzles/,/search?tag=60%20nozzles,302,true,tag_archive_redirect,medium,true,Legacy WordPress tag archive can redirect to React search filtered by tag.
/tag/8-4-4/,/search?tag=8%204%204,302,true,tag_archive_redirect,medium,true,Legacy WordPress tag archive can redirect to React search filtered by tag.
/tag/8th-street-gang/,/search?tag=8th%20street%20gang,302,true,tag_archive_redirect,medium,true,Legacy WordPress tag archive can redirect to React search filtered by tag.
/tag/a-grain-of-wheat/,/search?tag=a%20grain%20of%20wheat,302,true,tag_archive_redirect,medium,true,Legacy WordPress tag archive can redirect to React search filtered by tag.
/tag/a-nurse-toto/,/search?tag=a%20nurse%20toto,302,true,tag_archive_redirect,medium,true,Legacy WordPress tag archive can redirect to React search filtered by tag.
/tag/aahil/,/search?tag=aahil,302,true,tag_archive_redirect,medium,true,Legacy WordPress tag archive can redirect to React search filtered by tag.
/tag/aaron-rimbui/,/search?tag=aaron%20rimbui,302,true,tag_archive_redirect,medium,true,Legacy WordPress tag archive can redirect to React search filtered by tag.
/tag/ababu-namwamba/,/search?tag=ababu%20namwamba,302,true,tag_archive_redirect,medium,true,Legacy WordPress tag archive can redirect to React search filtered by tag.
/tag/abubakar-majid/,/search?tag=abubakar%20majid,302,true,tag_archive_redirect,medium,true,Legacy WordPress tag archive can redirect to React search filtered by tag.
/tag/accessibility/,/search?tag=accessibility,302,true,tag_archive_redirect,medium,true,Legacy WordPress tag archive can redirect to React search filtered by tag.
/tag/across-the-bridge/,/search?tag=across%20the%20bridge,302,true,tag_archive_redirect,medium,true,Legacy WordPress tag archive can redirect to React search filtered by tag.
/tag/act-of-love/,/search?tag=act%20of%20love,302,true,tag_archive_redirect,medium,true,Legacy WordPress tag archive can redirect to React search filtered by tag.
/tag/ado-veli/,/search?tag=ado%20veli,302,true,tag_archive_redirect,medium,true,Legacy WordPress tag archive can redirect to React search filtered by tag.
/tag/adobe/,/search?tag=adobe,302,true,tag_archive_redirect,medium,true,Legacy WordPress tag archive can redirect to React search filtered by tag.
/tag/afcfta/,/search?tag=afcfta,302,true,tag_archive_redirect,medium,true,Legacy WordPress tag archive can redirect to React search filtered by tag.
/tag/affordable-art-show/,/search?tag=affordable%20art%20show,302,true,tag_archive_redirect,medium,true,Legacy WordPress tag archive can redirect to React search filtered by tag.
/tag/africa/,/search?tag=africa,302,true,tag_archive_redirect,medium,true,Legacy WordPress tag archive can redirect to React search filtered by tag.
/tag/african-continental-free-trade-area/,/search?tag=african%20continental%20free%20trade%20area,302,true,tag_archive_redirect,medium,true,Legacy WordPress tag archive can redirect to React search filtered by tag.
/tag/african-fiction/,/search?tag=african%20fiction,302,true,tag_archive_redirect,medium,true,Legacy WordPress tag archive can redirect to React search filtered by tag.
/tag/african-music/,/search?tag=african%20music,302,true,tag_archive_redirect,medium,true,Legacy WordPress tag archive can redirect to React search filtered by tag.
/tag/afro-house/,/search?tag=afro%20house,302,true,tag_archive_redirect,medium,true,Legacy WordPress tag archive can redirect to React search filtered by tag.
/tag/afrobeat/,/search?tag=afrobeat,302,true,tag_archive_redirect,medium,true,Legacy WordPress tag archive can redirect to React search filtered by tag.
/tag/afroelle-magazine/,/search?tag=afroelle%20magazine,302,true,tag_archive_redirect,medium,true,Legacy WordPress tag archive can redirect to React search filtered by tag.
/tag/afrofuturism/,/search?tag=afrofuturism,302,true,tag_archive_redirect,medium,true,Legacy WordPress tag archive can redirect to React search filtered by tag.
/tag/afrohouse/,/search?tag=afrohouse,302,true,tag_archive_redirect,medium,true,Legacy WordPress tag archive can redirect to React search filtered by tag.
/tag/afronautiq/,/search?tag=afronautiq,302,true,tag_archive_redirect,medium,true,Legacy WordPress tag archive can redirect to React search filtered by tag.
/tag/agent-mgumbe/,/search?tag=agent%20mgumbe,302,true,tag_archive_redirect,medium,true,Legacy WordPress tag archive can redirect to React search filtered by tag.
/tag/ajay/,/search?tag=ajay,302,true,tag_archive_redirect,medium,true,Legacy WordPress tag archive can redirect to React search filtered by tag.
/tag/akan-drum/,/search?tag=akan%20drum,302,true,tag_archive_redirect,medium,true,Legacy WordPress tag archive can redirect to React search filtered by tag.
/tag/akoth-jumadi/,/search?tag=akoth%20jumadi,302,true,tag_archive_redirect,medium,true,Legacy WordPress tag archive can redirect to React search filtered by tag.
/tag/al-jean/,/search?tag=al%20jean,302,true,tag_archive_redirect,medium,true,Legacy WordPress tag archive can redirect to React search filtered by tag.
/tag/alantra-official/,/search?tag=alantra%20official,302,true,tag_archive_redirect,medium,true,Legacy WordPress tag archive can redirect to React search filtered by tag.
/tag/album-review/,/search?tag=album%20review,302,true,tag_archive_redirect,medium,true,Legacy WordPress tag archive can redirect to React search filtered by tag.
/tag/album-review/page/2/,/search?tag=album%20review,302,true,tag_archive_redirect,medium,true,Paginated WordPress tag archive should collapse to canonical tag search during cutover.
/tag/alex-mawimbi/,/search?tag=alex%20mawimbi,302,true,tag_archive_redirect,medium,true,Legacy WordPress tag archive can redirect to React search filtered by tag.
/tag/alfred-international/,/search?tag=alfred%20international,302,true,tag_archive_redirect,medium,true,Legacy WordPress tag archive can redirect to React search filtered by tag.
/tag/algorithms/,/search?tag=algorithms,302,true,tag_archive_redirect,medium,true,Legacy WordPress tag archive can redirect to React search filtered by tag.
/tag/alliance-francaise-de-nairobi/,/search?tag=alliance%20francaise%20de%20nairobi,302,true,tag_archive_redirect,medium,true,Legacy WordPress tag archive can redirect to React search filtered by tag.
/tag/allianz-direct/,/search?tag=allianz%20direct,302,true,tag_archive_redirect,medium,true,Legacy WordPress tag archive can redirect to React search filtered by tag.
/tag/ally-fresh/,/search?tag=ally%20fresh,302,true,tag_archive_redirect,medium,true,Legacy WordPress tag archive can redirect to React search filtered by tag.
/tag/amapiano/,/search?tag=amapiano,302,true,tag_archive_redirect,medium,true,Legacy WordPress tag archive can redirect to React search filtered by tag.
/tag/aminata/,/search?tag=aminata,302,true,tag_archive_redirect,medium,true,Legacy WordPress tag archive can redirect to React search filtered by tag.
/tag/angry-panda-clan/,/search?tag=angry%20panda%20clan,302,true,tag_archive_redirect,medium,true,Legacy WordPress tag archive can redirect to React search filtered by tag.
/tag/animation/,/search?tag=animation,302,true,tag_archive_redirect,medium,true,Legacy WordPress tag archive can redirect to React search filtered by tag.
/tag/anrey/,/search?tag=anrey,302,true,tag_archive_redirect,medium,true,Legacy WordPress tag archive can redirect to React search filtered by tag.
/tag/anyango-mpinga/,/search?tag=anyango%20mpinga,302,true,tag_archive_redirect,medium,true,Legacy WordPress tag archive can redirect to React search filtered by tag.
/tag/apesi/,/search?tag=apesi,302,true,tag_archive_redirect,medium,true,Legacy WordPress tag archive can redirect to React search filtered by tag.
/tag/apple-music/,/search?tag=apple%20music,302,true,tag_archive_redirect,medium,true,Legacy WordPress tag archive can redirect to React search filtered by tag.
/tag/arbantone/,/search?tag=arbantone,302,true,tag_archive_redirect,medium,true,Legacy WordPress tag archive can redirect to React search filtered by tag.
/tag/architecture/,/search?tag=architecture,302,true,tag_archive_redirect,medium,true,Legacy WordPress tag archive can redirect to React search filtered by tag.
/tag/aress-66/,/search?tag=aress%2066,302,true,tag_archive_redirect,medium,true,Legacy WordPress tag archive can redirect to React search filtered by tag.
/tag/arlen-dilsizian/,/search?tag=arlen%20dilsizian,302,true,tag_archive_redirect,medium,true,Legacy WordPress tag archive can redirect to React search filtered by tag.
/tag/arlene-wandera/,/search?tag=arlene%20wandera,302,true,tag_archive_redirect,medium,true,Legacy WordPress tag archive can redirect to React search filtered by tag.
/tag/arrow-boy/,/search?tag=arrow%20boy,302,true,tag_archive_redirect,medium,true,Legacy WordPress tag archive can redirect to React search filtered by tag.
/tag/artificial-intelligence/,/search?tag=artificial%20intelligence,302,true,tag_archive_redirect,medium,true,Legacy WordPress tag archive can redirect to React search filtered by tag.
/tag/assistive-technology/,/search?tag=assistive%20technology,302,true,tag_archive_redirect,medium,true,Legacy WordPress tag archive can redirect to React search filtered by tag.
/tag/atemi-oyungu/,/search?tag=atemi%20oyungu,302,true,tag_archive_redirect,medium,true,Legacy WordPress tag archive can redirect to React search filtered by tag.
/tag/athens/,/search?tag=athens,302,true,tag_archive_redirect,medium,true,Legacy WordPress tag archive can redirect to React search filtered by tag.
/tag/athletics/,/search?tag=athletics,302,true,tag_archive_redirect,medium,true,Legacy WordPress tag archive can redirect to React search filtered by tag.
/tag/atmos-blaq/,/search?tag=atmos%20blaq,302,true,tag_archive_redirect,medium,true,Legacy WordPress tag archive can redirect to React search filtered by tag.
/tag/ato-malinda/,/search?tag=ato%20malinda,302,true,tag_archive_redirect,medium,true,Legacy WordPress tag archive can redirect to React search filtered by tag.
/tag/axel-lussiez/,/search?tag=axel%20lussiez,302,true,tag_archive_redirect,medium,true,Legacy WordPress tag archive can redirect to React search filtered by tag.
/tag/ayra-starr/,/search?tag=ayra%20starr,302,true,tag_archive_redirect,medium,true,Legacy WordPress tag archive can redirect to React search filtered by tag.
/tag/ayrosh/,/search?tag=ayrosh,302,true,tag_archive_redirect,medium,true,Legacy WordPress tag archive can redirect to React search filtered by tag.
/tag/ayub-ogada/,/search?tag=ayub%20ogada,302,true,tag_archive_redirect,medium,true,Legacy WordPress tag archive can redirect to React search filtered by tag.
/tag/azziad-nasenya/,/search?tag=azziad%20nasenya,302,true,tag_archive_redirect,medium,true,Legacy WordPress tag archive can redirect to React search filtered by tag.
/tag/bahati/,/search?tag=bahati,302,true,tag_archive_redirect,medium,true,Legacy WordPress tag archive can redirect to React search filtered by tag.
/tag/bakone/,/search?tag=bakone,302,true,tag_archive_redirect,medium,true,Legacy WordPress tag archive can redirect to React search filtered by tag.
/tag/bali/,/search?tag=bali,302,true,tag_archive_redirect,medium,true,Legacy WordPress tag archive can redirect to React search filtered by tag.
/tag/bankslave/,/search?tag=bankslave,302,true,tag_archive_redirect,medium,true,Legacy WordPress tag archive can redirect to React search filtered by tag.
/tag/bantu/,/search?tag=bantu,302,true,tag_archive_redirect,medium,true,Legacy WordPress tag archive can redirect to React search filtered by tag.
/tag/baraza/,/search?tag=baraza,302,true,tag_archive_redirect,medium,true,Legacy WordPress tag archive can redirect to React search filtered by tag.
/tag/bare-sessions/,/search?tag=bare%20sessions,302,true,tag_archive_redirect,medium,true,Legacy WordPress tag archive can redirect to React search filtered by tag.
/tag/bayanni/,/search?tag=bayanni,302,true,tag_archive_redirect,medium,true,Legacy WordPress tag archive can redirect to React search filtered by tag.
/tag/beef/,/search?tag=beef,302,true,tag_archive_redirect,medium,true,Legacy WordPress tag archive can redirect to React search filtered by tag.
/tag/ben-cyco/,/search?tag=ben%20cyco,302,true,tag_archive_redirect,medium,true,Legacy WordPress tag archive can redirect to React search filtered by tag.
/tag/beneath-the-baobabs-festival/,/search?tag=beneath%20the%20baobabs%20festival,302,true,tag_archive_redirect,medium,true,Legacy WordPress tag archive can redirect to React search filtered by tag.
/tag/benga/,/search?tag=benga,302,true,tag_archive_redirect,medium,true,Legacy WordPress tag archive can redirect to React search filtered by tag.
/tag/bensoul/,/search?tag=bensoul,302,true,tag_archive_redirect,medium,true,Legacy WordPress tag archive can redirect to React search filtered by tag.
/tag/bey-t/,/search?tag=bey%20t,302,true,tag_archive_redirect,medium,true,Legacy WordPress tag archive can redirect to React search filtered by tag.
/tag/bien-aime-baraza/,/search?tag=bien%20aime%20baraza,302,true,tag_archive_redirect,medium,true,Legacy WordPress tag archive can redirect to React search filtered by tag.
/tag/bien/,/search?tag=bien,302,true,tag_archive_redirect,medium,true,Legacy WordPress tag archive can redirect to React search filtered by tag.
/tag/big-nyagz/,/search?tag=big%20nyagz,302,true,tag_archive_redirect,medium,true,Legacy WordPress tag archive can redirect to React search filtered by tag.
/tag/bigpin/,/search?tag=bigpin,302,true,tag_archive_redirect,medium,true,Legacy WordPress tag archive can redirect to React search filtered by tag.
/tag/bigpins-radius/,/search?tag=bigpins%20radius,302,true,tag_archive_redirect,medium,true,Legacy WordPress tag archive can redirect to React search filtered by tag.
/tag/billy-black/,/search?tag=billy%20black,302,true,tag_archive_redirect,medium,true,Legacy WordPress tag archive can redirect to React search filtered by tag.
/tag/binyavanga-wainaina/,/search?tag=binyavanga%20wainaina,302,true,tag_archive_redirect,medium,true,Legacy WordPress tag archive can redirect to React search filtered by tag.
/tag/bitcoin/,/search?tag=bitcoin,302,true,tag_archive_redirect,medium,true,Legacy WordPress tag archive can redirect to React search filtered by tag.
/tag/blankets-and-wine/,/search?tag=blankets%20and%20wine,302,true,tag_archive_redirect,medium,true,Legacy WordPress tag archive can redirect to React search filtered by tag.
/tag/blankets-wine/,/search?tag=blankets%20wine,302,true,tag_archive_redirect,medium,true,Legacy WordPress tag archive can redirect to React search filtered by tag.
/tag/blessing-lungaho/,/search?tag=blessing%20lungaho,302,true,tag_archive_redirect,medium,true,Legacy WordPress tag archive can redirect to React search filtered by tag.
/tag/blind/,/search?tag=blind,302,true,tag_archive_redirect,medium,true,Legacy WordPress tag archive can redirect to React search filtered by tag.
/tag/blinky-bill/,/search?tag=blinky%20bill,302,true,tag_archive_redirect,medium,true,Legacy WordPress tag archive can redirect to React search filtered by tag.
/tag/bmg/,/search?tag=bmg,302,true,tag_archive_redirect,medium,true,Legacy WordPress tag archive can redirect to React search filtered by tag.
/tag/bobs-burgers/,/search?tag=bobs%20burgers,302,true,tag_archive_redirect,medium,true,Legacy WordPress tag archive can redirect to React search filtered by tag.
/tag/bomb-squad-crew/,/search?tag=bomb%20squad%20crew,302,true,tag_archive_redirect,medium,true,Legacy WordPress tag archive can redirect to React search filtered by tag.
/tag/book-clubs/,/search?tag=book%20clubs,302,true,tag_archive_redirect,medium,true,Legacy WordPress tag archive can redirect to React search filtered by tag.
/tag/boondocks-gang/,/search?tag=boondocks%20gang,302,true,tag_archive_redirect,medium,true,Legacy WordPress tag archive can redirect to React search filtered by tag.
/tag/boutross/,/search?tag=boutross,302,true,tag_archive_redirect,medium,true,Legacy WordPress tag archive can redirect to React search filtered by tag.
/tag/brandy-maina/,/search?tag=brandy%20maina,302,true,tag_archive_redirect,medium,true,Legacy WordPress tag archive can redirect to React search filtered by tag.
/tag/breeder-lw/,/search?tag=breeder%20lw,302,true,tag_archive_redirect,medium,true,Legacy WordPress tag archive can redirect to React search filtered by tag.
/tag/brian-kabugi/,/search?tag=brian%20kabugi,302,true,tag_archive_redirect,medium,true,Legacy WordPress tag archive can redirect to React search filtered by tag.
/tag/brown/,/search?tag=brown,302,true,tag_archive_redirect,medium,true,Legacy WordPress tag archive can redirect to React search filtered by tag.
/tag/bryan-ngatia/,/search?tag=bryan%20ngatia,302,true,tag_archive_redirect,medium,true,Legacy WordPress tag archive can redirect to React search filtered by tag.
/tag/bsq/,/search?tag=bsq,302,true,tag_archive_redirect,medium,true,Legacy WordPress tag archive can redirect to React search filtered by tag.
/tag/buke-abduba/,/search?tag=buke%20abduba,302,true,tag_archive_redirect,medium,true,Legacy WordPress tag archive can redirect to React search filtered by tag.
/tag/burna-boy/,/search?tag=burna%20boy,302,true,tag_archive_redirect,medium,true,Legacy WordPress tag archive can redirect to React search filtered by tag.
/tag/buruburu/,/search?tag=buruburu,302,true,tag_archive_redirect,medium,true,Legacy WordPress tag archive can redirect to React search filtered by tag.
/tag/burudani-express/,/search?tag=burudani%20express,302,true,tag_archive_redirect,medium,true,Legacy WordPress tag archive can redirect to React search filtered by tag.
/tag/buruklyn-boyz/,/search?tag=buruklyn%20boyz,302,true,tag_archive_redirect,medium,true,Legacy WordPress tag archive can redirect to React search filtered by tag.
/tag/burundi/,/search?tag=burundi,302,true,tag_archive_redirect,medium,true,Legacy WordPress tag archive can redirect to React search filtered by tag.
/tag/bussa-j/,/search?tag=bussa%20j,302,true,tag_archive_redirect,medium,true,Legacy WordPress tag archive can redirect to React search filtered by tag.
/tag/bussaj/,/search?tag=bussaj,302,true,tag_archive_redirect,medium,true,Legacy WordPress tag archive can redirect to React search filtered by tag.
/tag/butere-girls/,/search?tag=butere%20girls,302,true,tag_archive_redirect,medium,true,Legacy WordPress tag archive can redirect to React search filtered by tag.
/tag/c-i-r-u/,/search?tag=c%20i%20r%20u,302,true,tag_archive_redirect,medium,true,Legacy WordPress tag archive can redirect to React search filtered by tag.
/tag/cabinet-secretary-for-youth-affairs-sports-and-the-arts/,/search?tag=cabinet%20secretary%20for%20youth%20affairs%20sports%20and%20the%20arts,302,true,tag_archive_redirect,medium,true,Legacy WordPress tag archive can redirect to React search filtered by tag.
/tag/caine-prize/,/search?tag=caine%20prize,302,true,tag_archive_redirect,medium,true,Legacy WordPress tag archive can redirect to React search filtered by tag.
/tag/caleb-awiti/,/search?tag=caleb%20awiti,302,true,tag_archive_redirect,medium,true,Legacy WordPress tag archive can redirect to React search filtered by tag.
/tag/calif-records/,/search?tag=calif%20records,302,true,tag_archive_redirect,medium,true,Legacy WordPress tag archive can redirect to React search filtered by tag.
/tag/casettes/,/search?tag=casettes,302,true,tag_archive_redirect,medium,true,Legacy WordPress tag archive can redirect to React search filtered by tag.
/tag/cassettes/,/search?tag=cassettes,302,true,tag_archive_redirect,medium,true,Legacy WordPress tag archive can redirect to React search filtered by tag.
/tag/cave-bureau/,/search?tag=cave%20bureau,302,true,tag_archive_redirect,medium,true,Legacy WordPress tag archive can redirect to React search filtered by tag.
/tag/cedo/,/search?tag=cedo,302,true,tag_archive_redirect,medium,true,Legacy WordPress tag archive can redirect to React search filtered by tag.
/tag/chantelle/,/search?tag=chantelle,302,true,tag_archive_redirect,medium,true,Legacy WordPress tag archive can redirect to React search filtered by tag.
/tag/charisma/,/search?tag=charisma,302,true,tag_archive_redirect,medium,true,Legacy WordPress tag archive can redirect to React search filtered by tag.
/tag/charles-mangua/,/search?tag=charles%20mangua,302,true,tag_archive_redirect,medium,true,Legacy WordPress tag archive can redirect to React search filtered by tag.
/tag/cheche-book-store/,/search?tag=cheche%20book%20store,302,true,tag_archive_redirect,medium,true,Legacy WordPress tag archive can redirect to React search filtered by tag.
/tag/chelwek/,/search?tag=chelwek,302,true,tag_archive_redirect,medium,true,Legacy WordPress tag archive can redirect to React search filtered by tag.
/tag/chemutai-sage/,/search?tag=chemutai%20sage,302,true,tag_archive_redirect,medium,true,Legacy WordPress tag archive can redirect to React search filtered by tag.
/tag/cheque-mate/,/search?tag=cheque%20mate,302,true,tag_archive_redirect,medium,true,Legacy WordPress tag archive can redirect to React search filtered by tag.
/tag/child/,/search?tag=child,302,true,tag_archive_redirect,medium,true,Legacy WordPress tag archive can redirect to React search filtered by tag.
/tag/chimano/,/search?tag=chimano,302,true,tag_archive_redirect,medium,true,Legacy WordPress tag archive can redirect to React search filtered by tag.
/tag/chinua-achebe/,/search?tag=chinua%20achebe,302,true,tag_archive_redirect,medium,true,Legacy WordPress tag archive can redirect to React search filtered by tag.
/tag/chiwawa/,/search?tag=chiwawa,302,true,tag_archive_redirect,medium,true,Legacy WordPress tag archive can redirect to React search filtered by tag.
/tag/chris-kaiga/,/search?tag=chris%20kaiga,302,true,tag_archive_redirect,medium,true,Legacy WordPress tag archive can redirect to React search filtered by tag.
/tag/christmas/,/search?tag=christmas,302,true,tag_archive_redirect,medium,true,Legacy WordPress tag archive can redirect to React search filtered by tag.
/tag/chronicles-of-gedi/,/search?tag=chronicles%20of%20gedi,302,true,tag_archive_redirect,medium,true,Legacy WordPress tag archive can redirect to React search filtered by tag.
/tag/ciano-maimba/,/search?tag=ciano%20maimba,302,true,tag_archive_redirect,medium,true,Legacy WordPress tag archive can redirect to React search filtered by tag.
/tag/circle-art-gallery/,/search?tag=circle%20art%20gallery,302,true,tag_archive_redirect,medium,true,Legacy WordPress tag archive can redirect to React search filtered by tag.
/tag/civic-education/,/search?tag=civic%20education,302,true,tag_archive_redirect,medium,true,Legacy WordPress tag archive can redirect to React search filtered by tag.
/tag/claire-gor/,/search?tag=claire%20gor,302,true,tag_archive_redirect,medium,true,Legacy WordPress tag archive can redirect to React search filtered by tag.
/tag/clamer/,/search?tag=clamer,302,true,tag_archive_redirect,medium,true,Legacy WordPress tag archive can redirect to React search filtered by tag.
/tag/classicism/,/search?tag=classicism,302,true,tag_archive_redirect,medium,true,Legacy WordPress tag archive can redirect to React search filtered by tag.
/tag/cleophas-malala/,/search?tag=cleophas%20malala,302,true,tag_archive_redirect,medium,true,Legacy WordPress tag archive can redirect to React search filtered by tag.
/tag/climate-change/,/search?tag=climate%20change,302,true,tag_archive_redirect,medium,true,Legacy WordPress tag archive can redirect to React search filtered by tag.
/tag/cockfights/,/search?tag=cockfights,302,true,tag_archive_redirect,medium,true,Legacy WordPress tag archive can redirect to React search filtered by tag.
/tag/coflo/,/search?tag=coflo,302,true,tag_archive_redirect,medium,true,Legacy WordPress tag archive can redirect to React search filtered by tag.
/tag/collaboration/,/search?tag=collaboration,302,true,tag_archive_redirect,medium,true,Legacy WordPress tag archive can redirect to React search filtered by tag.
/tag/collective-management-organizations-cmos/,/search?tag=collective%20management%20organizations%20cmos,302,true,tag_archive_redirect,medium,true,Legacy WordPress tag archive can redirect to React search filtered by tag.
/tag/colonialism/,/search?tag=colonialism,302,true,tag_archive_redirect,medium,true,Legacy WordPress tag archive can redirect to React search filtered by tag.
/tag/comedy/,/search?tag=comedy,302,true,tag_archive_redirect,medium,true,Legacy WordPress tag archive can redirect to React search filtered by tag.
/tag/coming-to-birth/,/search?tag=coming%20to%20birth,302,true,tag_archive_redirect,medium,true,Legacy WordPress tag archive can redirect to React search filtered by tag.
/tag/community/,/search?tag=community,302,true,tag_archive_redirect,medium,true,Legacy WordPress tag archive can redirect to React search filtered by tag.
/tag/computer-misuse-and-cybercrimes-act/,/search?tag=computer%20misuse%20and%20cybercrimes%20act,302,true,tag_archive_redirect,medium,true,Legacy WordPress tag archive can redirect to React search filtered by tag.
/tag/congo-man/,/search?tag=congo%20man,302,true,tag_archive_redirect,medium,true,Legacy WordPress tag archive can redirect to React search filtered by tag.
/tag/conspiracy-theories/,/search?tag=conspiracy%20theories,302,true,tag_archive_redirect,medium,true,Legacy WordPress tag archive can redirect to React search filtered by tag.
/tag/convention-on-the-rights-of-persons-with-disabilities/,/search?tag=convention%20on%20the%20rights%20of%20persons%20with%20disabilities,302,true,tag_archive_redirect,medium,true,Legacy WordPress tag archive can redirect to React search filtered by tag.
/tag/convergent-evolution/,/search?tag=convergent%20evolution,302,true,tag_archive_redirect,medium,true,Legacy WordPress tag archive can redirect to React search filtered by tag.
/tag/cordoban/,/search?tag=cordoban,302,true,tag_archive_redirect,medium,true,Legacy WordPress tag archive can redirect to React search filtered by tag.
/tag/coster-ojwang/,/search?tag=coster%20ojwang,302,true,tag_archive_redirect,medium,true,Legacy WordPress tag archive can redirect to React search filtered by tag.
/tag/covid-19/,/search?tag=covid%2019,302,true,tag_archive_redirect,medium,true,Legacy WordPress tag archive can redirect to React search filtered by tag.
/tag/creative-industry/,/search?tag=creative%20industry,302,true,tag_archive_redirect,medium,true,Legacy WordPress tag archive can redirect to React search filtered by tag.
/tag/creativity/,/search?tag=creativity,302,true,tag_archive_redirect,medium,true,Legacy WordPress tag archive can redirect to React search filtered by tag.
/tag/crime-and-justice/,/search?tag=crime%20and%20justice,302,true,tag_archive_redirect,medium,true,Legacy WordPress tag archive can redirect to React search filtered by tag.
/tag/crpd/,/search?tag=crpd,302,true,tag_archive_redirect,medium,true,Legacy WordPress tag archive can redirect to React search filtered by tag.
/tag/cryptocurrencies/,/search?tag=cryptocurrencies,302,true,tag_archive_redirect,medium,true,Legacy WordPress tag archive can redirect to React search filtered by tag.
/tag/cultural-identity/,/search?tag=cultural%20identity,302,true,tag_archive_redirect,medium,true,Legacy WordPress tag archive can redirect to React search filtered by tag.
/tag/culture/,/search?tag=culture,302,true,tag_archive_redirect,medium,true,Legacy WordPress tag archive can redirect to React search filtered by tag.
/tag/customer/,/search?tag=customer,302,true,tag_archive_redirect,medium,true,Legacy WordPress tag archive can redirect to React search filtered by tag.
/tag/cyrus-kabiru/,/search?tag=cyrus%20kabiru,302,true,tag_archive_redirect,medium,true,Legacy WordPress tag archive can redirect to React search filtered by tag.
/tag/czars/,/search?tag=czars,302,true,tag_archive_redirect,medium,true,Legacy WordPress tag archive can redirect to React search filtered by tag.
/tag/daddo/,/search?tag=daddo,302,true,tag_archive_redirect,medium,true,Legacy WordPress tag archive can redirect to React search filtered by tag.
/tag/dakar-biennale/,/search?tag=dakar%20biennale,302,true,tag_archive_redirect,medium,true,Legacy WordPress tag archive can redirect to React search filtered by tag.
/tag/dance/,/search?tag=dance,302,true,tag_archive_redirect,medium,true,Legacy WordPress tag archive can redirect to React search filtered by tag.
/tag/daniel-muli/,/search?tag=daniel%20muli,302,true,tag_archive_redirect,medium,true,Legacy WordPress tag archive can redirect to React search filtered by tag.
/tag/davaji/,/search?tag=davaji,302,true,tag_archive_redirect,medium,true,Legacy WordPress tag archive can redirect to React search filtered by tag.
/tag/david-tosh-gitonga/,/search?tag=david%20tosh%20gitonga,302,true,tag_archive_redirect,medium,true,Legacy WordPress tag archive can redirect to React search filtered by tag.
/tag/dela/,/search?tag=dela,302,true,tag_archive_redirect,medium,true,Legacy WordPress tag archive can redirect to React search filtered by tag.
/tag/della/,/search?tag=della,302,true,tag_archive_redirect,medium,true,Legacy WordPress tag archive can redirect to React search filtered by tag.
/tag/democracy/,/search?tag=democracy,302,true,tag_archive_redirect,medium,true,Legacy WordPress tag archive can redirect to React search filtered by tag.
/tag/dennis-kooker/,/search?tag=dennis%20kooker,302,true,tag_archive_redirect,medium,true,Legacy WordPress tag archive can redirect to React search filtered by tag.
/tag/dennis-mugaa/,/search?tag=dennis%20mugaa,302,true,tag_archive_redirect,medium,true,Legacy WordPress tag archive can redirect to React search filtered by tag.
/tag/dennis-ombachi/,/search?tag=dennis%20ombachi,302,true,tag_archive_redirect,medium,true,Legacy WordPress tag archive can redirect to React search filtered by tag.
/tag/derek-debru/,/search?tag=derek%20debru,302,true,tag_archive_redirect,medium,true,Legacy WordPress tag archive can redirect to React search filtered by tag.
/tag/derkman-ftg/,/search?tag=derkman%20ftg,302,true,tag_archive_redirect,medium,true,Legacy WordPress tag archive can redirect to React search filtered by tag.
/tag/design-thinking/,/search?tag=design%20thinking,302,true,tag_archive_redirect,medium,true,Legacy WordPress tag archive can redirect to React search filtered by tag.
/tag/design/,/search?tag=design,302,true,tag_archive_redirect,medium,true,Legacy WordPress tag archive can redirect to React search filtered by tag.
/tag/dickens-otieno/,/search?tag=dickens%20otieno,302,true,tag_archive_redirect,medium,true,Legacy WordPress tag archive can redirect to React search filtered by tag.
/tag/diet/,/search?tag=diet,302,true,tag_archive_redirect,medium,true,Legacy WordPress tag archive can redirect to React search filtered by tag.
/tag/digital-art/,/search?tag=digital%20art,302,true,tag_archive_redirect,medium,true,Legacy WordPress tag archive can redirect to React search filtered by tag.
/tag/digital-transformation/,/search?tag=digital%20transformation,302,true,tag_archive_redirect,medium,true,Legacy WordPress tag archive can redirect to React search filtered by tag.
/tag/dillie/,/search?tag=dillie,302,true,tag_archive_redirect,medium,true,Legacy WordPress tag archive can redirect to React search filtered by tag.
/tag/dinga-ya-wife/,/search?tag=dinga%20ya%20wife,302,true,tag_archive_redirect,medium,true,Legacy WordPress tag archive can redirect to React search filtered by tag.
/tag/disabled/,/search?tag=disabled,302,true,tag_archive_redirect,medium,true,Legacy WordPress tag archive can redirect to React search filtered by tag.
/tag/disco-matanga/,/search?tag=disco%20matanga,302,true,tag_archive_redirect,medium,true,Legacy WordPress tag archive can redirect to React search filtered by tag.
/tag/disney/,/search?tag=disney,302,true,tag_archive_redirect,medium,true,Legacy WordPress tag archive can redirect to React search filtered by tag.
/tag/dj-fredy-muks/,/search?tag=dj%20fredy%20muks,302,true,tag_archive_redirect,medium,true,Legacy WordPress tag archive can redirect to React search filtered by tag.
/tag/dj-joe-mfalme/,/search?tag=dj%20joe%20mfalme,302,true,tag_archive_redirect,medium,true,Legacy WordPress tag archive can redirect to React search filtered by tag.
/tag/dj-katta/,/search?tag=dj%20katta,302,true,tag_archive_redirect,medium,true,Legacy WordPress tag archive can redirect to React search filtered by tag.
/tag/dj-mura/,/search?tag=dj%20mura,302,true,tag_archive_redirect,medium,true,Legacy WordPress tag archive can redirect to React search filtered by tag.
/tag/dj-nephas/,/search?tag=dj%20nephas,302,true,tag_archive_redirect,medium,true,Legacy WordPress tag archive can redirect to React search filtered by tag.
/tag/dj-skyrock/,/search?tag=dj%20skyrock,302,true,tag_archive_redirect,medium,true,Legacy WordPress tag archive can redirect to React search filtered by tag.
/tag/doek-literary-magazine/,/search?tag=doek%20literary%20magazine,302,true,tag_archive_redirect,medium,true,Legacy WordPress tag archive can redirect to React search filtered by tag.
/tag/domani-munga/,/search?tag=domani%20munga,302,true,tag_archive_redirect,medium,true,Legacy WordPress tag archive can redirect to React search filtered by tag.
/tag/dorphan/,/search?tag=dorphan,302,true,tag_archive_redirect,medium,true,Legacy WordPress tag archive can redirect to React search filtered by tag.
/tag/dorphanage/,/search?tag=dorphanage,302,true,tag_archive_redirect,medium,true,Legacy WordPress tag archive can redirect to React search filtered by tag.
/tag/drama-festivals/,/search?tag=drama%20festivals,302,true,tag_archive_redirect,medium,true,Legacy WordPress tag archive can redirect to React search filtered by tag.
/tag/drc/,/search?tag=drc,302,true,tag_archive_redirect,medium,true,Legacy WordPress tag archive can redirect to React search filtered by tag.
/tag/drill-music/,/search?tag=drill%20music,302,true,tag_archive_redirect,medium,true,Legacy WordPress tag archive can redirect to React search filtered by tag.
/tag/dust/,/search?tag=dust,302,true,tag_archive_redirect,medium,true,Legacy WordPress tag archive can redirect to React search filtered by tag.
/tag/dyana-cods/,/search?tag=dyana%20cods,302,true,tag_archive_redirect,medium,true,Legacy WordPress tag archive can redirect to React search filtered by tag.
/tag/dylan-s/,/search?tag=dylan%20s,302,true,tag_archive_redirect,medium,true,Legacy WordPress tag archive can redirect to React search filtered by tag.
/tag/east-african-community/,/search?tag=east%20african%20community,302,true,tag_archive_redirect,medium,true,Legacy WordPress tag archive can redirect to React search filtered by tag.
/tag/echo254/,/search?tag=echo254,302,true,tag_archive_redirect,medium,true,Legacy WordPress tag archive can redirect to React search filtered by tag.
/tag/echoes-of-war/,/search?tag=echoes%20of%20war,302,true,tag_archive_redirect,medium,true,Legacy WordPress tag archive can redirect to React search filtered by tag.
/tag/eddie-butita/,/search?tag=eddie%20butita,302,true,tag_archive_redirect,medium,true,Legacy WordPress tag archive can redirect to React search filtered by tag.
/tag/edi-gathegi/,/search?tag=edi%20gathegi,302,true,tag_archive_redirect,medium,true,Legacy WordPress tag archive can redirect to React search filtered by tag.
/tag/education/,/search?tag=education,302,true,tag_archive_redirect,medium,true,Legacy WordPress tag archive can redirect to React search filtered by tag.
/tag/egeme/,/search?tag=egeme,302,true,tag_archive_redirect,medium,true,Legacy WordPress tag archive can redirect to React search filtered by tag.
/tag/el-chi/,/search?tag=el%20chi,302,true,tag_archive_redirect,medium,true,Legacy WordPress tag archive can redirect to React search filtered by tag.
/tag/elections/,/search?tag=elections,302,true,tag_archive_redirect,medium,true,Legacy WordPress tag archive can redirect to React search filtered by tag.
/tag/electronic-dance-music/,/search?tag=electronic%20dance%20music,302,true,tag_archive_redirect,medium,true,Legacy WordPress tag archive can redirect to React search filtered by tag.
/tag/elias-mutani/,/search?tag=elias%20mutani,302,true,tag_archive_redirect,medium,true,Legacy WordPress tag archive can redirect to React search filtered by tag.
/tag/eliud-kipchoge/,/search?tag=eliud%20kipchoge,302,true,tag_archive_redirect,medium,true,Legacy WordPress tag archive can redirect to React search filtered by tag.
/tag/elsa/,/search?tag=elsa,302,true,tag_archive_redirect,medium,true,Legacy WordPress tag archive can redirect to React search filtered by tag.
/tag/elsaphan-njora/,/search?tag=elsaphan%20njora,302,true,tag_archive_redirect,medium,true,Legacy WordPress tag archive can redirect to React search filtered by tag.
/tag/elsy-wameyo/,/search?tag=elsy%20wameyo,302,true,tag_archive_redirect,medium,true,Legacy WordPress tag archive can redirect to React search filtered by tag.
/tag/elvis-ounyo/,/search?tag=elvis%20ounyo,302,true,tag_archive_redirect,medium,true,Legacy WordPress tag archive can redirect to React search filtered by tag.
/tag/emma-cheruto/,/search?tag=emma%20cheruto,302,true,tag_archive_redirect,medium,true,Legacy WordPress tag archive can redirect to React search filtered by tag.
/tag/emmie-muthiga/,/search?tag=emmie%20muthiga,302,true,tag_archive_redirect,medium,true,Legacy WordPress tag archive can redirect to React search filtered by tag.
/tag/emmy-kosgei/,/search?tag=emmy%20kosgei,302,true,tag_archive_redirect,medium,true,Legacy WordPress tag archive can redirect to React search filtered by tag.
/tag/employment/,/search?tag=employment,302,true,tag_archive_redirect,medium,true,Legacy WordPress tag archive can redirect to React search filtered by tag.
/tag/empowerment/,/search?tag=empowerment,302,true,tag_archive_redirect,medium,true,Legacy WordPress tag archive can redirect to React search filtered by tag.
/tag/enjoy/,/search?tag=enjoy,302,true,tag_archive_redirect,medium,true,Legacy WordPress tag archive can redirect to React search filtered by tag.
/tag/entertainment/,/search?tag=entertainment,302,true,tag_archive_redirect,medium,true,Legacy WordPress tag archive can redirect to React search filtered by tag.
/tag/eric-rugara/,/search?tag=eric%20rugara,302,true,tag_archive_redirect,medium,true,Legacy WordPress tag archive can redirect to React search filtered by tag.
/tag/eric-wainaina/,/search?tag=eric%20wainaina,302,true,tag_archive_redirect,medium,true,Legacy WordPress tag archive can redirect to React search filtered by tag.
/tag/esen/,/search?tag=esen,302,true,tag_archive_redirect,medium,true,Legacy WordPress tag archive can redirect to React search filtered by tag.
/tag/ethan-muziki/,/search?tag=ethan%20muziki,302,true,tag_archive_redirect,medium,true,Legacy WordPress tag archive can redirect to React search filtered by tag.
/tag/ethereum/,/search?tag=ethereum,302,true,tag_archive_redirect,medium,true,Legacy WordPress tag archive can redirect to React search filtered by tag.
/tag/ethic/,/search?tag=ethic,302,true,tag_archive_redirect,medium,true,Legacy WordPress tag archive can redirect to React search filtered by tag.
/tag/euggy/,/search?tag=euggy,302,true,tag_archive_redirect,medium,true,Legacy WordPress tag archive can redirect to React search filtered by tag.
/tag/evolution/,/search?tag=evolution,302,true,tag_archive_redirect,medium,true,Legacy WordPress tag archive can redirect to React search filtered by tag.
/tag/exray-taniua/,/search?tag=exray%20taniua,302,true,tag_archive_redirect,medium,true,Legacy WordPress tag archive can redirect to React search filtered by tag.
/tag/exray/,/search?tag=exray,302,true,tag_archive_redirect,medium,true,Legacy WordPress tag archive can redirect to React search filtered by tag.
/tag/fadhilee-itulya/,/search?tag=fadhilee%20itulya,302,true,tag_archive_redirect,medium,true,Legacy WordPress tag archive can redirect to React search filtered by tag.
/tag/faith-kipyegon/,/search?tag=faith%20kipyegon,302,true,tag_archive_redirect,medium,true,Legacy WordPress tag archive can redirect to React search filtered by tag.
/tag/faiz-francis-ouma/,/search?tag=faiz%20francis%20ouma,302,true,tag_archive_redirect,medium,true,Legacy WordPress tag archive can redirect to React search filtered by tag.
/tag/fancy-fingers/,/search?tag=fancy%20fingers,302,true,tag_archive_redirect,medium,true,Legacy WordPress tag archive can redirect to React search filtered by tag.
/tag/fathermoh-and-ssaru/,/search?tag=fathermoh%20and%20ssaru,302,true,tag_archive_redirect,medium,true,Legacy WordPress tag archive can redirect to React search filtered by tag.
/tag/fathermoh/,/search?tag=fathermoh,302,true,tag_archive_redirect,medium,true,Legacy WordPress tag archive can redirect to React search filtered by tag.
/tag/fatoumata-diawara/,/search?tag=fatoumata%20diawara,302,true,tag_archive_redirect,medium,true,Legacy WordPress tag archive can redirect to React search filtered by tag.
/tag/femi-one/,/search?tag=femi%20one,302,true,tag_archive_redirect,medium,true,Legacy WordPress tag archive can redirect to React search filtered by tag.
/tag/fena-gitu/,/search?tag=fena%20gitu,302,true,tag_archive_redirect,medium,true,Legacy WordPress tag archive can redirect to React search filtered by tag.
/tag/film-production/,/search?tag=film%20production,302,true,tag_archive_redirect,medium,true,Legacy WordPress tag archive can redirect to React search filtered by tag.
/tag/film/,/search?tag=film,302,true,tag_archive_redirect,medium,true,Legacy WordPress tag archive can redirect to React search filtered by tag.
/tag/flea-market/,/search?tag=flea%20market,302,true,tag_archive_redirect,medium,true,Legacy WordPress tag archive can redirect to React search filtered by tag.
/tag/flexfab/,/search?tag=flexfab,302,true,tag_archive_redirect,medium,true,Legacy WordPress tag archive can redirect to React search filtered by tag.
/tag/flier/,/search?tag=flier,302,true,tag_archive_redirect,medium,true,Legacy WordPress tag archive can redirect to React search filtered by tag.
/tag/flossin-mauwano/,/search?tag=flossin%20mauwano,302,true,tag_archive_redirect,medium,true,Legacy WordPress tag archive can redirect to React search filtered by tag.
/tag/folk-music/,/search?tag=folk%20music,302,true,tag_archive_redirect,medium,true,Legacy WordPress tag archive can redirect to React search filtered by tag.
/tag/food/,/search?tag=food,302,true,tag_archive_redirect,medium,true,Legacy WordPress tag archive can redirect to React search filtered by tag.
/tag/fort-jesus/,/search?tag=fort%20jesus,302,true,tag_archive_redirect,medium,true,Legacy WordPress tag archive can redirect to React search filtered by tag.
/tag/francis-d-imbuga/,/search?tag=francis%20d%20imbuga,302,true,tag_archive_redirect,medium,true,Legacy WordPress tag archive can redirect to React search filtered by tag.
/tag/francis-thompson/,/search?tag=francis%20thompson,302,true,tag_archive_redirect,medium,true,Legacy WordPress tag archive can redirect to React search filtered by tag.
/tag/fred-hirschy/,/search?tag=fred%20hirschy,302,true,tag_archive_redirect,medium,true,Legacy WordPress tag archive can redirect to React search filtered by tag.
/tag/freddie-gibbs/,/search?tag=freddie%20gibbs,302,true,tag_archive_redirect,medium,true,Legacy WordPress tag archive can redirect to React search filtered by tag.
/tag/freddie-wangombe/,/search?tag=freddie%20wangombe,302,true,tag_archive_redirect,medium,true,Legacy WordPress tag archive can redirect to React search filtered by tag.
/tag/friendship/,/search?tag=friendship,302,true,tag_archive_redirect,medium,true,Legacy WordPress tag archive can redirect to React search filtered by tag.
/tag/fundamental-attribution-error/,/search?tag=fundamental%20attribution%20error,302,true,tag_archive_redirect,medium,true,Legacy WordPress tag archive can redirect to React search filtered by tag.
/tag/geco-tribe-cafe/,/search?tag=geco%20tribe%20cafe,302,true,tag_archive_redirect,medium,true,Legacy WordPress tag archive can redirect to React search filtered by tag.
/tag/gen-z/,/search?tag=gen%20z,302,true,tag_archive_redirect,medium,true,Legacy WordPress tag archive can redirect to React search filtered by tag.
/tag/genes1s/,/search?tag=genes1s,302,true,tag_archive_redirect,medium,true,Legacy WordPress tag archive can redirect to React search filtered by tag.
/tag/gengetone/,/search?tag=gengetone,302,true,tag_archive_redirect,medium,true,Legacy WordPress tag archive can redirect to React search filtered by tag.
/tag/george-luchiri-wajackoyah/,/search?tag=george%20luchiri%20wajackoyah,302,true,tag_archive_redirect,medium,true,Legacy WordPress tag archive can redirect to React search filtered by tag.
/tag/ghetto-pimps-crew/,/search?tag=ghetto%20pimps%20crew,302,true,tag_archive_redirect,medium,true,Legacy WordPress tag archive can redirect to React search filtered by tag.
/tag/gidi-gidi/,/search?tag=gidi%20gidi,302,true,tag_archive_redirect,medium,true,Legacy WordPress tag archive can redirect to React search filtered by tag.
/tag/goethe-institut-nairobi/,/search?tag=goethe%20institut%20nairobi,302,true,tag_archive_redirect,medium,true,Legacy WordPress tag archive can redirect to React search filtered by tag.
/tag/gondwana/,/search?tag=gondwana,302,true,tag_archive_redirect,medium,true,Legacy WordPress tag archive can redirect to React search filtered by tag.
/tag/goodluck-gozbert/,/search?tag=goodluck%20gozbert,302,true,tag_archive_redirect,medium,true,Legacy WordPress tag archive can redirect to React search filtered by tag.
/tag/gordon-moore/,/search?tag=gordon%20moore,302,true,tag_archive_redirect,medium,true,Legacy WordPress tag archive can redirect to React search filtered by tag.
/tag/grace-ogot/,/search?tag=grace%20ogot,302,true,tag_archive_redirect,medium,true,Legacy WordPress tag archive can redirect to React search filtered by tag.
/tag/graffiti-girls-kenya/,/search?tag=graffiti%20girls%20kenya,302,true,tag_archive_redirect,medium,true,Legacy WordPress tag archive can redirect to React search filtered by tag.
/tag/graffiti/,/search?tag=graffiti,302,true,tag_archive_redirect,medium,true,Legacy WordPress tag archive can redirect to React search filtered by tag.
/tag/gray/,/search?tag=gray,302,true,tag_archive_redirect,medium,true,Legacy WordPress tag archive can redirect to React search filtered by tag.
/tag/green-living/,/search?tag=green%20living,302,true,tag_archive_redirect,medium,true,Legacy WordPress tag archive can redirect to React search filtered by tag.
/tag/green/,/search?tag=green,302,true,tag_archive_redirect,medium,true,Legacy WordPress tag archive can redirect to React search filtered by tag.
/tag/grief/,/search?tag=grief,302,true,tag_archive_redirect,medium,true,Legacy WordPress tag archive can redirect to React search filtered by tag.
/tag/gta/,/search?tag=gta,302,true,tag_archive_redirect,medium,true,Legacy WordPress tag archive can redirect to React search filtered by tag.
/tag/guapanessse/,/search?tag=guapanessse,302,true,tag_archive_redirect,medium,true,Legacy WordPress tag archive can redirect to React search filtered by tag.
/tag/gufy/,/search?tag=gufy,302,true,tag_archive_redirect,medium,true,Legacy WordPress tag archive can redirect to React search filtered by tag.
/tag/gwaash/,/search?tag=gwaash,302,true,tag_archive_redirect,medium,true,Legacy WordPress tag archive can redirect to React search filtered by tag.
/tag/h_art-the-band/,/search?tag=h_art%20the%20band,302,true,tag_archive_redirect,medium,true,Legacy WordPress tag archive can redirect to React search filtered by tag.
/tag/habits/,/search?tag=habits,302,true,tag_archive_redirect,medium,true,Legacy WordPress tag archive can redirect to React search filtered by tag.
/tag/harmonize/,/search?tag=harmonize,302,true,tag_archive_redirect,medium,true,Legacy WordPress tag archive can redirect to React search filtered by tag.
/tag/harry-craze/,/search?tag=harry%20craze,302,true,tag_archive_redirect,medium,true,Legacy WordPress tag archive can redirect to React search filtered by tag.
/tag/health/,/search?tag=health,302,true,tag_archive_redirect,medium,true,Legacy WordPress tag archive can redirect to React search filtered by tag.
/tag/heavy-cane/,/search?tag=heavy%20cane,302,true,tag_archive_redirect,medium,true,Legacy WordPress tag archive can redirect to React search filtered by tag.
/tag/hells-gate-national-park/,/search?tag=hells%20gate%20national%20park,302,true,tag_archive_redirect,medium,true,Legacy WordPress tag archive can redirect to React search filtered by tag.
/tag/hendrick-sam/,/search?tag=hendrick%20sam,302,true,tag_archive_redirect,medium,true,Legacy WordPress tag archive can redirect to React search filtered by tag.
/tag/hihi/,/search?tag=hihi,302,true,tag_archive_redirect,medium,true,Legacy WordPress tag archive can redirect to React search filtered by tag.
/tag/hip-hop/,/search?tag=hip%20hop,302,true,tag_archive_redirect,medium,true,Legacy WordPress tag archive can redirect to React search filtered by tag.
/tag/history/,/search?tag=history,302,true,tag_archive_redirect,medium,true,Legacy WordPress tag archive can redirect to React search filtered by tag.
/tag/hornsphere/,/search?tag=hornsphere,302,true,tag_archive_redirect,medium,true,Legacy WordPress tag archive can redirect to React search filtered by tag.
/tag/humanism/,/search?tag=humanism,302,true,tag_archive_redirect,medium,true,Legacy WordPress tag archive can redirect to React search filtered by tag.
/tag/humanities/,/search?tag=humanities,302,true,tag_archive_redirect,medium,true,Legacy WordPress tag archive can redirect to React search filtered by tag.
/tag/hyrax-hill-museum/,/search?tag=hyrax%20hill%20museum,302,true,tag_archive_redirect,medium,true,Legacy WordPress tag archive can redirect to React search filtered by tag.
/tag/idd-aziz/,/search?tag=idd%20aziz,302,true,tag_archive_redirect,medium,true,Legacy WordPress tag archive can redirect to React search filtered by tag.
/tag/ideas/,/search?tag=ideas,302,true,tag_archive_redirect,medium,true,Legacy WordPress tag archive can redirect to React search filtered by tag.
/tag/idza-luhumyo/,/search?tag=idza%20luhumyo,302,true,tag_archive_redirect,medium,true,Legacy WordPress tag archive can redirect to React search filtered by tag.
/tag/ignyte-awards/,/search?tag=ignyte%20awards,302,true,tag_archive_redirect,medium,true,Legacy WordPress tag archive can redirect to React search filtered by tag.
/tag/inclusive-design/,/search?tag=inclusive%20design,302,true,tag_archive_redirect,medium,true,Legacy WordPress tag archive can redirect to React search filtered by tag.
/tag/influencers/,/search?tag=influencers,302,true,tag_archive_redirect,medium,true,Legacy WordPress tag archive can redirect to React search filtered by tag.
/tag/internet/,/search?tag=internet,302,true,tag_archive_redirect,medium,true,Legacy WordPress tag archive can redirect to React search filtered by tag.
/tag/iphoolish/,/search?tag=iphoolish,302,true,tag_archive_redirect,medium,true,Legacy WordPress tag archive can redirect to React search filtered by tag.
/tag/israel-onyach/,/search?tag=israel%20onyach,302,true,tag_archive_redirect,medium,true,Legacy WordPress tag archive can redirect to React search filtered by tag.
/tag/issa-juma/,/search?tag=issa%20juma,302,true,tag_archive_redirect,medium,true,Legacy WordPress tag archive can redirect to React search filtered by tag.
/tag/itanda-falls/,/search?tag=itanda%20falls,302,true,tag_archive_redirect,medium,true,Legacy WordPress tag archive can redirect to React search filtered by tag.
/tag/itanda/,/search?tag=itanda,302,true,tag_archive_redirect,medium,true,Legacy WordPress tag archive can redirect to React search filtered by tag.
/tag/itsyaba/,/search?tag=itsyaba,302,true,tag_archive_redirect,medium,true,Legacy WordPress tag archive can redirect to React search filtered by tag.
/tag/ivy-lygue/,/search?tag=ivy%20lygue,302,true,tag_archive_redirect,medium,true,Legacy WordPress tag archive can redirect to React search filtered by tag.
/tag/iyanah-kiragu/,/search?tag=iyanah%20kiragu,302,true,tag_archive_redirect,medium,true,Legacy WordPress tag archive can redirect to React search filtered by tag.
/tag/iyanah/,/search?tag=iyanah,302,true,tag_archive_redirect,medium,true,Legacy WordPress tag archive can redirect to React search filtered by tag.
/tag/iyanii/,/search?tag=iyanii,302,true,tag_archive_redirect,medium,true,Legacy WordPress tag archive can redirect to React search filtered by tag.
/tag/jack-brown/,/search?tag=jack%20brown,302,true,tag_archive_redirect,medium,true,Legacy WordPress tag archive can redirect to React search filtered by tag.
/tag/jacky-vike/,/search?tag=jacky%20vike,302,true,tag_archive_redirect,medium,true,Legacy WordPress tag archive can redirect to React search filtered by tag.
/tag/jaguar/,/search?tag=jaguar,302,true,tag_archive_redirect,medium,true,Legacy WordPress tag archive can redirect to React search filtered by tag.
/tag/james-jozee/,/search?tag=james%20jozee,302,true,tag_archive_redirect,medium,true,Legacy WordPress tag archive can redirect to React search filtered by tag.
/tag/james-murumbi-gallery/,/search?tag=james%20murumbi%20gallery,302,true,tag_archive_redirect,medium,true,Legacy WordPress tag archive can redirect to React search filtered by tag.
/tag/jameson-connects-kenya/,/search?tag=jameson%20connects%20kenya,302,true,tag_archive_redirect,medium,true,Legacy WordPress tag archive can redirect to React search filtered by tag.
/tag/jgip-events/,/search?tag=jgip%20events,302,true,tag_archive_redirect,medium,true,Legacy WordPress tag archive can redirect to React search filtered by tag.
/tag/jim-chuchu/,/search?tag=jim%20chuchu,302,true,tag_archive_redirect,medium,true,Legacy WordPress tag archive can redirect to React search filtered by tag.
/tag/jimmy-ogonga/,/search?tag=jimmy%20ogonga,302,true,tag_archive_redirect,medium,true,Legacy WordPress tag archive can redirect to React search filtered by tag.
/tag/jimwat/,/search?tag=jimwat,302,true,tag_archive_redirect,medium,true,Legacy WordPress tag archive can redirect to React search filtered by tag.
/tag/jinja/,/search?tag=jinja,302,true,tag_archive_redirect,medium,true,Legacy WordPress tag archive can redirect to React search filtered by tag.
/tag/joefes/,/search?tag=joefes,302,true,tag_archive_redirect,medium,true,Legacy WordPress tag archive can redirect to React search filtered by tag.
/tag/john-demathew/,/search?tag=john%20demathew,302,true,tag_archive_redirect,medium,true,Legacy WordPress tag archive can redirect to React search filtered by tag.
/tag/john-michuki-park/,/search?tag=john%20michuki%20park,302,true,tag_archive_redirect,medium,true,Legacy WordPress tag archive can redirect to React search filtered by tag.
/tag/john-ndichu/,/search?tag=john%20ndichu,302,true,tag_archive_redirect,medium,true,Legacy WordPress tag archive can redirect to React search filtered by tag.
/tag/joseph-kamaru/,/search?tag=joseph%20kamaru,302,true,tag_archive_redirect,medium,true,Legacy WordPress tag archive can redirect to React search filtered by tag.
/tag/joseph-mbatia-bertiers/,/search?tag=joseph%20mbatia%20bertiers,302,true,tag_archive_redirect,medium,true,Legacy WordPress tag archive can redirect to React search filtered by tag.
/tag/joshua-baraka/,/search?tag=joshua%20baraka,302,true,tag_archive_redirect,medium,true,Legacy WordPress tag archive can redirect to React search filtered by tag.
/tag/jovial/,/search?tag=jovial,302,true,tag_archive_redirect,medium,true,Legacy WordPress tag archive can redirect to React search filtered by tag.
/tag/joy-ocholla/,/search?tag=joy%20ocholla,302,true,tag_archive_redirect,medium,true,Legacy WordPress tag archive can redirect to React search filtered by tag.
/tag/jua-cali/,/search?tag=jua%20cali,302,true,tag_archive_redirect,medium,true,Legacy WordPress tag archive can redirect to React search filtered by tag.
/tag/juliani/,/search?tag=juliani,302,true,tag_archive_redirect,medium,true,Legacy WordPress tag archive can redirect to React search filtered by tag.
/tag/june-gachui/,/search?tag=june%20gachui,302,true,tag_archive_redirect,medium,true,Legacy WordPress tag archive can redirect to React search filtered by tag.
/tag/just-a-band/,/search?tag=just%20a%20band,302,true,tag_archive_redirect,medium,true,Legacy WordPress tag archive can redirect to React search filtered by tag.
/tag/justice-gully/,/search?tag=justice%20gully,302,true,tag_archive_redirect,medium,true,Legacy WordPress tag archive can redirect to React search filtered by tag.
/tag/justice/,/search?tag=justice,302,true,tag_archive_redirect,medium,true,Legacy WordPress tag archive can redirect to React search filtered by tag.
/tag/jux/,/search?tag=jux,302,true,tag_archive_redirect,medium,true,Legacy WordPress tag archive can redirect to React search filtered by tag.
/tag/k4kanali/,/search?tag=k4kanali,302,true,tag_archive_redirect,medium,true,Legacy WordPress tag archive can redirect to React search filtered by tag.
/tag/kaa-la-moto/,/search?tag=kaa%20la%20moto,302,true,tag_archive_redirect,medium,true,Legacy WordPress tag archive can redirect to React search filtered by tag.
/tag/kabage-karanja/,/search?tag=kabage%20karanja,302,true,tag_archive_redirect,medium,true,Legacy WordPress tag archive can redirect to React search filtered by tag.
/tag/kagwe-mungai/,/search?tag=kagwe%20mungai,302,true,tag_archive_redirect,medium,true,Legacy WordPress tag archive can redirect to React search filtered by tag.
/tag/kalamashaka/,/search?tag=kalamashaka,302,true,tag_archive_redirect,medium,true,Legacy WordPress tag archive can redirect to React search filtered by tag.
/tag/kaloki-nyamai/,/search?tag=kaloki%20nyamai,302,true,tag_archive_redirect,medium,true,Legacy WordPress tag archive can redirect to React search filtered by tag.
/tag/kamaa-kalamashaka/,/search?tag=kamaa%20kalamashaka,302,true,tag_archive_redirect,medium,true,Legacy WordPress tag archive can redirect to React search filtered by tag.
/tag/kamande-wa-kioi/,/search?tag=kamande%20wa%20kioi,302,true,tag_archive_redirect,medium,true,Legacy WordPress tag archive can redirect to React search filtered by tag.
/tag/kambua/,/search?tag=kambua,302,true,tag_archive_redirect,medium,true,Legacy WordPress tag archive can redirect to React search filtered by tag.
/tag/kanairo/,/search?tag=kanairo,302,true,tag_archive_redirect,medium,true,Legacy WordPress tag archive can redirect to React search filtered by tag.
/tag/karen-blixen-museum/,/search?tag=karen%20blixen%20museum,302,true,tag_archive_redirect,medium,true,Legacy WordPress tag archive can redirect to React search filtered by tag.
/tag/karen-village/,/search?tag=karen%20village,302,true,tag_archive_redirect,medium,true,Legacy WordPress tag archive can redirect to React search filtered by tag.
/tag/karun/,/search?tag=karun,302,true,tag_archive_redirect,medium,true,Legacy WordPress tag archive can redirect to React search filtered by tag.
/tag/karura-forest/,/search?tag=karura%20forest,302,true,tag_archive_redirect,medium,true,Legacy WordPress tag archive can redirect to React search filtered by tag.
/tag/kasarani-laureate-gardens/,/search?tag=kasarani%20laureate%20gardens,302,true,tag_archive_redirect,medium,true,Legacy WordPress tag archive can redirect to React search filtered by tag.
/tag/kasha/,/search?tag=kasha,302,true,tag_archive_redirect,medium,true,Legacy WordPress tag archive can redirect to React search filtered by tag.
/tag/katapilla/,/search?tag=katapilla,302,true,tag_archive_redirect,medium,true,Legacy WordPress tag archive can redirect to React search filtered by tag.
/tag/kc-kangiri/,/search?tag=kc%20kangiri,302,true,tag_archive_redirect,medium,true,Legacy WordPress tag archive can redirect to React search filtered by tag.
/tag/keemlyf/,/search?tag=keemlyf,302,true,tag_archive_redirect,medium,true,Legacy WordPress tag archive can redirect to React search filtered by tag.
/tag/kemboste/,/search?tag=kemboste,302,true,tag_archive_redirect,medium,true,Legacy WordPress tag archive can redirect to React search filtered by tag.
/tag/kendrick-lamar/,/search?tag=kendrick%20lamar,302,true,tag_archive_redirect,medium,true,Legacy WordPress tag archive can redirect to React search filtered by tag.
/tag/kenrazy/,/search?tag=kenrazy,302,true,tag_archive_redirect,medium,true,Legacy WordPress tag archive can redirect to React search filtered by tag.
/tag/kenya-african-national-union-kanu/,/search?tag=kenya%20african%20national%20union%20kanu,302,true,tag_archive_redirect,medium,true,Legacy WordPress tag archive can redirect to React search filtered by tag.
/tag/kenya-copyright-act/,/search?tag=kenya%20copyright%20act,302,true,tag_archive_redirect,medium,true,Legacy WordPress tag archive can redirect to React search filtered by tag.
/tag/kenya-copyright-board-kecobo/,/search?tag=kenya%20copyright%20board%20kecobo,302,true,tag_archive_redirect,medium,true,Legacy WordPress tag archive can redirect to React search filtered by tag.
/tag/kenya-cultural-centre/,/search?tag=kenya%20cultural%20centre,302,true,tag_archive_redirect,medium,true,Legacy WordPress tag archive can redirect to React search filtered by tag.
/tag/kenya-museum-society/,/search?tag=kenya%20museum%20society,302,true,tag_archive_redirect,medium,true,Legacy WordPress tag archive can redirect to React search filtered by tag.
/tag/kenya-national-theatre/,/search?tag=kenya%20national%20theatre,302,true,tag_archive_redirect,medium,true,Legacy WordPress tag archive can redirect to React search filtered by tag.
/tag/kenya-space-agency/,/search?tag=kenya%20space%20agency,302,true,tag_archive_redirect,medium,true,Legacy WordPress tag archive can redirect to React search filtered by tag.
/tag/kenya-wildlife-service/,/search?tag=kenya%20wildlife%20service,302,true,tag_archive_redirect,medium,true,Legacy WordPress tag archive can redirect to React search filtered by tag.
/tag/kenya/,/search?tag=kenya,302,true,tag_archive_redirect,medium,true,Legacy WordPress tag archive can redirect to React search filtered by tag.
/tag/kerosh/,/search?tag=kerosh,302,true,tag_archive_redirect,medium,true,Legacy WordPress tag archive can redirect to React search filtered by tag.
/tag/kethan/,/search?tag=kethan,302,true,tag_archive_redirect,medium,true,Legacy WordPress tag archive can redirect to React search filtered by tag.
/tag/khaddija-abdalla-bajaber/,/search?tag=khaddija%20abdalla%20bajaber,302,true,tag_archive_redirect,medium,true,Legacy WordPress tag archive can redirect to React search filtered by tag.
/tag/khadija-abdalla-bajaber/,/search?tag=khadija%20abdalla%20bajaber,302,true,tag_archive_redirect,medium,true,Legacy WordPress tag archive can redirect to React search filtered by tag.
/tag/khadija-abdalla-bjaber/,/search?tag=khadija%20abdalla%20bjaber,302,true,tag_archive_redirect,medium,true,Legacy WordPress tag archive can redirect to React search filtered by tag.
/tag/khali-cartel/,/search?tag=khali%20cartel,302,true,tag_archive_redirect,medium,true,Legacy WordPress tag archive can redirect to React search filtered by tag.
/tag/khaligraph-jones/,/search?tag=khaligraph%20jones,302,true,tag_archive_redirect,medium,true,Legacy WordPress tag archive can redirect to React search filtered by tag.
/tag/khaligraph-jones/page/2/,/search?tag=khaligraph%20jones,302,true,tag_archive_redirect,medium,true,Paginated WordPress tag archive should collapse to canonical tag search during cutover.
/tag/kibera/,/search?tag=kibera,302,true,tag_archive_redirect,medium,true,Legacy WordPress tag archive can redirect to React search filtered by tag.
/tag/kid-kora/,/search?tag=kid%20kora,302,true,tag_archive_redirect,medium,true,Legacy WordPress tag archive can redirect to React search filtered by tag.
/tag/kigooco/,/search?tag=kigooco,302,true,tag_archive_redirect,medium,true,Legacy WordPress tag archive can redirect to React search filtered by tag.
/tag/kikuyu-music/,/search?tag=kikuyu%20music,302,true,tag_archive_redirect,medium,true,Legacy WordPress tag archive can redirect to React search filtered by tag.
/tag/kina/,/search?tag=kina,302,true,tag_archive_redirect,medium,true,Legacy WordPress tag archive can redirect to React search filtered by tag.
/tag/king-david/,/search?tag=king%20david,302,true,tag_archive_redirect,medium,true,Legacy WordPress tag archive can redirect to React search filtered by tag.
/tag/king-kaka/,/search?tag=king%20kaka,302,true,tag_archive_redirect,medium,true,Legacy WordPress tag archive can redirect to React search filtered by tag.
/tag/king-kerby/,/search?tag=king%20kerby,302,true,tag_archive_redirect,medium,true,Legacy WordPress tag archive can redirect to React search filtered by tag.
/tag/kingpheezle/,/search?tag=kingpheezle,302,true,tag_archive_redirect,medium,true,Legacy WordPress tag archive can redirect to React search filtered by tag.
/tag/kinoti/,/search?tag=kinoti,302,true,tag_archive_redirect,medium,true,Legacy WordPress tag archive can redirect to React search filtered by tag.
/tag/kitu-sewer/,/search?tag=kitu%20sewer,302,true,tag_archive_redirect,medium,true,Legacy WordPress tag archive can redirect to React search filtered by tag.
/tag/kizazi-moto/,/search?tag=kizazi%20moto,302,true,tag_archive_redirect,medium,true,Legacy WordPress tag archive can redirect to React search filtered by tag.
/tag/kleptomaniax/,/search?tag=kleptomaniax,302,true,tag_archive_redirect,medium,true,Legacy WordPress tag archive can redirect to React search filtered by tag.
/tag/koda/,/search?tag=koda,302,true,tag_archive_redirect,medium,true,Legacy WordPress tag archive can redirect to React search filtered by tag.
/tag/kodongklan/,/search?tag=kodongklan,302,true,tag_archive_redirect,medium,true,Legacy WordPress tag archive can redirect to React search filtered by tag.
/tag/krg-the-don/,/search?tag=krg%20the%20don,302,true,tag_archive_redirect,medium,true,Legacy WordPress tag archive can redirect to React search filtered by tag.
/tag/kristoff/,/search?tag=kristoff,302,true,tag_archive_redirect,medium,true,Legacy WordPress tag archive can redirect to React search filtered by tag.
/tag/kuky/,/search?tag=kuky,302,true,tag_archive_redirect,medium,true,Legacy WordPress tag archive can redirect to React search filtered by tag.
/tag/kunye/,/search?tag=kunye,302,true,tag_archive_redirect,medium,true,Legacy WordPress tag archive can redirect to React search filtered by tag.
/tag/kushman/,/search?tag=kushman,302,true,tag_archive_redirect,medium,true,Legacy WordPress tag archive can redirect to React search filtered by tag.
/tag/l-a-rochelle/,/search?tag=l%20a%20rochelle,302,true,tag_archive_redirect,medium,true,Legacy WordPress tag archive can redirect to React search filtered by tag.
/tag/l3gs/,/search?tag=l3gs,302,true,tag_archive_redirect,medium,true,Legacy WordPress tag archive can redirect to React search filtered by tag.
/tag/la-biennale-di-venezia/,/search?tag=la%20biennale%20di%20venezia,302,true,tag_archive_redirect,medium,true,Legacy WordPress tag archive can redirect to React search filtered by tag.
/tag/labor-of-love/,/search?tag=labor%20of%20love,302,true,tag_archive_redirect,medium,true,Legacy WordPress tag archive can redirect to React search filtered by tag.
/tag/landmarks/,/search?tag=landmarks,302,true,tag_archive_redirect,medium,true,Legacy WordPress tag archive can redirect to React search filtered by tag.
/tag/language/,/search?tag=language,302,true,tag_archive_redirect,medium,true,Legacy WordPress tag archive can redirect to React search filtered by tag.
/tag/laroz/,/search?tag=laroz,302,true,tag_archive_redirect,medium,true,Legacy WordPress tag archive can redirect to React search filtered by tag.
/tag/lavosti/,/search?tag=lavosti,302,true,tag_archive_redirect,medium,true,Legacy WordPress tag archive can redirect to React search filtered by tag.
/tag/le-guin-prize/,/search?tag=le%20guin%20prize,302,true,tag_archive_redirect,medium,true,Legacy WordPress tag archive can redirect to React search filtered by tag.
/tag/leilah-babirye/,/search?tag=leilah%20babirye,302,true,tag_archive_redirect,medium,true,Legacy WordPress tag archive can redirect to React search filtered by tag.
/tag/leo-tolstoy/,/search?tag=leo%20tolstoy,302,true,tag_archive_redirect,medium,true,Legacy WordPress tag archive can redirect to React search filtered by tag.
/tag/let-me-you/,/search?tag=let%20me%20you,302,true,tag_archive_redirect,medium,true,Legacy WordPress tag archive can redirect to React search filtered by tag.
/tag/lil-maina/,/search?tag=lil%20maina,302,true,tag_archive_redirect,medium,true,Legacy WordPress tag archive can redirect to React search filtered by tag.
/tag/lilmaina/,/search?tag=lilmaina,302,true,tag_archive_redirect,medium,true,Legacy WordPress tag archive can redirect to React search filtered by tag.
/tag/linda-musita/,/search?tag=linda%20musita,302,true,tag_archive_redirect,medium,true,Legacy WordPress tag archive can redirect to React search filtered by tag.
/tag/linsanity/,/search?tag=linsanity,302,true,tag_archive_redirect,medium,true,Legacy WordPress tag archive can redirect to React search filtered by tag.
/tag/lisa-oduor-noah/,/search?tag=lisa%20oduor%20noah,302,true,tag_archive_redirect,medium,true,Legacy WordPress tag archive can redirect to React search filtered by tag.
/tag/live-nation/,/search?tag=live%20nation,302,true,tag_archive_redirect,medium,true,Legacy WordPress tag archive can redirect to React search filtered by tag.
/tag/logan-roy/,/search?tag=logan%20roy,302,true,tag_archive_redirect,medium,true,Legacy WordPress tag archive can redirect to React search filtered by tag.
/tag/love-letters-3/,/search?tag=love%20letters%203,302,true,tag_archive_redirect,medium,true,Legacy WordPress tag archive can redirect to React search filtered by tag.
/tag/love/,/search?tag=love,302,true,tag_archive_redirect,medium,true,Legacy WordPress tag archive can redirect to React search filtered by tag.
/tag/lufasa/,/search?tag=lufasa,302,true,tag_archive_redirect,medium,true,Legacy WordPress tag archive can redirect to React search filtered by tag.
/tag/lupita-nyongo/,/search?tag=lupita%20nyongo,302,true,tag_archive_redirect,medium,true,Legacy WordPress tag archive can redirect to React search filtered by tag.
/tag/lyvid-and-sofiya-nzau/,/search?tag=lyvid%20and%20sofiya%20nzau,302,true,tag_archive_redirect,medium,true,Legacy WordPress tag archive can redirect to React search filtered by tag.
/tag/lyvid-remix-by-misumena/,/search?tag=lyvid%20remix%20by%20misumena,302,true,tag_archive_redirect,medium,true,Legacy WordPress tag archive can redirect to React search filtered by tag.
/tag/maandy/,/search?tag=maandy,302,true,tag_archive_redirect,medium,true,Legacy WordPress tag archive can redirect to React search filtered by tag.
/tag/maasai-market/,/search?tag=maasai%20market,302,true,tag_archive_redirect,medium,true,Legacy WordPress tag archive can redirect to React search filtered by tag.
/tag/maasai/,/search?tag=maasai,302,true,tag_archive_redirect,medium,true,Legacy WordPress tag archive can redirect to React search filtered by tag.
/tag/machine-learning/,/search?tag=machine%20learning,302,true,tag_archive_redirect,medium,true,Legacy WordPress tag archive can redirect to React search filtered by tag.
/tag/macondo-lit-festival/,/search?tag=macondo%20lit%20festival,302,true,tag_archive_redirect,medium,true,Legacy WordPress tag archive can redirect to React search filtered by tag.
/tag/mad-g/,/search?tag=mad%20g,302,true,tag_archive_redirect,medium,true,Legacy WordPress tag archive can redirect to React search filtered by tag.
/tag/magdalene-odundo/,/search?tag=magdalene%20odundo,302,true,tag_archive_redirect,medium,true,Legacy WordPress tag archive can redirect to React search filtered by tag.
/tag/mahalia/,/search?tag=mahalia,302,true,tag_archive_redirect,medium,true,Legacy WordPress tag archive can redirect to React search filtered by tag.
/tag/maina-murumba/,/search?tag=maina%20murumba,302,true,tag_archive_redirect,medium,true,Legacy WordPress tag archive can redirect to React search filtered by tag.
/tag/maji-maji/,/search?tag=maji%20maji,302,true,tag_archive_redirect,medium,true,Legacy WordPress tag archive can redirect to React search filtered by tag.
/tag/makena-onjerika/,/search?tag=makena%20onjerika,302,true,tag_archive_redirect,medium,true,Legacy WordPress tag archive can redirect to React search filtered by tag.
/tag/mali/,/search?tag=mali,302,true,tag_archive_redirect,medium,true,Legacy WordPress tag archive can redirect to React search filtered by tag.
/tag/manzi-wa-kibera/,/search?tag=manzi%20wa%20kibera,302,true,tag_archive_redirect,medium,true,Legacy WordPress tag archive can redirect to React search filtered by tag.
/tag/maovete/,/search?tag=maovete,302,true,tag_archive_redirect,medium,true,Legacy WordPress tag archive can redirect to React search filtered by tag.
/tag/mapenzi-baby/,/search?tag=mapenzi%20baby,302,true,tag_archive_redirect,medium,true,Legacy WordPress tag archive can redirect to React search filtered by tag.
/tag/marijuana/,/search?tag=marijuana,302,true,tag_archive_redirect,medium,true,Legacy WordPress tag archive can redirect to React search filtered by tag.
/tag/marjorie-oludhe-macgoye/,/search?tag=marjorie%20oludhe%20macgoye,302,true,tag_archive_redirect,medium,true,Legacy WordPress tag archive can redirect to React search filtered by tag.
/tag/marketing/,/search?tag=marketing,302,true,tag_archive_redirect,medium,true,Legacy WordPress tag archive can redirect to React search filtered by tag.
/tag/marriage/,/search?tag=marriage,302,true,tag_archive_redirect,medium,true,Legacy WordPress tag archive can redirect to React search filtered by tag.
/tag/masauti/,/search?tag=masauti,302,true,tag_archive_redirect,medium,true,Legacy WordPress tag archive can redirect to React search filtered by tag.
/tag/mass-media/,/search?tag=mass%20media,302,true,tag_archive_redirect,medium,true,Legacy WordPress tag archive can redirect to React search filtered by tag.
/tag/mastar-vk/,/search?tag=mastar%20vk,302,true,tag_archive_redirect,medium,true,Legacy WordPress tag archive can redirect to React search filtered by tag.
/tag/masterpiece-king/,/search?tag=masterpiece%20king,302,true,tag_archive_redirect,medium,true,Legacy WordPress tag archive can redirect to React search filtered by tag.
/tag/matara/,/search?tag=matara,302,true,tag_archive_redirect,medium,true,Legacy WordPress tag archive can redirect to React search filtered by tag.
/tag/matata/,/search?tag=matata,302,true,tag_archive_redirect,medium,true,Legacy WordPress tag archive can redirect to React search filtered by tag.
/tag/matatu-culture/,/search?tag=matatu%20culture,302,true,tag_archive_redirect,medium,true,Legacy WordPress tag archive can redirect to React search filtered by tag.
/tag/matt-ngesa/,/search?tag=matt%20ngesa,302,true,tag_archive_redirect,medium,true,Legacy WordPress tag archive can redirect to React search filtered by tag.
/tag/mau-from-nowhere/,/search?tag=mau%20from%20nowhere,302,true,tag_archive_redirect,medium,true,Legacy WordPress tag archive can redirect to React search filtered by tag.
/tag/mau-mau/,/search?tag=mau%20mau,302,true,tag_archive_redirect,medium,true,Legacy WordPress tag archive can redirect to React search filtered by tag.
/tag/mauru-unit/,/search?tag=mauru%20unit,302,true,tag_archive_redirect,medium,true,Legacy WordPress tag archive can redirect to React search filtered by tag.
/tag/mavultures/,/search?tag=mavultures,302,true,tag_archive_redirect,medium,true,Legacy WordPress tag archive can redirect to React search filtered by tag.
/tag/maya-amolo/,/search?tag=maya%20amolo,302,true,tag_archive_redirect,medium,true,Legacy WordPress tag archive can redirect to React search filtered by tag.
/tag/maybe-ii/,/search?tag=maybe%20ii,302,true,tag_archive_redirect,medium,true,Legacy WordPress tag archive can redirect to React search filtered by tag.
/tag/mayonde/,/search?tag=mayonde,302,true,tag_archive_redirect,medium,true,Legacy WordPress tag archive can redirect to React search filtered by tag.
/tag/mbai-caves/,/search?tag=mbai%20caves,302,true,tag_archive_redirect,medium,true,Legacy WordPress tag archive can redirect to React search filtered by tag.
/tag/mbira/,/search?tag=mbira,302,true,tag_archive_redirect,medium,true,Legacy WordPress tag archive can redirect to React search filtered by tag.
/tag/mbithi-masya/,/search?tag=mbithi%20masya,302,true,tag_archive_redirect,medium,true,Legacy WordPress tag archive can redirect to React search filtered by tag.
/tag/mbithi/,/search?tag=mbithi,302,true,tag_archive_redirect,medium,true,Legacy WordPress tag archive can redirect to React search filtered by tag.
/tag/mbogi-genje/,/search?tag=mbogi%20genje,302,true,tag_archive_redirect,medium,true,Legacy WordPress tag archive can redirect to React search filtered by tag.
/tag/mbuzi-gang/,/search?tag=mbuzi%20gang,302,true,tag_archive_redirect,medium,true,Legacy WordPress tag archive can redirect to React search filtered by tag.
/tag/mc-sharon/,/search?tag=mc%20sharon,302,true,tag_archive_redirect,medium,true,Legacy WordPress tag archive can redirect to React search filtered by tag.
/tag/mcmillan-memorial-library/,/search?tag=mcmillan%20memorial%20library,302,true,tag_archive_redirect,medium,true,Legacy WordPress tag archive can redirect to React search filtered by tag.
/tag/mdundo/,/search?tag=mdundo,302,true,tag_archive_redirect,medium,true,Legacy WordPress tag archive can redirect to React search filtered by tag.
/tag/meja-mwangi/,/search?tag=meja%20mwangi,302,true,tag_archive_redirect,medium,true,Legacy WordPress tag archive can redirect to React search filtered by tag.
/tag/mejja/,/search?tag=mejja,302,true,tag_archive_redirect,medium,true,Legacy WordPress tag archive can redirect to React search filtered by tag.
/tag/melodica-music-store/,/search?tag=melodica%20music%20store,302,true,tag_archive_redirect,medium,true,Legacy WordPress tag archive can redirect to React search filtered by tag.
/tag/mental-health/,/search?tag=mental%20health,302,true,tag_archive_redirect,medium,true,Legacy WordPress tag archive can redirect to React search filtered by tag.
/tag/mercy-munyanya/,/search?tag=mercy%20munyanya,302,true,tag_archive_redirect,medium,true,Legacy WordPress tag archive can redirect to React search filtered by tag.
/tag/mex-cortez/,/search?tag=mex%20cortez,302,true,tag_archive_redirect,medium,true,Legacy WordPress tag archive can redirect to React search filtered by tag.
/tag/mic-cheque/,/search?tag=mic%20cheque,302,true,tag_archive_redirect,medium,true,Legacy WordPress tag archive can redirect to React search filtered by tag.
/tag/michael-armitage/,/search?tag=michael%20armitage,302,true,tag_archive_redirect,medium,true,Legacy WordPress tag archive can redirect to React search filtered by tag.
/tag/michael-soi/,/search?tag=michael%20soi,302,true,tag_archive_redirect,medium,true,Legacy WordPress tag archive can redirect to React search filtered by tag.
/tag/mike-winkelmann/,/search?tag=mike%20winkelmann,302,true,tag_archive_redirect,medium,true,Legacy WordPress tag archive can redirect to React search filtered by tag.
/tag/mikel-the-energy/,/search?tag=mikel%20the%20energy,302,true,tag_archive_redirect,medium,true,Legacy WordPress tag archive can redirect to React search filtered by tag.
/tag/millenials/,/search?tag=millenials,302,true,tag_archive_redirect,medium,true,Legacy WordPress tag archive can redirect to React search filtered by tag.
/tag/mimi-mars/,/search?tag=mimi%20mars,302,true,tag_archive_redirect,medium,true,Legacy WordPress tag archive can redirect to React search filtered by tag.
/tag/miriam-syowia-kyambi/,/search?tag=miriam%20syowia%20kyambi,302,true,tag_archive_redirect,medium,true,Legacy WordPress tag archive can redirect to React search filtered by tag.
/tag/moeazy/,/search?tag=moeazy,302,true,tag_archive_redirect,medium,true,Legacy WordPress tag archive can redirect to React search filtered by tag.
/tag/monrovia-street/,/search?tag=monrovia%20street,302,true,tag_archive_redirect,medium,true,Legacy WordPress tag archive can redirect to React search filtered by tag.
/tag/monski/,/search?tag=monski,302,true,tag_archive_redirect,medium,true,Legacy WordPress tag archive can redirect to React search filtered by tag.
/tag/mookh/,/search?tag=mookh,302,true,tag_archive_redirect,medium,true,Legacy WordPress tag archive can redirect to React search filtered by tag.
/tag/moores-law/,/search?tag=moores%20law,302,true,tag_archive_redirect,medium,true,Legacy WordPress tag archive can redirect to React search filtered by tag.
/tag/mordecai-dex/,/search?tag=mordecai%20dex,302,true,tag_archive_redirect,medium,true,Legacy WordPress tag archive can redirect to React search filtered by tag.
/tag/morris-kiruga/,/search?tag=morris%20kiruga,302,true,tag_archive_redirect,medium,true,Legacy WordPress tag archive can redirect to React search filtered by tag.
/tag/movaz-warombosaji-nation/,/search?tag=movaz%20warombosaji%20nation,302,true,tag_archive_redirect,medium,true,Legacy WordPress tag archive can redirect to React search filtered by tag.
/tag/mpizy-tycoon/,/search?tag=mpizy%20tycoon,302,true,tag_archive_redirect,medium,true,Legacy WordPress tag archive can redirect to React search filtered by tag.
/tag/mr-lu/,/search?tag=mr%20lu,302,true,tag_archive_redirect,medium,true,Legacy WordPress tag archive can redirect to React search filtered by tag.
/tag/mr-seed/,/search?tag=mr%20seed,302,true,tag_archive_redirect,medium,true,Legacy WordPress tag archive can redirect to React search filtered by tag.
/tag/mr-tee/,/search?tag=mr%20tee,302,true,tag_archive_redirect,medium,true,Legacy WordPress tag archive can redirect to React search filtered by tag.
/tag/msale/,/search?tag=msale,302,true,tag_archive_redirect,medium,true,Legacy WordPress tag archive can redirect to React search filtered by tag.
/tag/msito/,/search?tag=msito,302,true,tag_archive_redirect,medium,true,Legacy WordPress tag archive can redirect to React search filtered by tag.
/tag/mtaa-yangu/,/search?tag=mtaa%20yangu,302,true,tag_archive_redirect,medium,true,Legacy WordPress tag archive can redirect to React search filtered by tag.
/tag/mtap3li/,/search?tag=mtap3li,302,true,tag_archive_redirect,medium,true,Legacy WordPress tag archive can redirect to React search filtered by tag.
/tag/mudra-d-viral/,/search?tag=mudra%20d%20viral,302,true,tag_archive_redirect,medium,true,Legacy WordPress tag archive can redirect to React search filtered by tag.
/tag/muki-rai/,/search?tag=muki%20rai,302,true,tag_archive_redirect,medium,true,Legacy WordPress tag archive can redirect to React search filtered by tag.
/tag/mukoma-wa-ngugi/,/search?tag=mukoma%20wa%20ngugi,302,true,tag_archive_redirect,medium,true,Legacy WordPress tag archive can redirect to React search filtered by tag.
/tag/muranga-county/,/search?tag=muranga%20county,302,true,tag_archive_redirect,medium,true,Legacy WordPress tag archive can redirect to React search filtered by tag.
/tag/muringi/,/search?tag=muringi,302,true,tag_archive_redirect,medium,true,Legacy WordPress tag archive can redirect to React search filtered by tag.
/tag/museum-hill-road/,/search?tag=museum%20hill%20road,302,true,tag_archive_redirect,medium,true,Legacy WordPress tag archive can redirect to React search filtered by tag.
/tag/music-festivals/,/search?tag=music%20festivals,302,true,tag_archive_redirect,medium,true,Legacy WordPress tag archive can redirect to React search filtered by tag.
/tag/music-industry/,/search?tag=music%20industry,302,true,tag_archive_redirect,medium,true,Legacy WordPress tag archive can redirect to React search filtered by tag.
/tag/music-videos/,/search?tag=music%20videos,302,true,tag_archive_redirect,medium,true,Legacy WordPress tag archive can redirect to React search filtered by tag.
/tag/music/,/search?tag=music,302,true,tag_archive_redirect,medium,true,Legacy WordPress tag archive can redirect to React search filtered by tag.
/tag/muthaka/,/search?tag=muthaka,302,true,tag_archive_redirect,medium,true,Legacy WordPress tag archive can redirect to React search filtered by tag.
/tag/muthoni-drummer-queen/,/search?tag=muthoni%20drummer%20queen,302,true,tag_archive_redirect,medium,true,Legacy WordPress tag archive can redirect to React search filtered by tag.
/tag/muthoni-garland/,/search?tag=muthoni%20garland,302,true,tag_archive_redirect,medium,true,Legacy WordPress tag archive can redirect to React search filtered by tag.
/tag/muthoni-likimani/,/search?tag=muthoni%20likimani,302,true,tag_archive_redirect,medium,true,Legacy WordPress tag archive can redirect to React search filtered by tag.
/tag/mutoriah/,/search?tag=mutoriah,302,true,tag_archive_redirect,medium,true,Legacy WordPress tag archive can redirect to React search filtered by tag.
/tag/mutua-matheka/,/search?tag=mutua%20matheka,302,true,tag_archive_redirect,medium,true,Legacy WordPress tag archive can redirect to React search filtered by tag.
/tag/muze-club/,/search?tag=muze%20club,302,true,tag_archive_redirect,medium,true,Legacy WordPress tag archive can redirect to React search filtered by tag.
/tag/mvera/,/search?tag=mvera,302,true,tag_archive_redirect,medium,true,Legacy WordPress tag archive can redirect to React search filtered by tag.
/tag/mwangi-gicheru/,/search?tag=mwangi%20gicheru,302,true,tag_archive_redirect,medium,true,Legacy WordPress tag archive can redirect to React search filtered by tag.
/tag/mwangi-hutter/,/search?tag=mwangi%20hutter,302,true,tag_archive_redirect,medium,true,Legacy WordPress tag archive can redirect to React search filtered by tag.
/tag/mwihoko-utheri-wa-ngoro/,/search?tag=mwihoko%20utheri%20wa%20ngoro,302,true,tag_archive_redirect,medium,true,Legacy WordPress tag archive can redirect to React search filtered by tag.
/tag/mwikali-and-the-forbidden-mask/,/search?tag=mwikali%20and%20the%20forbidden%20mask,302,true,tag_archive_redirect,medium,true,Legacy WordPress tag archive can redirect to React search filtered by tag.
/tag/naiboi/,/search?tag=naiboi,302,true,tag_archive_redirect,medium,true,Legacy WordPress tag archive can redirect to React search filtered by tag.
/tag/nairobi-city/,/search?tag=nairobi%20city,302,true,tag_archive_redirect,medium,true,Legacy WordPress tag archive can redirect to React search filtered by tag.
/tag/nairobi-contemporary-art-institute/,/search?tag=nairobi%20contemporary%20art%20institute,302,true,tag_archive_redirect,medium,true,Legacy WordPress tag archive can redirect to React search filtered by tag.
/tag/nairobi-festival/,/search?tag=nairobi%20festival,302,true,tag_archive_redirect,medium,true,Legacy WordPress tag archive can redirect to React search filtered by tag.
/tag/nairobi-gallery/,/search?tag=nairobi%20gallery,302,true,tag_archive_redirect,medium,true,Legacy WordPress tag archive can redirect to React search filtered by tag.
/tag/nairobi-gossip-club/,/search?tag=nairobi%20gossip%20club,302,true,tag_archive_redirect,medium,true,Legacy WordPress tag archive can redirect to React search filtered by tag.
/tag/nairobi-international-jazz-festival/,/search?tag=nairobi%20international%20jazz%20festival,302,true,tag_archive_redirect,medium,true,Legacy WordPress tag archive can redirect to React search filtered by tag.
/tag/nairobi-literature-festival/,/search?tag=nairobi%20literature%20festival,302,true,tag_archive_redirect,medium,true,Legacy WordPress tag archive can redirect to React search filtered by tag.
/tag/nairobi-litfest/,/search?tag=nairobi%20litfest,302,true,tag_archive_redirect,medium,true,Legacy WordPress tag archive can redirect to React search filtered by tag.
/tag/nairobi-national-museum/,/search?tag=nairobi%20national%20museum,302,true,tag_archive_redirect,medium,true,Legacy WordPress tag archive can redirect to React search filtered by tag.
/tag/nairobi-national-park/,/search?tag=nairobi%20national%20park,302,true,tag_archive_redirect,medium,true,Legacy WordPress tag archive can redirect to React search filtered by tag.
/tag/nairobi/,/search?tag=nairobi,302,true,tag_archive_redirect,medium,true,Legacy WordPress tag archive can redirect to React search filtered by tag.
/tag/nakili-sessions/,/search?tag=nakili%20sessions,302,true,tag_archive_redirect,medium,true,Legacy WordPress tag archive can redirect to React search filtered by tag.
/tag/naomi-wanjiku-gakunga/,/search?tag=naomi%20wanjiku%20gakunga,302,true,tag_archive_redirect,medium,true,Legacy WordPress tag archive can redirect to React search filtered by tag.
/tag/nasha-travis/,/search?tag=nasha%20travis,302,true,tag_archive_redirect,medium,true,Legacy WordPress tag archive can redirect to React search filtered by tag.
/tag/nastie-nastie/,/search?tag=nastie%20nastie,302,true,tag_archive_redirect,medium,true,Legacy WordPress tag archive can redirect to React search filtered by tag.
/tag/natasha-sinayobye/,/search?tag=natasha%20sinayobye,302,true,tag_archive_redirect,medium,true,Legacy WordPress tag archive can redirect to React search filtered by tag.
/tag/nate-speaks/,/search?tag=nate%20speaks,302,true,tag_archive_redirect,medium,true,Legacy WordPress tag archive can redirect to React search filtered by tag.
/tag/national-cohesion-and-integration-commission/,/search?tag=national%20cohesion%20and%20integration%20commission,302,true,tag_archive_redirect,medium,true,Legacy WordPress tag archive can redirect to React search filtered by tag.
/tag/national-museum-of-kenya/,/search?tag=national%20museum%20of%20kenya,302,true,tag_archive_redirect,medium,true,Legacy WordPress tag archive can redirect to React search filtered by tag.
/tag/natty/,/search?tag=natty,302,true,tag_archive_redirect,medium,true,Legacy WordPress tag archive can redirect to React search filtered by tag.
/tag/nature/,/search?tag=nature,302,true,tag_archive_redirect,medium,true,Legacy WordPress tag archive can redirect to React search filtered by tag.
/tag/ndarlin-p/,/search?tag=ndarlin%20p,302,true,tag_archive_redirect,medium,true,Legacy WordPress tag archive can redirect to React search filtered by tag.
/tag/ndovu-kuu/,/search?tag=ndovu%20kuu,302,true,tag_archive_redirect,medium,true,Legacy WordPress tag archive can redirect to React search filtered by tag.
/tag/nebulazz/,/search?tag=nebulazz,302,true,tag_archive_redirect,medium,true,Legacy WordPress tag archive can redirect to React search filtered by tag.
/tag/nes-mburu/,/search?tag=nes%20mburu,302,true,tag_archive_redirect,medium,true,Legacy WordPress tag archive can redirect to React search filtered by tag.
/tag/nestle/,/search?tag=nestle,302,true,tag_archive_redirect,medium,true,Legacy WordPress tag archive can redirect to React search filtered by tag.
/tag/netflix/,/search?tag=netflix,302,true,tag_archive_redirect,medium,true,Legacy WordPress tag archive can redirect to React search filtered by tag.
/tag/nfts/,/search?tag=nfts,302,true,tag_archive_redirect,medium,true,Legacy WordPress tag archive can redirect to React search filtered by tag.
/tag/ngara/,/search?tag=ngara,302,true,tag_archive_redirect,medium,true,Legacy WordPress tag archive can redirect to React search filtered by tag.
/tag/ngorongoro-conservation-area/,/search?tag=ngorongoro%20conservation%20area,302,true,tag_archive_redirect,medium,true,Legacy WordPress tag archive can redirect to React search filtered by tag.
/tag/ngugi-wa-thiongo/,/search?tag=ngugi%20wa%20thiongo,302,true,tag_archive_redirect,medium,true,Legacy WordPress tag archive can redirect to React search filtered by tag.
/tag/nick-mutuma/,/search?tag=nick%20mutuma,302,true,tag_archive_redirect,medium,true,Legacy WordPress tag archive can redirect to React search filtered by tag.
/tag/nikita-kering/,/search?tag=nikita%20kering,302,true,tag_archive_redirect,medium,true,Legacy WordPress tag archive can redirect to React search filtered by tag.
/tag/njerae/,/search?tag=njerae,302,true,tag_archive_redirect,medium,true,Legacy WordPress tag archive can redirect to React search filtered by tag.
/tag/njiru/,/search?tag=njiru,302,true,tag_archive_redirect,medium,true,Legacy WordPress tag archive can redirect to React search filtered by tag.
/tag/njoki-karu/,/search?tag=njoki%20karu,302,true,tag_archive_redirect,medium,true,Legacy WordPress tag archive can redirect to React search filtered by tag.
/tag/njoro-wa-uba/,/search?tag=njoro%20wa%20uba,302,true,tag_archive_redirect,medium,true,Legacy WordPress tag archive can redirect to React search filtered by tag.
/tag/njugush/,/search?tag=njugush,302,true,tag_archive_redirect,medium,true,Legacy WordPress tag archive can redirect to React search filtered by tag.
/tag/noname-book-club/,/search?tag=noname%20book%20club,302,true,tag_archive_redirect,medium,true,Legacy WordPress tag archive can redirect to React search filtered by tag.
/tag/nonini/,/search?tag=nonini,302,true,tag_archive_redirect,medium,true,Legacy WordPress tag archive can redirect to React search filtered by tag.
/tag/noumoucounda-cissoko/,/search?tag=noumoucounda%20cissoko,302,true,tag_archive_redirect,medium,true,Legacy WordPress tag archive can redirect to React search filtered by tag.
/tag/nviiri-the-storyteller/,/search?tag=nviiri%20the%20storyteller,302,true,tag_archive_redirect,medium,true,Legacy WordPress tag archive can redirect to React search filtered by tag.
/tag/nviiri/,/search?tag=nviiri,302,true,tag_archive_redirect,medium,true,Legacy WordPress tag archive can redirect to React search filtered by tag.
/tag/nyashinski/,/search?tag=nyashinski,302,true,tag_archive_redirect,medium,true,Legacy WordPress tag archive can redirect to React search filtered by tag.
/tag/nyawira-alison/,/search?tag=nyawira%20alison,302,true,tag_archive_redirect,medium,true,Legacy WordPress tag archive can redirect to React search filtered by tag.
/tag/nyege-nyege-festival/,/search?tag=nyege%20nyege%20festival,302,true,tag_archive_redirect,medium,true,Legacy WordPress tag archive can redirect to React search filtered by tag.
/tag/nyrobi-book-fest/,/search?tag=nyrobi%20book%20fest,302,true,tag_archive_redirect,medium,true,Legacy WordPress tag archive can redirect to React search filtered by tag.
/tag/ochungulo-family/,/search?tag=ochungulo%20family,302,true,tag_archive_redirect,medium,true,Legacy WordPress tag archive can redirect to React search filtered by tag.
/tag/octopizzo/,/search?tag=octopizzo,302,true,tag_archive_redirect,medium,true,Legacy WordPress tag archive can redirect to React search filtered by tag.
/tag/odi-wa-muranga/,/search?tag=odi%20wa%20muranga,302,true,tag_archive_redirect,medium,true,Legacy WordPress tag archive can redirect to React search filtered by tag.
/tag/ogopa-deejays/,/search?tag=ogopa%20deejays,302,true,tag_archive_redirect,medium,true,Legacy WordPress tag archive can redirect to React search filtered by tag.
/tag/ogopa-djs/,/search?tag=ogopa%20djs,302,true,tag_archive_redirect,medium,true,Legacy WordPress tag archive can redirect to React search filtered by tag.
/tag/okello-max/,/search?tag=okello%20max,302,true,tag_archive_redirect,medium,true,Legacy WordPress tag archive can redirect to React search filtered by tag.
/tag/okwiri-oduor/,/search?tag=okwiri%20oduor,302,true,tag_archive_redirect,medium,true,Legacy WordPress tag archive can redirect to React search filtered by tag.
/tag/olorgesailie/,/search?tag=olorgesailie,302,true,tag_archive_redirect,medium,true,Legacy WordPress tag archive can redirect to React search filtered by tag.
/tag/omega-mighty/,/search?tag=omega%20mighty,302,true,tag_archive_redirect,medium,true,Legacy WordPress tag archive can redirect to React search filtered by tag.
/tag/online-gossip/,/search?tag=online%20gossip,302,true,tag_archive_redirect,medium,true,Legacy WordPress tag archive can redirect to React search filtered by tag.
/tag/osborne-macharia/,/search?tag=osborne%20macharia,302,true,tag_archive_redirect,medium,true,Legacy WordPress tag archive can redirect to React search filtered by tag.
/tag/otile-brown/,/search?tag=otile%20brown,302,true,tag_archive_redirect,medium,true,Legacy WordPress tag archive can redirect to React search filtered by tag.
/tag/ousmane-sembene/,/search?tag=ousmane%20sembene,302,true,tag_archive_redirect,medium,true,Legacy WordPress tag archive can redirect to React search filtered by tag.
/tag/out-with-the-old/,/search?tag=out%20with%20the%20old,302,true,tag_archive_redirect,medium,true,Legacy WordPress tag archive can redirect to React search filtered by tag.
/tag/overthinking/,/search?tag=overthinking,302,true,tag_archive_redirect,medium,true,Legacy WordPress tag archive can redirect to React search filtered by tag.
/tag/paa-born-to-fly/,/search?tag=paa%20born%20to%20fly,302,true,tag_archive_redirect,medium,true,Legacy WordPress tag archive can redirect to React search filtered by tag.
/tag/papa-nyosto/,/search?tag=papa%20nyosto,302,true,tag_archive_redirect,medium,true,Legacy WordPress tag archive can redirect to React search filtered by tag.
/tag/pasibo-maru/,/search?tag=pasibo%20maru,302,true,tag_archive_redirect,medium,true,Legacy WordPress tag archive can redirect to React search filtered by tag.
/tag/patonee/,/search?tag=patonee,302,true,tag_archive_redirect,medium,true,Legacy WordPress tag archive can redirect to React search filtered by tag.
/tag/paul-onditi/,/search?tag=paul%20onditi,302,true,tag_archive_redirect,medium,true,Legacy WordPress tag archive can redirect to React search filtered by tag.
/tag/pawa254/,/search?tag=pawa254,302,true,tag_archive_redirect,medium,true,Legacy WordPress tag archive can redirect to React search filtered by tag.
/tag/pepeta/,/search?tag=pepeta,302,true,tag_archive_redirect,medium,true,Legacy WordPress tag archive can redirect to React search filtered by tag.
/tag/peter-ngila-njeri/,/search?tag=peter%20ngila%20njeri,302,true,tag_archive_redirect,medium,true,Legacy WordPress tag archive can redirect to React search filtered by tag.
/tag/peterson-kamwathi/,/search?tag=peterson%20kamwathi,302,true,tag_archive_redirect,medium,true,Legacy WordPress tag archive can redirect to React search filtered by tag.
/tag/photoshop/,/search?tag=photoshop,302,true,tag_archive_redirect,medium,true,Legacy WordPress tag archive can redirect to React search filtered by tag.
/tag/phy/,/search?tag=phy,302,true,tag_archive_redirect,medium,true,Legacy WordPress tag archive can redirect to React search filtered by tag.
/tag/pino/,/search?tag=pino,302,true,tag_archive_redirect,medium,true,Legacy WordPress tag archive can redirect to React search filtered by tag.
/tag/plan-b/,/search?tag=plan%20b,302,true,tag_archive_redirect,medium,true,Legacy WordPress tag archive can redirect to React search filtered by tag.
/tag/plato/,/search?tag=plato,302,true,tag_archive_redirect,medium,true,Legacy WordPress tag archive can redirect to React search filtered by tag.
/tag/playlists/,/search?tag=playlists,302,true,tag_archive_redirect,medium,true,Legacy WordPress tag archive can redirect to React search filtered by tag.
/tag/poetry-slam-africa-festival/,/search?tag=poetry%20slam%20africa%20festival,302,true,tag_archive_redirect,medium,true,Legacy WordPress tag archive can redirect to React search filtered by tag.
/tag/polaris-pauline/,/search?tag=polaris%20pauline,302,true,tag_archive_redirect,medium,true,Legacy WordPress tag archive can redirect to React search filtered by tag.
/tag/polaris/,/search?tag=polaris,302,true,tag_archive_redirect,medium,true,Legacy WordPress tag archive can redirect to React search filtered by tag.
/tag/polio/,/search?tag=polio,302,true,tag_archive_redirect,medium,true,Legacy WordPress tag archive can redirect to React search filtered by tag.
/tag/politics/,/search?tag=politics,302,true,tag_archive_redirect,medium,true,Legacy WordPress tag archive can redirect to React search filtered by tag.
/tag/polycarp-otieno/,/search?tag=polycarp%20otieno,302,true,tag_archive_redirect,medium,true,Legacy WordPress tag archive can redirect to React search filtered by tag.
/tag/prayer-for-the-departed/,/search?tag=prayer%20for%20the%20departed,302,true,tag_archive_redirect,medium,true,Legacy WordPress tag archive can redirect to React search filtered by tag.
/tag/prezzo/,/search?tag=prezzo,302,true,tag_archive_redirect,medium,true,Legacy WordPress tag archive can redirect to React search filtered by tag.
/tag/procreate/,/search?tag=procreate,302,true,tag_archive_redirect,medium,true,Legacy WordPress tag archive can redirect to React search filtered by tag.
/tag/productivity/,/search?tag=productivity,302,true,tag_archive_redirect,medium,true,Legacy WordPress tag archive can redirect to React search filtered by tag.
/tag/promoting-music/,/search?tag=promoting%20music,302,true,tag_archive_redirect,medium,true,Legacy WordPress tag archive can redirect to React search filtered by tag.
/tag/propaganda/,/search?tag=propaganda,302,true,tag_archive_redirect,medium,true,Legacy WordPress tag archive can redirect to React search filtered by tag.
/tag/protest-movements/,/search?tag=protest%20movements,302,true,tag_archive_redirect,medium,true,Legacy WordPress tag archive can redirect to React search filtered by tag.
/tag/q-family/,/search?tag=q%20family,302,true,tag_archive_redirect,medium,true,Legacy WordPress tag archive can redirect to React search filtered by tag.
/tag/q-ta-c/,/search?tag=q%20ta%20c,302,true,tag_archive_redirect,medium,true,Legacy WordPress tag archive can redirect to React search filtered by tag.
/tag/queen-jane/,/search?tag=queen%20jane,302,true,tag_archive_redirect,medium,true,Legacy WordPress tag archive can redirect to React search filtered by tag.
/tag/radio-254/,/search?tag=radio%20254,302,true,tag_archive_redirect,medium,true,Legacy WordPress tag archive can redirect to React search filtered by tag.
/tag/rahmu/,/search?tag=rahmu,302,true,tag_archive_redirect,medium,true,Legacy WordPress tag archive can redirect to React search filtered by tag.
/tag/raila-amolo-odinga/,/search?tag=raila%20amolo%20odinga,302,true,tag_archive_redirect,medium,true,Legacy WordPress tag archive can redirect to React search filtered by tag.
/tag/ranzscooby/,/search?tag=ranzscooby,302,true,tag_archive_redirect,medium,true,Legacy WordPress tag archive can redirect to React search filtered by tag.
/tag/rapdokta/,/search?tag=rapdokta,302,true,tag_archive_redirect,medium,true,Legacy WordPress tag archive can redirect to React search filtered by tag.
/tag/rb/,/search?tag=rb,302,true,tag_archive_redirect,medium,true,Legacy WordPress tag archive can redirect to React search filtered by tag.
/tag/rejectfinancebill2024/,/search?tag=rejectfinancebill2024,302,true,tag_archive_redirect,medium,true,Legacy WordPress tag archive can redirect to React search filtered by tag.
/tag/rekles/,/search?tag=rekles,302,true,tag_archive_redirect,medium,true,Legacy WordPress tag archive can redirect to React search filtered by tag.
/tag/rema/,/search?tag=rema,302,true,tag_archive_redirect,medium,true,Legacy WordPress tag archive can redirect to React search filtered by tag.
/tag/remote-working/,/search?tag=remote%20working,302,true,tag_archive_redirect,medium,true,Legacy WordPress tag archive can redirect to React search filtered by tag.
/tag/remy-ngamije/,/search?tag=remy%20ngamije,302,true,tag_archive_redirect,medium,true,Legacy WordPress tag archive can redirect to React search filtered by tag.
/tag/rico-gang/,/search?tag=rico%20gang,302,true,tag_archive_redirect,medium,true,Legacy WordPress tag archive can redirect to React search filtered by tag.
/tag/rpg-bazu/,/search?tag=rpg%20bazu,302,true,tag_archive_redirect,medium,true,Legacy WordPress tag archive can redirect to React search filtered by tag.
/tag/rush-arts-gallery/,/search?tag=rush%20arts%20gallery,302,true,tag_archive_redirect,medium,true,Legacy WordPress tag archive can redirect to React search filtered by tag.
/tag/ruto-must-go/,/search?tag=ruto%20must%20go,302,true,tag_archive_redirect,medium,true,Legacy WordPress tag archive can redirect to React search filtered by tag.
/tag/ruyonga/,/search?tag=ruyonga,302,true,tag_archive_redirect,medium,true,Legacy WordPress tag archive can redirect to React search filtered by tag.
/tag/rwanda/,/search?tag=rwanda,302,true,tag_archive_redirect,medium,true,Legacy WordPress tag archive can redirect to React search filtered by tag.
/tag/sabi-wu/,/search?tag=sabi%20wu,302,true,tag_archive_redirect,medium,true,Legacy WordPress tag archive can redirect to React search filtered by tag.
/tag/sailors-gang/,/search?tag=sailors%20gang,302,true,tag_archive_redirect,medium,true,Legacy WordPress tag archive can redirect to React search filtered by tag.
/tag/saint-evo/,/search?tag=saint%20evo,302,true,tag_archive_redirect,medium,true,Legacy WordPress tag archive can redirect to React search filtered by tag.
/tag/salem/,/search?tag=salem,302,true,tag_archive_redirect,medium,true,Legacy WordPress tag archive can redirect to React search filtered by tag.
/tag/samidoh/,/search?tag=samidoh,302,true,tag_archive_redirect,medium,true,Legacy WordPress tag archive can redirect to React search filtered by tag.
/tag/sanaipei-tande/,/search?tag=sanaipei%20tande,302,true,tag_archive_redirect,medium,true,Legacy WordPress tag archive can redirect to React search filtered by tag.
/tag/santuri-east-africa/,/search?tag=santuri%20east%20africa,302,true,tag_archive_redirect,medium,true,Legacy WordPress tag archive can redirect to React search filtered by tag.
/tag/sarabi-band/,/search?tag=sarabi%20band,302,true,tag_archive_redirect,medium,true,Legacy WordPress tag archive can redirect to React search filtered by tag.
/tag/sarah-hassan/,/search?tag=sarah%20hassan,302,true,tag_archive_redirect,medium,true,Legacy WordPress tag archive can redirect to React search filtered by tag.
/tag/sarakasi-dome/,/search?tag=sarakasi%20dome,302,true,tag_archive_redirect,medium,true,Legacy WordPress tag archive can redirect to React search filtered by tag.
/tag/sarakasi-za-siasa/,/search?tag=sarakasi%20za%20siasa,302,true,tag_archive_redirect,medium,true,Legacy WordPress tag archive can redirect to React search filtered by tag.
/tag/sauti-sol/,/search?tag=sauti%20sol,302,true,tag_archive_redirect,medium,true,Legacy WordPress tag archive can redirect to React search filtered by tag.
/tag/sauti-za-busara-festival/,/search?tag=sauti%20za%20busara%20festival,302,true,tag_archive_redirect,medium,true,Legacy WordPress tag archive can redirect to React search filtered by tag.
/tag/savara/,/search?tag=savara,302,true,tag_archive_redirect,medium,true,Legacy WordPress tag archive can redirect to React search filtered by tag.
/tag/savinnah/,/search?tag=savinnah,302,true,tag_archive_redirect,medium,true,Legacy WordPress tag archive can redirect to React search filtered by tag.
/tag/scar-mkadinali/,/search?tag=scar%20mkadinali,302,true,tag_archive_redirect,medium,true,Legacy WordPress tag archive can redirect to React search filtered by tag.
/tag/serro/,/search?tag=serro,302,true,tag_archive_redirect,medium,true,Legacy WordPress tag archive can redirect to React search filtered by tag.
/tag/seska/,/search?tag=seska,302,true,tag_archive_redirect,medium,true,Legacy WordPress tag archive can redirect to React search filtered by tag.
/tag/sewersydaa/,/search?tag=sewersydaa,302,true,tag_archive_redirect,medium,true,Legacy WordPress tag archive can redirect to React search filtered by tag.
/tag/shaevy-and-slice/,/search?tag=shaevy%20and%20slice,302,true,tag_archive_redirect,medium,true,Legacy WordPress tag archive can redirect to React search filtered by tag.
/tag/shan/,/search?tag=shan,302,true,tag_archive_redirect,medium,true,Legacy WordPress tag archive can redirect to React search filtered by tag.
/tag/shanariha-evans/,/search?tag=shanariha%20evans,302,true,tag_archive_redirect,medium,true,Legacy WordPress tag archive can redirect to React search filtered by tag.
/tag/shanty-bobo/,/search?tag=shanty%20bobo,302,true,tag_archive_redirect,medium,true,Legacy WordPress tag archive can redirect to React search filtered by tag.
/tag/shanty-flames/,/search?tag=shanty%20flames,302,true,tag_archive_redirect,medium,true,Legacy WordPress tag archive can redirect to React search filtered by tag.
/tag/shappaman/,/search?tag=shappaman,302,true,tag_archive_redirect,medium,true,Legacy WordPress tag archive can redirect to React search filtered by tag.
/tag/shekina-karen/,/search?tag=shekina%20karen,302,true,tag_archive_redirect,medium,true,Legacy WordPress tag archive can redirect to React search filtered by tag.
/tag/shekinah-karen/,/search?tag=shekinah%20karen,302,true,tag_archive_redirect,medium,true,Legacy WordPress tag archive can redirect to React search filtered by tag.
/tag/shingai-njeri/,/search?tag=shingai%20njeri,302,true,tag_archive_redirect,medium,true,Legacy WordPress tag archive can redirect to React search filtered by tag.
/tag/shourtie/,/search?tag=shourtie,302,true,tag_archive_redirect,medium,true,Legacy WordPress tag archive can redirect to React search filtered by tag.
/tag/showmax/,/search?tag=showmax,302,true,tag_archive_redirect,medium,true,Legacy WordPress tag archive can redirect to React search filtered by tag.
/tag/shrubbing/,/search?tag=shrubbing,302,true,tag_archive_redirect,medium,true,Legacy WordPress tag archive can redirect to React search filtered by tag.
/tag/shugha-rhee/,/search?tag=shugha%20rhee,302,true,tag_archive_redirect,medium,true,Legacy WordPress tag archive can redirect to React search filtered by tag.
/tag/silas-jay/,/search?tag=silas%20jay,302,true,tag_archive_redirect,medium,true,Legacy WordPress tag archive can redirect to React search filtered by tag.
/tag/silverstone-bars/,/search?tag=silverstone%20bars,302,true,tag_archive_redirect,medium,true,Legacy WordPress tag archive can redirect to React search filtered by tag.
/tag/simiyu-barasa/,/search?tag=simiyu%20barasa,302,true,tag_archive_redirect,medium,true,Legacy WordPress tag archive can redirect to React search filtered by tag.
/tag/single-kiasi/,/search?tag=single%20kiasi,302,true,tag_archive_redirect,medium,true,Legacy WordPress tag archive can redirect to React search filtered by tag.
/tag/sir-bwoy/,/search?tag=sir%20bwoy,302,true,tag_archive_redirect,medium,true,Legacy WordPress tag archive can redirect to React search filtered by tag.
/tag/skillo/,/search?tag=skillo,302,true,tag_archive_redirect,medium,true,Legacy WordPress tag archive can redirect to React search filtered by tag.
/tag/slavery/,/search?tag=slavery,302,true,tag_archive_redirect,medium,true,Legacy WordPress tag archive can redirect to React search filtered by tag.
/tag/slimflows/,/search?tag=slimflows,302,true,tag_archive_redirect,medium,true,Legacy WordPress tag archive can redirect to React search filtered by tag.
/tag/smady-tings/,/search?tag=smady%20tings,302,true,tag_archive_redirect,medium,true,Legacy WordPress tag archive can redirect to React search filtered by tag.
/tag/smart-speakers/,/search?tag=smart%20speakers,302,true,tag_archive_redirect,medium,true,Legacy WordPress tag archive can redirect to React search filtered by tag.
/tag/smokilah/,/search?tag=smokilah,302,true,tag_archive_redirect,medium,true,Legacy WordPress tag archive can redirect to React search filtered by tag.
/tag/snap/,/search?tag=snap,302,true,tag_archive_redirect,medium,true,Legacy WordPress tag archive can redirect to React search filtered by tag.
/tag/snapchat/,/search?tag=snapchat,302,true,tag_archive_redirect,medium,true,Legacy WordPress tag archive can redirect to React search filtered by tag.
/tag/social-media/,/search?tag=social%20media,302,true,tag_archive_redirect,medium,true,Legacy WordPress tag archive can redirect to React search filtered by tag.
/tag/sofiya-nzau/,/search?tag=sofiya%20nzau,302,true,tag_archive_redirect,medium,true,Legacy WordPress tag archive can redirect to React search filtered by tag.
/tag/soma-nami-pan-african-book-fair/,/search?tag=soma%20nami%20pan%20african%20book%20fair,302,true,tag_archive_redirect,medium,true,Legacy WordPress tag archive can redirect to React search filtered by tag.
/tag/some-fine-day-pix/,/search?tag=some%20fine%20day%20pix,302,true,tag_archive_redirect,medium,true,Legacy WordPress tag archive can redirect to React search filtered by tag.
/tag/son-of-a-woman/,/search?tag=son%20of%20a%20woman,302,true,tag_archive_redirect,medium,true,Legacy WordPress tag archive can redirect to React search filtered by tag.
/tag/sony-music-entertainment/,/search?tag=sony%20music%20entertainment,302,true,tag_archive_redirect,medium,true,Legacy WordPress tag archive can redirect to React search filtered by tag.
/tag/sosa-the-prodigy/,/search?tag=sosa%20the%20prodigy,302,true,tag_archive_redirect,medium,true,Legacy WordPress tag archive can redirect to React search filtered by tag.
/tag/soundiiz/,/search?tag=soundiiz,302,true,tag_archive_redirect,medium,true,Legacy WordPress tag archive can redirect to React search filtered by tag.
/tag/soundkraft/,/search?tag=soundkraft,302,true,tag_archive_redirect,medium,true,Legacy WordPress tag archive can redirect to React search filtered by tag.
/tag/south-african-music/,/search?tag=south%20african%20music,302,true,tag_archive_redirect,medium,true,Legacy WordPress tag archive can redirect to React search filtered by tag.
/tag/south-sudan/,/search?tag=south%20sudan,302,true,tag_archive_redirect,medium,true,Legacy WordPress tag archive can redirect to React search filtered by tag.
/tag/spacex/,/search?tag=spacex,302,true,tag_archive_redirect,medium,true,Legacy WordPress tag archive can redirect to React search filtered by tag.
/tag/spider-clan/,/search?tag=spider%20clan,302,true,tag_archive_redirect,medium,true,Legacy WordPress tag archive can redirect to React search filtered by tag.
/tag/spoiler/,/search?tag=spoiler,302,true,tag_archive_redirect,medium,true,Legacy WordPress tag archive can redirect to React search filtered by tag.
/tag/spotify/,/search?tag=spotify,302,true,tag_archive_redirect,medium,true,Legacy WordPress tag archive can redirect to React search filtered by tag.
/tag/spray-uzi/,/search?tag=spray%20uzi,302,true,tag_archive_redirect,medium,true,Legacy WordPress tag archive can redirect to React search filtered by tag.
/tag/ssaru/,/search?tag=ssaru,302,true,tag_archive_redirect,medium,true,Legacy WordPress tag archive can redirect to React search filtered by tag.
/tag/stacy-kamatu/,/search?tag=stacy%20kamatu,302,true,tag_archive_redirect,medium,true,Legacy WordPress tag archive can redirect to React search filtered by tag.
/tag/stella-mutegi/,/search?tag=stella%20mutegi,302,true,tag_archive_redirect,medium,true,Legacy WordPress tag archive can redirect to React search filtered by tag.
/tag/stephanie-muchiri/,/search?tag=stephanie%20muchiri,302,true,tag_archive_redirect,medium,true,Legacy WordPress tag archive can redirect to React search filtered by tag.
/tag/stephen-mule/,/search?tag=stephen%20mule,302,true,tag_archive_redirect,medium,true,Legacy WordPress tag archive can redirect to React search filtered by tag.
/tag/steve-biko/,/search?tag=steve%20biko,302,true,tag_archive_redirect,medium,true,Legacy WordPress tag archive can redirect to React search filtered by tag.
/tag/streaming/,/search?tag=streaming,302,true,tag_archive_redirect,medium,true,Legacy WordPress tag archive can redirect to React search filtered by tag.
/tag/street-art/,/search?tag=street%20art,302,true,tag_archive_redirect,medium,true,Legacy WordPress tag archive can redirect to React search filtered by tag.
/tag/su-dough-boss/,/search?tag=su%20dough%20boss,302,true,tag_archive_redirect,medium,true,Legacy WordPress tag archive can redirect to React search filtered by tag.
/tag/succession/,/search?tag=succession,302,true,tag_archive_redirect,medium,true,Legacy WordPress tag archive can redirect to React search filtered by tag.
/tag/sudough-boss/,/search?tag=sudough%20boss,302,true,tag_archive_redirect,medium,true,Legacy WordPress tag archive can redirect to React search filtered by tag.
/tag/supremacy-sounds/,/search?tag=supremacy%20sounds,302,true,tag_archive_redirect,medium,true,Legacy WordPress tag archive can redirect to React search filtered by tag.
/tag/suraj/,/search?tag=suraj,302,true,tag_archive_redirect,medium,true,Legacy WordPress tag archive can redirect to React search filtered by tag.
/tag/surrealism/,/search?tag=surrealism,302,true,tag_archive_redirect,medium,true,Legacy WordPress tag archive can redirect to React search filtered by tag.
/tag/suzanna-owiyo/,/search?tag=suzanna%20owiyo,302,true,tag_archive_redirect,medium,true,Legacy WordPress tag archive can redirect to React search filtered by tag.
/tag/swat-matire/,/search?tag=swat%20matire,302,true,tag_archive_redirect,medium,true,Legacy WordPress tag archive can redirect to React search filtered by tag.
/tag/swat/,/search?tag=swat,302,true,tag_archive_redirect,medium,true,Legacy WordPress tag archive can redirect to React search filtered by tag.
/tag/swift9/,/search?tag=swift9,302,true,tag_archive_redirect,medium,true,Legacy WordPress tag archive can redirect to React search filtered by tag.
/tag/syllent-killah/,/search?tag=syllent%20killah,302,true,tag_archive_redirect,medium,true,Legacy WordPress tag archive can redirect to React search filtered by tag.
/tag/taabu/,/search?tag=taabu,302,true,tag_archive_redirect,medium,true,Legacy WordPress tag archive can redirect to React search filtered by tag.
/tag/taarab/,/search?tag=taarab,302,true,tag_archive_redirect,medium,true,Legacy WordPress tag archive can redirect to React search filtered by tag.
/tag/taifa-1/,/search?tag=taifa%201,302,true,tag_archive_redirect,medium,true,Legacy WordPress tag archive can redirect to React search filtered by tag.
/tag/talking-walls/,/search?tag=talking%20walls,302,true,tag_archive_redirect,medium,true,Legacy WordPress tag archive can redirect to React search filtered by tag.
/tag/tanzania/,/search?tag=tanzania,302,true,tag_archive_redirect,medium,true,Legacy WordPress tag archive can redirect to React search filtered by tag.
/tag/technology/,/search?tag=technology,302,true,tag_archive_redirect,medium,true,Legacy WordPress tag archive can redirect to React search filtered by tag.
/tag/teferah/,/search?tag=teferah,302,true,tag_archive_redirect,medium,true,Legacy WordPress tag archive can redirect to React search filtered by tag.
/tag/tems/,/search?tag=tems,302,true,tag_archive_redirect,medium,true,Legacy WordPress tag archive can redirect to React search filtered by tag.
/tag/thabo-mbeki/,/search?tag=thabo%20mbeki,302,true,tag_archive_redirect,medium,true,Legacy WordPress tag archive can redirect to React search filtered by tag.
/tag/thais-diarra/,/search?tag=thais%20diarra,302,true,tag_archive_redirect,medium,true,Legacy WordPress tag archive can redirect to React search filtered by tag.
/tag/thandiwe-muriu/,/search?tag=thandiwe%20muriu,302,true,tag_archive_redirect,medium,true,Legacy WordPress tag archive can redirect to React search filtered by tag.
/tag/thayu-mwas/,/search?tag=thayu%20mwas,302,true,tag_archive_redirect,medium,true,Legacy WordPress tag archive can redirect to React search filtered by tag.
/tag/the-house-of-rust/,/search?tag=the%20house%20of%20rust,302,true,tag_archive_redirect,medium,true,Legacy WordPress tag archive can redirect to React search filtered by tag.
/tag/the-kansoul/,/search?tag=the%20kansoul,302,true,tag_archive_redirect,medium,true,Legacy WordPress tag archive can redirect to React search filtered by tag.
/tag/the-lion-of-sudah/,/search?tag=the%20lion%20of%20sudah,302,true,tag_archive_redirect,medium,true,Legacy WordPress tag archive can redirect to React search filtered by tag.
/tag/the-other-woman/,/search?tag=the%20other%20woman,302,true,tag_archive_redirect,medium,true,Legacy WordPress tag archive can redirect to React search filtered by tag.
/tag/the-real-housewives-of-nairobi/,/search?tag=the%20real%20housewives%20of%20nairobi,302,true,tag_archive_redirect,medium,true,Legacy WordPress tag archive can redirect to React search filtered by tag.
/tag/the-river-between/,/search?tag=the%20river%20between,302,true,tag_archive_redirect,medium,true,Legacy WordPress tag archive can redirect to React search filtered by tag.
/tag/the-selfish-gene/,/search?tag=the%20selfish%20gene,302,true,tag_archive_redirect,medium,true,Legacy WordPress tag archive can redirect to React search filtered by tag.
/tag/the-simpsons/,/search?tag=the%20simpsons,302,true,tag_archive_redirect,medium,true,Legacy WordPress tag archive can redirect to React search filtered by tag.
/tag/thee-exit-band/,/search?tag=thee%20exit%20band,302,true,tag_archive_redirect,medium,true,Legacy WordPress tag archive can redirect to React search filtered by tag.
/tag/thimlich-ohinga/,/search?tag=thimlich%20ohinga,302,true,tag_archive_redirect,medium,true,Legacy WordPress tag archive can redirect to React search filtered by tag.
/tag/things-fall-apart/,/search?tag=things%20fall%20apart,302,true,tag_archive_redirect,medium,true,Legacy WordPress tag archive can redirect to React search filtered by tag.
/tag/third-eye-simba/,/search?tag=third%20eye%20simba,302,true,tag_archive_redirect,medium,true,Legacy WordPress tag archive can redirect to React search filtered by tag.
/tag/thom-ogonga/,/search?tag=thom%20ogonga,302,true,tag_archive_redirect,medium,true,Legacy WordPress tag archive can redirect to React search filtered by tag.
/tag/ticketsasa/,/search?tag=ticketsasa,302,true,tag_archive_redirect,medium,true,Legacy WordPress tag archive can redirect to React search filtered by tag.
/tag/tiktok/,/search?tag=tiktok,302,true,tag_archive_redirect,medium,true,Legacy WordPress tag archive can redirect to React search filtered by tag.
/tag/tina-ardor/,/search?tag=tina%20ardor,302,true,tag_archive_redirect,medium,true,Legacy WordPress tag archive can redirect to React search filtered by tag.
/tag/tipsy-gee/,/search?tag=tipsy%20gee,302,true,tag_archive_redirect,medium,true,Legacy WordPress tag archive can redirect to React search filtered by tag.
/tag/tokyonite/,/search?tag=tokyonite,302,true,tag_archive_redirect,medium,true,Legacy WordPress tag archive can redirect to React search filtered by tag.
/tag/tom-misch/,/search?tag=tom%20misch,302,true,tag_archive_redirect,medium,true,Legacy WordPress tag archive can redirect to React search filtered by tag.
/tag/tony-njuguna/,/search?tag=tony%20njuguna,302,true,tag_archive_redirect,medium,true,Legacy WordPress tag archive can redirect to React search filtered by tag.
/tag/too-early-for-birds/,/search?tag=too%20early%20for%20birds,302,true,tag_archive_redirect,medium,true,Legacy WordPress tag archive can redirect to React search filtered by tag.
/tag/toxic-lyrikali/,/search?tag=toxic%20lyrikali,302,true,tag_archive_redirect,medium,true,Legacy WordPress tag archive can redirect to React search filtered by tag.
/tag/trends/,/search?tag=trends,302,true,tag_archive_redirect,medium,true,Legacy WordPress tag archive can redirect to React search filtered by tag.
/tag/tricks-hr/,/search?tag=tricks%20hr,302,true,tag_archive_redirect,medium,true,Legacy WordPress tag archive can redirect to React search filtered by tag.
/tag/trio-mio/,/search?tag=trio%20mio,302,true,tag_archive_redirect,medium,true,Legacy WordPress tag archive can redirect to React search filtered by tag.
/tag/trio-mio/page/2/,/search?tag=trio%20mio,302,true,tag_archive_redirect,medium,true,Paginated WordPress tag archive should collapse to canonical tag search during cutover.
/tag/trip/,/search?tag=trip,302,true,tag_archive_redirect,medium,true,Legacy WordPress tag archive can redirect to React search filtered by tag.
/tag/troy-onyango/,/search?tag=troy%20onyango,302,true,tag_archive_redirect,medium,true,Legacy WordPress tag archive can redirect to React search filtered by tag.
/tag/truth/,/search?tag=truth,302,true,tag_archive_redirect,medium,true,Legacy WordPress tag archive can redirect to React search filtered by tag.
/tag/tuku-kantu/,/search?tag=tuku%20kantu,302,true,tag_archive_redirect,medium,true,Legacy WordPress tag archive can redirect to React search filtered by tag.
/tag/tunedem-band/,/search?tag=tunedem%20band,302,true,tag_archive_redirect,medium,true,Legacy WordPress tag archive can redirect to React search filtered by tag.
/tag/tunemymusic/,/search?tag=tunemymusic,302,true,tag_archive_redirect,medium,true,Legacy WordPress tag archive can redirect to React search filtered by tag.
/tag/tyso/,/search?tag=tyso,302,true,tag_archive_redirect,medium,true,Legacy WordPress tag archive can redirect to React search filtered by tag.
/tag/udelele/,/search?tag=udelele,302,true,tag_archive_redirect,medium,true,Legacy WordPress tag archive can redirect to React search filtered by tag.
/tag/uganda/,/search?tag=uganda,302,true,tag_archive_redirect,medium,true,Legacy WordPress tag archive can redirect to React search filtered by tag.
/tag/uhuru-b/,/search?tag=uhuru%20b,302,true,tag_archive_redirect,medium,true,Legacy WordPress tag archive can redirect to React search filtered by tag.
/tag/uhuru-gardens-national-monument/,/search?tag=uhuru%20gardens%20national%20monument,302,true,tag_archive_redirect,medium,true,Legacy WordPress tag archive can redirect to React search filtered by tag.
/tag/ukweli/,/search?tag=ukweli,302,true,tag_archive_redirect,medium,true,Legacy WordPress tag archive can redirect to React search filtered by tag.
/tag/umoja-sounds/,/search?tag=umoja%20sounds,302,true,tag_archive_redirect,medium,true,Legacy WordPress tag archive can redirect to React search filtered by tag.
/tag/unco-jingjong/,/search?tag=unco%20jingjong,302,true,tag_archive_redirect,medium,true,Legacy WordPress tag archive can redirect to React search filtered by tag.
/tag/uncojingjong/,/search?tag=uncojingjong,302,true,tag_archive_redirect,medium,true,Legacy WordPress tag archive can redirect to React search filtered by tag.
/tag/unintentional/,/search?tag=unintentional,302,true,tag_archive_redirect,medium,true,Legacy WordPress tag archive can redirect to React search filtered by tag.
/tag/united-nations/,/search?tag=united%20nations,302,true,tag_archive_redirect,medium,true,Legacy WordPress tag archive can redirect to React search filtered by tag.
/tag/universal-music-group/,/search?tag=universal%20music%20group,302,true,tag_archive_redirect,medium,true,Legacy WordPress tag archive can redirect to React search filtered by tag.
/tag/unseen-nairobi/,/search?tag=unseen%20nairobi,302,true,tag_archive_redirect,medium,true,Legacy WordPress tag archive can redirect to React search filtered by tag.
/tag/unspoken-salaton/,/search?tag=unspoken%20salaton,302,true,tag_archive_redirect,medium,true,Legacy WordPress tag archive can redirect to React search filtered by tag.
/tag/usain-bolt/,/search?tag=usain%20bolt,302,true,tag_archive_redirect,medium,true,Legacy WordPress tag archive can redirect to React search filtered by tag.
/tag/utalii-lane/,/search?tag=utalii%20lane,302,true,tag_archive_redirect,medium,true,Legacy WordPress tag archive can redirect to React search filtered by tag.
/tag/vdj-jones/,/search?tag=vdj%20jones,302,true,tag_archive_redirect,medium,true,Legacy WordPress tag archive can redirect to React search filtered by tag.
/tag/venice-biennale/,/search?tag=venice%20biennale,302,true,tag_archive_redirect,medium,true,Legacy WordPress tag archive can redirect to React search filtered by tag.
/tag/vernacular-pop/,/search?tag=vernacular%20pop,302,true,tag_archive_redirect,medium,true,Legacy WordPress tag archive can redirect to React search filtered by tag.
/tag/viberate/,/search?tag=viberate,302,true,tag_archive_redirect,medium,true,Legacy WordPress tag archive can redirect to React search filtered by tag.
/tag/victoria-kimani/,/search?tag=victoria%20kimani,302,true,tag_archive_redirect,medium,true,Legacy WordPress tag archive can redirect to React search filtered by tag.
/tag/vinc-on-the-beat/,/search?tag=vinc%20on%20the%20beat,302,true,tag_archive_redirect,medium,true,Legacy WordPress tag archive can redirect to React search filtered by tag.
/tag/vinyl-records/,/search?tag=vinyl%20records,302,true,tag_archive_redirect,medium,true,Legacy WordPress tag archive can redirect to React search filtered by tag.
/tag/virtual-reality/,/search?tag=virtual%20reality,302,true,tag_archive_redirect,medium,true,Legacy WordPress tag archive can redirect to React search filtered by tag.
/tag/vision-2030/,/search?tag=vision%202030,302,true,tag_archive_redirect,medium,true,Legacy WordPress tag archive can redirect to React search filtered by tag.
/tag/visual-trends/,/search?tag=visual%20trends,302,true,tag_archive_redirect,medium,true,Legacy WordPress tag archive can redirect to React search filtered by tag.
/tag/visualizer/,/search?tag=visualizer,302,true,tag_archive_redirect,medium,true,Legacy WordPress tag archive can redirect to React search filtered by tag.
/tag/volume/,/search?tag=volume,302,true,tag_archive_redirect,medium,true,Legacy WordPress tag archive can redirect to React search filtered by tag.
/tag/wadagliz/,/search?tag=wadagliz,302,true,tag_archive_redirect,medium,true,Legacy WordPress tag archive can redirect to React search filtered by tag.
/tag/wajesus-family/,/search?tag=wajesus%20family,302,true,tag_archive_redirect,medium,true,Legacy WordPress tag archive can redirect to React search filtered by tag.
/tag/wakadinali-cinematic-universe/,/search?tag=wakadinali%20cinematic%20universe,302,true,tag_archive_redirect,medium,true,Legacy WordPress tag archive can redirect to React search filtered by tag.
/tag/wakadinali/,/search?tag=wakadinali,302,true,tag_archive_redirect,medium,true,Legacy WordPress tag archive can redirect to React search filtered by tag.
/tag/wakadinali/page/2/,/search?tag=wakadinali,302,true,tag_archive_redirect,medium,true,Paginated WordPress tag archive should collapse to canonical tag search during cutover.
/tag/walker-town/,/search?tag=walker%20town,302,true,tag_archive_redirect,medium,true,Legacy WordPress tag archive can redirect to React search filtered by tag.
/tag/wanavokali/,/search?tag=wanavokali,302,true,tag_archive_redirect,medium,true,Legacy WordPress tag archive can redirect to React search filtered by tag.
/tag/wangechi-mutu/,/search?tag=wangechi%20mutu,302,true,tag_archive_redirect,medium,true,Legacy WordPress tag archive can redirect to React search filtered by tag.
/tag/wangechi/,/search?tag=wangechi,302,true,tag_archive_redirect,medium,true,Legacy WordPress tag archive can redirect to React search filtered by tag.
/tag/wanja-kimani/,/search?tag=wanja%20kimani,302,true,tag_archive_redirect,medium,true,Legacy WordPress tag archive can redirect to React search filtered by tag.
/tag/wanja-wohoro/,/search?tag=wanja%20wohoro,302,true,tag_archive_redirect,medium,true,Legacy WordPress tag archive can redirect to React search filtered by tag.
/tag/wanjine/,/search?tag=wanjine,302,true,tag_archive_redirect,medium,true,Legacy WordPress tag archive can redirect to React search filtered by tag.
/tag/wanuri-kahiu/,/search?tag=wanuri%20kahiu,302,true,tag_archive_redirect,medium,true,Legacy WordPress tag archive can redirect to React search filtered by tag.
/tag/wapi/,/search?tag=wapi,302,true,tag_archive_redirect,medium,true,Legacy WordPress tag archive can redirect to React search filtered by tag.
/tag/warner-music-group/,/search?tag=warner%20music%20group,302,true,tag_archive_redirect,medium,true,Legacy WordPress tag archive can redirect to React search filtered by tag.
/tag/watendawili/,/search?tag=watendawili,302,true,tag_archive_redirect,medium,true,Legacy WordPress tag archive can redirect to React search filtered by tag.
/tag/water/,/search?tag=water,302,true,tag_archive_redirect,medium,true,Legacy WordPress tag archive can redirect to React search filtered by tag.
/tag/watu-fresh/,/search?tag=watu%20fresh,302,true,tag_archive_redirect,medium,true,Legacy WordPress tag archive can redirect to React search filtered by tag.
/tag/wcu/,/search?tag=wcu,302,true,tag_archive_redirect,medium,true,Legacy WordPress tag archive can redirect to React search filtered by tag.
/tag/we-are-nubia/,/search?tag=we%20are%20nubia,302,true,tag_archive_redirect,medium,true,Legacy WordPress tag archive can redirect to React search filtered by tag.
/tag/weep-not/,/search?tag=weep%20not,302,true,tag_archive_redirect,medium,true,Legacy WordPress tag archive can redirect to React search filtered by tag.
/tag/wellness/,/search?tag=wellness,302,true,tag_archive_redirect,medium,true,Legacy WordPress tag archive can redirect to React search filtered by tag.
/tag/wendy-kay/,/search?tag=wendy%20kay,302,true,tag_archive_redirect,medium,true,Legacy WordPress tag archive can redirect to React search filtered by tag.
/tag/where-the-river-divides/,/search?tag=where%20the%20river%20divides,302,true,tag_archive_redirect,medium,true,Legacy WordPress tag archive can redirect to React search filtered by tag.
/tag/whizbi-music/,/search?tag=whizbi%20music,302,true,tag_archive_redirect,medium,true,Legacy WordPress tag archive can redirect to React search filtered by tag.
/tag/wicky-mosh/,/search?tag=wicky%20mosh,302,true,tag_archive_redirect,medium,true,Legacy WordPress tag archive can redirect to React search filtered by tag.
/tag/william-ruto/,/search?tag=william%20ruto,302,true,tag_archive_redirect,medium,true,Legacy WordPress tag archive can redirect to React search filtered by tag.
/tag/willy-paul/,/search?tag=willy%20paul,302,true,tag_archive_redirect,medium,true,Legacy WordPress tag archive can redirect to React search filtered by tag.
/tag/wise-two/,/search?tag=wise%20two,302,true,tag_archive_redirect,medium,true,Legacy WordPress tag archive can redirect to React search filtered by tag.
/tag/wizkid/,/search?tag=wizkid,302,true,tag_archive_redirect,medium,true,Legacy WordPress tag archive can redirect to React search filtered by tag.
/tag/work-life/,/search?tag=work%20life,302,true,tag_archive_redirect,medium,true,Legacy WordPress tag archive can redirect to React search filtered by tag.
/tag/workplaces/,/search?tag=workplaces,302,true,tag_archive_redirect,medium,true,Legacy WordPress tag archive can redirect to React search filtered by tag.
/tag/wyre/,/search?tag=wyre,302,true,tag_archive_redirect,medium,true,Legacy WordPress tag archive can redirect to React search filtered by tag.
/tag/xenia-manasseh/,/search?tag=xenia%20manasseh,302,true,tag_archive_redirect,medium,true,Legacy WordPress tag archive can redirect to React search filtered by tag.
/tag/xenia-manasseh/page/2/,/search?tag=xenia%20manasseh,302,true,tag_archive_redirect,medium,true,Paginated WordPress tag archive should collapse to canonical tag search during cutover.
/tag/ybw-smith/,/search?tag=ybw%20smith,302,true,tag_archive_redirect,medium,true,Legacy WordPress tag archive can redirect to React search filtered by tag.
/tag/you-again/,/search?tag=you%20again,302,true,tag_archive_redirect,medium,true,Legacy WordPress tag archive can redirect to React search filtered by tag.
/tag/youtube/,/search?tag=youtube,302,true,tag_archive_redirect,medium,true,Legacy WordPress tag archive can redirect to React search filtered by tag.
/tag/yussef-dayes/,/search?tag=yussef%20dayes,302,true,tag_archive_redirect,medium,true,Legacy WordPress tag archive can redirect to React search filtered by tag.
/tag/yvonne-adhiambo-owuor/,/search?tag=yvonne%20adhiambo%20owuor,302,true,tag_archive_redirect,medium,true,Legacy WordPress tag archive can redirect to React search filtered by tag.
/tag/ywaya-tajiri/,/search?tag=ywaya%20tajiri,302,true,tag_archive_redirect,medium,true,Legacy WordPress tag archive can redirect to React search filtered by tag.
/tag/yy-comedian/,/search?tag=yy%20comedian,302,true,tag_archive_redirect,medium,true,Legacy WordPress tag archive can redirect to React search filtered by tag.
/tag/zaituni-wambui/,/search?tag=zaituni%20wambui,302,true,tag_archive_redirect,medium,true,Legacy WordPress tag archive can redirect to React search filtered by tag.
/tag/zaituni/,/search?tag=zaituni,302,true,tag_archive_redirect,medium,true,Legacy WordPress tag archive can redirect to React search filtered by tag.
/tag/zerb/,/search?tag=zerb,302,true,tag_archive_redirect,medium,true,Legacy WordPress tag archive can redirect to React search filtered by tag.
/tag/zikki/,/search?tag=zikki,302,true,tag_archive_redirect,medium,true,Legacy WordPress tag archive can redirect to React search filtered by tag.
/tag/zilla/,/search?tag=zilla,302,true,tag_archive_redirect,medium,true,Legacy WordPress tag archive can redirect to React search filtered by tag.
/tag/ziller-bas/,/search?tag=ziller%20bas,302,true,tag_archive_redirect,medium,true,Legacy WordPress tag archive can redirect to React search filtered by tag.
/tag/zowie-kengocha/,/search?tag=zowie%20kengocha,302,true,tag_archive_redirect,medium,true,Legacy WordPress tag archive can redirect to React search filtered by tag.
/tag/zukiswa-wanner/,/search?tag=zukiswa%20wanner,302,true,tag_archive_redirect,medium,true,Legacy WordPress tag archive can redirect to React search filtered by tag.
/tag/zzero-sufuri/,/search?tag=zzero%20sufuri,302,true,tag_archive_redirect,medium,true,Legacy WordPress tag archive can redirect to React search filtered by tag.
