source,target,status,tagSlug,decodedTagSlug,tagLabel,isPaginated,page,confidence,reason,title
/tag/2026/,/search?tag=2026,302,2026,2026,2026,false,,medium,Legacy WordPress tag archive can redirect to React search filtered by tag.,2026 | WAKILISHA
/tag/4mr-frank-white/,/search?tag=4mr%20frank%20white,302,4mr-frank-white,4mr-frank-white,4mr frank white,false,,medium,Legacy WordPress tag archive can redirect to React search filtered by tag.,4mr Frank White | WAKILISHA
/tag/60-nozzles/,/search?tag=60%20nozzles,302,60-nozzles,60-nozzles,60 nozzles,false,,medium,Legacy WordPress tag archive can redirect to React search filtered by tag.,60 Nozzles | WAKILISHA
/tag/8-4-4/,/search?tag=8%204%204,302,8-4-4,8-4-4,8 4 4,false,,medium,Legacy WordPress tag archive can redirect to React search filtered by tag.,8-4-4 | WAKILISHA
/tag/8th-street-gang/,/search?tag=8th%20street%20gang,302,8th-street-gang,8th-street-gang,8th street gang,false,,medium,Legacy WordPress tag archive can redirect to React search filtered by tag.,8th Street Gang | WAKILISHA
/tag/a-grain-of-wheat/,/search?tag=a%20grain%20of%20wheat,302,a-grain-of-wheat,a-grain-of-wheat,a grain of wheat,false,,medium,Legacy WordPress tag archive can redirect to React search filtered by tag.,A Grain of Wheat | WAKILISHA
/tag/a-nurse-toto/,/search?tag=a%20nurse%20toto,302,a-nurse-toto,a-nurse-toto,a nurse toto,false,,medium,Legacy WordPress tag archive can redirect to React search filtered by tag.,A Nurse Toto | WAKILISHA
/tag/aahil/,/search?tag=aahil,302,aahil,aahil,aahil,false,,medium,Legacy WordPress tag archive can redirect to React search filtered by tag.,Aahil | WAKILISHA
/tag/aaron-rimbui/,/search?tag=aaron%20rimbui,302,aaron-rimbui,aaron-rimbui,aaron rimbui,false,,medium,Legacy WordPress tag archive can redirect to React search filtered by tag.,Aaron Rimbui | WAKILISHA
/tag/ababu-namwamba/,/search?tag=ababu%20namwamba,302,ababu-namwamba,ababu-namwamba,ababu namwamba,false,,medium,Legacy WordPress tag archive can redirect to React search filtered by tag.,Ababu Namwamba | WAKILISHA
/tag/abubakar-majid/,/search?tag=abubakar%20majid,302,abubakar-majid,abubakar-majid,abubakar majid,false,,medium,Legacy WordPress tag archive can redirect to React search filtered by tag.,Abubakar Majid | WAKILISHA
/tag/accessibility/,/search?tag=accessibility,302,accessibility,accessibility,accessibility,false,,medium,Legacy WordPress tag archive can redirect to React search filtered by tag.,Accessibility | WAKILISHA
/tag/across-the-bridge/,/search?tag=across%20the%20bridge,302,across-the-bridge,across-the-bridge,across the bridge,false,,medium,Legacy WordPress tag archive can redirect to React search filtered by tag.,Across The Bridge | WAKILISHA
/tag/act-of-love/,/search?tag=act%20of%20love,302,act-of-love,act-of-love,act of love,false,,medium,Legacy WordPress tag archive can redirect to React search filtered by tag.,Act Of Love | WAKILISHA
/tag/ado-veli/,/search?tag=ado%20veli,302,ado-veli,ado-veli,ado veli,false,,medium,Legacy WordPress tag archive can redirect to React search filtered by tag.,Ado Veli | WAKILISHA
/tag/adobe/,/search?tag=adobe,302,adobe,adobe,adobe,false,,medium,Legacy WordPress tag archive can redirect to React search filtered by tag.,Adobe | WAKILISHA
/tag/afcfta/,/search?tag=afcfta,302,afcfta,afcfta,afcfta,false,,medium,Legacy WordPress tag archive can redirect to React search filtered by tag.,AfCFTA | WAKILISHA
/tag/affordable-art-show/,/search?tag=affordable%20art%20show,302,affordable-art-show,affordable-art-show,affordable art show,false,,medium,Legacy WordPress tag archive can redirect to React search filtered by tag.,Affordable Art Show | WAKILISHA
/tag/africa/,/search?tag=africa,302,africa,africa,africa,false,,medium,Legacy WordPress tag archive can redirect to React search filtered by tag.,Africa | WAKILISHA
/tag/african-continental-free-trade-area/,/search?tag=african%20continental%20free%20trade%20area,302,african-continental-free-trade-area,african-continental-free-trade-area,african continental free trade area,false,,medium,Legacy WordPress tag archive can redirect to React search filtered by tag.,African Continental Free Trade Area | WAKILISHA
/tag/african-fiction/,/search?tag=african%20fiction,302,african-fiction,african-fiction,african fiction,false,,medium,Legacy WordPress tag archive can redirect to React search filtered by tag.,African Fiction | WAKILISHA
/tag/african-music/,/search?tag=african%20music,302,african-music,african-music,african music,false,,medium,Legacy WordPress tag archive can redirect to React search filtered by tag.,African Music | WAKILISHA
/tag/afro-house/,/search?tag=afro%20house,302,afro-house,afro-house,afro house,false,,medium,Legacy WordPress tag archive can redirect to React search filtered by tag.,Afro House | WAKILISHA
/tag/afrobeat/,/search?tag=afrobeat,302,afrobeat,afrobeat,afrobeat,false,,medium,Legacy WordPress tag archive can redirect to React search filtered by tag.,Afrobeat | WAKILISHA
/tag/afroelle-magazine/,/search?tag=afroelle%20magazine,302,afroelle-magazine,afroelle-magazine,afroelle magazine,false,,medium,Legacy WordPress tag archive can redirect to React search filtered by tag.,Afroelle Magazine | WAKILISHA
/tag/afrofuturism/,/search?tag=afrofuturism,302,afrofuturism,afrofuturism,afrofuturism,false,,medium,Legacy WordPress tag archive can redirect to React search filtered by tag.,Afrofuturism | WAKILISHA
/tag/afrohouse/,/search?tag=afrohouse,302,afrohouse,afrohouse,afrohouse,false,,medium,Legacy WordPress tag archive can redirect to React search filtered by tag.,Afrohouse | WAKILISHA
/tag/afronautiq/,/search?tag=afronautiq,302,afronautiq,afronautiq,afronautiq,false,,medium,Legacy WordPress tag archive can redirect to React search filtered by tag.,AfroNautiq | WAKILISHA
/tag/agent-mgumbe/,/search?tag=agent%20mgumbe,302,agent-mgumbe,agent-mgumbe,agent mgumbe,false,,medium,Legacy WordPress tag archive can redirect to React search filtered by tag.,Agent Mgumbe | WAKILISHA
/tag/ajay/,/search?tag=ajay,302,ajay,ajay,ajay,false,,medium,Legacy WordPress tag archive can redirect to React search filtered by tag.,Ajay | WAKILISHA
/tag/akan-drum/,/search?tag=akan%20drum,302,akan-drum,akan-drum,akan drum,false,,medium,Legacy WordPress tag archive can redirect to React search filtered by tag.,Akan Drum | WAKILISHA
/tag/akoth-jumadi/,/search?tag=akoth%20jumadi,302,akoth-jumadi,akoth-jumadi,akoth jumadi,false,,medium,Legacy WordPress tag archive can redirect to React search filtered by tag.,Akoth Jumadi | WAKILISHA
/tag/al-jean/,/search?tag=al%20jean,302,al-jean,al-jean,al jean,false,,medium,Legacy WordPress tag archive can redirect to React search filtered by tag.,Al Jean | WAKILISHA
/tag/alantra-official/,/search?tag=alantra%20official,302,alantra-official,alantra-official,alantra official,false,,medium,Legacy WordPress tag archive can redirect to React search filtered by tag.,Alantra Official | WAKILISHA
/tag/album-review/,/search?tag=album%20review,302,album-review,album-review,album review,false,,medium,Legacy WordPress tag archive can redirect to React search filtered by tag.,Album Review | WAKILISHA
/tag/album-review/page/2/,/search?tag=album%20review,302,album-review,album-review,album review,true,2,medium,Paginated WordPress tag archive should collapse to canonical tag search during cutover.,Album Review | WAKILISHA
/tag/alex-mawimbi/,/search?tag=alex%20mawimbi,302,alex-mawimbi,alex-mawimbi,alex mawimbi,false,,medium,Legacy WordPress tag archive can redirect to React search filtered by tag.,Alex Mawimbi | WAKILISHA
/tag/alfred-international/,/search?tag=alfred%20international,302,alfred-international,alfred-international,alfred international,false,,medium,Legacy WordPress tag archive can redirect to React search filtered by tag.,Alfred International | WAKILISHA
/tag/algorithms/,/search?tag=algorithms,302,algorithms,algorithms,algorithms,false,,medium,Legacy WordPress tag archive can redirect to React search filtered by tag.,Algorithms | WAKILISHA
/tag/alliance-francaise-de-nairobi/,/search?tag=alliance%20francaise%20de%20nairobi,302,alliance-francaise-de-nairobi,alliance-francaise-de-nairobi,alliance francaise de nairobi,false,,medium,Legacy WordPress tag archive can redirect to React search filtered by tag.,Alliance Française de Nairobi | WAKILISHA
/tag/allianz-direct/,/search?tag=allianz%20direct,302,allianz-direct,allianz-direct,allianz direct,false,,medium,Legacy WordPress tag archive can redirect to React search filtered by tag.,Allianz Direct | WAKILISHA
/tag/ally-fresh/,/search?tag=ally%20fresh,302,ally-fresh,ally-fresh,ally fresh,false,,medium,Legacy WordPress tag archive can redirect to React search filtered by tag.,Ally Fresh | WAKILISHA
/tag/amapiano/,/search?tag=amapiano,302,amapiano,amapiano,amapiano,false,,medium,Legacy WordPress tag archive can redirect to React search filtered by tag.,Amapiano | WAKILISHA
/tag/aminata/,/search?tag=aminata,302,aminata,aminata,aminata,false,,medium,Legacy WordPress tag archive can redirect to React search filtered by tag.,Aminata | WAKILISHA
/tag/angry-panda-clan/,/search?tag=angry%20panda%20clan,302,angry-panda-clan,angry-panda-clan,angry panda clan,false,,medium,Legacy WordPress tag archive can redirect to React search filtered by tag.,Angry Panda Clan | WAKILISHA
/tag/animation/,/search?tag=animation,302,animation,animation,animation,false,,medium,Legacy WordPress tag archive can redirect to React search filtered by tag.,Animation | WAKILISHA
/tag/anrey/,/search?tag=anrey,302,anrey,anrey,anrey,false,,medium,Legacy WordPress tag archive can redirect to React search filtered by tag.,Anrey | WAKILISHA
/tag/anyango-mpinga/,/search?tag=anyango%20mpinga,302,anyango-mpinga,anyango-mpinga,anyango mpinga,false,,medium,Legacy WordPress tag archive can redirect to React search filtered by tag.,Anyango Mpinga | WAKILISHA
/tag/apesi/,/search?tag=apesi,302,apesi,apesi,apesi,false,,medium,Legacy WordPress tag archive can redirect to React search filtered by tag.,Apesi | WAKILISHA
/tag/apple-music/,/search?tag=apple%20music,302,apple-music,apple-music,apple music,false,,medium,Legacy WordPress tag archive can redirect to React search filtered by tag.,Apple Music | WAKILISHA
/tag/arbantone/,/search?tag=arbantone,302,arbantone,arbantone,arbantone,false,,medium,Legacy WordPress tag archive can redirect to React search filtered by tag.,Arbantone | WAKILISHA
/tag/architecture/,/search?tag=architecture,302,architecture,architecture,architecture,false,,medium,Legacy WordPress tag archive can redirect to React search filtered by tag.,Architecture | WAKILISHA
/tag/aress-66/,/search?tag=aress%2066,302,aress-66,aress-66,aress 66,false,,medium,Legacy WordPress tag archive can redirect to React search filtered by tag.,Aress 66 | WAKILISHA
/tag/arlen-dilsizian/,/search?tag=arlen%20dilsizian,302,arlen-dilsizian,arlen-dilsizian,arlen dilsizian,false,,medium,Legacy WordPress tag archive can redirect to React search filtered by tag.,Arlen Dilsizian | WAKILISHA
/tag/arlene-wandera/,/search?tag=arlene%20wandera,302,arlene-wandera,arlene-wandera,arlene wandera,false,,medium,Legacy WordPress tag archive can redirect to React search filtered by tag.,Arlene Wandera | WAKILISHA
/tag/arrow-boy/,/search?tag=arrow%20boy,302,arrow-boy,arrow-boy,arrow boy,false,,medium,Legacy WordPress tag archive can redirect to React search filtered by tag.,Arrow Boy | WAKILISHA
/tag/artificial-intelligence/,/search?tag=artificial%20intelligence,302,artificial-intelligence,artificial-intelligence,artificial intelligence,false,,medium,Legacy WordPress tag archive can redirect to React search filtered by tag.,Artificial Intelligence | WAKILISHA
/tag/assistive-technology/,/search?tag=assistive%20technology,302,assistive-technology,assistive-technology,assistive technology,false,,medium,Legacy WordPress tag archive can redirect to React search filtered by tag.,Assistive Technology | WAKILISHA
/tag/atemi-oyungu/,/search?tag=atemi%20oyungu,302,atemi-oyungu,atemi-oyungu,atemi oyungu,false,,medium,Legacy WordPress tag archive can redirect to React search filtered by tag.,Atemi Oyungu | WAKILISHA
/tag/athens/,/search?tag=athens,302,athens,athens,athens,false,,medium,Legacy WordPress tag archive can redirect to React search filtered by tag.,Athens | WAKILISHA
/tag/athletics/,/search?tag=athletics,302,athletics,athletics,athletics,false,,medium,Legacy WordPress tag archive can redirect to React search filtered by tag.,Athletics | WAKILISHA
/tag/atmos-blaq/,/search?tag=atmos%20blaq,302,atmos-blaq,atmos-blaq,atmos blaq,false,,medium,Legacy WordPress tag archive can redirect to React search filtered by tag.,Atmos Blaq | WAKILISHA
/tag/ato-malinda/,/search?tag=ato%20malinda,302,ato-malinda,ato-malinda,ato malinda,false,,medium,Legacy WordPress tag archive can redirect to React search filtered by tag.,Ato Malinda | WAKILISHA
/tag/axel-lussiez/,/search?tag=axel%20lussiez,302,axel-lussiez,axel-lussiez,axel lussiez,false,,medium,Legacy WordPress tag archive can redirect to React search filtered by tag.,Axel Lussiez | WAKILISHA
/tag/ayra-starr/,/search?tag=ayra%20starr,302,ayra-starr,ayra-starr,ayra starr,false,,medium,Legacy WordPress tag archive can redirect to React search filtered by tag.,Ayra Starr | WAKILISHA
/tag/ayrosh/,/search?tag=ayrosh,302,ayrosh,ayrosh,ayrosh,false,,medium,Legacy WordPress tag archive can redirect to React search filtered by tag.,Ayrosh | WAKILISHA
/tag/ayub-ogada/,/search?tag=ayub%20ogada,302,ayub-ogada,ayub-ogada,ayub ogada,false,,medium,Legacy WordPress tag archive can redirect to React search filtered by tag.,Ayub Ogada | WAKILISHA
/tag/azziad-nasenya/,/search?tag=azziad%20nasenya,302,azziad-nasenya,azziad-nasenya,azziad nasenya,false,,medium,Legacy WordPress tag archive can redirect to React search filtered by tag.,Azziad Nasenya | WAKILISHA
/tag/bahati/,/search?tag=bahati,302,bahati,bahati,bahati,false,,medium,Legacy WordPress tag archive can redirect to React search filtered by tag.,Bahati | WAKILISHA
/tag/bakone/,/search?tag=bakone,302,bakone,bakone,bakone,false,,medium,Legacy WordPress tag archive can redirect to React search filtered by tag.,Bakone | WAKILISHA
/tag/bali/,/search?tag=bali,302,bali,bali,bali,false,,medium,Legacy WordPress tag archive can redirect to React search filtered by tag.,Bali | WAKILISHA
/tag/bankslave/,/search?tag=bankslave,302,bankslave,bankslave,bankslave,false,,medium,Legacy WordPress tag archive can redirect to React search filtered by tag.,Bankslave | WAKILISHA
/tag/bantu/,/search?tag=bantu,302,bantu,bantu,bantu,false,,medium,Legacy WordPress tag archive can redirect to React search filtered by tag.,Bantu | WAKILISHA
/tag/baraza/,/search?tag=baraza,302,baraza,baraza,baraza,false,,medium,Legacy WordPress tag archive can redirect to React search filtered by tag.,Baraza | WAKILISHA
/tag/bare-sessions/,/search?tag=bare%20sessions,302,bare-sessions,bare-sessions,bare sessions,false,,medium,Legacy WordPress tag archive can redirect to React search filtered by tag.,BARE SESSIONS | WAKILISHA
/tag/bayanni/,/search?tag=bayanni,302,bayanni,bayanni,bayanni,false,,medium,Legacy WordPress tag archive can redirect to React search filtered by tag.,Bayanni | WAKILISHA
/tag/beef/,/search?tag=beef,302,beef,beef,beef,false,,medium,Legacy WordPress tag archive can redirect to React search filtered by tag.,Beef | WAKILISHA
/tag/ben-cyco/,/search?tag=ben%20cyco,302,ben-cyco,ben-cyco,ben cyco,false,,medium,Legacy WordPress tag archive can redirect to React search filtered by tag.,Ben Cyco | WAKILISHA
/tag/beneath-the-baobabs-festival/,/search?tag=beneath%20the%20baobabs%20festival,302,beneath-the-baobabs-festival,beneath-the-baobabs-festival,beneath the baobabs festival,false,,medium,Legacy WordPress tag archive can redirect to React search filtered by tag.,Beneath The Baobabs Festival | WAKILISHA
/tag/benga/,/search?tag=benga,302,benga,benga,benga,false,,medium,Legacy WordPress tag archive can redirect to React search filtered by tag.,Benga | WAKILISHA
/tag/bensoul/,/search?tag=bensoul,302,bensoul,bensoul,bensoul,false,,medium,Legacy WordPress tag archive can redirect to React search filtered by tag.,Bensoul | WAKILISHA
/tag/bey-t/,/search?tag=bey%20t,302,bey-t,bey-t,bey t,false,,medium,Legacy WordPress tag archive can redirect to React search filtered by tag.,Bey T | WAKILISHA
/tag/bien-aime-baraza/,/search?tag=bien%20aime%20baraza,302,bien-aime-baraza,bien-aime-baraza,bien aime baraza,false,,medium,Legacy WordPress tag archive can redirect to React search filtered by tag.,Bien-Aime Baraza | WAKILISHA
/tag/bien/,/search?tag=bien,302,bien,bien,bien,false,,medium,Legacy WordPress tag archive can redirect to React search filtered by tag.,Bien | WAKILISHA
/tag/big-nyagz/,/search?tag=big%20nyagz,302,big-nyagz,big-nyagz,big nyagz,false,,medium,Legacy WordPress tag archive can redirect to React search filtered by tag.,Big Nyagz | WAKILISHA
/tag/bigpin/,/search?tag=bigpin,302,bigpin,bigpin,bigpin,false,,medium,Legacy WordPress tag archive can redirect to React search filtered by tag.,Bigpin | WAKILISHA
/tag/bigpins-radius/,/search?tag=bigpins%20radius,302,bigpins-radius,bigpins-radius,bigpins radius,false,,medium,Legacy WordPress tag archive can redirect to React search filtered by tag.,Bigpin&#039;s Radius | WAKILISHA
/tag/billy-black/,/search?tag=billy%20black,302,billy-black,billy-black,billy black,false,,medium,Legacy WordPress tag archive can redirect to React search filtered by tag.,Billy Black | WAKILISHA
/tag/binyavanga-wainaina/,/search?tag=binyavanga%20wainaina,302,binyavanga-wainaina,binyavanga-wainaina,binyavanga wainaina,false,,medium,Legacy WordPress tag archive can redirect to React search filtered by tag.,Binyavanga Wainaina | WAKILISHA
/tag/bitcoin/,/search?tag=bitcoin,302,bitcoin,bitcoin,bitcoin,false,,medium,Legacy WordPress tag archive can redirect to React search filtered by tag.,Bitcoin | WAKILISHA
/tag/blankets-and-wine/,/search?tag=blankets%20and%20wine,302,blankets-and-wine,blankets-and-wine,blankets and wine,false,,medium,Legacy WordPress tag archive can redirect to React search filtered by tag.,Blankets And Wine | WAKILISHA
/tag/blankets-wine/,/search?tag=blankets%20wine,302,blankets-wine,blankets-wine,blankets wine,false,,medium,Legacy WordPress tag archive can redirect to React search filtered by tag.,Blankets &amp; Wine | WAKILISHA
/tag/blessing-lungaho/,/search?tag=blessing%20lungaho,302,blessing-lungaho,blessing-lungaho,blessing lungaho,false,,medium,Legacy WordPress tag archive can redirect to React search filtered by tag.,Blessing Lung&#039;Aho | WAKILISHA
/tag/blind/,/search?tag=blind,302,blind,blind,blind,false,,medium,Legacy WordPress tag archive can redirect to React search filtered by tag.,Blind | WAKILISHA
/tag/blinky-bill/,/search?tag=blinky%20bill,302,blinky-bill,blinky-bill,blinky bill,false,,medium,Legacy WordPress tag archive can redirect to React search filtered by tag.,Blinky Bill | WAKILISHA
/tag/bmg/,/search?tag=bmg,302,bmg,bmg,bmg,false,,medium,Legacy WordPress tag archive can redirect to React search filtered by tag.,BMG | WAKILISHA
/tag/bobs-burgers/,/search?tag=bobs%20burgers,302,bobs-burgers,bobs-burgers,bobs burgers,false,,medium,Legacy WordPress tag archive can redirect to React search filtered by tag.,Bob&#039;s Burgers | WAKILISHA
/tag/bomb-squad-crew/,/search?tag=bomb%20squad%20crew,302,bomb-squad-crew,bomb-squad-crew,bomb squad crew,false,,medium,Legacy WordPress tag archive can redirect to React search filtered by tag.,Bomb Squad Crew | WAKILISHA
/tag/book-clubs/,/search?tag=book%20clubs,302,book-clubs,book-clubs,book clubs,false,,medium,Legacy WordPress tag archive can redirect to React search filtered by tag.,Book Clubs | WAKILISHA
/tag/boondocks-gang/,/search?tag=boondocks%20gang,302,boondocks-gang,boondocks-gang,boondocks gang,false,,medium,Legacy WordPress tag archive can redirect to React search filtered by tag.,Boondocks Gang | WAKILISHA
/tag/boutross/,/search?tag=boutross,302,boutross,boutross,boutross,false,,medium,Legacy WordPress tag archive can redirect to React search filtered by tag.,Boutross | WAKILISHA
/tag/brandy-maina/,/search?tag=brandy%20maina,302,brandy-maina,brandy-maina,brandy maina,false,,medium,Legacy WordPress tag archive can redirect to React search filtered by tag.,Brandy Maina | WAKILISHA
/tag/breeder-lw/,/search?tag=breeder%20lw,302,breeder-lw,breeder-lw,breeder lw,false,,medium,Legacy WordPress tag archive can redirect to React search filtered by tag.,Breeder LW | WAKILISHA
/tag/brian-kabugi/,/search?tag=brian%20kabugi,302,brian-kabugi,brian-kabugi,brian kabugi,false,,medium,Legacy WordPress tag archive can redirect to React search filtered by tag.,Brian Kabugi | WAKILISHA
/tag/brown/,/search?tag=brown,302,brown,brown,brown,false,,medium,Legacy WordPress tag archive can redirect to React search filtered by tag.,Brown | WAKILISHA
/tag/bryan-ngatia/,/search?tag=bryan%20ngatia,302,bryan-ngatia,bryan-ngatia,bryan ngatia,false,,medium,Legacy WordPress tag archive can redirect to React search filtered by tag.,Bryan Ngatia | WAKILISHA
/tag/bsq/,/search?tag=bsq,302,bsq,bsq,bsq,false,,medium,Legacy WordPress tag archive can redirect to React search filtered by tag.,BSQ | WAKILISHA
/tag/buke-abduba/,/search?tag=buke%20abduba,302,buke-abduba,buke-abduba,buke abduba,false,,medium,Legacy WordPress tag archive can redirect to React search filtered by tag.,Buke Abduba | WAKILISHA
/tag/burna-boy/,/search?tag=burna%20boy,302,burna-boy,burna-boy,burna boy,false,,medium,Legacy WordPress tag archive can redirect to React search filtered by tag.,Burna Boy | WAKILISHA
/tag/buruburu/,/search?tag=buruburu,302,buruburu,buruburu,buruburu,false,,medium,Legacy WordPress tag archive can redirect to React search filtered by tag.,Buruburu | WAKILISHA
/tag/burudani-express/,/search?tag=burudani%20express,302,burudani-express,burudani-express,burudani express,false,,medium,Legacy WordPress tag archive can redirect to React search filtered by tag.,Burudani Express. | WAKILISHA
/tag/buruklyn-boyz/,/search?tag=buruklyn%20boyz,302,buruklyn-boyz,buruklyn-boyz,buruklyn boyz,false,,medium,Legacy WordPress tag archive can redirect to React search filtered by tag.,BURUKLYN BOYZ | WAKILISHA
/tag/burundi/,/search?tag=burundi,302,burundi,burundi,burundi,false,,medium,Legacy WordPress tag archive can redirect to React search filtered by tag.,Burundi | WAKILISHA
/tag/bussa-j/,/search?tag=bussa%20j,302,bussa-j,bussa-j,bussa j,false,,medium,Legacy WordPress tag archive can redirect to React search filtered by tag.,Bussa J | WAKILISHA
/tag/bussaj/,/search?tag=bussaj,302,bussaj,bussaj,bussaj,false,,medium,Legacy WordPress tag archive can redirect to React search filtered by tag.,BussaJ | WAKILISHA
/tag/butere-girls/,/search?tag=butere%20girls,302,butere-girls,butere-girls,butere girls,false,,medium,Legacy WordPress tag archive can redirect to React search filtered by tag.,Butere Girls | WAKILISHA
/tag/c-i-r-u/,/search?tag=c%20i%20r%20u,302,c-i-r-u,c-i-r-u,c i r u,false,,medium,Legacy WordPress tag archive can redirect to React search filtered by tag.,c i r u | WAKILISHA
/tag/cabinet-secretary-for-youth-affairs-sports-and-the-arts/,/search?tag=cabinet%20secretary%20for%20youth%20affairs%20sports%20and%20the%20arts,302,cabinet-secretary-for-youth-affairs-sports-and-the-arts,cabinet-secretary-for-youth-affairs-sports-and-the-arts,cabinet secretary for youth affairs sports and the arts,false,,medium,Legacy WordPress tag archive can redirect to React search filtered by tag.,Cabinet Secretary for Youth Affairs Sports and The Arts | WAKILISHA
/tag/caine-prize/,/search?tag=caine%20prize,302,caine-prize,caine-prize,caine prize,false,,medium,Legacy WordPress tag archive can redirect to React search filtered by tag.,Caine Prize | WAKILISHA
/tag/caleb-awiti/,/search?tag=caleb%20awiti,302,caleb-awiti,caleb-awiti,caleb awiti,false,,medium,Legacy WordPress tag archive can redirect to React search filtered by tag.,Caleb Awiti | WAKILISHA
/tag/calif-records/,/search?tag=calif%20records,302,calif-records,calif-records,calif records,false,,medium,Legacy WordPress tag archive can redirect to React search filtered by tag.,Calif Records | WAKILISHA
/tag/casettes/,/search?tag=casettes,302,casettes,casettes,casettes,false,,medium,Legacy WordPress tag archive can redirect to React search filtered by tag.,Casettes | WAKILISHA
/tag/cassettes/,/search?tag=cassettes,302,cassettes,cassettes,cassettes,false,,medium,Legacy WordPress tag archive can redirect to React search filtered by tag.,Cassettes | WAKILISHA
/tag/cave-bureau/,/search?tag=cave%20bureau,302,cave-bureau,cave-bureau,cave bureau,false,,medium,Legacy WordPress tag archive can redirect to React search filtered by tag.,Cave Bureau | WAKILISHA
/tag/cedo/,/search?tag=cedo,302,cedo,cedo,cedo,false,,medium,Legacy WordPress tag archive can redirect to React search filtered by tag.,Cedo | WAKILISHA
/tag/chantelle/,/search?tag=chantelle,302,chantelle,chantelle,chantelle,false,,medium,Legacy WordPress tag archive can redirect to React search filtered by tag.,Chantelle | WAKILISHA
/tag/charisma/,/search?tag=charisma,302,charisma,charisma,charisma,false,,medium,Legacy WordPress tag archive can redirect to React search filtered by tag.,Charisma | WAKILISHA
/tag/charles-mangua/,/search?tag=charles%20mangua,302,charles-mangua,charles-mangua,charles mangua,false,,medium,Legacy WordPress tag archive can redirect to React search filtered by tag.,Charles Mangua | WAKILISHA
/tag/cheche-book-store/,/search?tag=cheche%20book%20store,302,cheche-book-store,cheche-book-store,cheche book store,false,,medium,Legacy WordPress tag archive can redirect to React search filtered by tag.,Cheche Book Store | WAKILISHA
/tag/chelwek/,/search?tag=chelwek,302,chelwek,chelwek,chelwek,false,,medium,Legacy WordPress tag archive can redirect to React search filtered by tag.,Chelwek | WAKILISHA
/tag/chemutai-sage/,/search?tag=chemutai%20sage,302,chemutai-sage,chemutai-sage,chemutai sage,false,,medium,Legacy WordPress tag archive can redirect to React search filtered by tag.,Chemutai Sage | WAKILISHA
/tag/cheque-mate/,/search?tag=cheque%20mate,302,cheque-mate,cheque-mate,cheque mate,false,,medium,Legacy WordPress tag archive can redirect to React search filtered by tag.,Cheque Mate | WAKILISHA
/tag/child/,/search?tag=child,302,child,child,child,false,,medium,Legacy WordPress tag archive can redirect to React search filtered by tag.,Child | WAKILISHA
/tag/chimano/,/search?tag=chimano,302,chimano,chimano,chimano,false,,medium,Legacy WordPress tag archive can redirect to React search filtered by tag.,Chimano | WAKILISHA
/tag/chinua-achebe/,/search?tag=chinua%20achebe,302,chinua-achebe,chinua-achebe,chinua achebe,false,,medium,Legacy WordPress tag archive can redirect to React search filtered by tag.,Chinua Achebe | WAKILISHA
/tag/chiwawa/,/search?tag=chiwawa,302,chiwawa,chiwawa,chiwawa,false,,medium,Legacy WordPress tag archive can redirect to React search filtered by tag.,Chiwawa | WAKILISHA
/tag/chris-kaiga/,/search?tag=chris%20kaiga,302,chris-kaiga,chris-kaiga,chris kaiga,false,,medium,Legacy WordPress tag archive can redirect to React search filtered by tag.,Chris Kaiga | WAKILISHA
/tag/christmas/,/search?tag=christmas,302,christmas,christmas,christmas,false,,medium,Legacy WordPress tag archive can redirect to React search filtered by tag.,Christmas | WAKILISHA
/tag/chronicles-of-gedi/,/search?tag=chronicles%20of%20gedi,302,chronicles-of-gedi,chronicles-of-gedi,chronicles of gedi,false,,medium,Legacy WordPress tag archive can redirect to React search filtered by tag.,Chronicles of Gedi | WAKILISHA
/tag/ciano-maimba/,/search?tag=ciano%20maimba,302,ciano-maimba,ciano-maimba,ciano maimba,false,,medium,Legacy WordPress tag archive can redirect to React search filtered by tag.,Ciano Maimba | WAKILISHA
/tag/circle-art-gallery/,/search?tag=circle%20art%20gallery,302,circle-art-gallery,circle-art-gallery,circle art gallery,false,,medium,Legacy WordPress tag archive can redirect to React search filtered by tag.,Circle Art Gallery | WAKILISHA
/tag/civic-education/,/search?tag=civic%20education,302,civic-education,civic-education,civic education,false,,medium,Legacy WordPress tag archive can redirect to React search filtered by tag.,Civic Education | WAKILISHA
/tag/claire-gor/,/search?tag=claire%20gor,302,claire-gor,claire-gor,claire gor,false,,medium,Legacy WordPress tag archive can redirect to React search filtered by tag.,Claire Gor | WAKILISHA
/tag/clamer/,/search?tag=clamer,302,clamer,clamer,clamer,false,,medium,Legacy WordPress tag archive can redirect to React search filtered by tag.,Clamer | WAKILISHA
/tag/classicism/,/search?tag=classicism,302,classicism,classicism,classicism,false,,medium,Legacy WordPress tag archive can redirect to React search filtered by tag.,Classicism | WAKILISHA
/tag/cleophas-malala/,/search?tag=cleophas%20malala,302,cleophas-malala,cleophas-malala,cleophas malala,false,,medium,Legacy WordPress tag archive can redirect to React search filtered by tag.,Cleophas Malala | WAKILISHA
/tag/climate-change/,/search?tag=climate%20change,302,climate-change,climate-change,climate change,false,,medium,Legacy WordPress tag archive can redirect to React search filtered by tag.,Climate Change | WAKILISHA
/tag/cockfights/,/search?tag=cockfights,302,cockfights,cockfights,cockfights,false,,medium,Legacy WordPress tag archive can redirect to React search filtered by tag.,Cockfights | WAKILISHA
/tag/coflo/,/search?tag=coflo,302,coflo,coflo,coflo,false,,medium,Legacy WordPress tag archive can redirect to React search filtered by tag.,Coflo | WAKILISHA
/tag/collaboration/,/search?tag=collaboration,302,collaboration,collaboration,collaboration,false,,medium,Legacy WordPress tag archive can redirect to React search filtered by tag.,Collaboration | WAKILISHA
/tag/collective-management-organizations-cmos/,/search?tag=collective%20management%20organizations%20cmos,302,collective-management-organizations-cmos,collective-management-organizations-cmos,collective management organizations cmos,false,,medium,Legacy WordPress tag archive can redirect to React search filtered by tag.,Collective Management Organizations (CMOs) | WAKILISHA
/tag/colonialism/,/search?tag=colonialism,302,colonialism,colonialism,colonialism,false,,medium,Legacy WordPress tag archive can redirect to React search filtered by tag.,Colonialism | WAKILISHA
/tag/comedy/,/search?tag=comedy,302,comedy,comedy,comedy,false,,medium,Legacy WordPress tag archive can redirect to React search filtered by tag.,Comedy | WAKILISHA
/tag/coming-to-birth/,/search?tag=coming%20to%20birth,302,coming-to-birth,coming-to-birth,coming to birth,false,,medium,Legacy WordPress tag archive can redirect to React search filtered by tag.,Coming To Birth | WAKILISHA
/tag/community/,/search?tag=community,302,community,community,community,false,,medium,Legacy WordPress tag archive can redirect to React search filtered by tag.,Community | WAKILISHA
/tag/computer-misuse-and-cybercrimes-act/,/search?tag=computer%20misuse%20and%20cybercrimes%20act,302,computer-misuse-and-cybercrimes-act,computer-misuse-and-cybercrimes-act,computer misuse and cybercrimes act,false,,medium,Legacy WordPress tag archive can redirect to React search filtered by tag.,Computer Misuse and Cybercrimes Act | WAKILISHA
/tag/congo-man/,/search?tag=congo%20man,302,congo-man,congo-man,congo man,false,,medium,Legacy WordPress tag archive can redirect to React search filtered by tag.,Congo Man | WAKILISHA
/tag/conspiracy-theories/,/search?tag=conspiracy%20theories,302,conspiracy-theories,conspiracy-theories,conspiracy theories,false,,medium,Legacy WordPress tag archive can redirect to React search filtered by tag.,Conspiracy Theories | WAKILISHA
/tag/convention-on-the-rights-of-persons-with-disabilities/,/search?tag=convention%20on%20the%20rights%20of%20persons%20with%20disabilities,302,convention-on-the-rights-of-persons-with-disabilities,convention-on-the-rights-of-persons-with-disabilities,convention on the rights of persons with disabilities,false,,medium,Legacy WordPress tag archive can redirect to React search filtered by tag.,Convention on the Rights of Persons with Disabilities | WAKILISHA
/tag/convergent-evolution/,/search?tag=convergent%20evolution,302,convergent-evolution,convergent-evolution,convergent evolution,false,,medium,Legacy WordPress tag archive can redirect to React search filtered by tag.,Convergent Evolution | WAKILISHA
/tag/cordoban/,/search?tag=cordoban,302,cordoban,cordoban,cordoban,false,,medium,Legacy WordPress tag archive can redirect to React search filtered by tag.,Cordoban | WAKILISHA
/tag/coster-ojwang/,/search?tag=coster%20ojwang,302,coster-ojwang,coster-ojwang,coster ojwang,false,,medium,Legacy WordPress tag archive can redirect to React search filtered by tag.,Coster Ojwang | WAKILISHA
/tag/covid-19/,/search?tag=covid%2019,302,covid-19,covid-19,covid 19,false,,medium,Legacy WordPress tag archive can redirect to React search filtered by tag.,Covid-19 | WAKILISHA
/tag/creative-industry/,/search?tag=creative%20industry,302,creative-industry,creative-industry,creative industry,false,,medium,Legacy WordPress tag archive can redirect to React search filtered by tag.,Creative Industry | WAKILISHA
/tag/creativity/,/search?tag=creativity,302,creativity,creativity,creativity,false,,medium,Legacy WordPress tag archive can redirect to React search filtered by tag.,Creativity | WAKILISHA
/tag/crime-and-justice/,/search?tag=crime%20and%20justice,302,crime-and-justice,crime-and-justice,crime and justice,false,,medium,Legacy WordPress tag archive can redirect to React search filtered by tag.,Crime and Justice | WAKILISHA
/tag/crpd/,/search?tag=crpd,302,crpd,crpd,crpd,false,,medium,Legacy WordPress tag archive can redirect to React search filtered by tag.,CRPD | WAKILISHA
/tag/cryptocurrencies/,/search?tag=cryptocurrencies,302,cryptocurrencies,cryptocurrencies,cryptocurrencies,false,,medium,Legacy WordPress tag archive can redirect to React search filtered by tag.,Cryptocurrencies | WAKILISHA
/tag/cultural-identity/,/search?tag=cultural%20identity,302,cultural-identity,cultural-identity,cultural identity,false,,medium,Legacy WordPress tag archive can redirect to React search filtered by tag.,Cultural Identity | WAKILISHA
/tag/culture/,/search?tag=culture,302,culture,culture,culture,false,,medium,Legacy WordPress tag archive can redirect to React search filtered by tag.,Culture | WAKILISHA
/tag/customer/,/search?tag=customer,302,customer,customer,customer,false,,medium,Legacy WordPress tag archive can redirect to React search filtered by tag.,Customer | WAKILISHA
/tag/cyrus-kabiru/,/search?tag=cyrus%20kabiru,302,cyrus-kabiru,cyrus-kabiru,cyrus kabiru,false,,medium,Legacy WordPress tag archive can redirect to React search filtered by tag.,Cyrus Kabiru | WAKILISHA
/tag/czars/,/search?tag=czars,302,czars,czars,czars,false,,medium,Legacy WordPress tag archive can redirect to React search filtered by tag.,Czars | WAKILISHA
/tag/daddo/,/search?tag=daddo,302,daddo,daddo,daddo,false,,medium,Legacy WordPress tag archive can redirect to React search filtered by tag.,Daddo | WAKILISHA
/tag/dakar-biennale/,/search?tag=dakar%20biennale,302,dakar-biennale,dakar-biennale,dakar biennale,false,,medium,Legacy WordPress tag archive can redirect to React search filtered by tag.,Dakar Biennale | WAKILISHA
/tag/dance/,/search?tag=dance,302,dance,dance,dance,false,,medium,Legacy WordPress tag archive can redirect to React search filtered by tag.,Dance | WAKILISHA
/tag/daniel-muli/,/search?tag=daniel%20muli,302,daniel-muli,daniel-muli,daniel muli,false,,medium,Legacy WordPress tag archive can redirect to React search filtered by tag.,Daniel Muli | WAKILISHA
/tag/davaji/,/search?tag=davaji,302,davaji,davaji,davaji,false,,medium,Legacy WordPress tag archive can redirect to React search filtered by tag.,Davaji | WAKILISHA
/tag/david-tosh-gitonga/,/search?tag=david%20tosh%20gitonga,302,david-tosh-gitonga,david-tosh-gitonga,david tosh gitonga,false,,medium,Legacy WordPress tag archive can redirect to React search filtered by tag.,David &#039;Tosh&#039; Gitonga | WAKILISHA
/tag/dela/,/search?tag=dela,302,dela,dela,dela,false,,medium,Legacy WordPress tag archive can redirect to React search filtered by tag.,Dela | WAKILISHA
/tag/della/,/search?tag=della,302,della,della,della,false,,medium,Legacy WordPress tag archive can redirect to React search filtered by tag.,Della | WAKILISHA
/tag/democracy/,/search?tag=democracy,302,democracy,democracy,democracy,false,,medium,Legacy WordPress tag archive can redirect to React search filtered by tag.,Democracy | WAKILISHA
/tag/dennis-kooker/,/search?tag=dennis%20kooker,302,dennis-kooker,dennis-kooker,dennis kooker,false,,medium,Legacy WordPress tag archive can redirect to React search filtered by tag.,Dennis Kooker | WAKILISHA
/tag/dennis-mugaa/,/search?tag=dennis%20mugaa,302,dennis-mugaa,dennis-mugaa,dennis mugaa,false,,medium,Legacy WordPress tag archive can redirect to React search filtered by tag.,Dennis Mugaa | WAKILISHA
/tag/dennis-ombachi/,/search?tag=dennis%20ombachi,302,dennis-ombachi,dennis-ombachi,dennis ombachi,false,,medium,Legacy WordPress tag archive can redirect to React search filtered by tag.,Dennis Ombachi | WAKILISHA
/tag/derek-debru/,/search?tag=derek%20debru,302,derek-debru,derek-debru,derek debru,false,,medium,Legacy WordPress tag archive can redirect to React search filtered by tag.,Derek Debru | WAKILISHA
/tag/derkman-ftg/,/search?tag=derkman%20ftg,302,derkman-ftg,derkman-ftg,derkman ftg,false,,medium,Legacy WordPress tag archive can redirect to React search filtered by tag.,DERKMAN FTG | WAKILISHA
/tag/design-thinking/,/search?tag=design%20thinking,302,design-thinking,design-thinking,design thinking,false,,medium,Legacy WordPress tag archive can redirect to React search filtered by tag.,Design Thinking | WAKILISHA
/tag/design/,/search?tag=design,302,design,design,design,false,,medium,Legacy WordPress tag archive can redirect to React search filtered by tag.,Design | WAKILISHA
/tag/dickens-otieno/,/search?tag=dickens%20otieno,302,dickens-otieno,dickens-otieno,dickens otieno,false,,medium,Legacy WordPress tag archive can redirect to React search filtered by tag.,Dickens Otieno | WAKILISHA
/tag/diet/,/search?tag=diet,302,diet,diet,diet,false,,medium,Legacy WordPress tag archive can redirect to React search filtered by tag.,Diet | WAKILISHA
/tag/digital-art/,/search?tag=digital%20art,302,digital-art,digital-art,digital art,false,,medium,Legacy WordPress tag archive can redirect to React search filtered by tag.,Digital Art | WAKILISHA
/tag/digital-transformation/,/search?tag=digital%20transformation,302,digital-transformation,digital-transformation,digital transformation,false,,medium,Legacy WordPress tag archive can redirect to React search filtered by tag.,Digital Transformation | WAKILISHA
/tag/dillie/,/search?tag=dillie,302,dillie,dillie,dillie,false,,medium,Legacy WordPress tag archive can redirect to React search filtered by tag.,Dillie | WAKILISHA
/tag/dinga-ya-wife/,/search?tag=dinga%20ya%20wife,302,dinga-ya-wife,dinga-ya-wife,dinga ya wife,false,,medium,Legacy WordPress tag archive can redirect to React search filtered by tag.,Dinga ya Wife | WAKILISHA
/tag/disabled/,/search?tag=disabled,302,disabled,disabled,disabled,false,,medium,Legacy WordPress tag archive can redirect to React search filtered by tag.,Disabled | WAKILISHA
/tag/disco-matanga/,/search?tag=disco%20matanga,302,disco-matanga,disco-matanga,disco matanga,false,,medium,Legacy WordPress tag archive can redirect to React search filtered by tag.,Disco Matanga | WAKILISHA
/tag/disney/,/search?tag=disney,302,disney,disney,disney,false,,medium,Legacy WordPress tag archive can redirect to React search filtered by tag.,Disney | WAKILISHA
/tag/dj-fredy-muks/,/search?tag=dj%20fredy%20muks,302,dj-fredy-muks,dj-fredy-muks,dj fredy muks,false,,medium,Legacy WordPress tag archive can redirect to React search filtered by tag.,DJ FREDY MUKS | WAKILISHA
/tag/dj-joe-mfalme/,/search?tag=dj%20joe%20mfalme,302,dj-joe-mfalme,dj-joe-mfalme,dj joe mfalme,false,,medium,Legacy WordPress tag archive can redirect to React search filtered by tag.,DJ Joe Mfalme | WAKILISHA
/tag/dj-katta/,/search?tag=dj%20katta,302,dj-katta,dj-katta,dj katta,false,,medium,Legacy WordPress tag archive can redirect to React search filtered by tag.,DJ Katta | WAKILISHA
/tag/dj-mura/,/search?tag=dj%20mura,302,dj-mura,dj-mura,dj mura,false,,medium,Legacy WordPress tag archive can redirect to React search filtered by tag.,DJ Mura | WAKILISHA
/tag/dj-nephas/,/search?tag=dj%20nephas,302,dj-nephas,dj-nephas,dj nephas,false,,medium,Legacy WordPress tag archive can redirect to React search filtered by tag.,DJ Nephas | WAKILISHA
/tag/dj-skyrock/,/search?tag=dj%20skyrock,302,dj-skyrock,dj-skyrock,dj skyrock,false,,medium,Legacy WordPress tag archive can redirect to React search filtered by tag.,DJ Skyrock | WAKILISHA
/tag/doek-literary-magazine/,/search?tag=doek%20literary%20magazine,302,doek-literary-magazine,doek-literary-magazine,doek literary magazine,false,,medium,Legacy WordPress tag archive can redirect to React search filtered by tag.,Doek Literary Magazine | WAKILISHA
/tag/domani-munga/,/search?tag=domani%20munga,302,domani-munga,domani-munga,domani munga,false,,medium,Legacy WordPress tag archive can redirect to React search filtered by tag.,Domani Munga | WAKILISHA
/tag/dorphan/,/search?tag=dorphan,302,dorphan,dorphan,dorphan,false,,medium,Legacy WordPress tag archive can redirect to React search filtered by tag.,Dorphan | WAKILISHA
/tag/dorphanage/,/search?tag=dorphanage,302,dorphanage,dorphanage,dorphanage,false,,medium,Legacy WordPress tag archive can redirect to React search filtered by tag.,Dorphanage | WAKILISHA
/tag/drama-festivals/,/search?tag=drama%20festivals,302,drama-festivals,drama-festivals,drama festivals,false,,medium,Legacy WordPress tag archive can redirect to React search filtered by tag.,Drama Festivals | WAKILISHA
/tag/drc/,/search?tag=drc,302,drc,drc,drc,false,,medium,Legacy WordPress tag archive can redirect to React search filtered by tag.,DRC | WAKILISHA
/tag/drill-music/,/search?tag=drill%20music,302,drill-music,drill-music,drill music,false,,medium,Legacy WordPress tag archive can redirect to React search filtered by tag.,Drill Music | WAKILISHA
/tag/dust/,/search?tag=dust,302,dust,dust,dust,false,,medium,Legacy WordPress tag archive can redirect to React search filtered by tag.,Dust | WAKILISHA
/tag/dyana-cods/,/search?tag=dyana%20cods,302,dyana-cods,dyana-cods,dyana cods,false,,medium,Legacy WordPress tag archive can redirect to React search filtered by tag.,Dyana Cods | WAKILISHA
/tag/dylan-s/,/search?tag=dylan%20s,302,dylan-s,dylan-s,dylan s,false,,medium,Legacy WordPress tag archive can redirect to React search filtered by tag.,Dylan-S | WAKILISHA
/tag/east-african-community/,/search?tag=east%20african%20community,302,east-african-community,east-african-community,east african community,false,,medium,Legacy WordPress tag archive can redirect to React search filtered by tag.,East African Community | WAKILISHA
/tag/echo254/,/search?tag=echo254,302,echo254,echo254,echo254,false,,medium,Legacy WordPress tag archive can redirect to React search filtered by tag.,Echo254 | WAKILISHA
/tag/echoes-of-war/,/search?tag=echoes%20of%20war,302,echoes-of-war,echoes-of-war,echoes of war,false,,medium,Legacy WordPress tag archive can redirect to React search filtered by tag.,Echoes of War | WAKILISHA
/tag/eddie-butita/,/search?tag=eddie%20butita,302,eddie-butita,eddie-butita,eddie butita,false,,medium,Legacy WordPress tag archive can redirect to React search filtered by tag.,Eddie Butita | WAKILISHA
/tag/edi-gathegi/,/search?tag=edi%20gathegi,302,edi-gathegi,edi-gathegi,edi gathegi,false,,medium,Legacy WordPress tag archive can redirect to React search filtered by tag.,Edi Gathegi | WAKILISHA
/tag/education/,/search?tag=education,302,education,education,education,false,,medium,Legacy WordPress tag archive can redirect to React search filtered by tag.,Education | WAKILISHA
/tag/egeme/,/search?tag=egeme,302,egeme,egeme,egeme,false,,medium,Legacy WordPress tag archive can redirect to React search filtered by tag.,Egeme | WAKILISHA
/tag/el-chi/,/search?tag=el%20chi,302,el-chi,el-chi,el chi,false,,medium,Legacy WordPress tag archive can redirect to React search filtered by tag.,El Chi | WAKILISHA
/tag/elections/,/search?tag=elections,302,elections,elections,elections,false,,medium,Legacy WordPress tag archive can redirect to React search filtered by tag.,Elections | WAKILISHA
/tag/electronic-dance-music/,/search?tag=electronic%20dance%20music,302,electronic-dance-music,electronic-dance-music,electronic dance music,false,,medium,Legacy WordPress tag archive can redirect to React search filtered by tag.,Electronic Dance Music | WAKILISHA
/tag/elias-mutani/,/search?tag=elias%20mutani,302,elias-mutani,elias-mutani,elias mutani,false,,medium,Legacy WordPress tag archive can redirect to React search filtered by tag.,Elias Mutani | WAKILISHA
/tag/eliud-kipchoge/,/search?tag=eliud%20kipchoge,302,eliud-kipchoge,eliud-kipchoge,eliud kipchoge,false,,medium,Legacy WordPress tag archive can redirect to React search filtered by tag.,Eliud Kipchoge | WAKILISHA
/tag/elsa/,/search?tag=elsa,302,elsa,elsa,elsa,false,,medium,Legacy WordPress tag archive can redirect to React search filtered by tag.,Elsa | WAKILISHA
/tag/elsaphan-njora/,/search?tag=elsaphan%20njora,302,elsaphan-njora,elsaphan-njora,elsaphan njora,false,,medium,Legacy WordPress tag archive can redirect to React search filtered by tag.,Elsaphan Njora | WAKILISHA
/tag/elsy-wameyo/,/search?tag=elsy%20wameyo,302,elsy-wameyo,elsy-wameyo,elsy wameyo,false,,medium,Legacy WordPress tag archive can redirect to React search filtered by tag.,Elsy Wameyo | WAKILISHA
/tag/elvis-ounyo/,/search?tag=elvis%20ounyo,302,elvis-ounyo,elvis-ounyo,elvis ounyo,false,,medium,Legacy WordPress tag archive can redirect to React search filtered by tag.,Elvis Ounyo | WAKILISHA
/tag/emma-cheruto/,/search?tag=emma%20cheruto,302,emma-cheruto,emma-cheruto,emma cheruto,false,,medium,Legacy WordPress tag archive can redirect to React search filtered by tag.,Emma Cheruto | WAKILISHA
/tag/emmie-muthiga/,/search?tag=emmie%20muthiga,302,emmie-muthiga,emmie-muthiga,emmie muthiga,false,,medium,Legacy WordPress tag archive can redirect to React search filtered by tag.,Emmie Muthiga | WAKILISHA
/tag/emmy-kosgei/,/search?tag=emmy%20kosgei,302,emmy-kosgei,emmy-kosgei,emmy kosgei,false,,medium,Legacy WordPress tag archive can redirect to React search filtered by tag.,Emmy Kosgei | WAKILISHA
/tag/employment/,/search?tag=employment,302,employment,employment,employment,false,,medium,Legacy WordPress tag archive can redirect to React search filtered by tag.,Employment | WAKILISHA
/tag/empowerment/,/search?tag=empowerment,302,empowerment,empowerment,empowerment,false,,medium,Legacy WordPress tag archive can redirect to React search filtered by tag.,Empowerment | WAKILISHA
/tag/enjoy/,/search?tag=enjoy,302,enjoy,enjoy,enjoy,false,,medium,Legacy WordPress tag archive can redirect to React search filtered by tag.,Enjoy | WAKILISHA
/tag/entertainment/,/search?tag=entertainment,302,entertainment,entertainment,entertainment,false,,medium,Legacy WordPress tag archive can redirect to React search filtered by tag.,Entertainment | WAKILISHA
/tag/eric-rugara/,/search?tag=eric%20rugara,302,eric-rugara,eric-rugara,eric rugara,false,,medium,Legacy WordPress tag archive can redirect to React search filtered by tag.,Eric Rugara | WAKILISHA
/tag/eric-wainaina/,/search?tag=eric%20wainaina,302,eric-wainaina,eric-wainaina,eric wainaina,false,,medium,Legacy WordPress tag archive can redirect to React search filtered by tag.,Eric Wainaina | WAKILISHA
/tag/esen/,/search?tag=esen,302,esen,esen,esen,false,,medium,Legacy WordPress tag archive can redirect to React search filtered by tag.,Esen | WAKILISHA
/tag/ethan-muziki/,/search?tag=ethan%20muziki,302,ethan-muziki,ethan-muziki,ethan muziki,false,,medium,Legacy WordPress tag archive can redirect to React search filtered by tag.,Ethan Muziki | WAKILISHA
/tag/ethereum/,/search?tag=ethereum,302,ethereum,ethereum,ethereum,false,,medium,Legacy WordPress tag archive can redirect to React search filtered by tag.,Ethereum | WAKILISHA
/tag/ethic/,/search?tag=ethic,302,ethic,ethic,ethic,false,,medium,Legacy WordPress tag archive can redirect to React search filtered by tag.,Ethic | WAKILISHA
/tag/euggy/,/search?tag=euggy,302,euggy,euggy,euggy,false,,medium,Legacy WordPress tag archive can redirect to React search filtered by tag.,Euggy | WAKILISHA
/tag/evolution/,/search?tag=evolution,302,evolution,evolution,evolution,false,,medium,Legacy WordPress tag archive can redirect to React search filtered by tag.,Evolution | WAKILISHA
/tag/exray-taniua/,/search?tag=exray%20taniua,302,exray-taniua,exray-taniua,exray taniua,false,,medium,Legacy WordPress tag archive can redirect to React search filtered by tag.,Exray Taniua | WAKILISHA
/tag/exray/,/search?tag=exray,302,exray,exray,exray,false,,medium,Legacy WordPress tag archive can redirect to React search filtered by tag.,ExRay | WAKILISHA
/tag/fadhilee-itulya/,/search?tag=fadhilee%20itulya,302,fadhilee-itulya,fadhilee-itulya,fadhilee itulya,false,,medium,Legacy WordPress tag archive can redirect to React search filtered by tag.,Fadhilee Itulya | WAKILISHA
/tag/faith-kipyegon/,/search?tag=faith%20kipyegon,302,faith-kipyegon,faith-kipyegon,faith kipyegon,false,,medium,Legacy WordPress tag archive can redirect to React search filtered by tag.,Faith Kipyegon | WAKILISHA
/tag/faiz-francis-ouma/,/search?tag=faiz%20francis%20ouma,302,faiz-francis-ouma,faiz-francis-ouma,faiz francis ouma,false,,medium,Legacy WordPress tag archive can redirect to React search filtered by tag.,Faiz Francis Ouma | WAKILISHA
/tag/fancy-fingers/,/search?tag=fancy%20fingers,302,fancy-fingers,fancy-fingers,fancy fingers,false,,medium,Legacy WordPress tag archive can redirect to React search filtered by tag.,Fancy Fingers | WAKILISHA
/tag/fathermoh-and-ssaru/,/search?tag=fathermoh%20and%20ssaru,302,fathermoh-and-ssaru,fathermoh-and-ssaru,fathermoh and ssaru,false,,medium,Legacy WordPress tag archive can redirect to React search filtered by tag.,Fathermoh and Ssaru | WAKILISHA
/tag/fathermoh/,/search?tag=fathermoh,302,fathermoh,fathermoh,fathermoh,false,,medium,Legacy WordPress tag archive can redirect to React search filtered by tag.,Fathermoh | WAKILISHA
/tag/fatoumata-diawara/,/search?tag=fatoumata%20diawara,302,fatoumata-diawara,fatoumata-diawara,fatoumata diawara,false,,medium,Legacy WordPress tag archive can redirect to React search filtered by tag.,Fatoumata Diawara | WAKILISHA
/tag/femi-one/,/search?tag=femi%20one,302,femi-one,femi-one,femi one,false,,medium,Legacy WordPress tag archive can redirect to React search filtered by tag.,Femi One | WAKILISHA
/tag/fena-gitu/,/search?tag=fena%20gitu,302,fena-gitu,fena-gitu,fena gitu,false,,medium,Legacy WordPress tag archive can redirect to React search filtered by tag.,Fena Gitu | WAKILISHA
/tag/film-production/,/search?tag=film%20production,302,film-production,film-production,film production,false,,medium,Legacy WordPress tag archive can redirect to React search filtered by tag.,Film Production | WAKILISHA
/tag/film/,/search?tag=film,302,film,film,film,false,,medium,Legacy WordPress tag archive can redirect to React search filtered by tag.,Film | WAKILISHA
/tag/flea-market/,/search?tag=flea%20market,302,flea-market,flea-market,flea market,false,,medium,Legacy WordPress tag archive can redirect to React search filtered by tag.,Flea Market | WAKILISHA
/tag/flexfab/,/search?tag=flexfab,302,flexfab,flexfab,flexfab,false,,medium,Legacy WordPress tag archive can redirect to React search filtered by tag.,FlexFab | WAKILISHA
/tag/flier/,/search?tag=flier,302,flier,flier,flier,false,,medium,Legacy WordPress tag archive can redirect to React search filtered by tag.,Flier | WAKILISHA
/tag/flossin-mauwano/,/search?tag=flossin%20mauwano,302,flossin-mauwano,flossin-mauwano,flossin mauwano,false,,medium,Legacy WordPress tag archive can redirect to React search filtered by tag.,Flossin Mauwano | WAKILISHA
/tag/folk-music/,/search?tag=folk%20music,302,folk-music,folk-music,folk music,false,,medium,Legacy WordPress tag archive can redirect to React search filtered by tag.,Folk Music | WAKILISHA
/tag/food/,/search?tag=food,302,food,food,food,false,,medium,Legacy WordPress tag archive can redirect to React search filtered by tag.,Food | WAKILISHA
/tag/fort-jesus/,/search?tag=fort%20jesus,302,fort-jesus,fort-jesus,fort jesus,false,,medium,Legacy WordPress tag archive can redirect to React search filtered by tag.,Fort Jesus | WAKILISHA
/tag/francis-d-imbuga/,/search?tag=francis%20d%20imbuga,302,francis-d-imbuga,francis-d-imbuga,francis d imbuga,false,,medium,Legacy WordPress tag archive can redirect to React search filtered by tag.,Francis D. Imbuga | WAKILISHA
/tag/francis-thompson/,/search?tag=francis%20thompson,302,francis-thompson,francis-thompson,francis thompson,false,,medium,Legacy WordPress tag archive can redirect to React search filtered by tag.,Francis Thompson | WAKILISHA
/tag/fred-hirschy/,/search?tag=fred%20hirschy,302,fred-hirschy,fred-hirschy,fred hirschy,false,,medium,Legacy WordPress tag archive can redirect to React search filtered by tag.,Fred Hirschy | WAKILISHA
/tag/freddie-gibbs/,/search?tag=freddie%20gibbs,302,freddie-gibbs,freddie-gibbs,freddie gibbs,false,,medium,Legacy WordPress tag archive can redirect to React search filtered by tag.,Freddie Gibbs | WAKILISHA
/tag/freddie-wangombe/,/search?tag=freddie%20wangombe,302,freddie-wangombe,freddie-wangombe,freddie wangombe,false,,medium,Legacy WordPress tag archive can redirect to React search filtered by tag.,Freddie Wang&#039;ombe | WAKILISHA
/tag/friendship/,/search?tag=friendship,302,friendship,friendship,friendship,false,,medium,Legacy WordPress tag archive can redirect to React search filtered by tag.,Friendship | WAKILISHA
/tag/fundamental-attribution-error/,/search?tag=fundamental%20attribution%20error,302,fundamental-attribution-error,fundamental-attribution-error,fundamental attribution error,false,,medium,Legacy WordPress tag archive can redirect to React search filtered by tag.,Fundamental Attribution Error | WAKILISHA
/tag/geco-tribe-cafe/,/search?tag=geco%20tribe%20cafe,302,geco-tribe-cafe,geco-tribe-cafe,geco tribe cafe,false,,medium,Legacy WordPress tag archive can redirect to React search filtered by tag.,Geco Tribe Café | WAKILISHA
/tag/gen-z/,/search?tag=gen%20z,302,gen-z,gen-z,gen z,false,,medium,Legacy WordPress tag archive can redirect to React search filtered by tag.,Gen-Z | WAKILISHA
/tag/genes1s/,/search?tag=genes1s,302,genes1s,genes1s,genes1s,false,,medium,Legacy WordPress tag archive can redirect to React search filtered by tag.,Genes1s | WAKILISHA
/tag/gengetone/,/search?tag=gengetone,302,gengetone,gengetone,gengetone,false,,medium,Legacy WordPress tag archive can redirect to React search filtered by tag.,Gengetone | WAKILISHA
/tag/george-luchiri-wajackoyah/,/search?tag=george%20luchiri%20wajackoyah,302,george-luchiri-wajackoyah,george-luchiri-wajackoyah,george luchiri wajackoyah,false,,medium,Legacy WordPress tag archive can redirect to React search filtered by tag.,George Luchiri Wajackoyah | WAKILISHA
/tag/ghetto-pimps-crew/,/search?tag=ghetto%20pimps%20crew,302,ghetto-pimps-crew,ghetto-pimps-crew,ghetto pimps crew,false,,medium,Legacy WordPress tag archive can redirect to React search filtered by tag.,Ghetto Pimps Crew | WAKILISHA
/tag/gidi-gidi/,/search?tag=gidi%20gidi,302,gidi-gidi,gidi-gidi,gidi gidi,false,,medium,Legacy WordPress tag archive can redirect to React search filtered by tag.,Gidi Gidi | WAKILISHA
/tag/goethe-institut-nairobi/,/search?tag=goethe%20institut%20nairobi,302,goethe-institut-nairobi,goethe-institut-nairobi,goethe institut nairobi,false,,medium,Legacy WordPress tag archive can redirect to React search filtered by tag.,Goethe-Institut Nairobi | WAKILISHA
/tag/gondwana/,/search?tag=gondwana,302,gondwana,gondwana,gondwana,false,,medium,Legacy WordPress tag archive can redirect to React search filtered by tag.,Gondwana | WAKILISHA
/tag/goodluck-gozbert/,/search?tag=goodluck%20gozbert,302,goodluck-gozbert,goodluck-gozbert,goodluck gozbert,false,,medium,Legacy WordPress tag archive can redirect to React search filtered by tag.,Goodluck Gozbert | WAKILISHA
/tag/gordon-moore/,/search?tag=gordon%20moore,302,gordon-moore,gordon-moore,gordon moore,false,,medium,Legacy WordPress tag archive can redirect to React search filtered by tag.,Gordon Moore | WAKILISHA
/tag/grace-ogot/,/search?tag=grace%20ogot,302,grace-ogot,grace-ogot,grace ogot,false,,medium,Legacy WordPress tag archive can redirect to React search filtered by tag.,Grace Ogot | WAKILISHA
/tag/graffiti-girls-kenya/,/search?tag=graffiti%20girls%20kenya,302,graffiti-girls-kenya,graffiti-girls-kenya,graffiti girls kenya,false,,medium,Legacy WordPress tag archive can redirect to React search filtered by tag.,Graffiti Girls Kenya | WAKILISHA
/tag/graffiti/,/search?tag=graffiti,302,graffiti,graffiti,graffiti,false,,medium,Legacy WordPress tag archive can redirect to React search filtered by tag.,Graffiti | WAKILISHA
/tag/gray/,/search?tag=gray,302,gray,gray,gray,false,,medium,Legacy WordPress tag archive can redirect to React search filtered by tag.,Gray | WAKILISHA
/tag/green-living/,/search?tag=green%20living,302,green-living,green-living,green living,false,,medium,Legacy WordPress tag archive can redirect to React search filtered by tag.,Green Living | WAKILISHA
/tag/green/,/search?tag=green,302,green,green,green,false,,medium,Legacy WordPress tag archive can redirect to React search filtered by tag.,Green | WAKILISHA
/tag/grief/,/search?tag=grief,302,grief,grief,grief,false,,medium,Legacy WordPress tag archive can redirect to React search filtered by tag.,Grief | WAKILISHA
/tag/gta/,/search?tag=gta,302,gta,gta,gta,false,,medium,Legacy WordPress tag archive can redirect to React search filtered by tag.,GTA | WAKILISHA
/tag/guapanessse/,/search?tag=guapanessse,302,guapanessse,guapanessse,guapanessse,false,,medium,Legacy WordPress tag archive can redirect to React search filtered by tag.,Guapanessse | WAKILISHA
/tag/gufy/,/search?tag=gufy,302,gufy,gufy,gufy,false,,medium,Legacy WordPress tag archive can redirect to React search filtered by tag.,Gufy | WAKILISHA
/tag/gwaash/,/search?tag=gwaash,302,gwaash,gwaash,gwaash,false,,medium,Legacy WordPress tag archive can redirect to React search filtered by tag.,Gwaash | WAKILISHA
/tag/h_art-the-band/,/search?tag=h_art%20the%20band,302,h_art-the-band,h_art-the-band,h_art the band,false,,medium,Legacy WordPress tag archive can redirect to React search filtered by tag.,H_art The Band | WAKILISHA
/tag/habits/,/search?tag=habits,302,habits,habits,habits,false,,medium,Legacy WordPress tag archive can redirect to React search filtered by tag.,Habits | WAKILISHA
/tag/harmonize/,/search?tag=harmonize,302,harmonize,harmonize,harmonize,false,,medium,Legacy WordPress tag archive can redirect to React search filtered by tag.,Harmonize | WAKILISHA
/tag/harry-craze/,/search?tag=harry%20craze,302,harry-craze,harry-craze,harry craze,false,,medium,Legacy WordPress tag archive can redirect to React search filtered by tag.,Harry Craze | WAKILISHA
/tag/health/,/search?tag=health,302,health,health,health,false,,medium,Legacy WordPress tag archive can redirect to React search filtered by tag.,Health | WAKILISHA
/tag/heavy-cane/,/search?tag=heavy%20cane,302,heavy-cane,heavy-cane,heavy cane,false,,medium,Legacy WordPress tag archive can redirect to React search filtered by tag.,Heavy Cane | WAKILISHA
/tag/hells-gate-national-park/,/search?tag=hells%20gate%20national%20park,302,hells-gate-national-park,hells-gate-national-park,hells gate national park,false,,medium,Legacy WordPress tag archive can redirect to React search filtered by tag.,Hell&#039;s Gate National Park | WAKILISHA
/tag/hendrick-sam/,/search?tag=hendrick%20sam,302,hendrick-sam,hendrick-sam,hendrick sam,false,,medium,Legacy WordPress tag archive can redirect to React search filtered by tag.,Hendrick Sam | WAKILISHA
/tag/hihi/,/search?tag=hihi,302,hihi,hihi,hihi,false,,medium,Legacy WordPress tag archive can redirect to React search filtered by tag.,Hihi | WAKILISHA
/tag/hip-hop/,/search?tag=hip%20hop,302,hip-hop,hip-hop,hip hop,false,,medium,Legacy WordPress tag archive can redirect to React search filtered by tag.,Hip Hop | WAKILISHA
/tag/history/,/search?tag=history,302,history,history,history,false,,medium,Legacy WordPress tag archive can redirect to React search filtered by tag.,History | WAKILISHA
/tag/hornsphere/,/search?tag=hornsphere,302,hornsphere,hornsphere,hornsphere,false,,medium,Legacy WordPress tag archive can redirect to React search filtered by tag.,Hornsphere | WAKILISHA
/tag/humanism/,/search?tag=humanism,302,humanism,humanism,humanism,false,,medium,Legacy WordPress tag archive can redirect to React search filtered by tag.,Humanism | WAKILISHA
/tag/humanities/,/search?tag=humanities,302,humanities,humanities,humanities,false,,medium,Legacy WordPress tag archive can redirect to React search filtered by tag.,Humanities | WAKILISHA
/tag/hyrax-hill-museum/,/search?tag=hyrax%20hill%20museum,302,hyrax-hill-museum,hyrax-hill-museum,hyrax hill museum,false,,medium,Legacy WordPress tag archive can redirect to React search filtered by tag.,Hyrax Hill Museum | WAKILISHA
/tag/idd-aziz/,/search?tag=idd%20aziz,302,idd-aziz,idd-aziz,idd aziz,false,,medium,Legacy WordPress tag archive can redirect to React search filtered by tag.,Idd Aziz | WAKILISHA
/tag/ideas/,/search?tag=ideas,302,ideas,ideas,ideas,false,,medium,Legacy WordPress tag archive can redirect to React search filtered by tag.,Ideas | WAKILISHA
/tag/idza-luhumyo/,/search?tag=idza%20luhumyo,302,idza-luhumyo,idza-luhumyo,idza luhumyo,false,,medium,Legacy WordPress tag archive can redirect to React search filtered by tag.,Idza Luhumyo | WAKILISHA
/tag/ignyte-awards/,/search?tag=ignyte%20awards,302,ignyte-awards,ignyte-awards,ignyte awards,false,,medium,Legacy WordPress tag archive can redirect to React search filtered by tag.,IGNYTE AWARDS | WAKILISHA
/tag/inclusive-design/,/search?tag=inclusive%20design,302,inclusive-design,inclusive-design,inclusive design,false,,medium,Legacy WordPress tag archive can redirect to React search filtered by tag.,Inclusive Design | WAKILISHA
/tag/influencers/,/search?tag=influencers,302,influencers,influencers,influencers,false,,medium,Legacy WordPress tag archive can redirect to React search filtered by tag.,Influencers | WAKILISHA
/tag/internet/,/search?tag=internet,302,internet,internet,internet,false,,medium,Legacy WordPress tag archive can redirect to React search filtered by tag.,Internet | WAKILISHA
/tag/iphoolish/,/search?tag=iphoolish,302,iphoolish,iphoolish,iphoolish,false,,medium,Legacy WordPress tag archive can redirect to React search filtered by tag.,Iphoolish | WAKILISHA
/tag/israel-onyach/,/search?tag=israel%20onyach,302,israel-onyach,israel-onyach,israel onyach,false,,medium,Legacy WordPress tag archive can redirect to React search filtered by tag.,Israel Onyach | WAKILISHA
/tag/issa-juma/,/search?tag=issa%20juma,302,issa-juma,issa-juma,issa juma,false,,medium,Legacy WordPress tag archive can redirect to React search filtered by tag.,Issa Juma | WAKILISHA
/tag/itanda-falls/,/search?tag=itanda%20falls,302,itanda-falls,itanda-falls,itanda falls,false,,medium,Legacy WordPress tag archive can redirect to React search filtered by tag.,Itanda Falls | WAKILISHA
/tag/itanda/,/search?tag=itanda,302,itanda,itanda,itanda,false,,medium,Legacy WordPress tag archive can redirect to React search filtered by tag.,Itanda | WAKILISHA
/tag/itsyaba/,/search?tag=itsyaba,302,itsyaba,itsyaba,itsyaba,false,,medium,Legacy WordPress tag archive can redirect to React search filtered by tag.,ItsYaba | WAKILISHA
/tag/ivy-lygue/,/search?tag=ivy%20lygue,302,ivy-lygue,ivy-lygue,ivy lygue,false,,medium,Legacy WordPress tag archive can redirect to React search filtered by tag.,Ivy Lygue | WAKILISHA
/tag/iyanah-kiragu/,/search?tag=iyanah%20kiragu,302,iyanah-kiragu,iyanah-kiragu,iyanah kiragu,false,,medium,Legacy WordPress tag archive can redirect to React search filtered by tag.,Iyanah Kiragu | WAKILISHA
/tag/iyanah/,/search?tag=iyanah,302,iyanah,iyanah,iyanah,false,,medium,Legacy WordPress tag archive can redirect to React search filtered by tag.,Iyanah | WAKILISHA
/tag/iyanii/,/search?tag=iyanii,302,iyanii,iyanii,iyanii,false,,medium,Legacy WordPress tag archive can redirect to React search filtered by tag.,Iyanii | WAKILISHA
/tag/jack-brown/,/search?tag=jack%20brown,302,jack-brown,jack-brown,jack brown,false,,medium,Legacy WordPress tag archive can redirect to React search filtered by tag.,Jack Brown | WAKILISHA
/tag/jacky-vike/,/search?tag=jacky%20vike,302,jacky-vike,jacky-vike,jacky vike,false,,medium,Legacy WordPress tag archive can redirect to React search filtered by tag.,Jacky Vike | WAKILISHA
/tag/jaguar/,/search?tag=jaguar,302,jaguar,jaguar,jaguar,false,,medium,Legacy WordPress tag archive can redirect to React search filtered by tag.,Jaguar | WAKILISHA
/tag/james-jozee/,/search?tag=james%20jozee,302,james-jozee,james-jozee,james jozee,false,,medium,Legacy WordPress tag archive can redirect to React search filtered by tag.,James Jozee | WAKILISHA
/tag/james-murumbi-gallery/,/search?tag=james%20murumbi%20gallery,302,james-murumbi-gallery,james-murumbi-gallery,james murumbi gallery,false,,medium,Legacy WordPress tag archive can redirect to React search filtered by tag.,James Murumbi Gallery | WAKILISHA
/tag/jameson-connects-kenya/,/search?tag=jameson%20connects%20kenya,302,jameson-connects-kenya,jameson-connects-kenya,jameson connects kenya,false,,medium,Legacy WordPress tag archive can redirect to React search filtered by tag.,Jameson Connects Kenya | WAKILISHA
/tag/jgip-events/,/search?tag=jgip%20events,302,jgip-events,jgip-events,jgip events,false,,medium,Legacy WordPress tag archive can redirect to React search filtered by tag.,JGIP Events | WAKILISHA
/tag/jim-chuchu/,/search?tag=jim%20chuchu,302,jim-chuchu,jim-chuchu,jim chuchu,false,,medium,Legacy WordPress tag archive can redirect to React search filtered by tag.,Jim Chuchu | WAKILISHA
/tag/jimmy-ogonga/,/search?tag=jimmy%20ogonga,302,jimmy-ogonga,jimmy-ogonga,jimmy ogonga,false,,medium,Legacy WordPress tag archive can redirect to React search filtered by tag.,Jimmy Ogonga | WAKILISHA
/tag/jimwat/,/search?tag=jimwat,302,jimwat,jimwat,jimwat,false,,medium,Legacy WordPress tag archive can redirect to React search filtered by tag.,Jimwat | WAKILISHA
/tag/jinja/,/search?tag=jinja,302,jinja,jinja,jinja,false,,medium,Legacy WordPress tag archive can redirect to React search filtered by tag.,Jinja | WAKILISHA
/tag/joefes/,/search?tag=joefes,302,joefes,joefes,joefes,false,,medium,Legacy WordPress tag archive can redirect to React search filtered by tag.,Joefes | WAKILISHA
/tag/john-demathew/,/search?tag=john%20demathew,302,john-demathew,john-demathew,john demathew,false,,medium,Legacy WordPress tag archive can redirect to React search filtered by tag.,John De&#039;Mathew | WAKILISHA
/tag/john-michuki-park/,/search?tag=john%20michuki%20park,302,john-michuki-park,john-michuki-park,john michuki park,false,,medium,Legacy WordPress tag archive can redirect to React search filtered by tag.,John Michuki Park | WAKILISHA
/tag/john-ndichu/,/search?tag=john%20ndichu,302,john-ndichu,john-ndichu,john ndichu,false,,medium,Legacy WordPress tag archive can redirect to React search filtered by tag.,John Ndichu | WAKILISHA
/tag/joseph-kamaru/,/search?tag=joseph%20kamaru,302,joseph-kamaru,joseph-kamaru,joseph kamaru,false,,medium,Legacy WordPress tag archive can redirect to React search filtered by tag.,Joseph Kamaru | WAKILISHA
/tag/joseph-mbatia-bertiers/,/search?tag=joseph%20mbatia%20bertiers,302,joseph-mbatia-bertiers,joseph-mbatia-bertiers,joseph mbatia bertiers,false,,medium,Legacy WordPress tag archive can redirect to React search filtered by tag.,Joseph Mbatia Bertiers | WAKILISHA
/tag/joshua-baraka/,/search?tag=joshua%20baraka,302,joshua-baraka,joshua-baraka,joshua baraka,false,,medium,Legacy WordPress tag archive can redirect to React search filtered by tag.,Joshua Baraka | WAKILISHA
/tag/jovial/,/search?tag=jovial,302,jovial,jovial,jovial,false,,medium,Legacy WordPress tag archive can redirect to React search filtered by tag.,Jovial | WAKILISHA
/tag/joy-ocholla/,/search?tag=joy%20ocholla,302,joy-ocholla,joy-ocholla,joy ocholla,false,,medium,Legacy WordPress tag archive can redirect to React search filtered by tag.,Joy Ocholla | WAKILISHA
/tag/jua-cali/,/search?tag=jua%20cali,302,jua-cali,jua-cali,jua cali,false,,medium,Legacy WordPress tag archive can redirect to React search filtered by tag.,Jua Cali | WAKILISHA
/tag/juliani/,/search?tag=juliani,302,juliani,juliani,juliani,false,,medium,Legacy WordPress tag archive can redirect to React search filtered by tag.,Juliani | WAKILISHA
/tag/june-gachui/,/search?tag=june%20gachui,302,june-gachui,june-gachui,june gachui,false,,medium,Legacy WordPress tag archive can redirect to React search filtered by tag.,June Gachui | WAKILISHA
/tag/just-a-band/,/search?tag=just%20a%20band,302,just-a-band,just-a-band,just a band,false,,medium,Legacy WordPress tag archive can redirect to React search filtered by tag.,Just A Band | WAKILISHA
/tag/justice-gully/,/search?tag=justice%20gully,302,justice-gully,justice-gully,justice gully,false,,medium,Legacy WordPress tag archive can redirect to React search filtered by tag.,Justice Gully | WAKILISHA
/tag/justice/,/search?tag=justice,302,justice,justice,justice,false,,medium,Legacy WordPress tag archive can redirect to React search filtered by tag.,Justice | WAKILISHA
/tag/jux/,/search?tag=jux,302,jux,jux,jux,false,,medium,Legacy WordPress tag archive can redirect to React search filtered by tag.,Jux | WAKILISHA
/tag/k4kanali/,/search?tag=k4kanali,302,k4kanali,k4kanali,k4kanali,false,,medium,Legacy WordPress tag archive can redirect to React search filtered by tag.,K4Kanali | WAKILISHA
/tag/kaa-la-moto/,/search?tag=kaa%20la%20moto,302,kaa-la-moto,kaa-la-moto,kaa la moto,false,,medium,Legacy WordPress tag archive can redirect to React search filtered by tag.,Kaa La Moto | WAKILISHA
/tag/kabage-karanja/,/search?tag=kabage%20karanja,302,kabage-karanja,kabage-karanja,kabage karanja,false,,medium,Legacy WordPress tag archive can redirect to React search filtered by tag.,Kabage Karanja | WAKILISHA
/tag/kagwe-mungai/,/search?tag=kagwe%20mungai,302,kagwe-mungai,kagwe-mungai,kagwe mungai,false,,medium,Legacy WordPress tag archive can redirect to React search filtered by tag.,Kagwe Mungai | WAKILISHA
/tag/kalamashaka/,/search?tag=kalamashaka,302,kalamashaka,kalamashaka,kalamashaka,false,,medium,Legacy WordPress tag archive can redirect to React search filtered by tag.,Kalamashaka | WAKILISHA
/tag/kaloki-nyamai/,/search?tag=kaloki%20nyamai,302,kaloki-nyamai,kaloki-nyamai,kaloki nyamai,false,,medium,Legacy WordPress tag archive can redirect to React search filtered by tag.,Kaloki Nyamai | WAKILISHA
/tag/kamaa-kalamashaka/,/search?tag=kamaa%20kalamashaka,302,kamaa-kalamashaka,kamaa-kalamashaka,kamaa kalamashaka,false,,medium,Legacy WordPress tag archive can redirect to React search filtered by tag.,Kamaa Kalamashaka | WAKILISHA
/tag/kamande-wa-kioi/,/search?tag=kamande%20wa%20kioi,302,kamande-wa-kioi,kamande-wa-kioi,kamande wa kioi,false,,medium,Legacy WordPress tag archive can redirect to React search filtered by tag.,Kamande Wa Kioi | WAKILISHA
/tag/kambua/,/search?tag=kambua,302,kambua,kambua,kambua,false,,medium,Legacy WordPress tag archive can redirect to React search filtered by tag.,Kambua | WAKILISHA
/tag/kanairo/,/search?tag=kanairo,302,kanairo,kanairo,kanairo,false,,medium,Legacy WordPress tag archive can redirect to React search filtered by tag.,Kanairo | WAKILISHA
/tag/karen-blixen-museum/,/search?tag=karen%20blixen%20museum,302,karen-blixen-museum,karen-blixen-museum,karen blixen museum,false,,medium,Legacy WordPress tag archive can redirect to React search filtered by tag.,Karen Blixen Museum | WAKILISHA
/tag/karen-village/,/search?tag=karen%20village,302,karen-village,karen-village,karen village,false,,medium,Legacy WordPress tag archive can redirect to React search filtered by tag.,Karen Village | WAKILISHA
/tag/karun/,/search?tag=karun,302,karun,karun,karun,false,,medium,Legacy WordPress tag archive can redirect to React search filtered by tag.,Karun | WAKILISHA
/tag/karura-forest/,/search?tag=karura%20forest,302,karura-forest,karura-forest,karura forest,false,,medium,Legacy WordPress tag archive can redirect to React search filtered by tag.,Karura Forest | WAKILISHA
/tag/kasarani-laureate-gardens/,/search?tag=kasarani%20laureate%20gardens,302,kasarani-laureate-gardens,kasarani-laureate-gardens,kasarani laureate gardens,false,,medium,Legacy WordPress tag archive can redirect to React search filtered by tag.,Kasarani Laureate Gardens | WAKILISHA
/tag/kasha/,/search?tag=kasha,302,kasha,kasha,kasha,false,,medium,Legacy WordPress tag archive can redirect to React search filtered by tag.,Kasha | WAKILISHA
/tag/katapilla/,/search?tag=katapilla,302,katapilla,katapilla,katapilla,false,,medium,Legacy WordPress tag archive can redirect to React search filtered by tag.,Katapilla | WAKILISHA
/tag/kc-kangiri/,/search?tag=kc%20kangiri,302,kc-kangiri,kc-kangiri,kc kangiri,false,,medium,Legacy WordPress tag archive can redirect to React search filtered by tag.,Kc Kangiri | WAKILISHA
/tag/keemlyf/,/search?tag=keemlyf,302,keemlyf,keemlyf,keemlyf,false,,medium,Legacy WordPress tag archive can redirect to React search filtered by tag.,Keemlyf | WAKILISHA
/tag/kemboste/,/search?tag=kemboste,302,kemboste,kemboste,kemboste,false,,medium,Legacy WordPress tag archive can redirect to React search filtered by tag.,Kemboste | WAKILISHA
/tag/kendrick-lamar/,/search?tag=kendrick%20lamar,302,kendrick-lamar,kendrick-lamar,kendrick lamar,false,,medium,Legacy WordPress tag archive can redirect to React search filtered by tag.,Kendrick Lamar | WAKILISHA
/tag/kenrazy/,/search?tag=kenrazy,302,kenrazy,kenrazy,kenrazy,false,,medium,Legacy WordPress tag archive can redirect to React search filtered by tag.,Kenrazy | WAKILISHA
/tag/kenya-african-national-union-kanu/,/search?tag=kenya%20african%20national%20union%20kanu,302,kenya-african-national-union-kanu,kenya-african-national-union-kanu,kenya african national union kanu,false,,medium,Legacy WordPress tag archive can redirect to React search filtered by tag.,Kenya African National Union (KANU) | WAKILISHA
/tag/kenya-copyright-act/,/search?tag=kenya%20copyright%20act,302,kenya-copyright-act,kenya-copyright-act,kenya copyright act,false,,medium,Legacy WordPress tag archive can redirect to React search filtered by tag.,Kenya Copyright Act | WAKILISHA
/tag/kenya-copyright-board-kecobo/,/search?tag=kenya%20copyright%20board%20kecobo,302,kenya-copyright-board-kecobo,kenya-copyright-board-kecobo,kenya copyright board kecobo,false,,medium,Legacy WordPress tag archive can redirect to React search filtered by tag.,Kenya Copyright Board (KECOBO) | WAKILISHA
/tag/kenya-cultural-centre/,/search?tag=kenya%20cultural%20centre,302,kenya-cultural-centre,kenya-cultural-centre,kenya cultural centre,false,,medium,Legacy WordPress tag archive can redirect to React search filtered by tag.,Kenya Cultural Centre | WAKILISHA
/tag/kenya-museum-society/,/search?tag=kenya%20museum%20society,302,kenya-museum-society,kenya-museum-society,kenya museum society,false,,medium,Legacy WordPress tag archive can redirect to React search filtered by tag.,Kenya Museum Society | WAKILISHA
/tag/kenya-national-theatre/,/search?tag=kenya%20national%20theatre,302,kenya-national-theatre,kenya-national-theatre,kenya national theatre,false,,medium,Legacy WordPress tag archive can redirect to React search filtered by tag.,Kenya National Theatre | WAKILISHA
/tag/kenya-space-agency/,/search?tag=kenya%20space%20agency,302,kenya-space-agency,kenya-space-agency,kenya space agency,false,,medium,Legacy WordPress tag archive can redirect to React search filtered by tag.,Kenya Space Agency | WAKILISHA
/tag/kenya-wildlife-service/,/search?tag=kenya%20wildlife%20service,302,kenya-wildlife-service,kenya-wildlife-service,kenya wildlife service,false,,medium,Legacy WordPress tag archive can redirect to React search filtered by tag.,Kenya Wildlife Service | WAKILISHA
/tag/kenya/,/search?tag=kenya,302,kenya,kenya,kenya,false,,medium,Legacy WordPress tag archive can redirect to React search filtered by tag.,Kenya | WAKILISHA
/tag/kerosh/,/search?tag=kerosh,302,kerosh,kerosh,kerosh,false,,medium,Legacy WordPress tag archive can redirect to React search filtered by tag.,Kerosh | WAKILISHA
/tag/kethan/,/search?tag=kethan,302,kethan,kethan,kethan,false,,medium,Legacy WordPress tag archive can redirect to React search filtered by tag.,Kethan | WAKILISHA
/tag/khaddija-abdalla-bajaber/,/search?tag=khaddija%20abdalla%20bajaber,302,khaddija-abdalla-bajaber,khaddija-abdalla-bajaber,khaddija abdalla bajaber,false,,medium,Legacy WordPress tag archive can redirect to React search filtered by tag.,Khaddija Abdalla Bajaber | WAKILISHA
/tag/khadija-abdalla-bajaber/,/search?tag=khadija%20abdalla%20bajaber,302,khadija-abdalla-bajaber,khadija-abdalla-bajaber,khadija abdalla bajaber,false,,medium,Legacy WordPress tag archive can redirect to React search filtered by tag.,Khadija Abdalla Bajaber | WAKILISHA
/tag/khadija-abdalla-bjaber/,/search?tag=khadija%20abdalla%20bjaber,302,khadija-abdalla-bjaber,khadija-abdalla-bjaber,khadija abdalla bjaber,false,,medium,Legacy WordPress tag archive can redirect to React search filtered by tag.,Khadija Abdalla Bjaber | WAKILISHA
/tag/khali-cartel/,/search?tag=khali%20cartel,302,khali-cartel,khali-cartel,khali cartel,false,,medium,Legacy WordPress tag archive can redirect to React search filtered by tag.,Khali Cartel | WAKILISHA
/tag/khaligraph-jones/,/search?tag=khaligraph%20jones,302,khaligraph-jones,khaligraph-jones,khaligraph jones,false,,medium,Legacy WordPress tag archive can redirect to React search filtered by tag.,Khaligraph Jones | WAKILISHA
/tag/khaligraph-jones/page/2/,/search?tag=khaligraph%20jones,302,khaligraph-jones,khaligraph-jones,khaligraph jones,true,2,medium,Paginated WordPress tag archive should collapse to canonical tag search during cutover.,Khaligraph Jones | WAKILISHA
/tag/kibera/,/search?tag=kibera,302,kibera,kibera,kibera,false,,medium,Legacy WordPress tag archive can redirect to React search filtered by tag.,Kibera | WAKILISHA
/tag/kid-kora/,/search?tag=kid%20kora,302,kid-kora,kid-kora,kid kora,false,,medium,Legacy WordPress tag archive can redirect to React search filtered by tag.,Kid Kora | WAKILISHA
/tag/kigooco/,/search?tag=kigooco,302,kigooco,kigooco,kigooco,false,,medium,Legacy WordPress tag archive can redirect to React search filtered by tag.,Kigooco | WAKILISHA
/tag/kikuyu-music/,/search?tag=kikuyu%20music,302,kikuyu-music,kikuyu-music,kikuyu music,false,,medium,Legacy WordPress tag archive can redirect to React search filtered by tag.,Kikuyu Music | WAKILISHA
/tag/kina/,/search?tag=kina,302,kina,kina,kina,false,,medium,Legacy WordPress tag archive can redirect to React search filtered by tag.,Kina | WAKILISHA
/tag/king-david/,/search?tag=king%20david,302,king-david,king-david,king david,false,,medium,Legacy WordPress tag archive can redirect to React search filtered by tag.,King David | WAKILISHA
/tag/king-kaka/,/search?tag=king%20kaka,302,king-kaka,king-kaka,king kaka,false,,medium,Legacy WordPress tag archive can redirect to React search filtered by tag.,King Kaka | WAKILISHA
/tag/king-kerby/,/search?tag=king%20kerby,302,king-kerby,king-kerby,king kerby,false,,medium,Legacy WordPress tag archive can redirect to React search filtered by tag.,King Kerby | WAKILISHA
/tag/kingpheezle/,/search?tag=kingpheezle,302,kingpheezle,kingpheezle,kingpheezle,false,,medium,Legacy WordPress tag archive can redirect to React search filtered by tag.,Kingpheezle | WAKILISHA
/tag/kinoti/,/search?tag=kinoti,302,kinoti,kinoti,kinoti,false,,medium,Legacy WordPress tag archive can redirect to React search filtered by tag.,Kinoti | WAKILISHA
/tag/kitu-sewer/,/search?tag=kitu%20sewer,302,kitu-sewer,kitu-sewer,kitu sewer,false,,medium,Legacy WordPress tag archive can redirect to React search filtered by tag.,Kitu Sewer | WAKILISHA
/tag/kizazi-moto/,/search?tag=kizazi%20moto,302,kizazi-moto,kizazi-moto,kizazi moto,false,,medium,Legacy WordPress tag archive can redirect to React search filtered by tag.,Kizazi Moto | WAKILISHA
/tag/kleptomaniax/,/search?tag=kleptomaniax,302,kleptomaniax,kleptomaniax,kleptomaniax,false,,medium,Legacy WordPress tag archive can redirect to React search filtered by tag.,Kleptomaniax | WAKILISHA
/tag/koda/,/search?tag=koda,302,koda,koda,koda,false,,medium,Legacy WordPress tag archive can redirect to React search filtered by tag.,Koda | WAKILISHA
/tag/kodongklan/,/search?tag=kodongklan,302,kodongklan,kodongklan,kodongklan,false,,medium,Legacy WordPress tag archive can redirect to React search filtered by tag.,KODONGKLAN | WAKILISHA
/tag/krg-the-don/,/search?tag=krg%20the%20don,302,krg-the-don,krg-the-don,krg the don,false,,medium,Legacy WordPress tag archive can redirect to React search filtered by tag.,Krg the Don | WAKILISHA
/tag/kristoff/,/search?tag=kristoff,302,kristoff,kristoff,kristoff,false,,medium,Legacy WordPress tag archive can redirect to React search filtered by tag.,Kristoff | WAKILISHA
/tag/kuky/,/search?tag=kuky,302,kuky,kuky,kuky,false,,medium,Legacy WordPress tag archive can redirect to React search filtered by tag.,Kuky | WAKILISHA
/tag/kunye/,/search?tag=kunye,302,kunye,kunye,kunye,false,,medium,Legacy WordPress tag archive can redirect to React search filtered by tag.,Kunye | WAKILISHA
/tag/kushman/,/search?tag=kushman,302,kushman,kushman,kushman,false,,medium,Legacy WordPress tag archive can redirect to React search filtered by tag.,Kushman | WAKILISHA
/tag/l-a-rochelle/,/search?tag=l%20a%20rochelle,302,l-a-rochelle,l-a-rochelle,l a rochelle,false,,medium,Legacy WordPress tag archive can redirect to React search filtered by tag.,L.A. Rochelle | WAKILISHA
/tag/l3gs/,/search?tag=l3gs,302,l3gs,l3gs,l3gs,false,,medium,Legacy WordPress tag archive can redirect to React search filtered by tag.,L3GS | WAKILISHA
/tag/la-biennale-di-venezia/,/search?tag=la%20biennale%20di%20venezia,302,la-biennale-di-venezia,la-biennale-di-venezia,la biennale di venezia,false,,medium,Legacy WordPress tag archive can redirect to React search filtered by tag.,La Biennale Di Venezia | WAKILISHA
/tag/labor-of-love/,/search?tag=labor%20of%20love,302,labor-of-love,labor-of-love,labor of love,false,,medium,Legacy WordPress tag archive can redirect to React search filtered by tag.,Labor of Love | WAKILISHA
/tag/landmarks/,/search?tag=landmarks,302,landmarks,landmarks,landmarks,false,,medium,Legacy WordPress tag archive can redirect to React search filtered by tag.,Landmarks | WAKILISHA
/tag/language/,/search?tag=language,302,language,language,language,false,,medium,Legacy WordPress tag archive can redirect to React search filtered by tag.,Language | WAKILISHA
/tag/laroz/,/search?tag=laroz,302,laroz,laroz,laroz,false,,medium,Legacy WordPress tag archive can redirect to React search filtered by tag.,Laroz | WAKILISHA
/tag/lavosti/,/search?tag=lavosti,302,lavosti,lavosti,lavosti,false,,medium,Legacy WordPress tag archive can redirect to React search filtered by tag.,Lavosti | WAKILISHA
/tag/le-guin-prize/,/search?tag=le%20guin%20prize,302,le-guin-prize,le-guin-prize,le guin prize,false,,medium,Legacy WordPress tag archive can redirect to React search filtered by tag.,Le Guin Prize | WAKILISHA
/tag/leilah-babirye/,/search?tag=leilah%20babirye,302,leilah-babirye,leilah-babirye,leilah babirye,false,,medium,Legacy WordPress tag archive can redirect to React search filtered by tag.,Leilah Babirye | WAKILISHA
/tag/leo-tolstoy/,/search?tag=leo%20tolstoy,302,leo-tolstoy,leo-tolstoy,leo tolstoy,false,,medium,Legacy WordPress tag archive can redirect to React search filtered by tag.,Leo Tolstoy | WAKILISHA
/tag/let-me-you/,/search?tag=let%20me%20you,302,let-me-you,let-me-you,let me you,false,,medium,Legacy WordPress tag archive can redirect to React search filtered by tag.,let me you | WAKILISHA
/tag/lil-maina/,/search?tag=lil%20maina,302,lil-maina,lil-maina,lil maina,false,,medium,Legacy WordPress tag archive can redirect to React search filtered by tag.,Lil Maina | WAKILISHA
/tag/lilmaina/,/search?tag=lilmaina,302,lilmaina,lilmaina,lilmaina,false,,medium,Legacy WordPress tag archive can redirect to React search filtered by tag.,Lilmaina | WAKILISHA
/tag/linda-musita/,/search?tag=linda%20musita,302,linda-musita,linda-musita,linda musita,false,,medium,Legacy WordPress tag archive can redirect to React search filtered by tag.,Linda Musita | WAKILISHA
/tag/linsanity/,/search?tag=linsanity,302,linsanity,linsanity,linsanity,false,,medium,Legacy WordPress tag archive can redirect to React search filtered by tag.,Linsanity | WAKILISHA
/tag/lisa-oduor-noah/,/search?tag=lisa%20oduor%20noah,302,lisa-oduor-noah,lisa-oduor-noah,lisa oduor noah,false,,medium,Legacy WordPress tag archive can redirect to React search filtered by tag.,Lisa Oduor-Noah | WAKILISHA
/tag/live-nation/,/search?tag=live%20nation,302,live-nation,live-nation,live nation,false,,medium,Legacy WordPress tag archive can redirect to React search filtered by tag.,Live Nation | WAKILISHA
/tag/logan-roy/,/search?tag=logan%20roy,302,logan-roy,logan-roy,logan roy,false,,medium,Legacy WordPress tag archive can redirect to React search filtered by tag.,Logan Roy | WAKILISHA
/tag/love-letters-3/,/search?tag=love%20letters%203,302,love-letters-3,love-letters-3,love letters 3,false,,medium,Legacy WordPress tag archive can redirect to React search filtered by tag.,Love Letters 3 | WAKILISHA
/tag/love/,/search?tag=love,302,love,love,love,false,,medium,Legacy WordPress tag archive can redirect to React search filtered by tag.,Love | WAKILISHA
/tag/lufasa/,/search?tag=lufasa,302,lufasa,lufasa,lufasa,false,,medium,Legacy WordPress tag archive can redirect to React search filtered by tag.,Lufasa | WAKILISHA
/tag/lupita-nyongo/,/search?tag=lupita%20nyongo,302,lupita-nyongo,lupita-nyongo,lupita nyongo,false,,medium,Legacy WordPress tag archive can redirect to React search filtered by tag.,Lupita Nyong&#039;o | WAKILISHA
/tag/lyvid-and-sofiya-nzau/,/search?tag=lyvid%20and%20sofiya%20nzau,302,lyvid-and-sofiya-nzau,lyvid-and-sofiya-nzau,lyvid and sofiya nzau,false,,medium,Legacy WordPress tag archive can redirect to React search filtered by tag.,Lyvid and Sofiya Nzau | WAKILISHA
/tag/lyvid-remix-by-misumena/,/search?tag=lyvid%20remix%20by%20misumena,302,lyvid-remix-by-misumena,lyvid-remix-by-misumena,lyvid remix by misumena,false,,medium,Legacy WordPress tag archive can redirect to React search filtered by tag.,Lyvid Remix by Misumena | WAKILISHA
/tag/maandy/,/search?tag=maandy,302,maandy,maandy,maandy,false,,medium,Legacy WordPress tag archive can redirect to React search filtered by tag.,Maandy | WAKILISHA
/tag/maasai-market/,/search?tag=maasai%20market,302,maasai-market,maasai-market,maasai market,false,,medium,Legacy WordPress tag archive can redirect to React search filtered by tag.,Maasai Market | WAKILISHA
/tag/maasai/,/search?tag=maasai,302,maasai,maasai,maasai,false,,medium,Legacy WordPress tag archive can redirect to React search filtered by tag.,Maasai | WAKILISHA
/tag/machine-learning/,/search?tag=machine%20learning,302,machine-learning,machine-learning,machine learning,false,,medium,Legacy WordPress tag archive can redirect to React search filtered by tag.,Machine Learning | WAKILISHA
/tag/macondo-lit-festival/,/search?tag=macondo%20lit%20festival,302,macondo-lit-festival,macondo-lit-festival,macondo lit festival,false,,medium,Legacy WordPress tag archive can redirect to React search filtered by tag.,Macondo Lit Festival | WAKILISHA
/tag/mad-g/,/search?tag=mad%20g,302,mad-g,mad-g,mad g,false,,medium,Legacy WordPress tag archive can redirect to React search filtered by tag.,Mad G | WAKILISHA
/tag/magdalene-odundo/,/search?tag=magdalene%20odundo,302,magdalene-odundo,magdalene-odundo,magdalene odundo,false,,medium,Legacy WordPress tag archive can redirect to React search filtered by tag.,Magdalene Odundo | WAKILISHA
/tag/mahalia/,/search?tag=mahalia,302,mahalia,mahalia,mahalia,false,,medium,Legacy WordPress tag archive can redirect to React search filtered by tag.,Mahalia | WAKILISHA
/tag/maina-murumba/,/search?tag=maina%20murumba,302,maina-murumba,maina-murumba,maina murumba,false,,medium,Legacy WordPress tag archive can redirect to React search filtered by tag.,Maina Murumba | WAKILISHA
/tag/maji-maji/,/search?tag=maji%20maji,302,maji-maji,maji-maji,maji maji,false,,medium,Legacy WordPress tag archive can redirect to React search filtered by tag.,Maji Maji | WAKILISHA
/tag/makena-onjerika/,/search?tag=makena%20onjerika,302,makena-onjerika,makena-onjerika,makena onjerika,false,,medium,Legacy WordPress tag archive can redirect to React search filtered by tag.,Makena Onjerika | WAKILISHA
/tag/mali/,/search?tag=mali,302,mali,mali,mali,false,,medium,Legacy WordPress tag archive can redirect to React search filtered by tag.,Mali | WAKILISHA
/tag/manzi-wa-kibera/,/search?tag=manzi%20wa%20kibera,302,manzi-wa-kibera,manzi-wa-kibera,manzi wa kibera,false,,medium,Legacy WordPress tag archive can redirect to React search filtered by tag.,Manzi wa Kibera | WAKILISHA
/tag/maovete/,/search?tag=maovete,302,maovete,maovete,maovete,false,,medium,Legacy WordPress tag archive can redirect to React search filtered by tag.,Maovete | WAKILISHA
/tag/mapenzi-baby/,/search?tag=mapenzi%20baby,302,mapenzi-baby,mapenzi-baby,mapenzi baby,false,,medium,Legacy WordPress tag archive can redirect to React search filtered by tag.,Mapenzi Baby | WAKILISHA
/tag/marijuana/,/search?tag=marijuana,302,marijuana,marijuana,marijuana,false,,medium,Legacy WordPress tag archive can redirect to React search filtered by tag.,Marijuana | WAKILISHA
/tag/marjorie-oludhe-macgoye/,/search?tag=marjorie%20oludhe%20macgoye,302,marjorie-oludhe-macgoye,marjorie-oludhe-macgoye,marjorie oludhe macgoye,false,,medium,Legacy WordPress tag archive can redirect to React search filtered by tag.,Marjorie Oludhe Macgoye | WAKILISHA
/tag/marketing/,/search?tag=marketing,302,marketing,marketing,marketing,false,,medium,Legacy WordPress tag archive can redirect to React search filtered by tag.,Marketing | WAKILISHA
/tag/marriage/,/search?tag=marriage,302,marriage,marriage,marriage,false,,medium,Legacy WordPress tag archive can redirect to React search filtered by tag.,Marriage | WAKILISHA
/tag/masauti/,/search?tag=masauti,302,masauti,masauti,masauti,false,,medium,Legacy WordPress tag archive can redirect to React search filtered by tag.,Masauti | WAKILISHA
/tag/mass-media/,/search?tag=mass%20media,302,mass-media,mass-media,mass media,false,,medium,Legacy WordPress tag archive can redirect to React search filtered by tag.,Mass Media | WAKILISHA
/tag/mastar-vk/,/search?tag=mastar%20vk,302,mastar-vk,mastar-vk,mastar vk,false,,medium,Legacy WordPress tag archive can redirect to React search filtered by tag.,Mastar VK | WAKILISHA
/tag/masterpiece-king/,/search?tag=masterpiece%20king,302,masterpiece-king,masterpiece-king,masterpiece king,false,,medium,Legacy WordPress tag archive can redirect to React search filtered by tag.,Masterpiece King | WAKILISHA
/tag/matara/,/search?tag=matara,302,matara,matara,matara,false,,medium,Legacy WordPress tag archive can redirect to React search filtered by tag.,Matara | WAKILISHA
/tag/matata/,/search?tag=matata,302,matata,matata,matata,false,,medium,Legacy WordPress tag archive can redirect to React search filtered by tag.,Matata | WAKILISHA
/tag/matatu-culture/,/search?tag=matatu%20culture,302,matatu-culture,matatu-culture,matatu culture,false,,medium,Legacy WordPress tag archive can redirect to React search filtered by tag.,Matatu Culture | WAKILISHA
/tag/matt-ngesa/,/search?tag=matt%20ngesa,302,matt-ngesa,matt-ngesa,matt ngesa,false,,medium,Legacy WordPress tag archive can redirect to React search filtered by tag.,Matt Ngesa | WAKILISHA
/tag/mau-from-nowhere/,/search?tag=mau%20from%20nowhere,302,mau-from-nowhere,mau-from-nowhere,mau from nowhere,false,,medium,Legacy WordPress tag archive can redirect to React search filtered by tag.,mau from nowhere | WAKILISHA
/tag/mau-mau/,/search?tag=mau%20mau,302,mau-mau,mau-mau,mau mau,false,,medium,Legacy WordPress tag archive can redirect to React search filtered by tag.,Mau Mau | WAKILISHA
/tag/mauru-unit/,/search?tag=mauru%20unit,302,mauru-unit,mauru-unit,mauru unit,false,,medium,Legacy WordPress tag archive can redirect to React search filtered by tag.,Mauru Unit | WAKILISHA
/tag/mavultures/,/search?tag=mavultures,302,mavultures,mavultures,mavultures,false,,medium,Legacy WordPress tag archive can redirect to React search filtered by tag.,Mavultures | WAKILISHA
/tag/maya-amolo/,/search?tag=maya%20amolo,302,maya-amolo,maya-amolo,maya amolo,false,,medium,Legacy WordPress tag archive can redirect to React search filtered by tag.,Maya Amolo | WAKILISHA
/tag/maybe-ii/,/search?tag=maybe%20ii,302,maybe-ii,maybe-ii,maybe ii,false,,medium,Legacy WordPress tag archive can redirect to React search filtered by tag.,Maybe II | WAKILISHA
/tag/mayonde/,/search?tag=mayonde,302,mayonde,mayonde,mayonde,false,,medium,Legacy WordPress tag archive can redirect to React search filtered by tag.,Mayonde | WAKILISHA
/tag/mbai-caves/,/search?tag=mbai%20caves,302,mbai-caves,mbai-caves,mbai caves,false,,medium,Legacy WordPress tag archive can redirect to React search filtered by tag.,Mbai Caves | WAKILISHA
/tag/mbira/,/search?tag=mbira,302,mbira,mbira,mbira,false,,medium,Legacy WordPress tag archive can redirect to React search filtered by tag.,Mbira | WAKILISHA
/tag/mbithi-masya/,/search?tag=mbithi%20masya,302,mbithi-masya,mbithi-masya,mbithi masya,false,,medium,Legacy WordPress tag archive can redirect to React search filtered by tag.,Mbithi Masya | WAKILISHA
/tag/mbithi/,/search?tag=mbithi,302,mbithi,mbithi,mbithi,false,,medium,Legacy WordPress tag archive can redirect to React search filtered by tag.,Mbithi | WAKILISHA
/tag/mbogi-genje/,/search?tag=mbogi%20genje,302,mbogi-genje,mbogi-genje,mbogi genje,false,,medium,Legacy WordPress tag archive can redirect to React search filtered by tag.,Mbogi Genje | WAKILISHA
/tag/mbuzi-gang/,/search?tag=mbuzi%20gang,302,mbuzi-gang,mbuzi-gang,mbuzi gang,false,,medium,Legacy WordPress tag archive can redirect to React search filtered by tag.,Mbuzi Gang | WAKILISHA
/tag/mc-sharon/,/search?tag=mc%20sharon,302,mc-sharon,mc-sharon,mc sharon,false,,medium,Legacy WordPress tag archive can redirect to React search filtered by tag.,MC Sharon | WAKILISHA
/tag/mcmillan-memorial-library/,/search?tag=mcmillan%20memorial%20library,302,mcmillan-memorial-library,mcmillan-memorial-library,mcmillan memorial library,false,,medium,Legacy WordPress tag archive can redirect to React search filtered by tag.,McMillan Memorial Library | WAKILISHA
/tag/mdundo/,/search?tag=mdundo,302,mdundo,mdundo,mdundo,false,,medium,Legacy WordPress tag archive can redirect to React search filtered by tag.,Mdundo | WAKILISHA
/tag/meja-mwangi/,/search?tag=meja%20mwangi,302,meja-mwangi,meja-mwangi,meja mwangi,false,,medium,Legacy WordPress tag archive can redirect to React search filtered by tag.,Meja Mwangi | WAKILISHA
/tag/mejja/,/search?tag=mejja,302,mejja,mejja,mejja,false,,medium,Legacy WordPress tag archive can redirect to React search filtered by tag.,Mejja | WAKILISHA
/tag/melodica-music-store/,/search?tag=melodica%20music%20store,302,melodica-music-store,melodica-music-store,melodica music store,false,,medium,Legacy WordPress tag archive can redirect to React search filtered by tag.,Melodica Music Store | WAKILISHA
/tag/mental-health/,/search?tag=mental%20health,302,mental-health,mental-health,mental health,false,,medium,Legacy WordPress tag archive can redirect to React search filtered by tag.,Mental Health | WAKILISHA
/tag/mercy-munyanya/,/search?tag=mercy%20munyanya,302,mercy-munyanya,mercy-munyanya,mercy munyanya,false,,medium,Legacy WordPress tag archive can redirect to React search filtered by tag.,Mercy Munyanya | WAKILISHA
/tag/mex-cortez/,/search?tag=mex%20cortez,302,mex-cortez,mex-cortez,mex cortez,false,,medium,Legacy WordPress tag archive can redirect to React search filtered by tag.,Mex Cortez | WAKILISHA
/tag/mic-cheque/,/search?tag=mic%20cheque,302,mic-cheque,mic-cheque,mic cheque,false,,medium,Legacy WordPress tag archive can redirect to React search filtered by tag.,Mic Cheque | WAKILISHA
/tag/michael-armitage/,/search?tag=michael%20armitage,302,michael-armitage,michael-armitage,michael armitage,false,,medium,Legacy WordPress tag archive can redirect to React search filtered by tag.,Michael Armitage | WAKILISHA
/tag/michael-soi/,/search?tag=michael%20soi,302,michael-soi,michael-soi,michael soi,false,,medium,Legacy WordPress tag archive can redirect to React search filtered by tag.,Michael Soi | WAKILISHA
/tag/mike-winkelmann/,/search?tag=mike%20winkelmann,302,mike-winkelmann,mike-winkelmann,mike winkelmann,false,,medium,Legacy WordPress tag archive can redirect to React search filtered by tag.,Mike Winkelmann | WAKILISHA
/tag/mikel-the-energy/,/search?tag=mikel%20the%20energy,302,mikel-the-energy,mikel-the-energy,mikel the energy,false,,medium,Legacy WordPress tag archive can redirect to React search filtered by tag.,Mikel The Energy | WAKILISHA
/tag/millenials/,/search?tag=millenials,302,millenials,millenials,millenials,false,,medium,Legacy WordPress tag archive can redirect to React search filtered by tag.,Millenials | WAKILISHA
/tag/mimi-mars/,/search?tag=mimi%20mars,302,mimi-mars,mimi-mars,mimi mars,false,,medium,Legacy WordPress tag archive can redirect to React search filtered by tag.,Mimi Mars | WAKILISHA
/tag/miriam-syowia-kyambi/,/search?tag=miriam%20syowia%20kyambi,302,miriam-syowia-kyambi,miriam-syowia-kyambi,miriam syowia kyambi,false,,medium,Legacy WordPress tag archive can redirect to React search filtered by tag.,Miriam Syowia Kyambi | WAKILISHA
/tag/moeazy/,/search?tag=moeazy,302,moeazy,moeazy,moeazy,false,,medium,Legacy WordPress tag archive can redirect to React search filtered by tag.,Moeazy | WAKILISHA
/tag/monrovia-street/,/search?tag=monrovia%20street,302,monrovia-street,monrovia-street,monrovia street,false,,medium,Legacy WordPress tag archive can redirect to React search filtered by tag.,Monrovia Street | WAKILISHA
/tag/monski/,/search?tag=monski,302,monski,monski,monski,false,,medium,Legacy WordPress tag archive can redirect to React search filtered by tag.,Monski | WAKILISHA
/tag/mookh/,/search?tag=mookh,302,mookh,mookh,mookh,false,,medium,Legacy WordPress tag archive can redirect to React search filtered by tag.,Mookh | WAKILISHA
/tag/moores-law/,/search?tag=moores%20law,302,moores-law,moores-law,moores law,false,,medium,Legacy WordPress tag archive can redirect to React search filtered by tag.,Moore&#039;s Law | WAKILISHA
/tag/mordecai-dex/,/search?tag=mordecai%20dex,302,mordecai-dex,mordecai-dex,mordecai dex,false,,medium,Legacy WordPress tag archive can redirect to React search filtered by tag.,Mordecai Dex | WAKILISHA
/tag/morris-kiruga/,/search?tag=morris%20kiruga,302,morris-kiruga,morris-kiruga,morris kiruga,false,,medium,Legacy WordPress tag archive can redirect to React search filtered by tag.,Morris Kiruga | WAKILISHA
/tag/movaz-warombosaji-nation/,/search?tag=movaz%20warombosaji%20nation,302,movaz-warombosaji-nation,movaz-warombosaji-nation,movaz warombosaji nation,false,,medium,Legacy WordPress tag archive can redirect to React search filtered by tag.,Movaz Warombosaji Nation | WAKILISHA
/tag/mpizy-tycoon/,/search?tag=mpizy%20tycoon,302,mpizy-tycoon,mpizy-tycoon,mpizy tycoon,false,,medium,Legacy WordPress tag archive can redirect to React search filtered by tag.,Mpizy Tycoon | WAKILISHA
/tag/mr-lu/,/search?tag=mr%20lu,302,mr-lu,mr-lu,mr lu,false,,medium,Legacy WordPress tag archive can redirect to React search filtered by tag.,MR. LU* | WAKILISHA
/tag/mr-seed/,/search?tag=mr%20seed,302,mr-seed,mr-seed,mr seed,false,,medium,Legacy WordPress tag archive can redirect to React search filtered by tag.,Mr Seed | WAKILISHA
/tag/mr-tee/,/search?tag=mr%20tee,302,mr-tee,mr-tee,mr tee,false,,medium,Legacy WordPress tag archive can redirect to React search filtered by tag.,Mr. Tee | WAKILISHA
/tag/msale/,/search?tag=msale,302,msale,msale,msale,false,,medium,Legacy WordPress tag archive can redirect to React search filtered by tag.,Msale | WAKILISHA
/tag/msito/,/search?tag=msito,302,msito,msito,msito,false,,medium,Legacy WordPress tag archive can redirect to React search filtered by tag.,Msito | WAKILISHA
/tag/mtaa-yangu/,/search?tag=mtaa%20yangu,302,mtaa-yangu,mtaa-yangu,mtaa yangu,false,,medium,Legacy WordPress tag archive can redirect to React search filtered by tag.,Mtaa Yangu | WAKILISHA
/tag/mtap3li/,/search?tag=mtap3li,302,mtap3li,mtap3li,mtap3li,false,,medium,Legacy WordPress tag archive can redirect to React search filtered by tag.,Mtap3li | WAKILISHA
/tag/mudra-d-viral/,/search?tag=mudra%20d%20viral,302,mudra-d-viral,mudra-d-viral,mudra d viral,false,,medium,Legacy WordPress tag archive can redirect to React search filtered by tag.,Mudra D Viral | WAKILISHA
/tag/muki-rai/,/search?tag=muki%20rai,302,muki-rai,muki-rai,muki rai,false,,medium,Legacy WordPress tag archive can redirect to React search filtered by tag.,Muki Rai | WAKILISHA
/tag/mukoma-wa-ngugi/,/search?tag=mukoma%20wa%20ngugi,302,mukoma-wa-ngugi,mukoma-wa-ngugi,mukoma wa ngugi,false,,medium,Legacy WordPress tag archive can redirect to React search filtered by tag.,Mukoma Wa Ngugi | WAKILISHA
/tag/muranga-county/,/search?tag=muranga%20county,302,muranga-county,muranga-county,muranga county,false,,medium,Legacy WordPress tag archive can redirect to React search filtered by tag.,Muranga County | WAKILISHA
/tag/muringi/,/search?tag=muringi,302,muringi,muringi,muringi,false,,medium,Legacy WordPress tag archive can redirect to React search filtered by tag.,Muringi | WAKILISHA
/tag/museum-hill-road/,/search?tag=museum%20hill%20road,302,museum-hill-road,museum-hill-road,museum hill road,false,,medium,Legacy WordPress tag archive can redirect to React search filtered by tag.,Museum Hill Road | WAKILISHA
/tag/music-festivals/,/search?tag=music%20festivals,302,music-festivals,music-festivals,music festivals,false,,medium,Legacy WordPress tag archive can redirect to React search filtered by tag.,Music Festivals | WAKILISHA
/tag/music-industry/,/search?tag=music%20industry,302,music-industry,music-industry,music industry,false,,medium,Legacy WordPress tag archive can redirect to React search filtered by tag.,Music Industry | WAKILISHA
/tag/music-videos/,/search?tag=music%20videos,302,music-videos,music-videos,music videos,false,,medium,Legacy WordPress tag archive can redirect to React search filtered by tag.,Music Videos | WAKILISHA
/tag/music/,/search?tag=music,302,music,music,music,false,,medium,Legacy WordPress tag archive can redirect to React search filtered by tag.,Music | WAKILISHA
/tag/muthaka/,/search?tag=muthaka,302,muthaka,muthaka,muthaka,false,,medium,Legacy WordPress tag archive can redirect to React search filtered by tag.,Muthaka | WAKILISHA
/tag/muthoni-drummer-queen/,/search?tag=muthoni%20drummer%20queen,302,muthoni-drummer-queen,muthoni-drummer-queen,muthoni drummer queen,false,,medium,Legacy WordPress tag archive can redirect to React search filtered by tag.,Muthoni Drummer Queen | WAKILISHA
/tag/muthoni-garland/,/search?tag=muthoni%20garland,302,muthoni-garland,muthoni-garland,muthoni garland,false,,medium,Legacy WordPress tag archive can redirect to React search filtered by tag.,Muthoni Garland | WAKILISHA
/tag/muthoni-likimani/,/search?tag=muthoni%20likimani,302,muthoni-likimani,muthoni-likimani,muthoni likimani,false,,medium,Legacy WordPress tag archive can redirect to React search filtered by tag.,Muthoni Likimani | WAKILISHA
/tag/mutoriah/,/search?tag=mutoriah,302,mutoriah,mutoriah,mutoriah,false,,medium,Legacy WordPress tag archive can redirect to React search filtered by tag.,Mutoriah | WAKILISHA
/tag/mutua-matheka/,/search?tag=mutua%20matheka,302,mutua-matheka,mutua-matheka,mutua matheka,false,,medium,Legacy WordPress tag archive can redirect to React search filtered by tag.,Mutua Matheka | WAKILISHA
/tag/muze-club/,/search?tag=muze%20club,302,muze-club,muze-club,muze club,false,,medium,Legacy WordPress tag archive can redirect to React search filtered by tag.,Muze Club | WAKILISHA
/tag/mvera/,/search?tag=mvera,302,mvera,mvera,mvera,false,,medium,Legacy WordPress tag archive can redirect to React search filtered by tag.,Mvera | WAKILISHA
/tag/mwangi-gicheru/,/search?tag=mwangi%20gicheru,302,mwangi-gicheru,mwangi-gicheru,mwangi gicheru,false,,medium,Legacy WordPress tag archive can redirect to React search filtered by tag.,Mwangi Gicheru | WAKILISHA
/tag/mwangi-hutter/,/search?tag=mwangi%20hutter,302,mwangi-hutter,mwangi-hutter,mwangi hutter,false,,medium,Legacy WordPress tag archive can redirect to React search filtered by tag.,Mwangi Hutter | WAKILISHA
/tag/mwihoko-utheri-wa-ngoro/,/search?tag=mwihoko%20utheri%20wa%20ngoro,302,mwihoko-utheri-wa-ngoro,mwihoko-utheri-wa-ngoro,mwihoko utheri wa ngoro,false,,medium,Legacy WordPress tag archive can redirect to React search filtered by tag.,Mwihoko: Utheri wa Ngoro | WAKILISHA
/tag/mwikali-and-the-forbidden-mask/,/search?tag=mwikali%20and%20the%20forbidden%20mask,302,mwikali-and-the-forbidden-mask,mwikali-and-the-forbidden-mask,mwikali and the forbidden mask,false,,medium,Legacy WordPress tag archive can redirect to React search filtered by tag.,Mwikali and The Forbidden Mask | WAKILISHA
/tag/naiboi/,/search?tag=naiboi,302,naiboi,naiboi,naiboi,false,,medium,Legacy WordPress tag archive can redirect to React search filtered by tag.,Naiboi | WAKILISHA
/tag/nairobi-city/,/search?tag=nairobi%20city,302,nairobi-city,nairobi-city,nairobi city,false,,medium,Legacy WordPress tag archive can redirect to React search filtered by tag.,Nairobi City | WAKILISHA
/tag/nairobi-contemporary-art-institute/,/search?tag=nairobi%20contemporary%20art%20institute,302,nairobi-contemporary-art-institute,nairobi-contemporary-art-institute,nairobi contemporary art institute,false,,medium,Legacy WordPress tag archive can redirect to React search filtered by tag.,Nairobi Contemporary Art Institute | WAKILISHA
/tag/nairobi-festival/,/search?tag=nairobi%20festival,302,nairobi-festival,nairobi-festival,nairobi festival,false,,medium,Legacy WordPress tag archive can redirect to React search filtered by tag.,Nairobi Festival | WAKILISHA
/tag/nairobi-gallery/,/search?tag=nairobi%20gallery,302,nairobi-gallery,nairobi-gallery,nairobi gallery,false,,medium,Legacy WordPress tag archive can redirect to React search filtered by tag.,Nairobi Gallery | WAKILISHA
/tag/nairobi-gossip-club/,/search?tag=nairobi%20gossip%20club,302,nairobi-gossip-club,nairobi-gossip-club,nairobi gossip club,false,,medium,Legacy WordPress tag archive can redirect to React search filtered by tag.,Nairobi Gossip Club | WAKILISHA
/tag/nairobi-international-jazz-festival/,/search?tag=nairobi%20international%20jazz%20festival,302,nairobi-international-jazz-festival,nairobi-international-jazz-festival,nairobi international jazz festival,false,,medium,Legacy WordPress tag archive can redirect to React search filtered by tag.,Nairobi International Jazz Festival | WAKILISHA
/tag/nairobi-literature-festival/,/search?tag=nairobi%20literature%20festival,302,nairobi-literature-festival,nairobi-literature-festival,nairobi literature festival,false,,medium,Legacy WordPress tag archive can redirect to React search filtered by tag.,Nairobi Literature Festival | WAKILISHA
/tag/nairobi-litfest/,/search?tag=nairobi%20litfest,302,nairobi-litfest,nairobi-litfest,nairobi litfest,false,,medium,Legacy WordPress tag archive can redirect to React search filtered by tag.,Nairobi Litfest | WAKILISHA
/tag/nairobi-national-museum/,/search?tag=nairobi%20national%20museum,302,nairobi-national-museum,nairobi-national-museum,nairobi national museum,false,,medium,Legacy WordPress tag archive can redirect to React search filtered by tag.,Nairobi National Museum | WAKILISHA
/tag/nairobi-national-park/,/search?tag=nairobi%20national%20park,302,nairobi-national-park,nairobi-national-park,nairobi national park,false,,medium,Legacy WordPress tag archive can redirect to React search filtered by tag.,Nairobi National Park | WAKILISHA
/tag/nairobi/,/search?tag=nairobi,302,nairobi,nairobi,nairobi,false,,medium,Legacy WordPress tag archive can redirect to React search filtered by tag.,Nairobi | WAKILISHA
/tag/nakili-sessions/,/search?tag=nakili%20sessions,302,nakili-sessions,nakili-sessions,nakili sessions,false,,medium,Legacy WordPress tag archive can redirect to React search filtered by tag.,Nakili Sessions | WAKILISHA
/tag/naomi-wanjiku-gakunga/,/search?tag=naomi%20wanjiku%20gakunga,302,naomi-wanjiku-gakunga,naomi-wanjiku-gakunga,naomi wanjiku gakunga,false,,medium,Legacy WordPress tag archive can redirect to React search filtered by tag.,Naomi Wanjiku Gakunga | WAKILISHA
/tag/nasha-travis/,/search?tag=nasha%20travis,302,nasha-travis,nasha-travis,nasha travis,false,,medium,Legacy WordPress tag archive can redirect to React search filtered by tag.,Nasha Travis | WAKILISHA
/tag/nastie-nastie/,/search?tag=nastie%20nastie,302,nastie-nastie,nastie-nastie,nastie nastie,false,,medium,Legacy WordPress tag archive can redirect to React search filtered by tag.,Nastie Nastie | WAKILISHA
/tag/natasha-sinayobye/,/search?tag=natasha%20sinayobye,302,natasha-sinayobye,natasha-sinayobye,natasha sinayobye,false,,medium,Legacy WordPress tag archive can redirect to React search filtered by tag.,Natasha Sinayobye | WAKILISHA
/tag/nate-speaks/,/search?tag=nate%20speaks,302,nate-speaks,nate-speaks,nate speaks,false,,medium,Legacy WordPress tag archive can redirect to React search filtered by tag.,Nate Speaks | WAKILISHA
/tag/national-cohesion-and-integration-commission/,/search?tag=national%20cohesion%20and%20integration%20commission,302,national-cohesion-and-integration-commission,national-cohesion-and-integration-commission,national cohesion and integration commission,false,,medium,Legacy WordPress tag archive can redirect to React search filtered by tag.,National Cohesion and Integration Commission | WAKILISHA
/tag/national-museum-of-kenya/,/search?tag=national%20museum%20of%20kenya,302,national-museum-of-kenya,national-museum-of-kenya,national museum of kenya,false,,medium,Legacy WordPress tag archive can redirect to React search filtered by tag.,National Museum of Kenya | WAKILISHA
/tag/natty/,/search?tag=natty,302,natty,natty,natty,false,,medium,Legacy WordPress tag archive can redirect to React search filtered by tag.,Natty | WAKILISHA
/tag/nature/,/search?tag=nature,302,nature,nature,nature,false,,medium,Legacy WordPress tag archive can redirect to React search filtered by tag.,Nature | WAKILISHA
/tag/ndarlin-p/,/search?tag=ndarlin%20p,302,ndarlin-p,ndarlin-p,ndarlin p,false,,medium,Legacy WordPress tag archive can redirect to React search filtered by tag.,Ndarlin P | WAKILISHA
/tag/ndovu-kuu/,/search?tag=ndovu%20kuu,302,ndovu-kuu,ndovu-kuu,ndovu kuu,false,,medium,Legacy WordPress tag archive can redirect to React search filtered by tag.,Ndovu Kuu | WAKILISHA
/tag/nebulazz/,/search?tag=nebulazz,302,nebulazz,nebulazz,nebulazz,false,,medium,Legacy WordPress tag archive can redirect to React search filtered by tag.,Nebulazz | WAKILISHA
/tag/nes-mburu/,/search?tag=nes%20mburu,302,nes-mburu,nes-mburu,nes mburu,false,,medium,Legacy WordPress tag archive can redirect to React search filtered by tag.,Nes Mburu | WAKILISHA
/tag/nestle/,/search?tag=nestle,302,nestle,nestle,nestle,false,,medium,Legacy WordPress tag archive can redirect to React search filtered by tag.,Nestle | WAKILISHA
/tag/netflix/,/search?tag=netflix,302,netflix,netflix,netflix,false,,medium,Legacy WordPress tag archive can redirect to React search filtered by tag.,Netflix | WAKILISHA
/tag/nfts/,/search?tag=nfts,302,nfts,nfts,nfts,false,,medium,Legacy WordPress tag archive can redirect to React search filtered by tag.,NFTs | WAKILISHA
/tag/ngara/,/search?tag=ngara,302,ngara,ngara,ngara,false,,medium,Legacy WordPress tag archive can redirect to React search filtered by tag.,Ngara | WAKILISHA
/tag/ngorongoro-conservation-area/,/search?tag=ngorongoro%20conservation%20area,302,ngorongoro-conservation-area,ngorongoro-conservation-area,ngorongoro conservation area,false,,medium,Legacy WordPress tag archive can redirect to React search filtered by tag.,Ngorongoro Conservation Area | WAKILISHA
/tag/ngugi-wa-thiongo/,/search?tag=ngugi%20wa%20thiongo,302,ngugi-wa-thiongo,ngugi-wa-thiongo,ngugi wa thiongo,false,,medium,Legacy WordPress tag archive can redirect to React search filtered by tag.,Ngugi Wa Thiong&#039;o | WAKILISHA
/tag/nick-mutuma/,/search?tag=nick%20mutuma,302,nick-mutuma,nick-mutuma,nick mutuma,false,,medium,Legacy WordPress tag archive can redirect to React search filtered by tag.,Nick Mutuma | WAKILISHA
/tag/nikita-kering/,/search?tag=nikita%20kering,302,nikita-kering,nikita-kering,nikita kering,false,,medium,Legacy WordPress tag archive can redirect to React search filtered by tag.,Nikita Kering&#039; | WAKILISHA
/tag/njerae/,/search?tag=njerae,302,njerae,njerae,njerae,false,,medium,Legacy WordPress tag archive can redirect to React search filtered by tag.,Njerae | WAKILISHA
/tag/njiru/,/search?tag=njiru,302,njiru,njiru,njiru,false,,medium,Legacy WordPress tag archive can redirect to React search filtered by tag.,N&#039;Jiru | WAKILISHA
/tag/njoki-karu/,/search?tag=njoki%20karu,302,njoki-karu,njoki-karu,njoki karu,false,,medium,Legacy WordPress tag archive can redirect to React search filtered by tag.,Njoki Karu | WAKILISHA
/tag/njoro-wa-uba/,/search?tag=njoro%20wa%20uba,302,njoro-wa-uba,njoro-wa-uba,njoro wa uba,false,,medium,Legacy WordPress tag archive can redirect to React search filtered by tag.,Njoro wa Uba | WAKILISHA
/tag/njugush/,/search?tag=njugush,302,njugush,njugush,njugush,false,,medium,Legacy WordPress tag archive can redirect to React search filtered by tag.,Njugush | WAKILISHA
/tag/noname-book-club/,/search?tag=noname%20book%20club,302,noname-book-club,noname-book-club,noname book club,false,,medium,Legacy WordPress tag archive can redirect to React search filtered by tag.,Noname Book Club | WAKILISHA
/tag/nonini/,/search?tag=nonini,302,nonini,nonini,nonini,false,,medium,Legacy WordPress tag archive can redirect to React search filtered by tag.,Nonini | WAKILISHA
/tag/noumoucounda-cissoko/,/search?tag=noumoucounda%20cissoko,302,noumoucounda-cissoko,noumoucounda-cissoko,noumoucounda cissoko,false,,medium,Legacy WordPress tag archive can redirect to React search filtered by tag.,Noumoucounda Cissoko | WAKILISHA
/tag/nviiri-the-storyteller/,/search?tag=nviiri%20the%20storyteller,302,nviiri-the-storyteller,nviiri-the-storyteller,nviiri the storyteller,false,,medium,Legacy WordPress tag archive can redirect to React search filtered by tag.,Nviiri The Storyteller | WAKILISHA
/tag/nviiri/,/search?tag=nviiri,302,nviiri,nviiri,nviiri,false,,medium,Legacy WordPress tag archive can redirect to React search filtered by tag.,Nviiri | WAKILISHA
/tag/nyashinski/,/search?tag=nyashinski,302,nyashinski,nyashinski,nyashinski,false,,medium,Legacy WordPress tag archive can redirect to React search filtered by tag.,Nyashinski | WAKILISHA
/tag/nyawira-alison/,/search?tag=nyawira%20alison,302,nyawira-alison,nyawira-alison,nyawira alison,false,,medium,Legacy WordPress tag archive can redirect to React search filtered by tag.,Nyawira Alison | WAKILISHA
/tag/nyege-nyege-festival/,/search?tag=nyege%20nyege%20festival,302,nyege-nyege-festival,nyege-nyege-festival,nyege nyege festival,false,,medium,Legacy WordPress tag archive can redirect to React search filtered by tag.,Nyege Nyege Festival | WAKILISHA
/tag/nyrobi-book-fest/,/search?tag=nyrobi%20book%20fest,302,nyrobi-book-fest,nyrobi-book-fest,nyrobi book fest,false,,medium,Legacy WordPress tag archive can redirect to React search filtered by tag.,NYrobi Book Fest | WAKILISHA
/tag/ochungulo-family/,/search?tag=ochungulo%20family,302,ochungulo-family,ochungulo-family,ochungulo family,false,,medium,Legacy WordPress tag archive can redirect to React search filtered by tag.,Ochungulo Family | WAKILISHA
/tag/octopizzo/,/search?tag=octopizzo,302,octopizzo,octopizzo,octopizzo,false,,medium,Legacy WordPress tag archive can redirect to React search filtered by tag.,Octopizzo | WAKILISHA
/tag/odi-wa-muranga/,/search?tag=odi%20wa%20muranga,302,odi-wa-muranga,odi-wa-muranga,odi wa muranga,false,,medium,Legacy WordPress tag archive can redirect to React search filtered by tag.,Odi wa Muranga | WAKILISHA
/tag/ogopa-deejays/,/search?tag=ogopa%20deejays,302,ogopa-deejays,ogopa-deejays,ogopa deejays,false,,medium,Legacy WordPress tag archive can redirect to React search filtered by tag.,Ogopa Deejays | WAKILISHA
/tag/ogopa-djs/,/search?tag=ogopa%20djs,302,ogopa-djs,ogopa-djs,ogopa djs,false,,medium,Legacy WordPress tag archive can redirect to React search filtered by tag.,Ogopa DJs | WAKILISHA
/tag/okello-max/,/search?tag=okello%20max,302,okello-max,okello-max,okello max,false,,medium,Legacy WordPress tag archive can redirect to React search filtered by tag.,Okello Max | WAKILISHA
/tag/okwiri-oduor/,/search?tag=okwiri%20oduor,302,okwiri-oduor,okwiri-oduor,okwiri oduor,false,,medium,Legacy WordPress tag archive can redirect to React search filtered by tag.,Okwiri Oduor | WAKILISHA
/tag/olorgesailie/,/search?tag=olorgesailie,302,olorgesailie,olorgesailie,olorgesailie,false,,medium,Legacy WordPress tag archive can redirect to React search filtered by tag.,Olorgesailie | WAKILISHA
/tag/omega-mighty/,/search?tag=omega%20mighty,302,omega-mighty,omega-mighty,omega mighty,false,,medium,Legacy WordPress tag archive can redirect to React search filtered by tag.,Omega Mighty | WAKILISHA
/tag/online-gossip/,/search?tag=online%20gossip,302,online-gossip,online-gossip,online gossip,false,,medium,Legacy WordPress tag archive can redirect to React search filtered by tag.,Online Gossip | WAKILISHA
/tag/osborne-macharia/,/search?tag=osborne%20macharia,302,osborne-macharia,osborne-macharia,osborne macharia,false,,medium,Legacy WordPress tag archive can redirect to React search filtered by tag.,Osborne Macharia | WAKILISHA
/tag/otile-brown/,/search?tag=otile%20brown,302,otile-brown,otile-brown,otile brown,false,,medium,Legacy WordPress tag archive can redirect to React search filtered by tag.,Otile Brown | WAKILISHA
/tag/ousmane-sembene/,/search?tag=ousmane%20sembene,302,ousmane-sembene,ousmane-sembene,ousmane sembene,false,,medium,Legacy WordPress tag archive can redirect to React search filtered by tag.,Ousmane Sembene | WAKILISHA
/tag/out-with-the-old/,/search?tag=out%20with%20the%20old,302,out-with-the-old,out-with-the-old,out with the old,false,,medium,Legacy WordPress tag archive can redirect to React search filtered by tag.,Out With the Old | WAKILISHA
/tag/overthinking/,/search?tag=overthinking,302,overthinking,overthinking,overthinking,false,,medium,Legacy WordPress tag archive can redirect to React search filtered by tag.,Overthinking | WAKILISHA
/tag/paa-born-to-fly/,/search?tag=paa%20born%20to%20fly,302,paa-born-to-fly,paa-born-to-fly,paa born to fly,false,,medium,Legacy WordPress tag archive can redirect to React search filtered by tag.,PAA - Born to Fly | WAKILISHA
/tag/papa-nyosto/,/search?tag=papa%20nyosto,302,papa-nyosto,papa-nyosto,papa nyosto,false,,medium,Legacy WordPress tag archive can redirect to React search filtered by tag.,Papa Nyosto | WAKILISHA
/tag/pasibo-maru/,/search?tag=pasibo%20maru,302,pasibo-maru,pasibo-maru,pasibo maru,false,,medium,Legacy WordPress tag archive can redirect to React search filtered by tag.,Pasibo Maru | WAKILISHA
/tag/patonee/,/search?tag=patonee,302,patonee,patonee,patonee,false,,medium,Legacy WordPress tag archive can redirect to React search filtered by tag.,Patonee | WAKILISHA
/tag/paul-onditi/,/search?tag=paul%20onditi,302,paul-onditi,paul-onditi,paul onditi,false,,medium,Legacy WordPress tag archive can redirect to React search filtered by tag.,Paul Onditi | WAKILISHA
/tag/pawa254/,/search?tag=pawa254,302,pawa254,pawa254,pawa254,false,,medium,Legacy WordPress tag archive can redirect to React search filtered by tag.,Pawa254 | WAKILISHA
/tag/pepeta/,/search?tag=pepeta,302,pepeta,pepeta,pepeta,false,,medium,Legacy WordPress tag archive can redirect to React search filtered by tag.,Pepeta | WAKILISHA
/tag/peter-ngila-njeri/,/search?tag=peter%20ngila%20njeri,302,peter-ngila-njeri,peter-ngila-njeri,peter ngila njeri,false,,medium,Legacy WordPress tag archive can redirect to React search filtered by tag.,Peter Ngila Njeri | WAKILISHA
/tag/peterson-kamwathi/,/search?tag=peterson%20kamwathi,302,peterson-kamwathi,peterson-kamwathi,peterson kamwathi,false,,medium,Legacy WordPress tag archive can redirect to React search filtered by tag.,Peterson Kamwathi | WAKILISHA
/tag/photoshop/,/search?tag=photoshop,302,photoshop,photoshop,photoshop,false,,medium,Legacy WordPress tag archive can redirect to React search filtered by tag.,Photoshop | WAKILISHA
/tag/phy/,/search?tag=phy,302,phy,phy,phy,false,,medium,Legacy WordPress tag archive can redirect to React search filtered by tag.,PHY | WAKILISHA
/tag/pino/,/search?tag=pino,302,pino,pino,pino,false,,medium,Legacy WordPress tag archive can redirect to React search filtered by tag.,Pino | WAKILISHA
/tag/plan-b/,/search?tag=plan%20b,302,plan-b,plan-b,plan b,false,,medium,Legacy WordPress tag archive can redirect to React search filtered by tag.,Plan B | WAKILISHA
/tag/plato/,/search?tag=plato,302,plato,plato,plato,false,,medium,Legacy WordPress tag archive can redirect to React search filtered by tag.,Plato | WAKILISHA
/tag/playlists/,/search?tag=playlists,302,playlists,playlists,playlists,false,,medium,Legacy WordPress tag archive can redirect to React search filtered by tag.,Playlists | WAKILISHA
/tag/poetry-slam-africa-festival/,/search?tag=poetry%20slam%20africa%20festival,302,poetry-slam-africa-festival,poetry-slam-africa-festival,poetry slam africa festival,false,,medium,Legacy WordPress tag archive can redirect to React search filtered by tag.,Poetry Slam Africa Festival | WAKILISHA
/tag/polaris-pauline/,/search?tag=polaris%20pauline,302,polaris-pauline,polaris-pauline,polaris pauline,false,,medium,Legacy WordPress tag archive can redirect to React search filtered by tag.,Polaris Pauline | WAKILISHA
/tag/polaris/,/search?tag=polaris,302,polaris,polaris,polaris,false,,medium,Legacy WordPress tag archive can redirect to React search filtered by tag.,Polaris | WAKILISHA
/tag/polio/,/search?tag=polio,302,polio,polio,polio,false,,medium,Legacy WordPress tag archive can redirect to React search filtered by tag.,Polio | WAKILISHA
/tag/politics/,/search?tag=politics,302,politics,politics,politics,false,,medium,Legacy WordPress tag archive can redirect to React search filtered by tag.,Politics | WAKILISHA
/tag/polycarp-otieno/,/search?tag=polycarp%20otieno,302,polycarp-otieno,polycarp-otieno,polycarp otieno,false,,medium,Legacy WordPress tag archive can redirect to React search filtered by tag.,Polycarp Otieno | WAKILISHA
/tag/prayer-for-the-departed/,/search?tag=prayer%20for%20the%20departed,302,prayer-for-the-departed,prayer-for-the-departed,prayer for the departed,false,,medium,Legacy WordPress tag archive can redirect to React search filtered by tag.,Prayer For The Departed | WAKILISHA
/tag/prezzo/,/search?tag=prezzo,302,prezzo,prezzo,prezzo,false,,medium,Legacy WordPress tag archive can redirect to React search filtered by tag.,Prezzo | WAKILISHA
/tag/procreate/,/search?tag=procreate,302,procreate,procreate,procreate,false,,medium,Legacy WordPress tag archive can redirect to React search filtered by tag.,Procreate | WAKILISHA
/tag/productivity/,/search?tag=productivity,302,productivity,productivity,productivity,false,,medium,Legacy WordPress tag archive can redirect to React search filtered by tag.,Productivity | WAKILISHA
/tag/promoting-music/,/search?tag=promoting%20music,302,promoting-music,promoting-music,promoting music,false,,medium,Legacy WordPress tag archive can redirect to React search filtered by tag.,Promoting Music | WAKILISHA
/tag/propaganda/,/search?tag=propaganda,302,propaganda,propaganda,propaganda,false,,medium,Legacy WordPress tag archive can redirect to React search filtered by tag.,Propaganda | WAKILISHA
/tag/protest-movements/,/search?tag=protest%20movements,302,protest-movements,protest-movements,protest movements,false,,medium,Legacy WordPress tag archive can redirect to React search filtered by tag.,Protest Movements | WAKILISHA
/tag/q-family/,/search?tag=q%20family,302,q-family,q-family,q family,false,,medium,Legacy WordPress tag archive can redirect to React search filtered by tag.,Q Family | WAKILISHA
/tag/q-ta-c/,/search?tag=q%20ta%20c,302,q-ta-c,q-ta-c,q ta c,false,,medium,Legacy WordPress tag archive can redirect to React search filtered by tag.,Q-ta-C | WAKILISHA
/tag/queen-jane/,/search?tag=queen%20jane,302,queen-jane,queen-jane,queen jane,false,,medium,Legacy WordPress tag archive can redirect to React search filtered by tag.,Queen Jane | WAKILISHA
/tag/radio-254/,/search?tag=radio%20254,302,radio-254,radio-254,radio 254,false,,medium,Legacy WordPress tag archive can redirect to React search filtered by tag.,Radio 254 | WAKILISHA
/tag/rahmu/,/search?tag=rahmu,302,rahmu,rahmu,rahmu,false,,medium,Legacy WordPress tag archive can redirect to React search filtered by tag.,Rahmu | WAKILISHA
/tag/raila-amolo-odinga/,/search?tag=raila%20amolo%20odinga,302,raila-amolo-odinga,raila-amolo-odinga,raila amolo odinga,false,,medium,Legacy WordPress tag archive can redirect to React search filtered by tag.,Raila Amolo Odinga | WAKILISHA
/tag/ranzscooby/,/search?tag=ranzscooby,302,ranzscooby,ranzscooby,ranzscooby,false,,medium,Legacy WordPress tag archive can redirect to React search filtered by tag.,RanzScooby | WAKILISHA
/tag/rapdokta/,/search?tag=rapdokta,302,rapdokta,rapdokta,rapdokta,false,,medium,Legacy WordPress tag archive can redirect to React search filtered by tag.,Rapdokta | WAKILISHA
/tag/rb/,/search?tag=rb,302,rb,rb,rb,false,,medium,Legacy WordPress tag archive can redirect to React search filtered by tag.,R&amp;B | WAKILISHA
/tag/rejectfinancebill2024/,/search?tag=rejectfinancebill2024,302,rejectfinancebill2024,rejectfinancebill2024,rejectfinancebill2024,false,,medium,Legacy WordPress tag archive can redirect to React search filtered by tag.,#RejectFinanceBill2024 | WAKILISHA
/tag/rekles/,/search?tag=rekles,302,rekles,rekles,rekles,false,,medium,Legacy WordPress tag archive can redirect to React search filtered by tag.,Rekles | WAKILISHA
/tag/rema/,/search?tag=rema,302,rema,rema,rema,false,,medium,Legacy WordPress tag archive can redirect to React search filtered by tag.,Rema | WAKILISHA
/tag/remote-working/,/search?tag=remote%20working,302,remote-working,remote-working,remote working,false,,medium,Legacy WordPress tag archive can redirect to React search filtered by tag.,Remote Working | WAKILISHA
/tag/remy-ngamije/,/search?tag=remy%20ngamije,302,remy-ngamije,remy-ngamije,remy ngamije,false,,medium,Legacy WordPress tag archive can redirect to React search filtered by tag.,Remy Ngamije | WAKILISHA
/tag/rico-gang/,/search?tag=rico%20gang,302,rico-gang,rico-gang,rico gang,false,,medium,Legacy WordPress tag archive can redirect to React search filtered by tag.,Rico Gang | WAKILISHA
/tag/rpg-bazu/,/search?tag=rpg%20bazu,302,rpg-bazu,rpg-bazu,rpg bazu,false,,medium,Legacy WordPress tag archive can redirect to React search filtered by tag.,Rpg Bazu | WAKILISHA
/tag/rush-arts-gallery/,/search?tag=rush%20arts%20gallery,302,rush-arts-gallery,rush-arts-gallery,rush arts gallery,false,,medium,Legacy WordPress tag archive can redirect to React search filtered by tag.,Rush Arts Gallery | WAKILISHA
/tag/ruto-must-go/,/search?tag=ruto%20must%20go,302,ruto-must-go,ruto-must-go,ruto must go,false,,medium,Legacy WordPress tag archive can redirect to React search filtered by tag.,Ruto Must Go | WAKILISHA
/tag/ruyonga/,/search?tag=ruyonga,302,ruyonga,ruyonga,ruyonga,false,,medium,Legacy WordPress tag archive can redirect to React search filtered by tag.,Ruyonga | WAKILISHA
/tag/rwanda/,/search?tag=rwanda,302,rwanda,rwanda,rwanda,false,,medium,Legacy WordPress tag archive can redirect to React search filtered by tag.,Rwanda | WAKILISHA
/tag/sabi-wu/,/search?tag=sabi%20wu,302,sabi-wu,sabi-wu,sabi wu,false,,medium,Legacy WordPress tag archive can redirect to React search filtered by tag.,Sabi Wu | WAKILISHA
/tag/sailors-gang/,/search?tag=sailors%20gang,302,sailors-gang,sailors-gang,sailors gang,false,,medium,Legacy WordPress tag archive can redirect to React search filtered by tag.,Sailors Gang | WAKILISHA
/tag/saint-evo/,/search?tag=saint%20evo,302,saint-evo,saint-evo,saint evo,false,,medium,Legacy WordPress tag archive can redirect to React search filtered by tag.,Saint Evo | WAKILISHA
/tag/salem/,/search?tag=salem,302,salem,salem,salem,false,,medium,Legacy WordPress tag archive can redirect to React search filtered by tag.,Salem | WAKILISHA
/tag/samidoh/,/search?tag=samidoh,302,samidoh,samidoh,samidoh,false,,medium,Legacy WordPress tag archive can redirect to React search filtered by tag.,Samidoh | WAKILISHA
/tag/sanaipei-tande/,/search?tag=sanaipei%20tande,302,sanaipei-tande,sanaipei-tande,sanaipei tande,false,,medium,Legacy WordPress tag archive can redirect to React search filtered by tag.,Sanaipei Tande | WAKILISHA
/tag/santuri-east-africa/,/search?tag=santuri%20east%20africa,302,santuri-east-africa,santuri-east-africa,santuri east africa,false,,medium,Legacy WordPress tag archive can redirect to React search filtered by tag.,Santuri East Africa | WAKILISHA
/tag/sarabi-band/,/search?tag=sarabi%20band,302,sarabi-band,sarabi-band,sarabi band,false,,medium,Legacy WordPress tag archive can redirect to React search filtered by tag.,Sarabi Band | WAKILISHA
/tag/sarah-hassan/,/search?tag=sarah%20hassan,302,sarah-hassan,sarah-hassan,sarah hassan,false,,medium,Legacy WordPress tag archive can redirect to React search filtered by tag.,Sarah Hassan | WAKILISHA
/tag/sarakasi-dome/,/search?tag=sarakasi%20dome,302,sarakasi-dome,sarakasi-dome,sarakasi dome,false,,medium,Legacy WordPress tag archive can redirect to React search filtered by tag.,Sarakasi Dome | WAKILISHA
/tag/sarakasi-za-siasa/,/search?tag=sarakasi%20za%20siasa,302,sarakasi-za-siasa,sarakasi-za-siasa,sarakasi za siasa,false,,medium,Legacy WordPress tag archive can redirect to React search filtered by tag.,Sarakasi za Siasa | WAKILISHA
/tag/sauti-sol/,/search?tag=sauti%20sol,302,sauti-sol,sauti-sol,sauti sol,false,,medium,Legacy WordPress tag archive can redirect to React search filtered by tag.,Sauti Sol | WAKILISHA
/tag/sauti-za-busara-festival/,/search?tag=sauti%20za%20busara%20festival,302,sauti-za-busara-festival,sauti-za-busara-festival,sauti za busara festival,false,,medium,Legacy WordPress tag archive can redirect to React search filtered by tag.,Sauti za Busara Festival | WAKILISHA
/tag/savara/,/search?tag=savara,302,savara,savara,savara,false,,medium,Legacy WordPress tag archive can redirect to React search filtered by tag.,Savara | WAKILISHA
/tag/savinnah/,/search?tag=savinnah,302,savinnah,savinnah,savinnah,false,,medium,Legacy WordPress tag archive can redirect to React search filtered by tag.,Savinnah | WAKILISHA
/tag/scar-mkadinali/,/search?tag=scar%20mkadinali,302,scar-mkadinali,scar-mkadinali,scar mkadinali,false,,medium,Legacy WordPress tag archive can redirect to React search filtered by tag.,Scar Mkadinali | WAKILISHA
/tag/serro/,/search?tag=serro,302,serro,serro,serro,false,,medium,Legacy WordPress tag archive can redirect to React search filtered by tag.,SERRO | WAKILISHA
/tag/seska/,/search?tag=seska,302,seska,seska,seska,false,,medium,Legacy WordPress tag archive can redirect to React search filtered by tag.,Seska | WAKILISHA
/tag/sewersydaa/,/search?tag=sewersydaa,302,sewersydaa,sewersydaa,sewersydaa,false,,medium,Legacy WordPress tag archive can redirect to React search filtered by tag.,Sewersydaa | WAKILISHA
/tag/shaevy-and-slice/,/search?tag=shaevy%20and%20slice,302,shaevy-and-slice,shaevy-and-slice,shaevy and slice,false,,medium,Legacy WordPress tag archive can redirect to React search filtered by tag.,Shaevy and Slice | WAKILISHA
/tag/shan/,/search?tag=shan,302,shan,shan,shan,false,,medium,Legacy WordPress tag archive can redirect to React search filtered by tag.,Shan | WAKILISHA
/tag/shanariha-evans/,/search?tag=shanariha%20evans,302,shanariha-evans,shanariha-evans,shanariha evans,false,,medium,Legacy WordPress tag archive can redirect to React search filtered by tag.,Shanariha Evans | WAKILISHA
/tag/shanty-bobo/,/search?tag=shanty%20bobo,302,shanty-bobo,shanty-bobo,shanty bobo,false,,medium,Legacy WordPress tag archive can redirect to React search filtered by tag.,Shanty Bobo | WAKILISHA
/tag/shanty-flames/,/search?tag=shanty%20flames,302,shanty-flames,shanty-flames,shanty flames,false,,medium,Legacy WordPress tag archive can redirect to React search filtered by tag.,Shanty Flames | WAKILISHA
/tag/shappaman/,/search?tag=shappaman,302,shappaman,shappaman,shappaman,false,,medium,Legacy WordPress tag archive can redirect to React search filtered by tag.,Shappaman | WAKILISHA
/tag/shekina-karen/,/search?tag=shekina%20karen,302,shekina-karen,shekina-karen,shekina karen,false,,medium,Legacy WordPress tag archive can redirect to React search filtered by tag.,Shekina Karen | WAKILISHA
/tag/shekinah-karen/,/search?tag=shekinah%20karen,302,shekinah-karen,shekinah-karen,shekinah karen,false,,medium,Legacy WordPress tag archive can redirect to React search filtered by tag.,Shekinah Karen | WAKILISHA
/tag/shingai-njeri/,/search?tag=shingai%20njeri,302,shingai-njeri,shingai-njeri,shingai njeri,false,,medium,Legacy WordPress tag archive can redirect to React search filtered by tag.,Shingai Njeri | WAKILISHA
/tag/shourtie/,/search?tag=shourtie,302,shourtie,shourtie,shourtie,false,,medium,Legacy WordPress tag archive can redirect to React search filtered by tag.,Shourtie | WAKILISHA
/tag/showmax/,/search?tag=showmax,302,showmax,showmax,showmax,false,,medium,Legacy WordPress tag archive can redirect to React search filtered by tag.,Showmax | WAKILISHA
/tag/shrubbing/,/search?tag=shrubbing,302,shrubbing,shrubbing,shrubbing,false,,medium,Legacy WordPress tag archive can redirect to React search filtered by tag.,Shrubbing | WAKILISHA
/tag/shugha-rhee/,/search?tag=shugha%20rhee,302,shugha-rhee,shugha-rhee,shugha rhee,false,,medium,Legacy WordPress tag archive can redirect to React search filtered by tag.,Shugha Rhee | WAKILISHA
/tag/silas-jay/,/search?tag=silas%20jay,302,silas-jay,silas-jay,silas jay,false,,medium,Legacy WordPress tag archive can redirect to React search filtered by tag.,Silas Jay | WAKILISHA
/tag/silverstone-bars/,/search?tag=silverstone%20bars,302,silverstone-bars,silverstone-bars,silverstone bars,false,,medium,Legacy WordPress tag archive can redirect to React search filtered by tag.,Silverstone Bars | WAKILISHA
/tag/simiyu-barasa/,/search?tag=simiyu%20barasa,302,simiyu-barasa,simiyu-barasa,simiyu barasa,false,,medium,Legacy WordPress tag archive can redirect to React search filtered by tag.,Simiyu Barasa | WAKILISHA
/tag/single-kiasi/,/search?tag=single%20kiasi,302,single-kiasi,single-kiasi,single kiasi,false,,medium,Legacy WordPress tag archive can redirect to React search filtered by tag.,Single Kiasi | WAKILISHA
/tag/sir-bwoy/,/search?tag=sir%20bwoy,302,sir-bwoy,sir-bwoy,sir bwoy,false,,medium,Legacy WordPress tag archive can redirect to React search filtered by tag.,Sir Bwoy | WAKILISHA
/tag/skillo/,/search?tag=skillo,302,skillo,skillo,skillo,false,,medium,Legacy WordPress tag archive can redirect to React search filtered by tag.,Skillo | WAKILISHA
/tag/slavery/,/search?tag=slavery,302,slavery,slavery,slavery,false,,medium,Legacy WordPress tag archive can redirect to React search filtered by tag.,Slavery | WAKILISHA
/tag/slimflows/,/search?tag=slimflows,302,slimflows,slimflows,slimflows,false,,medium,Legacy WordPress tag archive can redirect to React search filtered by tag.,Slimflows | WAKILISHA
/tag/smady-tings/,/search?tag=smady%20tings,302,smady-tings,smady-tings,smady tings,false,,medium,Legacy WordPress tag archive can redirect to React search filtered by tag.,Smady Tings | WAKILISHA
/tag/smart-speakers/,/search?tag=smart%20speakers,302,smart-speakers,smart-speakers,smart speakers,false,,medium,Legacy WordPress tag archive can redirect to React search filtered by tag.,Smart Speakers | WAKILISHA
/tag/smokilah/,/search?tag=smokilah,302,smokilah,smokilah,smokilah,false,,medium,Legacy WordPress tag archive can redirect to React search filtered by tag.,Smokilah | WAKILISHA
/tag/snap/,/search?tag=snap,302,snap,snap,snap,false,,medium,Legacy WordPress tag archive can redirect to React search filtered by tag.,Snap | WAKILISHA
/tag/snapchat/,/search?tag=snapchat,302,snapchat,snapchat,snapchat,false,,medium,Legacy WordPress tag archive can redirect to React search filtered by tag.,Snapchat | WAKILISHA
/tag/social-media/,/search?tag=social%20media,302,social-media,social-media,social media,false,,medium,Legacy WordPress tag archive can redirect to React search filtered by tag.,Social Media | WAKILISHA
/tag/sofiya-nzau/,/search?tag=sofiya%20nzau,302,sofiya-nzau,sofiya-nzau,sofiya nzau,false,,medium,Legacy WordPress tag archive can redirect to React search filtered by tag.,Sofiya Nzau | WAKILISHA
/tag/soma-nami-pan-african-book-fair/,/search?tag=soma%20nami%20pan%20african%20book%20fair,302,soma-nami-pan-african-book-fair,soma-nami-pan-african-book-fair,soma nami pan african book fair,false,,medium,Legacy WordPress tag archive can redirect to React search filtered by tag.,Soma Nami Pan-African Book Fair | WAKILISHA
/tag/some-fine-day-pix/,/search?tag=some%20fine%20day%20pix,302,some-fine-day-pix,some-fine-day-pix,some fine day pix,false,,medium,Legacy WordPress tag archive can redirect to React search filtered by tag.,SOME FINE DAY Pix | WAKILISHA
/tag/son-of-a-woman/,/search?tag=son%20of%20a%20woman,302,son-of-a-woman,son-of-a-woman,son of a woman,false,,medium,Legacy WordPress tag archive can redirect to React search filtered by tag.,Son Of A Woman | WAKILISHA
/tag/sony-music-entertainment/,/search?tag=sony%20music%20entertainment,302,sony-music-entertainment,sony-music-entertainment,sony music entertainment,false,,medium,Legacy WordPress tag archive can redirect to React search filtered by tag.,Sony Music Entertainment | WAKILISHA
/tag/sosa-the-prodigy/,/search?tag=sosa%20the%20prodigy,302,sosa-the-prodigy,sosa-the-prodigy,sosa the prodigy,false,,medium,Legacy WordPress tag archive can redirect to React search filtered by tag.,Sosa The Prodigy | WAKILISHA
/tag/soundiiz/,/search?tag=soundiiz,302,soundiiz,soundiiz,soundiiz,false,,medium,Legacy WordPress tag archive can redirect to React search filtered by tag.,Soundiiz | WAKILISHA
/tag/soundkraft/,/search?tag=soundkraft,302,soundkraft,soundkraft,soundkraft,false,,medium,Legacy WordPress tag archive can redirect to React search filtered by tag.,Soundkraft | WAKILISHA
/tag/south-african-music/,/search?tag=south%20african%20music,302,south-african-music,south-african-music,south african music,false,,medium,Legacy WordPress tag archive can redirect to React search filtered by tag.,South African Music | WAKILISHA
/tag/south-sudan/,/search?tag=south%20sudan,302,south-sudan,south-sudan,south sudan,false,,medium,Legacy WordPress tag archive can redirect to React search filtered by tag.,South Sudan | WAKILISHA
/tag/spacex/,/search?tag=spacex,302,spacex,spacex,spacex,false,,medium,Legacy WordPress tag archive can redirect to React search filtered by tag.,SpaceX | WAKILISHA
/tag/spider-clan/,/search?tag=spider%20clan,302,spider-clan,spider-clan,spider clan,false,,medium,Legacy WordPress tag archive can redirect to React search filtered by tag.,Spider Clan | WAKILISHA
/tag/spoiler/,/search?tag=spoiler,302,spoiler,spoiler,spoiler,false,,medium,Legacy WordPress tag archive can redirect to React search filtered by tag.,Spoiler | WAKILISHA
/tag/spotify/,/search?tag=spotify,302,spotify,spotify,spotify,false,,medium,Legacy WordPress tag archive can redirect to React search filtered by tag.,Spotify | WAKILISHA
/tag/spray-uzi/,/search?tag=spray%20uzi,302,spray-uzi,spray-uzi,spray uzi,false,,medium,Legacy WordPress tag archive can redirect to React search filtered by tag.,Spray Uzi | WAKILISHA
/tag/ssaru/,/search?tag=ssaru,302,ssaru,ssaru,ssaru,false,,medium,Legacy WordPress tag archive can redirect to React search filtered by tag.,Ssaru | WAKILISHA
/tag/stacy-kamatu/,/search?tag=stacy%20kamatu,302,stacy-kamatu,stacy-kamatu,stacy kamatu,false,,medium,Legacy WordPress tag archive can redirect to React search filtered by tag.,Stacy Kamatu | WAKILISHA
/tag/stella-mutegi/,/search?tag=stella%20mutegi,302,stella-mutegi,stella-mutegi,stella mutegi,false,,medium,Legacy WordPress tag archive can redirect to React search filtered by tag.,Stella Mutegi | WAKILISHA
/tag/stephanie-muchiri/,/search?tag=stephanie%20muchiri,302,stephanie-muchiri,stephanie-muchiri,stephanie muchiri,false,,medium,Legacy WordPress tag archive can redirect to React search filtered by tag.,Stephanie Muchiri | WAKILISHA
/tag/stephen-mule/,/search?tag=stephen%20mule,302,stephen-mule,stephen-mule,stephen mule,false,,medium,Legacy WordPress tag archive can redirect to React search filtered by tag.,Stephen Mule | WAKILISHA
/tag/steve-biko/,/search?tag=steve%20biko,302,steve-biko,steve-biko,steve biko,false,,medium,Legacy WordPress tag archive can redirect to React search filtered by tag.,Steve Biko | WAKILISHA
/tag/streaming/,/search?tag=streaming,302,streaming,streaming,streaming,false,,medium,Legacy WordPress tag archive can redirect to React search filtered by tag.,Streaming | WAKILISHA
/tag/street-art/,/search?tag=street%20art,302,street-art,street-art,street art,false,,medium,Legacy WordPress tag archive can redirect to React search filtered by tag.,Street Art | WAKILISHA
/tag/su-dough-boss/,/search?tag=su%20dough%20boss,302,su-dough-boss,su-dough-boss,su dough boss,false,,medium,Legacy WordPress tag archive can redirect to React search filtered by tag.,Su Dough Boss | WAKILISHA
/tag/succession/,/search?tag=succession,302,succession,succession,succession,false,,medium,Legacy WordPress tag archive can redirect to React search filtered by tag.,Succession | WAKILISHA
/tag/sudough-boss/,/search?tag=sudough%20boss,302,sudough-boss,sudough-boss,sudough boss,false,,medium,Legacy WordPress tag archive can redirect to React search filtered by tag.,Sudough Boss | WAKILISHA
/tag/supremacy-sounds/,/search?tag=supremacy%20sounds,302,supremacy-sounds,supremacy-sounds,supremacy sounds,false,,medium,Legacy WordPress tag archive can redirect to React search filtered by tag.,Supremacy Sounds | WAKILISHA
/tag/suraj/,/search?tag=suraj,302,suraj,suraj,suraj,false,,medium,Legacy WordPress tag archive can redirect to React search filtered by tag.,Suraj | WAKILISHA
/tag/surrealism/,/search?tag=surrealism,302,surrealism,surrealism,surrealism,false,,medium,Legacy WordPress tag archive can redirect to React search filtered by tag.,Surrealism | WAKILISHA
/tag/suzanna-owiyo/,/search?tag=suzanna%20owiyo,302,suzanna-owiyo,suzanna-owiyo,suzanna owiyo,false,,medium,Legacy WordPress tag archive can redirect to React search filtered by tag.,Suzanna Owiyo | WAKILISHA
/tag/swat-matire/,/search?tag=swat%20matire,302,swat-matire,swat-matire,swat matire,false,,medium,Legacy WordPress tag archive can redirect to React search filtered by tag.,Swat Matire | WAKILISHA
/tag/swat/,/search?tag=swat,302,swat,swat,swat,false,,medium,Legacy WordPress tag archive can redirect to React search filtered by tag.,Swat | WAKILISHA
/tag/swift9/,/search?tag=swift9,302,swift9,swift9,swift9,false,,medium,Legacy WordPress tag archive can redirect to React search filtered by tag.,Swift9 | WAKILISHA
/tag/syllent-killah/,/search?tag=syllent%20killah,302,syllent-killah,syllent-killah,syllent killah,false,,medium,Legacy WordPress tag archive can redirect to React search filtered by tag.,Syllent Killah | WAKILISHA
/tag/taabu/,/search?tag=taabu,302,taabu,taabu,taabu,false,,medium,Legacy WordPress tag archive can redirect to React search filtered by tag.,Taabu | WAKILISHA
/tag/taarab/,/search?tag=taarab,302,taarab,taarab,taarab,false,,medium,Legacy WordPress tag archive can redirect to React search filtered by tag.,Taarab | WAKILISHA
/tag/taifa-1/,/search?tag=taifa%201,302,taifa-1,taifa-1,taifa 1,false,,medium,Legacy WordPress tag archive can redirect to React search filtered by tag.,Taifa-1 | WAKILISHA
/tag/talking-walls/,/search?tag=talking%20walls,302,talking-walls,talking-walls,talking walls,false,,medium,Legacy WordPress tag archive can redirect to React search filtered by tag.,Talking Walls | WAKILISHA
/tag/tanzania/,/search?tag=tanzania,302,tanzania,tanzania,tanzania,false,,medium,Legacy WordPress tag archive can redirect to React search filtered by tag.,Tanzania | WAKILISHA
/tag/technology/,/search?tag=technology,302,technology,technology,technology,false,,medium,Legacy WordPress tag archive can redirect to React search filtered by tag.,Technology | WAKILISHA
/tag/teferah/,/search?tag=teferah,302,teferah,teferah,teferah,false,,medium,Legacy WordPress tag archive can redirect to React search filtered by tag.,Teferah | WAKILISHA
/tag/tems/,/search?tag=tems,302,tems,tems,tems,false,,medium,Legacy WordPress tag archive can redirect to React search filtered by tag.,Tems | WAKILISHA
/tag/thabo-mbeki/,/search?tag=thabo%20mbeki,302,thabo-mbeki,thabo-mbeki,thabo mbeki,false,,medium,Legacy WordPress tag archive can redirect to React search filtered by tag.,Thabo Mbeki | WAKILISHA
/tag/thais-diarra/,/search?tag=thais%20diarra,302,thais-diarra,thais-diarra,thais diarra,false,,medium,Legacy WordPress tag archive can redirect to React search filtered by tag.,Thaïs Diarra | WAKILISHA
/tag/thandiwe-muriu/,/search?tag=thandiwe%20muriu,302,thandiwe-muriu,thandiwe-muriu,thandiwe muriu,false,,medium,Legacy WordPress tag archive can redirect to React search filtered by tag.,Thandiwe Muriu | WAKILISHA
/tag/thayu-mwas/,/search?tag=thayu%20mwas,302,thayu-mwas,thayu-mwas,thayu mwas,false,,medium,Legacy WordPress tag archive can redirect to React search filtered by tag.,Thayu Mwas | WAKILISHA
/tag/the-house-of-rust/,/search?tag=the%20house%20of%20rust,302,the-house-of-rust,the-house-of-rust,the house of rust,false,,medium,Legacy WordPress tag archive can redirect to React search filtered by tag.,The House of Rust | WAKILISHA
/tag/the-kansoul/,/search?tag=the%20kansoul,302,the-kansoul,the-kansoul,the kansoul,false,,medium,Legacy WordPress tag archive can redirect to React search filtered by tag.,The Kansoul | WAKILISHA
/tag/the-lion-of-sudah/,/search?tag=the%20lion%20of%20sudah,302,the-lion-of-sudah,the-lion-of-sudah,the lion of sudah,false,,medium,Legacy WordPress tag archive can redirect to React search filtered by tag.,The Lion Of Sudah | WAKILISHA
/tag/the-other-woman/,/search?tag=the%20other%20woman,302,the-other-woman,the-other-woman,the other woman,false,,medium,Legacy WordPress tag archive can redirect to React search filtered by tag.,The Other Woman | WAKILISHA
/tag/the-real-housewives-of-nairobi/,/search?tag=the%20real%20housewives%20of%20nairobi,302,the-real-housewives-of-nairobi,the-real-housewives-of-nairobi,the real housewives of nairobi,false,,medium,Legacy WordPress tag archive can redirect to React search filtered by tag.,The Real Housewives of Nairobi | WAKILISHA
/tag/the-river-between/,/search?tag=the%20river%20between,302,the-river-between,the-river-between,the river between,false,,medium,Legacy WordPress tag archive can redirect to React search filtered by tag.,The River Between | WAKILISHA
/tag/the-selfish-gene/,/search?tag=the%20selfish%20gene,302,the-selfish-gene,the-selfish-gene,the selfish gene,false,,medium,Legacy WordPress tag archive can redirect to React search filtered by tag.,The Selfish Gene | WAKILISHA
/tag/the-simpsons/,/search?tag=the%20simpsons,302,the-simpsons,the-simpsons,the simpsons,false,,medium,Legacy WordPress tag archive can redirect to React search filtered by tag.,The Simpsons | WAKILISHA
/tag/thee-exit-band/,/search?tag=thee%20exit%20band,302,thee-exit-band,thee-exit-band,thee exit band,false,,medium,Legacy WordPress tag archive can redirect to React search filtered by tag.,Thee Exit Band | WAKILISHA
/tag/thimlich-ohinga/,/search?tag=thimlich%20ohinga,302,thimlich-ohinga,thimlich-ohinga,thimlich ohinga,false,,medium,Legacy WordPress tag archive can redirect to React search filtered by tag.,Thimlich Ohinga | WAKILISHA
/tag/things-fall-apart/,/search?tag=things%20fall%20apart,302,things-fall-apart,things-fall-apart,things fall apart,false,,medium,Legacy WordPress tag archive can redirect to React search filtered by tag.,Things Fall Apart | WAKILISHA
/tag/third-eye-simba/,/search?tag=third%20eye%20simba,302,third-eye-simba,third-eye-simba,third eye simba,false,,medium,Legacy WordPress tag archive can redirect to React search filtered by tag.,Third Eye Simba | WAKILISHA
/tag/thom-ogonga/,/search?tag=thom%20ogonga,302,thom-ogonga,thom-ogonga,thom ogonga,false,,medium,Legacy WordPress tag archive can redirect to React search filtered by tag.,Thom Ogonga | WAKILISHA
/tag/ticketsasa/,/search?tag=ticketsasa,302,ticketsasa,ticketsasa,ticketsasa,false,,medium,Legacy WordPress tag archive can redirect to React search filtered by tag.,Ticketsasa | WAKILISHA
/tag/tiktok/,/search?tag=tiktok,302,tiktok,tiktok,tiktok,false,,medium,Legacy WordPress tag archive can redirect to React search filtered by tag.,TikTok | WAKILISHA
/tag/tina-ardor/,/search?tag=tina%20ardor,302,tina-ardor,tina-ardor,tina ardor,false,,medium,Legacy WordPress tag archive can redirect to React search filtered by tag.,Tina Ardor | WAKILISHA
/tag/tipsy-gee/,/search?tag=tipsy%20gee,302,tipsy-gee,tipsy-gee,tipsy gee,false,,medium,Legacy WordPress tag archive can redirect to React search filtered by tag.,Tipsy Gee | WAKILISHA
/tag/tokyonite/,/search?tag=tokyonite,302,tokyonite,tokyonite,tokyonite,false,,medium,Legacy WordPress tag archive can redirect to React search filtered by tag.,Tokyonite | WAKILISHA
/tag/tom-misch/,/search?tag=tom%20misch,302,tom-misch,tom-misch,tom misch,false,,medium,Legacy WordPress tag archive can redirect to React search filtered by tag.,Tom Misch | WAKILISHA
/tag/tony-njuguna/,/search?tag=tony%20njuguna,302,tony-njuguna,tony-njuguna,tony njuguna,false,,medium,Legacy WordPress tag archive can redirect to React search filtered by tag.,Tony Njuguna | WAKILISHA
/tag/too-early-for-birds/,/search?tag=too%20early%20for%20birds,302,too-early-for-birds,too-early-for-birds,too early for birds,false,,medium,Legacy WordPress tag archive can redirect to React search filtered by tag.,Too Early for Birds | WAKILISHA
/tag/toxic-lyrikali/,/search?tag=toxic%20lyrikali,302,toxic-lyrikali,toxic-lyrikali,toxic lyrikali,false,,medium,Legacy WordPress tag archive can redirect to React search filtered by tag.,Toxic Lyrikali | WAKILISHA
/tag/trends/,/search?tag=trends,302,trends,trends,trends,false,,medium,Legacy WordPress tag archive can redirect to React search filtered by tag.,Trends | WAKILISHA
/tag/tricks-hr/,/search?tag=tricks%20hr,302,tricks-hr,tricks-hr,tricks hr,false,,medium,Legacy WordPress tag archive can redirect to React search filtered by tag.,Tricks Hr | WAKILISHA
/tag/trio-mio/,/search?tag=trio%20mio,302,trio-mio,trio-mio,trio mio,false,,medium,Legacy WordPress tag archive can redirect to React search filtered by tag.,Trio Mio | WAKILISHA
/tag/trio-mio/page/2/,/search?tag=trio%20mio,302,trio-mio,trio-mio,trio mio,true,2,medium,Paginated WordPress tag archive should collapse to canonical tag search during cutover.,Trio Mio | WAKILISHA
/tag/trip/,/search?tag=trip,302,trip,trip,trip,false,,medium,Legacy WordPress tag archive can redirect to React search filtered by tag.,Trip | WAKILISHA
/tag/troy-onyango/,/search?tag=troy%20onyango,302,troy-onyango,troy-onyango,troy onyango,false,,medium,Legacy WordPress tag archive can redirect to React search filtered by tag.,Troy Onyango | WAKILISHA
/tag/truth/,/search?tag=truth,302,truth,truth,truth,false,,medium,Legacy WordPress tag archive can redirect to React search filtered by tag.,Truth | WAKILISHA
/tag/tuku-kantu/,/search?tag=tuku%20kantu,302,tuku-kantu,tuku-kantu,tuku kantu,false,,medium,Legacy WordPress tag archive can redirect to React search filtered by tag.,Tuku Kantu | WAKILISHA
/tag/tunedem-band/,/search?tag=tunedem%20band,302,tunedem-band,tunedem-band,tunedem band,false,,medium,Legacy WordPress tag archive can redirect to React search filtered by tag.,Tunedem Band | WAKILISHA
/tag/tunemymusic/,/search?tag=tunemymusic,302,tunemymusic,tunemymusic,tunemymusic,false,,medium,Legacy WordPress tag archive can redirect to React search filtered by tag.,TuneMyMusic | WAKILISHA
/tag/tyso/,/search?tag=tyso,302,tyso,tyso,tyso,false,,medium,Legacy WordPress tag archive can redirect to React search filtered by tag.,Tyso | WAKILISHA
/tag/udelele/,/search?tag=udelele,302,udelele,udelele,udelele,false,,medium,Legacy WordPress tag archive can redirect to React search filtered by tag.,Udelele | WAKILISHA
/tag/uganda/,/search?tag=uganda,302,uganda,uganda,uganda,false,,medium,Legacy WordPress tag archive can redirect to React search filtered by tag.,Uganda | WAKILISHA
/tag/uhuru-b/,/search?tag=uhuru%20b,302,uhuru-b,uhuru-b,uhuru b,false,,medium,Legacy WordPress tag archive can redirect to React search filtered by tag.,Uhuru B | WAKILISHA
/tag/uhuru-gardens-national-monument/,/search?tag=uhuru%20gardens%20national%20monument,302,uhuru-gardens-national-monument,uhuru-gardens-national-monument,uhuru gardens national monument,false,,medium,Legacy WordPress tag archive can redirect to React search filtered by tag.,Uhuru Gardens National Monument | WAKILISHA
/tag/ukweli/,/search?tag=ukweli,302,ukweli,ukweli,ukweli,false,,medium,Legacy WordPress tag archive can redirect to React search filtered by tag.,Ukweli | WAKILISHA
/tag/umoja-sounds/,/search?tag=umoja%20sounds,302,umoja-sounds,umoja-sounds,umoja sounds,false,,medium,Legacy WordPress tag archive can redirect to React search filtered by tag.,Umoja Sounds | WAKILISHA
/tag/unco-jingjong/,/search?tag=unco%20jingjong,302,unco-jingjong,unco-jingjong,unco jingjong,false,,medium,Legacy WordPress tag archive can redirect to React search filtered by tag.,Unco Jingjong | WAKILISHA
/tag/uncojingjong/,/search?tag=uncojingjong,302,uncojingjong,uncojingjong,uncojingjong,false,,medium,Legacy WordPress tag archive can redirect to React search filtered by tag.,Uncojingjong | WAKILISHA
/tag/unintentional/,/search?tag=unintentional,302,unintentional,unintentional,unintentional,false,,medium,Legacy WordPress tag archive can redirect to React search filtered by tag.,Unintentional | WAKILISHA
/tag/united-nations/,/search?tag=united%20nations,302,united-nations,united-nations,united nations,false,,medium,Legacy WordPress tag archive can redirect to React search filtered by tag.,United Nations | WAKILISHA
/tag/universal-music-group/,/search?tag=universal%20music%20group,302,universal-music-group,universal-music-group,universal music group,false,,medium,Legacy WordPress tag archive can redirect to React search filtered by tag.,Universal Music Group | WAKILISHA
/tag/unseen-nairobi/,/search?tag=unseen%20nairobi,302,unseen-nairobi,unseen-nairobi,unseen nairobi,false,,medium,Legacy WordPress tag archive can redirect to React search filtered by tag.,Unseen Nairobi | WAKILISHA
/tag/unspoken-salaton/,/search?tag=unspoken%20salaton,302,unspoken-salaton,unspoken-salaton,unspoken salaton,false,,medium,Legacy WordPress tag archive can redirect to React search filtered by tag.,Unspoken Salaton | WAKILISHA
/tag/usain-bolt/,/search?tag=usain%20bolt,302,usain-bolt,usain-bolt,usain bolt,false,,medium,Legacy WordPress tag archive can redirect to React search filtered by tag.,Usain Bolt | WAKILISHA
/tag/utalii-lane/,/search?tag=utalii%20lane,302,utalii-lane,utalii-lane,utalii lane,false,,medium,Legacy WordPress tag archive can redirect to React search filtered by tag.,Utalii Lane | WAKILISHA
/tag/vdj-jones/,/search?tag=vdj%20jones,302,vdj-jones,vdj-jones,vdj jones,false,,medium,Legacy WordPress tag archive can redirect to React search filtered by tag.,Vdj Jones | WAKILISHA
/tag/venice-biennale/,/search?tag=venice%20biennale,302,venice-biennale,venice-biennale,venice biennale,false,,medium,Legacy WordPress tag archive can redirect to React search filtered by tag.,Venice Biennale | WAKILISHA
/tag/vernacular-pop/,/search?tag=vernacular%20pop,302,vernacular-pop,vernacular-pop,vernacular pop,false,,medium,Legacy WordPress tag archive can redirect to React search filtered by tag.,Vernacular Pop | WAKILISHA
/tag/viberate/,/search?tag=viberate,302,viberate,viberate,viberate,false,,medium,Legacy WordPress tag archive can redirect to React search filtered by tag.,Viberate | WAKILISHA
/tag/victoria-kimani/,/search?tag=victoria%20kimani,302,victoria-kimani,victoria-kimani,victoria kimani,false,,medium,Legacy WordPress tag archive can redirect to React search filtered by tag.,Victoria Kimani | WAKILISHA
/tag/vinc-on-the-beat/,/search?tag=vinc%20on%20the%20beat,302,vinc-on-the-beat,vinc-on-the-beat,vinc on the beat,false,,medium,Legacy WordPress tag archive can redirect to React search filtered by tag.,Vinc On The Beat | WAKILISHA
/tag/vinyl-records/,/search?tag=vinyl%20records,302,vinyl-records,vinyl-records,vinyl records,false,,medium,Legacy WordPress tag archive can redirect to React search filtered by tag.,Vinyl Records | WAKILISHA
/tag/virtual-reality/,/search?tag=virtual%20reality,302,virtual-reality,virtual-reality,virtual reality,false,,medium,Legacy WordPress tag archive can redirect to React search filtered by tag.,Virtual Reality | WAKILISHA
/tag/vision-2030/,/search?tag=vision%202030,302,vision-2030,vision-2030,vision 2030,false,,medium,Legacy WordPress tag archive can redirect to React search filtered by tag.,Vision 2030 | WAKILISHA
/tag/visual-trends/,/search?tag=visual%20trends,302,visual-trends,visual-trends,visual trends,false,,medium,Legacy WordPress tag archive can redirect to React search filtered by tag.,Visual Trends | WAKILISHA
/tag/visualizer/,/search?tag=visualizer,302,visualizer,visualizer,visualizer,false,,medium,Legacy WordPress tag archive can redirect to React search filtered by tag.,Visualizer | WAKILISHA
/tag/volume/,/search?tag=volume,302,volume,volume,volume,false,,medium,Legacy WordPress tag archive can redirect to React search filtered by tag.,Volume | WAKILISHA
/tag/wadagliz/,/search?tag=wadagliz,302,wadagliz,wadagliz,wadagliz,false,,medium,Legacy WordPress tag archive can redirect to React search filtered by tag.,Wadagliz | WAKILISHA
/tag/wajesus-family/,/search?tag=wajesus%20family,302,wajesus-family,wajesus-family,wajesus family,false,,medium,Legacy WordPress tag archive can redirect to React search filtered by tag.,Wajesus Family | WAKILISHA
/tag/wakadinali-cinematic-universe/,/search?tag=wakadinali%20cinematic%20universe,302,wakadinali-cinematic-universe,wakadinali-cinematic-universe,wakadinali cinematic universe,false,,medium,Legacy WordPress tag archive can redirect to React search filtered by tag.,Wakadinali Cinematic Universe | WAKILISHA
/tag/wakadinali/,/search?tag=wakadinali,302,wakadinali,wakadinali,wakadinali,false,,medium,Legacy WordPress tag archive can redirect to React search filtered by tag.,Wakadinali | WAKILISHA
/tag/wakadinali/page/2/,/search?tag=wakadinali,302,wakadinali,wakadinali,wakadinali,true,2,medium,Paginated WordPress tag archive should collapse to canonical tag search during cutover.,Wakadinali | WAKILISHA
/tag/walker-town/,/search?tag=walker%20town,302,walker-town,walker-town,walker town,false,,medium,Legacy WordPress tag archive can redirect to React search filtered by tag.,Walker Town | WAKILISHA
/tag/wanavokali/,/search?tag=wanavokali,302,wanavokali,wanavokali,wanavokali,false,,medium,Legacy WordPress tag archive can redirect to React search filtered by tag.,Wanavokali | WAKILISHA
/tag/wangechi-mutu/,/search?tag=wangechi%20mutu,302,wangechi-mutu,wangechi-mutu,wangechi mutu,false,,medium,Legacy WordPress tag archive can redirect to React search filtered by tag.,Wangechi Mutu | WAKILISHA
/tag/wangechi/,/search?tag=wangechi,302,wangechi,wangechi,wangechi,false,,medium,Legacy WordPress tag archive can redirect to React search filtered by tag.,Wangechi | WAKILISHA
/tag/wanja-kimani/,/search?tag=wanja%20kimani,302,wanja-kimani,wanja-kimani,wanja kimani,false,,medium,Legacy WordPress tag archive can redirect to React search filtered by tag.,Wanja Kimani | WAKILISHA
/tag/wanja-wohoro/,/search?tag=wanja%20wohoro,302,wanja-wohoro,wanja-wohoro,wanja wohoro,false,,medium,Legacy WordPress tag archive can redirect to React search filtered by tag.,Wanja Wohoro | WAKILISHA
/tag/wanjine/,/search?tag=wanjine,302,wanjine,wanjine,wanjine,false,,medium,Legacy WordPress tag archive can redirect to React search filtered by tag.,Wanjine | WAKILISHA
/tag/wanuri-kahiu/,/search?tag=wanuri%20kahiu,302,wanuri-kahiu,wanuri-kahiu,wanuri kahiu,false,,medium,Legacy WordPress tag archive can redirect to React search filtered by tag.,Wanuri Kahiu | WAKILISHA
/tag/wapi/,/search?tag=wapi,302,wapi,wapi,wapi,false,,medium,Legacy WordPress tag archive can redirect to React search filtered by tag.,WaPi | WAKILISHA
/tag/warner-music-group/,/search?tag=warner%20music%20group,302,warner-music-group,warner-music-group,warner music group,false,,medium,Legacy WordPress tag archive can redirect to React search filtered by tag.,Warner Music Group | WAKILISHA
/tag/watendawili/,/search?tag=watendawili,302,watendawili,watendawili,watendawili,false,,medium,Legacy WordPress tag archive can redirect to React search filtered by tag.,Watendawili | WAKILISHA
/tag/water/,/search?tag=water,302,water,water,water,false,,medium,Legacy WordPress tag archive can redirect to React search filtered by tag.,Water | WAKILISHA
/tag/watu-fresh/,/search?tag=watu%20fresh,302,watu-fresh,watu-fresh,watu fresh,false,,medium,Legacy WordPress tag archive can redirect to React search filtered by tag.,Watu Fresh | WAKILISHA
/tag/wcu/,/search?tag=wcu,302,wcu,wcu,wcu,false,,medium,Legacy WordPress tag archive can redirect to React search filtered by tag.,WCU | WAKILISHA
/tag/we-are-nubia/,/search?tag=we%20are%20nubia,302,we-are-nubia,we-are-nubia,we are nubia,false,,medium,Legacy WordPress tag archive can redirect to React search filtered by tag.,We are Nubia | WAKILISHA
/tag/weep-not/,/search?tag=weep%20not,302,weep-not,weep-not,weep not,false,,medium,Legacy WordPress tag archive can redirect to React search filtered by tag.,Weep Not | WAKILISHA
/tag/wellness/,/search?tag=wellness,302,wellness,wellness,wellness,false,,medium,Legacy WordPress tag archive can redirect to React search filtered by tag.,Wellness | WAKILISHA
/tag/wendy-kay/,/search?tag=wendy%20kay,302,wendy-kay,wendy-kay,wendy kay,false,,medium,Legacy WordPress tag archive can redirect to React search filtered by tag.,Wendy Kay | WAKILISHA
/tag/where-the-river-divides/,/search?tag=where%20the%20river%20divides,302,where-the-river-divides,where-the-river-divides,where the river divides,false,,medium,Legacy WordPress tag archive can redirect to React search filtered by tag.,Where The River Divides | WAKILISHA
/tag/whizbi-music/,/search?tag=whizbi%20music,302,whizbi-music,whizbi-music,whizbi music,false,,medium,Legacy WordPress tag archive can redirect to React search filtered by tag.,Whizbi Music | WAKILISHA
/tag/wicky-mosh/,/search?tag=wicky%20mosh,302,wicky-mosh,wicky-mosh,wicky mosh,false,,medium,Legacy WordPress tag archive can redirect to React search filtered by tag.,Wicky Mosh | WAKILISHA
/tag/william-ruto/,/search?tag=william%20ruto,302,william-ruto,william-ruto,william ruto,false,,medium,Legacy WordPress tag archive can redirect to React search filtered by tag.,William Ruto | WAKILISHA
/tag/willy-paul/,/search?tag=willy%20paul,302,willy-paul,willy-paul,willy paul,false,,medium,Legacy WordPress tag archive can redirect to React search filtered by tag.,Willy Paul | WAKILISHA
/tag/wise-two/,/search?tag=wise%20two,302,wise-two,wise-two,wise two,false,,medium,Legacy WordPress tag archive can redirect to React search filtered by tag.,Wise Two | WAKILISHA
/tag/wizkid/,/search?tag=wizkid,302,wizkid,wizkid,wizkid,false,,medium,Legacy WordPress tag archive can redirect to React search filtered by tag.,Wizkid | WAKILISHA
/tag/work-life/,/search?tag=work%20life,302,work-life,work-life,work life,false,,medium,Legacy WordPress tag archive can redirect to React search filtered by tag.,Work life | WAKILISHA
/tag/workplaces/,/search?tag=workplaces,302,workplaces,workplaces,workplaces,false,,medium,Legacy WordPress tag archive can redirect to React search filtered by tag.,Workplaces | WAKILISHA
/tag/wyre/,/search?tag=wyre,302,wyre,wyre,wyre,false,,medium,Legacy WordPress tag archive can redirect to React search filtered by tag.,Wyre | WAKILISHA
/tag/xenia-manasseh/,/search?tag=xenia%20manasseh,302,xenia-manasseh,xenia-manasseh,xenia manasseh,false,,medium,Legacy WordPress tag archive can redirect to React search filtered by tag.,Xenia Manasseh | WAKILISHA
/tag/xenia-manasseh/page/2/,/search?tag=xenia%20manasseh,302,xenia-manasseh,xenia-manasseh,xenia manasseh,true,2,medium,Paginated WordPress tag archive should collapse to canonical tag search during cutover.,Xenia Manasseh | WAKILISHA
/tag/ybw-smith/,/search?tag=ybw%20smith,302,ybw-smith,ybw-smith,ybw smith,false,,medium,Legacy WordPress tag archive can redirect to React search filtered by tag.,YBW Smith | WAKILISHA
/tag/you-again/,/search?tag=you%20again,302,you-again,you-again,you again,false,,medium,Legacy WordPress tag archive can redirect to React search filtered by tag.,You Again | WAKILISHA
/tag/youtube/,/search?tag=youtube,302,youtube,youtube,youtube,false,,medium,Legacy WordPress tag archive can redirect to React search filtered by tag.,YouTube | WAKILISHA
/tag/yussef-dayes/,/search?tag=yussef%20dayes,302,yussef-dayes,yussef-dayes,yussef dayes,false,,medium,Legacy WordPress tag archive can redirect to React search filtered by tag.,Yussef Dayes | WAKILISHA
/tag/yvonne-adhiambo-owuor/,/search?tag=yvonne%20adhiambo%20owuor,302,yvonne-adhiambo-owuor,yvonne-adhiambo-owuor,yvonne adhiambo owuor,false,,medium,Legacy WordPress tag archive can redirect to React search filtered by tag.,Yvonne Adhiambo Owuor | WAKILISHA
/tag/ywaya-tajiri/,/search?tag=ywaya%20tajiri,302,ywaya-tajiri,ywaya-tajiri,ywaya tajiri,false,,medium,Legacy WordPress tag archive can redirect to React search filtered by tag.,Ywaya Tajiri | WAKILISHA
/tag/yy-comedian/,/search?tag=yy%20comedian,302,yy-comedian,yy-comedian,yy comedian,false,,medium,Legacy WordPress tag archive can redirect to React search filtered by tag.,YY Comedian | WAKILISHA
/tag/zaituni-wambui/,/search?tag=zaituni%20wambui,302,zaituni-wambui,zaituni-wambui,zaituni wambui,false,,medium,Legacy WordPress tag archive can redirect to React search filtered by tag.,Zaituni Wambui | WAKILISHA
/tag/zaituni/,/search?tag=zaituni,302,zaituni,zaituni,zaituni,false,,medium,Legacy WordPress tag archive can redirect to React search filtered by tag.,Zaituni | WAKILISHA
/tag/zerb/,/search?tag=zerb,302,zerb,zerb,zerb,false,,medium,Legacy WordPress tag archive can redirect to React search filtered by tag.,Zerb | WAKILISHA
/tag/zikki/,/search?tag=zikki,302,zikki,zikki,zikki,false,,medium,Legacy WordPress tag archive can redirect to React search filtered by tag.,Zikki | WAKILISHA
/tag/zilla/,/search?tag=zilla,302,zilla,zilla,zilla,false,,medium,Legacy WordPress tag archive can redirect to React search filtered by tag.,Zilla | WAKILISHA
/tag/ziller-bas/,/search?tag=ziller%20bas,302,ziller-bas,ziller-bas,ziller bas,false,,medium,Legacy WordPress tag archive can redirect to React search filtered by tag.,Ziller Bas | WAKILISHA
/tag/zowie-kengocha/,/search?tag=zowie%20kengocha,302,zowie-kengocha,zowie-kengocha,zowie kengocha,false,,medium,Legacy WordPress tag archive can redirect to React search filtered by tag.,Zowie Kengocha | WAKILISHA
/tag/zukiswa-wanner/,/search?tag=zukiswa%20wanner,302,zukiswa-wanner,zukiswa-wanner,zukiswa wanner,false,,medium,Legacy WordPress tag archive can redirect to React search filtered by tag.,Zukiswa Wanner | WAKILISHA
/tag/zzero-sufuri/,/search?tag=zzero%20sufuri,302,zzero-sufuri,zzero-sufuri,zzero sufuri,false,,medium,Legacy WordPress tag archive can redirect to React search filtered by tag.,Zzero Sufuri | WAKILISHA
