legacyPath,legacyStatus,auditClassification,cutoverDecision,targetPath,confidence,title,notes
/,200,preserve_or_map,native_react_route,/,high,Magazine | WAKILISHA,Exact route exists in current React prerender output.
/10-contemporary-kenyan-artists-you-should-know/,200,preserve_or_map,redirect_to_react_route,/magazine/10-contemporary-kenyan-artists-you-should-know,high,10 Contemporary Kenyan Artists You Should Know | WAKILISHA,Legacy article/page slug has a matching React magazine route.
/10-kenyan-authors-you-should-read/,200,preserve_or_map,redirect_to_react_route,/magazine/10-kenyan-authors-you-should-read,high,10 Kenyan Authors You Should Read | WAKILISHA,Legacy article/page slug has a matching React magazine route.
/10-places-in-nairobi-to-explore-art-music-and-design/,200,preserve_or_map,redirect_to_react_route,/magazine/10-places-in-nairobi-to-explore-art-music-and-design,high,"10 Places in Nairobi to Explore Art, Music and Design | WAKILISHA",Legacy article/page slug has a matching React magazine route.
/15-fatoumata-diawara-songs/,200,preserve_or_map,redirect_to_react_route,/magazine/15-fatoumata-diawara-songs,high,15 Fatoumata Diawara Songs to Improve Your Week | WAKILISHA,Legacy article/page slug has a matching React magazine route.
/15-fatoumata-diawara-songs/feed/,200,asset_or_non_html,ignore_for_html_cutover,,high,,Not an HTML content route for React cutover.
/15-things-to-do-home-5-months/,200,preserve_or_map,redirect_to_react_route,/magazine/15-things-to-do-home-5-months,high,15 Things To Do At Home When Life is Disrupted for 5 Months | WAKILISHA,Legacy article/page slug has a matching React magazine route.
/2021-visual-trends/,200,preserve_or_map,redirect_to_react_route,/magazine/2021-visual-trends,high,2021 Visual Trends | WAKILISHA,Legacy article/page slug has a matching React magazine route.
/2022-nyege-nyege-festival-officially-announced/,200,preserve_or_map,redirect_to_react_route,/magazine/2022-nyege-nyege-festival-officially-announced,high,2022 Nyege Nyege Festival Officially Announced | WAKILISHA,Legacy article/page slug has a matching React magazine route.
/2023-trends-to-take-note-of/,200,preserve_or_map,redirect_to_react_route,/magazine/2023-trends-to-take-note-of,high,2023 Trends to Take Note of | WAKILISHA,Legacy article/page slug has a matching React magazine route.
/4-tips-for-diversifying-your-diet-on-a-budget/,200,preserve_or_map,redirect_to_react_route,/magazine/4-tips-for-diversifying-your-diet-on-a-budget,high,4 Tips for Diversifying your Diet on a Budget | WAKILISHA,Legacy article/page slug has a matching React magazine route.
/5-cultural-destinations-worth-visiting-in-nairobi/,200,preserve_or_map,redirect_to_react_route,/magazine/5-cultural-destinations-worth-visiting-in-nairobi,high,5 Cultural Destinations Worth Visiting In Nairobi | WAKILISHA,Legacy article/page slug has a matching React magazine route.
/5-golden-rules-of-traversing-downtown-nairobi-ft-melodica-music-store/,200,preserve_or_map,redirect_to_react_route,/magazine/5-golden-rules-of-traversing-downtown-nairobi-ft-melodica-music-store,high,"The 5 Golden Rules of Traversing Downtown Nairobi, Featuring Melodica Music Stores | WAKILISHA",Legacy article/page slug has a matching React magazine route.
/5-ideas-to-make-christmas-2020-better/,200,preserve_or_map,redirect_to_react_route,/magazine/5-ideas-to-make-christmas-2020-better,high,5 Ideas to Make Christmas in Isolation Better | WAKILISHA,Legacy article/page slug has a matching React magazine route.
/5-kenyan-artists-to-follow/,200,preserve_or_map,redirect_to_react_route,/magazine/5-kenyan-artists-to-follow,high,5 Kenyan Artists to Follow | WAKILISHA,Legacy article/page slug has a matching React magazine route.
/5-kenyan-artists-to-look-out-for-in-2025/,200,preserve_or_map,redirect_to_react_route,/magazine/5-kenyan-artists-to-look-out-for-in-2025,high,5 Kenyan Artists To Look Out For In 2025 | WAKILISHA,Legacy article/page slug has a matching React magazine route.
/5-kenyan-music-events-you-should-attend-at-least-once/,200,preserve_or_map,redirect_to_react_route,/magazine/5-kenyan-music-events-you-should-attend-at-least-once,high,5 Kenyan Music Events You Should Attend At Least Once | WAKILISHA,Legacy article/page slug has a matching React magazine route.
/5-kenyan-music-podcasts-you-should-listen-to/,200,preserve_or_map,redirect_to_react_route,/magazine/5-kenyan-music-podcasts-you-should-listen-to,high,5 Kenyan Music Podcasts You Should Listen To | WAKILISHA,Legacy article/page slug has a matching React magazine route.
/5-reasons-why-you-should-wear-a-mask/,200,preserve_or_map,redirect_to_react_route,/magazine/5-reasons-why-you-should-wear-a-mask,high,5 Reasons Why You Should Wear A Mask | WAKILISHA,Legacy article/page slug has a matching React magazine route.
/8-kenyan-artists-making-waves-in-2021/,200,preserve_or_map,redirect_to_react_route,/magazine/8-kenyan-artists-making-waves-in-2021,high,8 Kenyan Artists Making Waves in 2021 | WAKILISHA,Legacy article/page slug has a matching React magazine route.
/a-bad-memory-recorder-practice-and-female-friendships/,200,preserve_or_map,redirect_to_react_route,/magazine/a-bad-memory-recorder-practice-and-female-friendships,high,"A bad memory, recorder practice, and female friendships | WAKILISHA",Legacy article/page slug has a matching React magazine route.
/about/,200,preserve_or_map,native_react_route,/about,high,About | WAKILISHA,Exact route exists in current React prerender output.
/account/,200,preserve_or_map,manual_review,/account,medium,Account | WAKILISHA,Known legacy static/account route needs explicit React route or redirect decision.
/acumen-and-dominion-why-wakadinali-only-sit-in-the-cockpit-of-entertainment/,200,preserve_or_map,redirect_to_react_route,/magazine/acumen-and-dominion-why-wakadinali-only-sit-in-the-cockpit-of-entertainment,high,Acumen and Dominion: Why Wakadinali only sit in the cockpit of entertainment | WAKILISHA,Legacy article/page slug has a matching React magazine route.
/admin/,404,legacy_404,intentional_404,,high,Oh no! The page you want is still being created. You could wait here till it&#039;s done or you can do something else… |…,Already 404 on legacy site. Preserve as intentional 404 unless product decides otherwise.
/affordable-art-show-2023/,200,preserve_or_map,redirect_to_react_route,/magazine/affordable-art-show-2023,high,The 2023 Affordable Art Show Promises You More Art | WAKILISHA,Legacy article/page slug has a matching React magazine route.
/african-renaissance-through-music-part-ii/,200,preserve_or_map,redirect_to_react_route,/magazine/african-renaissance-through-music-part-ii,high,African Renaissance Through Music – Part II | WAKILISHA,Legacy article/page slug has a matching React magazine route.
/african-renaissance-through-music/,200,preserve_or_map,redirect_to_react_route,/magazine/african-renaissance-through-music,high,African Renaissance Through Music – Part I | WAKILISHA,Legacy article/page slug has a matching React magazine route.
/africas-online-gossip-enterprise-and-its-place-in-the-entertainment-industry/,200,preserve_or_map,redirect_to_react_route,/magazine/africas-online-gossip-enterprise-and-its-place-in-the-entertainment-industry,high,Africa&#039;s Online Gossip Enterprise and its Role in the Entertainment Industry | WAKILISHA,Legacy article/page slug has a matching React magazine route.
/ai-could-take-my-job-and-maybe-thats-a-good-thing/,200,preserve_or_map,redirect_to_react_route,/magazine/ai-could-take-my-job-and-maybe-thats-a-good-thing,high,AI Could Take My Job and Maybe That&#039;s a Good Thing | WAKILISHA,Legacy article/page slug has a matching React magazine route.
/ai-for-all/,200,preserve_or_map,redirect_to_react_route,/magazine/ai-for-all,high,AI For All | WAKILISHA,Legacy article/page slug has a matching React magazine route.
/album-review-58-flava-by-buruklyn-boyz/,200,preserve_or_map,redirect_to_react_route,/magazine/album-review-58-flava-by-buruklyn-boyz,high,Album Review: 58 Flava by Buruklyn Boyz | WAKILISHA,Legacy article/page slug has a matching React magazine route.
/album-review-alusa-why-are-you-topless/,200,preserve_or_map,redirect_to_react_route,/magazine/album-review-alusa-why-are-you-topless,high,Album Review: Alusa Why Are You Topless? | WAKILISHA,Legacy article/page slug has a matching React magazine route.
/album-review-alusa-why-are-you-topless/feed/,200,asset_or_non_html,ignore_for_html_cutover,,high,,Not an HTML content route for React cutover.
/album-review-dusk-to-dawn-by-serro/,200,preserve_or_map,redirect_to_react_route,/magazine/album-review-dusk-to-dawn-by-serro,high,Album Review: Dusk to Dawn by Serro | WAKILISHA,Legacy article/page slug has a matching React magazine route.
/album-review-labor-of-love-zaituni-wambui/,200,preserve_or_map,redirect_to_react_route,/magazine/album-review-labor-of-love-zaituni-wambui,high,Album Review: Labor of Love by Zaituni Wambui | WAKILISHA,Legacy article/page slug has a matching React magazine route.
/album-review-love-hate-pt-1/,200,preserve_or_map,redirect_to_react_route,/magazine/album-review-love-hate-pt-1,high,Album Review: Love / Hate Pt. 1 | WAKILISHA,Legacy article/page slug has a matching React magazine route.
/album-review-love-letters-3-by-caleb-awiti/,200,preserve_or_map,redirect_to_react_route,/magazine/album-review-love-letters-3-by-caleb-awiti,high,Album Review: Love Letters 3 by Caleb Awiti | WAKILISHA,Legacy article/page slug has a matching React magazine route.
/album-review-mauru-unit/,200,preserve_or_map,redirect_to_react_route,/magazine/album-review-mauru-unit,high,Album Review: Mauru Unit | WAKILISHA,Legacy article/page slug has a matching React magazine route.
/album-review-maybe-ii-by-xenia-manasseh-and-ukweli/,200,preserve_or_map,redirect_to_react_route,/magazine/album-review-maybe-ii-by-xenia-manasseh-and-ukweli,high,Album Review: Maybe II by Xenia Manasseh and Ukweli | WAKILISHA,Legacy article/page slug has a matching React magazine route.
/album-review-mtoto-wa-khadija-by-mejja/,200,preserve_or_map,redirect_to_react_route,/magazine/album-review-mtoto-wa-khadija-by-mejja,high,Album Review: Mtoto wa Khadija by Mejja | WAKILISHA,Legacy article/page slug has a matching React magazine route.
/album-review-now-its-experience-talking-blinky-bill-muthoni-drummer-queen/,200,preserve_or_map,redirect_to_react_route,/magazine/album-review-now-its-experience-talking-blinky-bill-muthoni-drummer-queen,high,Album Review: Now It&#039;s Experience Talking by Blinky Bill and Muthoni Drummer Queen | WAKILISHA,Legacy article/page slug has a matching React magazine route.
/album-review-sumbua-by-lil-maina/,200,preserve_or_map,redirect_to_react_route,/magazine/album-review-sumbua-by-lil-maina,high,Album Review: Sumbua by Lil Maina | WAKILISHA,Legacy article/page slug has a matching React magazine route.
/album-review-sumbua-by-lil-maina/feed/,200,asset_or_non_html,ignore_for_html_cutover,,high,,Not an HTML content route for React cutover.
/album-review-sweetest-time-by-maya-amolo/,200,preserve_or_map,redirect_to_react_route,/magazine/album-review-sweetest-time-by-maya-amolo,high,Album Review: Sweetest Time by Maya Amolo | WAKILISHA,Legacy article/page slug has a matching React magazine route.
/album-review-the-lion-of-sudah/,200,preserve_or_map,redirect_to_react_route,/magazine/album-review-the-lion-of-sudah,high,Album Review: The Lion Of Sudah | WAKILISHA,Legacy article/page slug has a matching React magazine route.
/album-review-time2023-by-h_art-the-band/,200,preserve_or_map,redirect_to_react_route,/magazine/album-review-time2023-by-h_art-the-band,high,Album Review: Time(2023) by H_art the Band | WAKILISHA,Legacy article/page slug has a matching React magazine route.
/album-review-victims-of-madness-2-0/,200,preserve_or_map,redirect_to_react_route,/magazine/album-review-victims-of-madness-2-0,high,Album Review: Victims of Madness 2.0 | WAKILISHA,Legacy article/page slug has a matching React magazine route.
/album-review-we-dont-need-money-to-be-rich-by-mutoriah/,200,preserve_or_map,redirect_to_react_route,/magazine/album-review-we-dont-need-money-to-be-rich-by-mutoriah,high,Album Review: We Don&#039;t Need Money To Be Rich by Mutoriah | WAKILISHA,Legacy article/page slug has a matching React magazine route.
/album-reviews/,200,preserve_or_map,manual_review,/magazine,low,Album Reviews | WAKILISHA,"Legacy WordPress section/archive route. Decide whether to rebuild the archive, redirect to a React section, or intentionally retire it."
/all-that-glitters/,200,preserve_or_map,redirect_to_react_route,/magazine/all-that-glitters,high,All that glitters | WAKILISHA,Legacy article/page slug has a matching React magazine route.
/anyango-mpinga-leading-the-way-for-kenyan-fashion-designers/,200,preserve_or_map,redirect_to_react_route,/magazine/anyango-mpinga-leading-the-way-for-kenyan-fashion-designers,high,Anyango Mpinga is leading the way for Kenyan fashion designers | WAKILISHA,Legacy article/page slug has a matching React magazine route.
/art-design/,200,preserve_or_map,manual_review,/magazine,low,Art &amp; Design | WAKILISHA,"Legacy WordPress section/archive route. Decide whether to rebuild the archive, redirect to a React section, or intentionally retire it."
/art-guide-mapping-nairobi-cultural-hotspots/,200,preserve_or_map,redirect_to_react_route,/magazine/art-guide-mapping-nairobi-cultural-hotspots,high,Art Guide: Mapping Nairobi&#039;s Cultural Hotspots | WAKILISHA,Legacy article/page slug has a matching React magazine route.
/art/,200,preserve_or_map,manual_review,/magazine,low,Art | WAKILISHA,"Legacy WordPress section/archive route. Decide whether to rebuild the archive, redirect to a React section, or intentionally retire it."
/artist/4mr-frank-white/,200,preserve_or_map,redirect_to_react_route,/artists/4mr-frank-white,high,4mr Frank White | WAKILISHA,Legacy singular /artist/ route should map to React plural /artists/ route.
/artist/ayrosh/,200,preserve_or_map,redirect_to_react_route,/artists/ayrosh,high,Ayrosh | WAKILISHA,Legacy singular /artist/ route should map to React plural /artists/ route.
/artist/ayub-ogada/,200,preserve_or_map,redirect_to_react_route,/artists/ayub-ogada,high,Ayub Ogada | WAKILISHA,Legacy singular /artist/ route should map to React plural /artists/ route.
/artist/bahati/,200,preserve_or_map,redirect_to_react_route,/artists/bahati,high,Bahati | WAKILISHA,Legacy singular /artist/ route should map to React plural /artists/ route.
/artist/bensoul/,200,preserve_or_map,redirect_to_react_route,/artists/bensoul,high,Bensoul | WAKILISHA,Legacy singular /artist/ route should map to React plural /artists/ route.
/artist/bien/,200,preserve_or_map,redirect_to_react_route,/artists/bien,high,Bien | WAKILISHA,Legacy singular /artist/ route should map to React plural /artists/ route.
/artist/big-nyagz/,200,preserve_or_map,redirect_to_react_route,/artists/big-nyagz,high,Big Nyagz | WAKILISHA,Legacy singular /artist/ route should map to React plural /artists/ route.
/artist/blinky-bill/,200,preserve_or_map,redirect_to_react_route,/artists/blinky-bill,high,Blinky Bill | WAKILISHA,Legacy singular /artist/ route should map to React plural /artists/ route.
/artist/boutross/,200,preserve_or_map,redirect_to_react_route,/artists/boutross,high,Boutross | WAKILISHA,Legacy singular /artist/ route should map to React plural /artists/ route.
/artist/brandy-maina/,200,preserve_or_map,redirect_to_react_route,/artists/brandy-maina,high,Brandy Maina | WAKILISHA,Legacy singular /artist/ route should map to React plural /artists/ route.
/artist/breeder-lw/,200,preserve_or_map,redirect_to_react_route,/artists/breeder-lw,high,Breeder LW | WAKILISHA,Legacy singular /artist/ route should map to React plural /artists/ route.
/artist/bridget-blue/,200,preserve_or_map,redirect_to_react_route,/artists/bridget-blue,high,Bridget Blue | WAKILISHA,Legacy singular /artist/ route should map to React plural /artists/ route.
/artist/buruklyn-boyz/,200,preserve_or_map,redirect_to_react_route,/artists/buruklyn-boyz,high,BURUKLYN BOYZ | WAKILISHA,Legacy singular /artist/ route should map to React plural /artists/ route.
/artist/caleb-awiti/,200,preserve_or_map,redirect_to_react_route,/artists/caleb-awiti,high,Caleb Awiti | WAKILISHA,Legacy singular /artist/ route should map to React plural /artists/ route.
/artist/charisma/,200,preserve_or_map,redirect_to_react_route,/artists/charisma,high,Charisma | WAKILISHA,Legacy singular /artist/ route should map to React plural /artists/ route.
/artist/chimano/,200,preserve_or_map,redirect_to_react_route,/artists/chimano,high,Chimano | WAKILISHA,Legacy singular /artist/ route should map to React plural /artists/ route.
/artist/chris-kaiga/,200,preserve_or_map,redirect_to_react_route,/artists/chris-kaiga,high,Chris Kaiga | WAKILISHA,Legacy singular /artist/ route should map to React plural /artists/ route.
/artist/ciano-maimba/,200,preserve_or_map,redirect_to_react_route,/artists/ciano-maimba,high,Ciano Maimba | WAKILISHA,Legacy singular /artist/ route should map to React plural /artists/ route.
/artist/coster-ojwang/,200,preserve_or_map,redirect_to_react_route,/artists/coster-ojwang,high,Coster Ojwang | WAKILISHA,Legacy singular /artist/ route should map to React plural /artists/ route.
/artist/dj-mura/,200,preserve_or_map,redirect_candidate,/artists/dj-mura,medium,DJ Mura | WAKILISHA,Legacy singular /artist/ route should map to React plural /artists/ route.
/artist/dyana-cods/,200,preserve_or_map,redirect_to_react_route,/artists/dyana-cods,high,Dyana Cods | WAKILISHA,Legacy singular /artist/ route should map to React plural /artists/ route.
/artist/e-sir/,200,preserve_or_map,redirect_to_react_route,/artists/e-sir,high,E-Sir | WAKILISHA,Legacy singular /artist/ route should map to React plural /artists/ route.
/artist/elani/,200,preserve_or_map,redirect_to_react_route,/artists/elani,high,Elani | WAKILISHA,Legacy singular /artist/ route should map to React plural /artists/ route.
/artist/elsy-wameyo/,200,preserve_or_map,redirect_to_react_route,/artists/elsy-wameyo,high,Elsy Wameyo | WAKILISHA,Legacy singular /artist/ route should map to React plural /artists/ route.
/artist/eric-wainaina/,200,preserve_or_map,redirect_to_react_route,/artists/eric-wainaina,high,Eric Wainaina | WAKILISHA,Legacy singular /artist/ route should map to React plural /artists/ route.
/artist/ethic/,200,preserve_or_map,redirect_to_react_route,/artists/ethic,high,ETHIC | WAKILISHA,Legacy singular /artist/ route should map to React plural /artists/ route.
/artist/exray-taniua/,200,preserve_or_map,redirect_to_react_route,/artists/exray-taniua,high,Exray Taniua | WAKILISHA,Legacy singular /artist/ route should map to React plural /artists/ route.
/artist/fancy-fingers/,200,preserve_or_map,redirect_to_react_route,/artists/fancy-fingers,high,Fancy Fingers | WAKILISHA,Legacy singular /artist/ route should map to React plural /artists/ route.
/artist/fathermoh/,200,preserve_or_map,redirect_to_react_route,/artists/fathermoh,high,Fathermoh | WAKILISHA,Legacy singular /artist/ route should map to React plural /artists/ route.
/artist/femi-one/,404,legacy_404,intentional_404,,high,404 Not Found,Already 404 on legacy site. Preserve as intentional 404 unless product decides otherwise.
/artist/fena-gitu/,200,preserve_or_map,redirect_to_react_route,/artists/fena-gitu,high,Fena Gitu | WAKILISHA,Legacy singular /artist/ route should map to React plural /artists/ route.
/artist/flier/,200,preserve_or_map,redirect_to_react_route,/artists/flier,high,Flier | WAKILISHA,Legacy singular /artist/ route should map to React plural /artists/ route.
/artist/genes1s/,200,preserve_or_map,redirect_to_react_route,/artists/genes1s,high,Genes1s | WAKILISHA,Legacy singular /artist/ route should map to React plural /artists/ route.
/artist/h_art-the-band/,200,preserve_or_map,redirect_to_react_route,/artists/h_art-the-band,high,H_art The Band | WAKILISHA,Legacy singular /artist/ route should map to React plural /artists/ route.
/artist/israel-onyach/,200,preserve_or_map,redirect_to_react_route,/artists/israel-onyach,high,Israel Onyach | WAKILISHA,Legacy singular /artist/ route should map to React plural /artists/ route.
/artist/iyanii/,200,preserve_or_map,redirect_to_react_route,/artists/iyanii,high,Iyanii | WAKILISHA,Legacy singular /artist/ route should map to React plural /artists/ route.
/artist/joefes/,200,preserve_or_map,redirect_to_react_route,/artists/joefes,high,Joefes | WAKILISHA,Legacy singular /artist/ route should map to React plural /artists/ route.
/artist/jua-cali/,200,preserve_or_map,redirect_to_react_route,/artists/jua-cali,high,Jua Cali | WAKILISHA,Legacy singular /artist/ route should map to React plural /artists/ route.
/artist/juliani/,200,preserve_or_map,redirect_to_react_route,/artists/juliani,high,Juliani | WAKILISHA,Legacy singular /artist/ route should map to React plural /artists/ route.
/artist/june-gachui/,200,preserve_or_map,redirect_to_react_route,/artists/june-gachui,high,June Gachui | WAKILISHA,Legacy singular /artist/ route should map to React plural /artists/ route.
/artist/just-a-band/,200,preserve_or_map,redirect_to_react_route,/artists/just-a-band,high,Just A Band | WAKILISHA,Legacy singular /artist/ route should map to React plural /artists/ route.
/artist/kaa-la-moto/,200,preserve_or_map,redirect_to_react_route,/artists/kaa-la-moto,high,Kaa La Moto | WAKILISHA,Legacy singular /artist/ route should map to React plural /artists/ route.
/artist/kagwe-mungai/,200,preserve_or_map,redirect_to_react_route,/artists/kagwe-mungai,high,Kagwe Mungai | WAKILISHA,Legacy singular /artist/ route should map to React plural /artists/ route.
/artist/kahush/,200,preserve_or_map,redirect_to_react_route,/artists/kahush,high,Kahu$h | WAKILISHA,Legacy singular /artist/ route should map to React plural /artists/ route.
/artist/kalamashaka/,200,preserve_or_map,redirect_to_react_route,/artists/kalamashaka,high,Kalamashaka | WAKILISHA,Legacy singular /artist/ route should map to React plural /artists/ route.
/artist/karura-voices/,200,preserve_or_map,redirect_to_react_route,/artists/karura-voices,high,Karura Voices | WAKILISHA,Legacy singular /artist/ route should map to React plural /artists/ route.
/artist/katapilla/,200,preserve_or_map,redirect_to_react_route,/artists/katapilla,high,Katapilla | WAKILISHA,Legacy singular /artist/ route should map to React plural /artists/ route.
/artist/kethan/,200,preserve_or_map,redirect_to_react_route,/artists/kethan,high,Kethan | WAKILISHA,Legacy singular /artist/ route should map to React plural /artists/ route.
/artist/khaligraph-jones/,200,preserve_or_map,redirect_to_react_route,/artists/khaligraph-jones,high,Khaligraph Jones | WAKILISHA,Legacy singular /artist/ route should map to React plural /artists/ route.
/artist/king-kaka/,200,preserve_or_map,redirect_to_react_route,/artists/king-kaka,high,King Kaka | WAKILISHA,Legacy singular /artist/ route should map to React plural /artists/ route.
/artist/kitu-sewer/,200,preserve_or_map,redirect_to_react_route,/artists/kitu-sewer,high,Kitu Sewer | WAKILISHA,Legacy singular /artist/ route should map to React plural /artists/ route.
/artist/kleptomaniax/,200,preserve_or_map,redirect_to_react_route,/artists/kleptomaniax,high,Kleptomaniax | WAKILISHA,Legacy singular /artist/ route should map to React plural /artists/ route.
/artist/kodong-klan/,404,legacy_404,intentional_404,,high,Oh no! The page you want is still being created. You could wait here till it&#039;s done or you can do something else… |…,Already 404 on legacy site. Preserve as intentional 404 unless product decides otherwise.
/artist/krg-the-don/,200,preserve_or_map,redirect_to_react_route,/artists/krg-the-don,high,Krg the Don | WAKILISHA,Legacy singular /artist/ route should map to React plural /artists/ route.
/artist/kushman/,200,preserve_or_map,redirect_to_react_route,/artists/kushman,high,Kushman | WAKILISHA,Legacy singular /artist/ route should map to React plural /artists/ route.
/artist/lil-maina/,200,preserve_or_map,redirect_to_react_route,/artists/lil-maina,high,Lil Maina | WAKILISHA,Legacy singular /artist/ route should map to React plural /artists/ route.
/artist/maandy/,200,preserve_or_map,redirect_to_react_route,/artists/maandy,high,Maandy | WAKILISHA,Legacy singular /artist/ route should map to React plural /artists/ route.
/artist/maovete/,200,preserve_or_map,redirect_to_react_route,/artists/maovete,high,Maovete | WAKILISHA,Legacy singular /artist/ route should map to React plural /artists/ route.
/artist/masauti/,200,preserve_or_map,redirect_to_react_route,/artists/masauti,high,Masauti | WAKILISHA,Legacy singular /artist/ route should map to React plural /artists/ route.
/artist/mastar-vk/,200,preserve_or_map,redirect_to_react_route,/artists/mastar-vk,high,Mastar VK | WAKILISHA,Legacy singular /artist/ route should map to React plural /artists/ route.
/artist/matata/,200,preserve_or_map,redirect_to_react_route,/artists/matata,high,Matata | WAKILISHA,Legacy singular /artist/ route should map to React plural /artists/ route.
/artist/matt-ngesa/,200,preserve_or_map,redirect_to_react_route,/artists/matt-ngesa,high,Matt Ngesa | WAKILISHA,Legacy singular /artist/ route should map to React plural /artists/ route.
/artist/mau-from-nowhere/,200,preserve_or_map,redirect_to_react_route,/artists/mau-from-nowhere,high,mau from nowhere | WAKILISHA,Legacy singular /artist/ route should map to React plural /artists/ route.
/artist/maya-amolo/,200,preserve_or_map,redirect_to_react_route,/artists/maya-amolo,high,Maya Amolo | WAKILISHA,Legacy singular /artist/ route should map to React plural /artists/ route.
/artist/mayonde/,200,preserve_or_map,redirect_to_react_route,/artists/mayonde,high,Mayonde | WAKILISHA,Legacy singular /artist/ route should map to React plural /artists/ route.
/artist/mbuzi-gang/,200,preserve_or_map,redirect_to_react_route,/artists/mbuzi-gang,high,Mbuzi Gang | WAKILISHA,Legacy singular /artist/ route should map to React plural /artists/ route.
/artist/mejja/,200,preserve_or_map,redirect_to_react_route,/artists/mejja,high,Mejja | WAKILISHA,Legacy singular /artist/ route should map to React plural /artists/ route.
/artist/mordecai-dex/,200,preserve_or_map,redirect_to_react_route,/artists/mordecai-dex,high,Mordecai Dex | WAKILISHA,Legacy singular /artist/ route should map to React plural /artists/ route.
/artist/muthaka/,200,preserve_or_map,redirect_to_react_route,/artists/muthaka,high,Muthaka | WAKILISHA,Legacy singular /artist/ route should map to React plural /artists/ route.
/artist/mutoriah/,200,preserve_or_map,redirect_to_react_route,/artists/mutoriah,high,Mutoriah | WAKILISHA,Legacy singular /artist/ route should map to React plural /artists/ route.
/artist/nadia-mukami/,200,preserve_or_map,redirect_to_react_route,/artists/nadia-mukami,high,Nadia Mukami | WAKILISHA,Legacy singular /artist/ route should map to React plural /artists/ route.
/artist/ndovu-kuu/,200,preserve_or_map,redirect_to_react_route,/artists/ndovu-kuu,high,NDOVU KUU | WAKILISHA,Legacy singular /artist/ route should map to React plural /artists/ route.
/artist/njerae/,200,preserve_or_map,redirect_to_react_route,/artists/njerae,high,Njerae | WAKILISHA,Legacy singular /artist/ route should map to React plural /artists/ route.
/artist/njoki-karu/,200,preserve_or_map,redirect_to_react_route,/artists/njoki-karu,high,Njoki Karu | WAKILISHA,Legacy singular /artist/ route should map to React plural /artists/ route.
/artist/nyashinski/,200,preserve_or_map,redirect_to_react_route,/artists/nyashinski,high,Nyashinski | WAKILISHA,Legacy singular /artist/ route should map to React plural /artists/ route.
/artist/ochungulo-family/,200,preserve_or_map,redirect_to_react_route,/artists/ochungulo-family,high,Ochungulo Family | WAKILISHA,Legacy singular /artist/ route should map to React plural /artists/ route.
/artist/octopizzo/,200,preserve_or_map,redirect_to_react_route,/artists/octopizzo,high,Octopizzo | WAKILISHA,Legacy singular /artist/ route should map to React plural /artists/ route.
/artist/okello-max/,200,preserve_or_map,redirect_to_react_route,/artists/okello-max,high,Okello Max | WAKILISHA,Legacy singular /artist/ route should map to React plural /artists/ route.
/artist/otile-brown/,200,preserve_or_map,redirect_to_react_route,/artists/otile-brown,high,Otile Brown | WAKILISHA,Legacy singular /artist/ route should map to React plural /artists/ route.
/artist/polaris-pauline/,200,preserve_or_map,redirect_to_react_route,/artists/polaris-pauline,high,Polaris Pauline | WAKILISHA,Legacy singular /artist/ route should map to React plural /artists/ route.
/artist/rekles/,200,preserve_or_map,redirect_to_react_route,/artists/rekles,high,Rekles | WAKILISHA,Legacy singular /artist/ route should map to React plural /artists/ route.
/artist/sabi-wu/,200,preserve_or_map,redirect_to_react_route,/artists/sabi-wu,high,Sabi Wu | WAKILISHA,Legacy singular /artist/ route should map to React plural /artists/ route.
/artist/sauti-sol/,200,preserve_or_map,redirect_to_react_route,/artists/sauti-sol,high,Sauti Sol | WAKILISHA,Legacy singular /artist/ route should map to React plural /artists/ route.
/artist/savara/,200,preserve_or_map,redirect_to_react_route,/artists/savara,high,Savara | WAKILISHA,Legacy singular /artist/ route should map to React plural /artists/ route.
/artist/savinnah/,200,preserve_or_map,redirect_to_react_route,/artists/savinnah,high,Savinnah | WAKILISHA,Legacy singular /artist/ route should map to React plural /artists/ route.
/artist/scar-mkadinali/,200,preserve_or_map,redirect_to_react_route,/artists/scar-mkadinali,high,Scar Mkadinali | WAKILISHA,Legacy singular /artist/ route should map to React plural /artists/ route.
/artist/serro/,200,preserve_or_map,redirect_to_react_route,/artists/serro,high,SERRO | WAKILISHA,Legacy singular /artist/ route should map to React plural /artists/ route.
/artist/sewersydaa/,200,preserve_or_map,redirect_to_react_route,/artists/sewersydaa,high,Sewersydaa | WAKILISHA,Legacy singular /artist/ route should map to React plural /artists/ route.
/artist/shekinah-karen/,200,preserve_or_map,redirect_to_react_route,/artists/shekinah-karen,high,Shekinah Karen | WAKILISHA,Legacy singular /artist/ route should map to React plural /artists/ route.
/artist/sofiya-nzau/,200,preserve_or_map,redirect_to_react_route,/artists/sofiya-nzau,high,Sofiya Nzau | WAKILISHA,Legacy singular /artist/ route should map to React plural /artists/ route.
/artist/ssaru/,200,preserve_or_map,redirect_to_react_route,/artists/ssaru,high,Ssaru | WAKILISHA,Legacy singular /artist/ route should map to React plural /artists/ route.
/artist/stacy-kamatu/,200,preserve_or_map,redirect_to_react_route,/artists/stacy-kamatu,high,STACY KAMATU | WAKILISHA,Legacy singular /artist/ route should map to React plural /artists/ route.
/artist/swat-matire/,200,preserve_or_map,redirect_to_react_route,/artists/swat-matire,high,Swat Matire | WAKILISHA,Legacy singular /artist/ route should map to React plural /artists/ route.
/artist/teslah/,200,preserve_or_map,redirect_to_react_route,/artists/teslah,high,Teslah | WAKILISHA,Legacy singular /artist/ route should map to React plural /artists/ route.
/artist/tina-ardor/,200,preserve_or_map,redirect_to_react_route,/artists/tina-ardor,high,Tina Ardor | WAKILISHA,Legacy singular /artist/ route should map to React plural /artists/ route.
/artist/tipsy-gee/,200,preserve_or_map,redirect_to_react_route,/artists/tipsy-gee,high,Tipsy Gee | WAKILISHA,Legacy singular /artist/ route should map to React plural /artists/ route.
/artist/toxic-lyrikali/,200,preserve_or_map,redirect_to_react_route,/artists/toxic-lyrikali,high,Toxic Lyrikali | WAKILISHA,Legacy singular /artist/ route should map to React plural /artists/ route.
/artist/trio-mio/,200,preserve_or_map,redirect_to_react_route,/artists/trio-mio,high,Trio Mio | WAKILISHA,Legacy singular /artist/ route should map to React plural /artists/ route.
/artist/ukweli/,200,preserve_or_map,redirect_to_react_route,/artists/ukweli,high,Ukweli | WAKILISHA,Legacy singular /artist/ route should map to React plural /artists/ route.
/artist/uncojingjong/,200,preserve_or_map,redirect_to_react_route,/artists/uncojingjong,high,Uncojingjong | WAKILISHA,Legacy singular /artist/ route should map to React plural /artists/ route.
/artist/unspoken-salaton/,200,preserve_or_map,redirect_to_react_route,/artists/unspoken-salaton,high,Unspoken Salaton | WAKILISHA,Legacy singular /artist/ route should map to React plural /artists/ route.
/artist/v-be/,200,preserve_or_map,redirect_to_react_route,/artists/v-be,high,V-Be | WAKILISHA,Legacy singular /artist/ route should map to React plural /artists/ route.
/artist/vic-west/,200,preserve_or_map,redirect_to_react_route,/artists/vic-west,high,Vic West | WAKILISHA,Legacy singular /artist/ route should map to React plural /artists/ route.
/artist/wakadinali/,200,preserve_or_map,redirect_to_react_route,/artists/wakadinali,high,Wakadinali | WAKILISHA,Legacy singular /artist/ route should map to React plural /artists/ route.
/artist/wanavokali/,200,preserve_or_map,redirect_to_react_route,/artists/wanavokali,high,Wanavokali | WAKILISHA,Legacy singular /artist/ route should map to React plural /artists/ route.
/artist/wangechi/,200,preserve_or_map,redirect_to_react_route,/artists/wangechi,high,Wangechi | WAKILISHA,Legacy singular /artist/ route should map to React plural /artists/ route.
/artist/wanja-wohoro/,200,preserve_or_map,redirect_to_react_route,/artists/wanja-wohoro,high,Wanja Wohoro | WAKILISHA,Legacy singular /artist/ route should map to React plural /artists/ route.
/artist/watendawili/,200,preserve_or_map,redirect_to_react_route,/artists/watendawili,high,Watendawili | WAKILISHA,Legacy singular /artist/ route should map to React plural /artists/ route.
/artist/we-are-nubia/,200,preserve_or_map,redirect_to_react_route,/artists/we-are-nubia,high,We Are Nubia | WAKILISHA,Legacy singular /artist/ route should map to React plural /artists/ route.
/artist/willy-paul/,200,preserve_or_map,redirect_to_react_route,/artists/willy-paul,high,Willy Paul | WAKILISHA,Legacy singular /artist/ route should map to React plural /artists/ route.
/artist/winyo/,200,preserve_or_map,redirect_to_react_route,/artists/winyo,high,Winyo | WAKILISHA,Legacy singular /artist/ route should map to React plural /artists/ route.
/artist/wyre/,200,preserve_or_map,redirect_to_react_route,/artists/wyre,high,Wyre | WAKILISHA,Legacy singular /artist/ route should map to React plural /artists/ route.
/artist/xenia-manasseh/,200,preserve_or_map,redirect_to_react_route,/artists/xenia-manasseh,high,Xenia Manasseh | WAKILISHA,Legacy singular /artist/ route should map to React plural /artists/ route.
/artist/yaba/,200,preserve_or_map,redirect_to_react_route,/artists/yaba,high,Yaba | WAKILISHA,Legacy singular /artist/ route should map to React plural /artists/ route.
/artist/ywaya-tajiri/,200,preserve_or_map,redirect_to_react_route,/artists/ywaya-tajiri,high,Ywaya Tajiri | WAKILISHA,Legacy singular /artist/ route should map to React plural /artists/ route.
/artist/zaituni/,200,preserve_or_map,redirect_to_react_route,/artists/zaituni,high,Zaituni | WAKILISHA,Legacy singular /artist/ route should map to React plural /artists/ route.
/artist/zowie-kengocha/,200,preserve_or_map,redirect_to_react_route,/artists/zowie-kengocha,high,Zowie Kengocha | WAKILISHA,Legacy singular /artist/ route should map to React plural /artists/ route.
/artist/zzero-sufuri/,200,preserve_or_map,redirect_to_react_route,/artists/zzero-sufuri,high,Zzero Sufuri | WAKILISHA,Legacy singular /artist/ route should map to React plural /artists/ route.
/artists/,200,preserve_or_map,native_react_route,/artists,high,Artists | WAKILISHA,Exact route exists in current React prerender output.
/atemi-brings-the-joy-of-christmas-alive-in-tis-the-season-album/,200,preserve_or_map,redirect_to_react_route,/magazine/atemi-brings-the-joy-of-christmas-alive-in-tis-the-season-album,high,Atemi Brings the Joy of Christmas Alive in &#039;Tis the Season&#039; Album | WAKILISHA,Legacy article/page slug has a matching React magazine route.
/author/admin/,200,preserve_or_map,manual_review,/authors/admin,low,Magazine | WAKILISHA,Legacy author archive should map to React author profile/archive if supported.
/author/frank/,200,preserve_or_map,manual_review,/authors/frank,low,"Frank Njugi, Writer at WAKILISHA | WAKILISHA",Legacy author archive should map to React author profile/archive if supported.
/author/frank/feed/,200,asset_or_non_html,ignore_for_html_cutover,,high,,Not an HTML content route for React cutover.
/author/frank/page/2/,200,preserve_or_map,manual_review,/authors/frank?page=2,low,"Frank Njugi, Writer at WAKILISHA | Page 2 of 3 | WAKILISHA",Legacy paginated author archive needs React author pagination decision.
/author/frank/page/3/,200,preserve_or_map,manual_review,/authors/frank?page=3,low,"Frank Njugi, Writer at WAKILISHA | Page 3 of 3 | WAKILISHA",Legacy paginated author archive needs React author pagination decision.
/author/gatwiri_c/,200,preserve_or_map,manual_review,/authors/gatwiri_c,low,"gatwiri_c, Writer at WAKILISHA | WAKILISHA",Legacy author archive should map to React author profile/archive if supported.
/author/gatwiri_c/feed/,200,asset_or_non_html,ignore_for_html_cutover,,high,,Not an HTML content route for React cutover.
/author/hafare/,200,preserve_or_map,manual_review,/authors/hafare,low,Hafare Segelan | WAKILISHA,Legacy author archive should map to React author profile/archive if supported.
/author/hafare/feed/,200,asset_or_non_html,ignore_for_html_cutover,,high,,Not an HTML content route for React cutover.
/author/hafare/page/2/,200,preserve_or_map,manual_review,/authors/hafare?page=2,low,Hafare Segelan | WAKILISHA,Legacy paginated author archive needs React author pagination decision.
/author/james/,200,preserve_or_map,manual_review,/authors/james,low,"Muiruri Beautah, Writer at WAKILISHA | WAKILISHA",Legacy author archive should map to React author profile/archive if supported.
/author/james/feed/,200,asset_or_non_html,ignore_for_html_cutover,,high,,Not an HTML content route for React cutover.
/author/james/page/2/,200,preserve_or_map,manual_review,/authors/james?page=2,low,"Muiruri Beautah, Writer at WAKILISHA | Page 2 of 3 | WAKILISHA",Legacy paginated author archive needs React author pagination decision.
/author/james/page/3/,200,preserve_or_map,manual_review,/authors/james?page=3,low,"Muiruri Beautah, Writer at WAKILISHA | Page 3 of 3 | WAKILISHA",Legacy paginated author archive needs React author pagination decision.
/author/k_matiri/,200,preserve_or_map,manual_review,/authors/k_matiri,low,"Kambura Matiri, Writer at WAKILISHA | WAKILISHA",Legacy author archive should map to React author profile/archive if supported.
/author/k_matiri/feed/,200,asset_or_non_html,ignore_for_html_cutover,,high,,Not an HTML content route for React cutover.
/author/k_matiri/page/2/,200,preserve_or_map,manual_review,/authors/k_matiri?page=2,low,"Kambura Matiri, Writer at WAKILISHA | Page 2 of 2 | WAKILISHA",Legacy paginated author archive needs React author pagination decision.
/author/kendi/,200,preserve_or_map,manual_review,/authors/kendi,low,"Shalom Kendi Mbae, Writer at WAKILISHA | WAKILISHA",Legacy author archive should map to React author profile/archive if supported.
/author/kendi/feed/,200,asset_or_non_html,ignore_for_html_cutover,,high,,Not an HTML content route for React cutover.
/author/kendi/page/2/,200,preserve_or_map,manual_review,/authors/kendi?page=2,low,"Shalom Kendi Mbae, Writer at WAKILISHA | Page 2 of 2 | WAKILISHA",Legacy paginated author archive needs React author pagination decision.
/author/kiuta/,200,preserve_or_map,manual_review,/authors/kiuta,low,"Kiuta Faith, Writer at WAKILISHA | WAKILISHA",Legacy author archive should map to React author profile/archive if supported.
/author/kiuta/feed/,200,asset_or_non_html,ignore_for_html_cutover,,high,,Not an HTML content route for React cutover.
/author/michael/,200,preserve_or_map,manual_review,/authors/michael,low,"Michael Mburu, Writer at WAKILISHA | WAKILISHA",Legacy author archive should map to React author profile/archive if supported.
/author/michael/feed/,200,asset_or_non_html,ignore_for_html_cutover,,high,,Not an HTML content route for React cutover.
/author/swambi/,200,preserve_or_map,manual_review,/authors/swambi,low,"Sarah Wambi, Writer at WAKILISHA | WAKILISHA",Legacy author archive should map to React author profile/archive if supported.
/author/swambi/feed/,200,asset_or_non_html,ignore_for_html_cutover,,high,,Not an HTML content route for React cutover.
/author/timo/,200,preserve_or_map,manual_review,/authors/timo,low,"Timothy Muiruri, Writer at WAKILISHA | WAKILISHA",Legacy author archive should map to React author profile/archive if supported.
/author/timo/feed/,200,asset_or_non_html,ignore_for_html_cutover,,high,,Not an HTML content route for React cutover.
/author/vicmuia/,200,preserve_or_map,manual_review,/authors/vicmuia,low,Victor Muia | WAKILISHA,Legacy author archive should map to React author profile/archive if supported.
/author/vicmuia/feed/,200,asset_or_non_html,ignore_for_html_cutover,,high,,Not an HTML content route for React cutover.
/author/wakilishaji/,200,preserve_or_map,manual_review,/authors/wakilishaji,low,"Wakilisha Staff, Writer at WAKILISHA | WAKILISHA",Legacy author archive should map to React author profile/archive if supported.
/author/wakilishaji/feed/,200,asset_or_non_html,ignore_for_html_cutover,,high,,Not an HTML content route for React cutover.
/author/wakilishaji/page/2/,200,preserve_or_map,manual_review,/authors/wakilishaji?page=2,low,"Wakilisha Staff, Writer at WAKILISHA | Page 2 of 8 | WAKILISHA",Legacy paginated author archive needs React author pagination decision.
/author/wakilishaji/page/3/,200,preserve_or_map,manual_review,/authors/wakilishaji?page=3,low,"Wakilisha Staff, Writer at WAKILISHA | Page 3 of 8 | WAKILISHA",Legacy paginated author archive needs React author pagination decision.
/author/wakilishaji/page/4/,200,preserve_or_map,manual_review,/authors/wakilishaji?page=4,low,"Wakilisha Staff, Writer at WAKILISHA | Page 4 of 8 | WAKILISHA",Legacy paginated author archive needs React author pagination decision.
/author/wakilishaji/page/5/,200,preserve_or_map,manual_review,/authors/wakilishaji?page=5,low,"Wakilisha Staff, Writer at WAKILISHA | Page 5 of 8 | WAKILISHA",Legacy paginated author archive needs React author pagination decision.
/author/wakilishaji/page/6/,200,preserve_or_map,manual_review,/authors/wakilishaji?page=6,low,"Wakilisha Staff, Writer at WAKILISHA | Page 6 of 8 | WAKILISHA",Legacy paginated author archive needs React author pagination decision.
/author/wakilishaji/page/7/,200,preserve_or_map,manual_review,/authors/wakilishaji?page=7,low,"Wakilisha Staff, Writer at WAKILISHA | Page 7 of 8 | WAKILISHA",Legacy paginated author archive needs React author pagination decision.
/author/wakilishaji/page/8/,200,preserve_or_map,manual_review,/authors/wakilishaji?page=8,low,"Wakilisha Staff, Writer at WAKILISHA | Page 8 of 8 | WAKILISHA",Legacy paginated author archive needs React author pagination decision.
/author/wangari/,200,preserve_or_map,manual_review,/authors/wangari,low,"Wangari Karume, Writer at WAKILISHA | WAKILISHA",Legacy author archive should map to React author profile/archive if supported.
/author/wangari/feed/,200,asset_or_non_html,ignore_for_html_cutover,,high,,Not an HTML content route for React cutover.
/beef-the-rivalries-that-shaped-kenyan-music/,200,preserve_or_map,redirect_to_react_route,/magazine/beef-the-rivalries-that-shaped-kenyan-music,high,Beef: The Rivalries That Shaped Kenyan Music | WAKILISHA,Legacy article/page slug has a matching React magazine route.
/best-apple-music-playlists-to-discover-new-kenyan-music/,200,preserve_or_map,redirect_to_react_route,/magazine/best-apple-music-playlists-to-discover-new-kenyan-music,high,Best Apple Music Playlists to Discover New Kenyan Music | WAKILISHA,Legacy article/page slug has a matching React magazine route.
/best-new-kenyan-music-2022/,200,preserve_or_map,redirect_to_react_route,/magazine/best-new-kenyan-music-2022,high,Best New Kenyan Music in 2022 | WAKILISHA,Legacy article/page slug has a matching React magazine route.
/bigpin-is-back-with-new-ep-pino/,200,preserve_or_map,redirect_to_react_route,/magazine/bigpin-is-back-with-new-ep-pino,high,Bigpin Is Back With New Self-Titled EP &#039;Pino&#039; | WAKILISHA,Legacy article/page slug has a matching React magazine route.
/birth-of-gengetone/,200,preserve_or_map,redirect_to_react_route,/magazine/birth-of-gengetone,high,The Birth of Gengetone | WAKILISHA,Legacy article/page slug has a matching React magazine route.
/blog-newspaper/,200,preserve_or_map,manual_review,/magazine,low,HOME | WAKILISHA,"Legacy WordPress section/archive route. Decide whether to rebuild the archive, redirect to a React section, or intentionally retire it."
/building-a-sustainable-music-industry-in-kenya/,200,preserve_or_map,redirect_to_react_route,/magazine/building-a-sustainable-music-industry-in-kenya,high,Building a Sustainable Music Industry in Kenya | WAKILISHA,Legacy article/page slug has a matching React magazine route.
/buruklyn-boyz-inspiring-a-new-generation-of-young-artists/,200,preserve_or_map,redirect_to_react_route,/magazine/buruklyn-boyz-inspiring-a-new-generation-of-young-artists,high,"Buruklyn Boyz, Inspiring a New Generation of Young Artists | WAKILISHA",Legacy article/page slug has a matching React magazine route.
/buruklyn-boyz-inspiring-a-new-generation-of-young-artists/feed/,200,asset_or_non_html,ignore_for_html_cutover,,high,,Not an HTML content route for React cutover.
/calling-african-creatives-your-comprehensive-guide-to-2024s-end-of-year-noteworthy-prizes-residencies-masterclasses-and-more/,200,preserve_or_map,redirect_to_react_route,/magazine/calling-african-creatives-your-comprehensive-guide-to-2024s-end-of-year-noteworthy-prizes-residencies-masterclasses-and-more,high,"Calling African Creatives: Your Comprehensive Guide to 2024&#039;s End-of-Year Prizes, Residencies, Masterclasses and More…",Legacy article/page slug has a matching React magazine route.
/capture-the-beauty-of-nature-through-photography/,200,preserve_or_map,redirect_to_react_route,/magazine/capture-the-beauty-of-nature-through-photography,high,Capture the Beauty of Nature through Photography | WAKILISHA,Legacy article/page slug has a matching React magazine route.
/cart/,0,dynamic_legacy_woo_route,product_decision_required,,high,,"Dynamic WooCommerce route. Decide whether to retire, rebuild, redirect, or preserve behind a legacy store path."
/case-to-rename-landmarks-of-africa/,200,preserve_or_map,redirect_to_react_route,/magazine/case-to-rename-landmarks-of-africa,high,The Case to Rename Africa&#039;s Landmarks | WAKILISHA,Legacy article/page slug has a matching React magazine route.
/category/music/,200,preserve_or_map,redirect_candidate,/music,medium,Music | WAKILISHA,Legacy WordPress category archive should map to equivalent top-level React section where available.
/cave-bureau-indigenous-communities-2023-venice-architecture-biennale/,200,preserve_or_map,redirect_to_react_route,/magazine/cave-bureau-indigenous-communities-2023-venice-architecture-biennale,high,Kenyan Collective cave_bureau Shares the Wisdom of Indigenous Communities at the 2023 Venice Architecture Biennale |…,Legacy article/page slug has a matching React magazine route.
/chapter-5-a-good-citizen/,200,preserve_or_map,redirect_to_react_route,/magazine/chapter-5-a-good-citizen,high,Chapter 5: A Good Citizen | WAKILISHA,Legacy article/page slug has a matching React magazine route.
/charts/,200,preserve_or_map,native_react_route,/charts,high,Charts | WAKILISHA,Exact route exists in current React prerender output.
/charts/feed/,200,asset_or_non_html,ignore_for_html_cutover,,high,,Not an HTML content route for React cutover.
/charts/top-100/ke/2026-01-26/,200,preserve_or_map,manual_review,/charts/top-100/ke/2026-01-26,medium,Magazine | WAKILISHA,"Chart route should be tested against React runtime routing, not only prerender output."
/charts/top-gengetone/ke/2026-01-26/,200,preserve_or_map,manual_review,/charts/top-gengetone/ke/2026-01-26,medium,Magazine | WAKILISHA,"Chart route should be tested against React runtime routing, not only prerender output."
/charts/top-rnb/ke/2026-01-26/,200,preserve_or_map,manual_review,/charts/top-rnb/ke/2026-01-26,medium,Magazine | WAKILISHA,"Chart route should be tested against React runtime routing, not only prerender output."
/checkout/,0,dynamic_legacy_woo_route,product_decision_required,,high,,"Dynamic WooCommerce route. Decide whether to retire, rebuild, redirect, or preserve behind a legacy store path."
/christmas-in-2020/,200,preserve_or_map,redirect_to_react_route,/magazine/christmas-in-2020,high,Christmas in 2020 | WAKILISHA,Legacy article/page slug has a matching React magazine route.
/chronicles-of-gedi-the-heart-of-a-jackal/,200,preserve_or_map,redirect_to_react_route,/magazine/chronicles-of-gedi-the-heart-of-a-jackal,high,Chronicles of Gedi: The Heart of a Jackal | WAKILISHA,Legacy article/page slug has a matching React magazine route.
/chronicles-of-gedi-the-hunter-and-the-roving-pt-1/,200,preserve_or_map,redirect_to_react_route,/magazine/chronicles-of-gedi-the-hunter-and-the-roving-pt-1,high,Chronicles of Gedi: The Hunter and the Roving Pt. 1 | WAKILISHA,Legacy article/page slug has a matching React magazine route.
/circle-art-to-showcase-dickens-otienos-new-works-at-art-dubai-2023/,200,preserve_or_map,redirect_to_react_route,/magazine/circle-art-to-showcase-dickens-otienos-new-works-at-art-dubai-2023,high,Circle Art to Showcase Dickens Otieno&#039;s New Works at Art Dubai 2023 | WAKILISHA,Legacy article/page slug has a matching React magazine route.
/claim-your-name/,200,preserve_or_map,manual_review,/magazine/claim-your-name,low,Claim Your Name | WAKILISHA,"Likely legacy article/page slug. Decide whether to import as magazine article, redirect to new article URL, preserve static HTML, or intentional 404."
/collaboration-in-kenyan-music-industry/,200,preserve_or_map,redirect_to_react_route,/magazine/collaboration-in-kenyan-music-industry,high,Collaboration in the Kenyan Music Industry | WAKILISHA,Legacy article/page slug has a matching React magazine route.
/comments/feed/,200,asset_or_non_html,ignore_for_html_cutover,,high,,Not an HTML content route for React cutover.
/contacts/,200,preserve_or_map,redirect_to_react_route,/contact,high,Contacts | WAKILISHA,Known legacy static/account route has a matching React destination.
/corrections/,200,preserve_or_map,manual_review,/corrections,medium,Corrections | WAKILISHA,Known legacy static/account route needs explicit React route or redirect decision.
/cultivating-new-cultural-identity/,200,preserve_or_map,redirect_to_react_route,/magazine/cultivating-new-cultural-identity,high,Cultivating a New Cultural Identity | WAKILISHA,Legacy article/page slug has a matching React magazine route.
/cultivating-new-cultural-identity/feed/,200,asset_or_non_html,ignore_for_html_cutover,,high,,Not an HTML content route for React cutover.
/cultural-destinations-outside-nairobi-worth-visiting/,200,preserve_or_map,redirect_to_react_route,/magazine/cultural-destinations-outside-nairobi-worth-visiting,high,5 Cultural Destinations Outside Nairobi Worth Visiting | WAKILISHA,Legacy article/page slug has a matching React magazine route.
/dear-baba-from-the-africa-you-dreamt-of/,200,preserve_or_map,redirect_to_react_route,/magazine/dear-baba-from-the-africa-you-dreamt-of,high,"Dear Baba, from the Africa You Dreamt Of | WAKILISHA",Legacy article/page slug has a matching React magazine route.
/dear-baba-from-the-africa-you-dreamt-of/feed/,200,asset_or_non_html,ignore_for_html_cutover,,high,,Not an HTML content route for React cutover.
/debunking-5-top-conspiracy-theories-in-kenya/,200,preserve_or_map,redirect_to_react_route,/magazine/debunking-5-top-conspiracy-theories-in-kenya,high,Debunking 5 Top Conspiracy Theories in Kenya | WAKILISHA,Legacy article/page slug has a matching React magazine route.
/delightful-start-to-season-2-of-bare-sessions/,200,preserve_or_map,redirect_to_react_route,/magazine/delightful-start-to-season-2-of-bare-sessions,high,Delightful Start to Season 2 of the BARE Sessions | WAKILISHA,Legacy article/page slug has a matching React magazine route.
/designing-for-accessibility-best-practices-for-inclusive-design-in-digital-and-built-environments/,200,preserve_or_map,redirect_to_react_route,/magazine/designing-for-accessibility-best-practices-for-inclusive-design-in-digital-and-built-environments,high,Designing for Accessibility: Best Practices for Inclusive Design in Digital and Built Environments | WAKILISHA,Legacy article/page slug has a matching React magazine route.
/disko-album-review-kodongklan/,200,preserve_or_map,redirect_to_react_route,/magazine/disko-album-review-kodongklan,high,Twende Disko: A Review of Disko by KODONGKLAN | WAKILISHA,Legacy article/page slug has a matching React magazine route.
/does-culture-shape-education-or-does-education-shape-culture/,200,preserve_or_map,redirect_to_react_route,/magazine/does-culture-shape-education-or-does-education-shape-culture,high,Does Culture Shape Education or Does Education Shape Culture | WAKILISHA,Legacy article/page slug has a matching React magazine route.
/duka/,200,preserve_or_map,redirect_to_react_route,/,high,Duka | WAKILISHA,Known legacy static/account route has a matching React destination.
/eliud-kipchoge-pursues-marathon-grand-slam/,200,preserve_or_map,redirect_to_react_route,/magazine/eliud-kipchoge-pursues-marathon-grand-slam,high,Eliud Kipchoge Pursues Marathon Grand Slam | WAKILISHA,Legacy article/page slug has a matching React magazine route.
/embracing-linguistic-diversity-in-a-globalized-world/,200,preserve_or_map,redirect_to_react_route,/magazine/embracing-linguistic-diversity-in-a-globalized-world,high,Embracing Linguistic Diversity in a Globalized World | WAKILISHA,Legacy article/page slug has a matching React magazine route.
/en-route-watendawili-album-review/,200,preserve_or_map,redirect_to_react_route,/magazine/en-route-watendawili-album-review,high,En Route: Journeying Through Watendawili&#039;s Debut Album | WAKILISHA,Legacy article/page slug has a matching React magazine route.
/enabling-the-adoption-of-afcfta-through-digitalization/,200,preserve_or_map,redirect_to_react_route,/magazine/enabling-the-adoption-of-afcfta-through-digitalization,high,Enabling the Adoption of AfCFTA through Digitalization | WAKILISHA,Legacy article/page slug has a matching React magazine route.
/ep-review-wameyo-by-elsy-wameyo/,200,preserve_or_map,redirect_to_react_route,/magazine/ep-review-wameyo-by-elsy-wameyo,high,EP Review: WAMEYO By Elsy Wameyo | WAKILISHA,Legacy article/page slug has a matching React magazine route.
/ep-review-wameyo-by-elsy-wameyo/feed/,200,asset_or_non_html,ignore_for_html_cutover,,high,,Not an HTML content route for React cutover.
/eric-rugara-chapter-in-the-story-of-surrealism-writing-in-kenya/,200,preserve_or_map,redirect_to_react_route,/magazine/eric-rugara-chapter-in-the-story-of-surrealism-writing-in-kenya,high,Eric Rugara&#039;s Chapter in the Story of Surrealism Writing in Kenya | WAKILISHA,Legacy article/page slug has a matching React magazine route.
/events/,200,preserve_or_map,manual_review,/events,medium,Events | WAKILISHA,Known legacy static/account route needs explicit React route or redirect decision.
/evolution-of-drill-music-in-kenya/,200,preserve_or_map,redirect_to_react_route,/magazine/evolution-of-drill-music-in-kenya,high,The Evolution of Drill music in Kenya | WAKILISHA,Legacy article/page slug has a matching React magazine route.
/evolution-of-ideas/,200,preserve_or_map,redirect_to_react_route,/magazine/evolution-of-ideas,high,The Evolution of Ideas | WAKILISHA,Legacy article/page slug has a matching React magazine route.
/expand-your-worldview-resources-to-broaden-your-perspective/,200,preserve_or_map,redirect_to_react_route,/magazine/expand-your-worldview-resources-to-broaden-your-perspective,high,Expand your Worldview: Resources to Broaden Your Perspective | WAKILISHA,Legacy article/page slug has a matching React magazine route.
/faith-kipyegon-cementing-the-reign-of-a-running-royal/,200,preserve_or_map,redirect_to_react_route,/magazine/faith-kipyegon-cementing-the-reign-of-a-running-royal,high,Faith Kipyegon: Cementing the Reign of a Running Royal | WAKILISHA,Legacy article/page slug has a matching React magazine route.
/faq/,200,preserve_or_map,manual_review,/faq,medium,FAQ | WAKILISHA,Known legacy static/account route needs explicit React route or redirect decision.
/feed/,200,asset_or_non_html,ignore_for_html_cutover,,high,,Not an HTML content route for React cutover.
/femi-one-speaks-to-the-hearts-of-kenyan-youth-everywhere/,200,preserve_or_map,redirect_to_react_route,/magazine/femi-one-speaks-to-the-hearts-of-kenyan-youth-everywhere,high,Femi One speaks to the hearts of Kenyan youth everywhere | WAKILISHA,Legacy article/page slug has a matching React magazine route.
/fiction-books-by-kenyan-authors-to-read-at-least-once/,200,preserve_or_map,redirect_to_react_route,/magazine/fiction-books-by-kenyan-authors-to-read-at-least-once,high,10 Fiction Books by Kenyan Authors to Read at Least Once | WAKILISHA,Legacy article/page slug has a matching React magazine route.
/film/,200,preserve_or_map,manual_review,/magazine,low,Film | WAKILISHA,"Legacy WordPress section/archive route. Decide whether to rebuild the archive, redirect to a React section, or intentionally retire it."
/flier-is-for-lovers-in-endless-revolutions/,200,preserve_or_map,redirect_to_react_route,/magazine/flier-is-for-lovers-in-endless-revolutions,high,KUWAKILISHA: Flier Is For Lovers In Endless Revolutions | WAKILISHA,Legacy article/page slug has a matching React magazine route.
/found-in-translation-the-rise-of-kenyan-vernacular-pop-music/,200,preserve_or_map,redirect_to_react_route,/magazine/found-in-translation-the-rise-of-kenyan-vernacular-pop-music,high,Found in Translation: The Rise of Kenyan Vernacular Pop Music | WAKILISHA,Legacy article/page slug has a matching React magazine route.
/found-in-translation-the-rise-of-kenyan-vernacular-pop-music/feed/,200,asset_or_non_html,ignore_for_html_cutover,,high,,Not an HTML content route for React cutover.
/from-benga-to-gengetone-a-history-of-kenyan-music/,200,preserve_or_map,redirect_to_react_route,/magazine/from-benga-to-gengetone-a-history-of-kenyan-music,high,From Benga to Gengetone: A History of Kenyan Music | WAKILISHA,Legacy article/page slug has a matching React magazine route.
/from-benga-to-gengetone-a-history-of-kenyan-music/feed/,200,asset_or_non_html,ignore_for_html_cutover,,high,,Not an HTML content route for React cutover.
/from-cairo-to-cape-town-100-relaxing-african-songs-part-1/,200,preserve_or_map,redirect_to_react_route,/magazine/from-cairo-to-cape-town-100-relaxing-african-songs-part-1,high,From Cairo to Cape Town: 100 Relaxing African Songs – Part 1 | WAKILISHA,Legacy article/page slug has a matching React magazine route.
/from-cairo-to-cape-town-100-relaxing-african-songs-part-2/,200,preserve_or_map,redirect_to_react_route,/magazine/from-cairo-to-cape-town-100-relaxing-african-songs-part-2,high,From Cairo to Cape Town: 100 Relaxing African Songs – Part 2 | WAKILISHA,Legacy article/page slug has a matching React magazine route.
/from-cairo-to-cape-town-100-relaxing-african-songs-part-5/,200,preserve_or_map,redirect_to_react_route,/magazine/from-cairo-to-cape-town-100-relaxing-african-songs-part-5,high,From Cairo to Cape Town: 100 Relaxing African Songs – Part 5 | WAKILISHA,Legacy article/page slug has a matching React magazine route.
/from-cairo-to-cape-town-african-music-playlist-part-3/,200,preserve_or_map,redirect_to_react_route,/magazine/from-cairo-to-cape-town-african-music-playlist-part-3,high,From Cairo to Cape Town: African Music Playlist – Part 3 | WAKILISHA,Legacy article/page slug has a matching React magazine route.
/from-cairo-to-cape-town-relaxing-african-music-part-4/,200,preserve_or_map,redirect_to_react_route,/magazine/from-cairo-to-cape-town-relaxing-african-music-part-4,high,From Cairo to Cape Town: Relaxing African Music – Part 4 | WAKILISHA,Legacy article/page slug has a matching React magazine route.
/gen-z-account-of-2022-general-elections-in-kenya/,200,preserve_or_map,redirect_to_react_route,/magazine/gen-z-account-of-2022-general-elections-in-kenya,high,A Gen-Z Account of the 2022 General Elections in Kenya | WAKILISHA,Legacy article/page slug has a matching React magazine route.
/gen-z-account-of-2022-general-elections-in-kenya/feed/,200,asset_or_non_html,ignore_for_html_cutover,,high,,Not an HTML content route for React cutover.
/gods-justice-and-mercy/,200,preserve_or_map,redirect_to_react_route,/magazine/gods-justice-and-mercy,high,God&#039;s Justice and Mercy | WAKILISHA,Legacy article/page slug has a matching React magazine route.
/growing-pains-blankets-wine/,200,preserve_or_map,redirect_to_react_route,/magazine/growing-pains-blankets-wine,high,The Growing Pains of Blankets &amp; Wine | WAKILISHA,Legacy article/page slug has a matching React magazine route.
/guide-to-nfts-everything-you-need-to-know-about-non-fungible-tokens/,200,preserve_or_map,redirect_to_react_route,/magazine/guide-to-nfts-everything-you-need-to-know-about-non-fungible-tokens,high,Guide to NFTs: Everything you need to know about Non-Fungible Tokens | WAKILISHA,Legacy article/page slug has a matching React magazine route.
/history-of-nairobi-street-art-movement/,200,preserve_or_map,redirect_to_react_route,/magazine/history-of-nairobi-street-art-movement,high,Leaving a Mark: A History of Nairobi&#039;s Street Art Movement | WAKILISHA,Legacy article/page slug has a matching React magazine route.
/how-afrohouse-found-a-second-home-in-nairobi/,200,preserve_or_map,redirect_to_react_route,/magazine/how-afrohouse-found-a-second-home-in-nairobi,high,How Afrohouse Found a Second Home in Nairobi | WAKILISHA,Legacy article/page slug has a matching React magazine route.
/how-kenyan-arbantone-could-take-root-as-a-genre/,200,preserve_or_map,redirect_to_react_route,/magazine/how-kenyan-arbantone-could-take-root-as-a-genre,high,How Kenyan Arbantone Could Take Root As a Genre | WAKILISHA,Legacy article/page slug has a matching React magazine route.
/how-to-design-for-the-blind/,200,preserve_or_map,redirect_to_react_route,/magazine/how-to-design-for-the-blind,high,How to Design for the Blind | WAKILISHA,Legacy article/page slug has a matching React magazine route.
/how-to-hire-creatives/,200,preserve_or_map,redirect_to_react_route,/magazine/how-to-hire-creatives,high,How to Hire Creatives | WAKILISHA,Legacy article/page slug has a matching React magazine route.
/how-to-make-digital-art/,200,preserve_or_map,redirect_to_react_route,/magazine/how-to-make-digital-art,high,How to Make Digital Art | WAKILISHA,Legacy article/page slug has a matching React magazine route.
/how-to-make-new-friends/,200,preserve_or_map,redirect_to_react_route,/magazine/how-to-make-new-friends,high,How to Make New Friends | WAKILISHA,Legacy article/page slug has a matching React magazine route.
/how-to-transfer-music-playlists-from-spotify-to-apple-music/,200,preserve_or_map,redirect_to_react_route,/magazine/how-to-transfer-music-playlists-from-spotify-to-apple-music,high,How to Transfer Music Playlists from Spotify to Apple Music | WAKILISHA,Legacy article/page slug has a matching React magazine route.
/how-working-from-home-is-changing-the-creative-industry/,200,preserve_or_map,redirect_to_react_route,/magazine/how-working-from-home-is-changing-the-creative-industry,high,How Working From Home is Changing the Creative Industry | WAKILISHA,Legacy article/page slug has a matching React magazine route.
/importance-of-art-in-engaging-the-community/,200,preserve_or_map,redirect_to_react_route,/magazine/importance-of-art-in-engaging-the-community,high,Importance of Art in Engaging the Community | WAKILISHA,Legacy article/page slug has a matching React magazine route.
/interview-maina-murumba-future-comedy-in-kenya/,200,preserve_or_map,redirect_to_react_route,/magazine/interview-maina-murumba-future-comedy-in-kenya,high,Interview with Maina Murumba on the Future of Comedy in Kenya | WAKILISHA,Legacy article/page slug has a matching React magazine route.
/january-2024-noteworthy-fellowships-residencies-and-grants-for-kenyan-creatives/,200,preserve_or_map,redirect_to_react_route,/magazine/january-2024-noteworthy-fellowships-residencies-and-grants-for-kenyan-creatives,high,"Calling Kenyan Creatives: Your Guide to January&#039;s Noteworthy Fellowships, Residencies, and Grants | WAKILISHA",Legacy article/page slug has a matching React magazine route.
/joseph-mbatia-bertiers-sarakasi-za-siasa-art-exhibition/,200,preserve_or_map,redirect_to_react_route,/magazine/joseph-mbatia-bertiers-sarakasi-za-siasa-art-exhibition,high,"Sarakasi za Siasa: An Unadulterated Experience of Kenyan Politics, Art and Society by Joseph Mbatia (Bertiers) |…",Legacy article/page slug has a matching React magazine route.
/joseph-mbatia-bertiers-sarakasi-za-siasa-art-exhibition/feed/,200,asset_or_non_html,ignore_for_html_cutover,,high,,Not an HTML content route for React cutover.
/journal-of-a-new-plant-mom/,200,preserve_or_map,redirect_to_react_route,/magazine/journal-of-a-new-plant-mom,high,Journal of a New Plant Mom | WAKILISHA,Legacy article/page slug has a matching React magazine route.
/journal/,200,preserve_or_map,manual_review,/magazine,low,Magazine | WAKILISHA,"Legacy WordPress section/archive route. Decide whether to rebuild the archive, redirect to a React section, or intentionally retire it."
/just-a-band-articulating-the-world-on-own-terms/,200,preserve_or_map,redirect_to_react_route,/magazine/just-a-band-articulating-the-world-on-own-terms,high,Just A Band: Articulating the World on Their Own Terms | WAKILISHA,Legacy article/page slug has a matching React magazine route.
/kenya-youtube-specials/,200,preserve_or_map,redirect_to_react_route,/magazine/kenya-youtube-specials,high,Spotlight on Kenyan YouTube Specials | WAKILISHA,Legacy article/page slug has a matching React magazine route.
/kenyan-art-exploring-the-rich-culture-of-the-maasai/,200,preserve_or_map,redirect_to_react_route,/magazine/kenyan-art-exploring-the-rich-culture-of-the-maasai,high,Kenyan Art: Exploring the Rich Culture of the Maasai | WAKILISHA,Legacy article/page slug has a matching React magazine route.
/kenyan-female-artists-2022/,200,preserve_or_map,redirect_to_react_route,/magazine/kenyan-female-artists-2022,high,10 Kenyan Female Artists Who Owned 2022 | WAKILISHA,Legacy article/page slug has a matching React magazine route.
/kenyan-music-to-the-world/,200,preserve_or_map,redirect_to_react_route,/magazine/kenyan-music-to-the-world,high,Kenyan Music To The World | WAKILISHA,Legacy article/page slug has a matching React magazine route.
/kenyan-short-stories-published-in-2023/,200,preserve_or_map,redirect_to_react_route,/magazine/kenyan-short-stories-published-in-2023,high,5 Outstanding Kenyan Short Stories Published In 2023 | WAKILISHA,Legacy article/page slug has a matching React magazine route.
/kenyan-shows-on-showmax-adapted-from-other-african-shows/,200,preserve_or_map,redirect_to_react_route,/magazine/kenyan-shows-on-showmax-adapted-from-other-african-shows,high,5 Popular Kenyan Shows on Showmax Adapted from Other African Shows | WAKILISHA,Legacy article/page slug has a matching React magazine route.
/kenyan-shows-on-showmax-adapted-from-other-african-shows/feed/,200,asset_or_non_html,ignore_for_html_cutover,,high,,Not an HTML content route for React cutover.
/kenyan-visual-artists-propelling-industry-forward/,200,preserve_or_map,redirect_to_react_route,/magazine/kenyan-visual-artists-propelling-industry-forward,high,The Kenyan Visual Artists Propelling the Industry Forward | WAKILISHA,Legacy article/page slug has a matching React magazine route.
/kenyas-top-10-one-hit-wonder-songs/,200,preserve_or_map,redirect_to_react_route,/magazine/kenyas-top-10-one-hit-wonder-songs,high,Kenya&#039;s Top 10 One Hit Wonder Songs | WAKILISHA,Legacy article/page slug has a matching React magazine route.
/kenyas-top-10-one-hit-wonder-songs/feed/,200,asset_or_non_html,ignore_for_html_cutover,,high,,Not an HTML content route for React cutover.
/kenyas-top-female-artists-of-2025/,200,preserve_or_map,redirect_to_react_route,/magazine/kenyas-top-female-artists-of-2025,high,Kenya&#039;s Top Female Artists of 2025 | WAKILISHA,Legacy article/page slug has a matching React magazine route.
/lifestyle/,200,preserve_or_map,manual_review,/magazine,low,Lifestyle | WAKILISHA,"Legacy WordPress section/archive route. Decide whether to rebuild the archive, redirect to a React section, or intentionally retire it."
/likizo-dj-mura-big-nyagz-album-review/,200,preserve_or_map,redirect_to_react_route,/magazine/likizo-dj-mura-big-nyagz-album-review,high,Album Review: Likizo by DJ Mura and Big Nyagz | WAKILISHA,Legacy article/page slug has a matching React magazine route.
/literature/,200,preserve_or_map,manual_review,/magazine,low,Literature | WAKILISHA,"Legacy WordPress section/archive route. Decide whether to rebuild the archive, redirect to a React section, or intentionally retire it."
/literature/short-stories/,200,preserve_or_map,manual_review,/magazine,low,Short Stories | WAKILISHA,"Legacy WordPress section/archive route. Decide whether to rebuild the archive, redirect to a React section, or intentionally retire it."
/literature/short-stories/feed/,404,legacy_404,intentional_404,,high,,Already 404 on legacy site. Preserve as intentional 404 unless product decides otherwise.
/login/,200,preserve_or_map,redirect_to_react_route,/auth,high,Sign in | WAKILISHA,Known legacy static/account route has a matching React destination.
/magazine/issues/,404,legacy_404,intentional_404,,high,Oh no! The page you want is still being created. You could wait here till it&#039;s done or you can do something else… |…,Already 404 on legacy site. Preserve as intentional 404 unless product decides otherwise.
/magdalene-odundo-exhibition-at-the-hayward-gallery-art-exhibition/,200,preserve_or_map,redirect_to_react_route,/magazine/magdalene-odundo-exhibition-at-the-hayward-gallery-art-exhibition,high,Magdalene Odundo at the Hayward Gallery Ceramic Art Exhibition | WAKILISHA,Legacy article/page slug has a matching React magazine route.
/maisha-ya-stunna-album-review/,200,preserve_or_map,redirect_to_react_route,/magazine/maisha-ya-stunna-album-review,high,Album Review: Maisha Ya Stunna | WAKILISHA,Legacy article/page slug has a matching React magazine route.
/making-art-accessible-to-everyone/,200,preserve_or_map,redirect_to_react_route,/magazine/making-art-accessible-to-everyone,high,Making Art Accessible to Everyone | WAKILISHA,Legacy article/page slug has a matching React magazine route.
/methodology/,200,preserve_or_map,manual_review,/methodology,medium,Methodology | WAKILISHA,Known legacy static/account route needs explicit React route or redirect decision.
/michael-soi-and-thom-ogongas-sex-and-the-city-5-art-exhibition-opens-at-alliance-francaise/,200,preserve_or_map,redirect_to_react_route,/magazine/michael-soi-and-thom-ogongas-sex-and-the-city-5-art-exhibition-opens-at-alliance-francaise,high,Michael Soi and Thom Ogonga&#039;s &#039;Sex and the City 5&#039; Art Exhibition Opens at Alliance Française | WAKILISHA,Legacy article/page slug has a matching React magazine route.
/music/,200,preserve_or_map,manual_review,/music,low,Music | WAKILISHA,"Legacy WordPress section/archive route. Decide whether to rebuild the archive, redirect to a React section, or intentionally retire it."
/music/feed/,200,asset_or_non_html,ignore_for_html_cutover,,high,,Not an HTML content route for React cutover.
/my-account/,200,preserve_or_map,manual_review,/account,medium,Sign in | WAKILISHA,Known legacy static/account route needs explicit React route or redirect decision.
/my-library/,200,preserve_or_map,manual_review,/library,medium,My Library | WAKILISHA,Known legacy static/account route needs explicit React route or redirect decision.
/my-top-10/,200,preserve_or_map,manual_review,/my-top-10,medium,Sign in | WAKILISHA,Known legacy static/account route needs explicit React route or redirect decision.
/nairobi-festival-a-spark-to-rekindle-the-fire-of-community/,200,preserve_or_map,redirect_to_react_route,/magazine/nairobi-festival-a-spark-to-rekindle-the-fire-of-community,high,Nairobi Festival: a spark to rekindle the fire of community | WAKILISHA,Legacy article/page slug has a matching React magazine route.
/nairobi-national-park/,200,preserve_or_map,redirect_to_react_route,/magazine/nairobi-national-park,high,Nairobi National Park | WAKILISHA,Legacy article/page slug has a matching React magazine route.
/news-resources/,200,preserve_or_map,manual_review,/magazine,medium,News &amp; Resources | WAKILISHA,Known legacy static/account route needs explicit React route or redirect decision.
/njerae-and-the-changing-face-of-kenyan-rnb/,200,preserve_or_map,redirect_to_react_route,/magazine/njerae-and-the-changing-face-of-kenyan-rnb,high,Njerae and the changing face of Kenyan R&amp;B | WAKILISHA,Legacy article/page slug has a matching React magazine route.
/njoki-karu-mwihoko-utheri-wa-ngoro-album-review/,200,preserve_or_map,redirect_to_react_route,/magazine/njoki-karu-mwihoko-utheri-wa-ngoro-album-review,high,Album Review – Mwihoko: Utheri Wa Ngoro | WAKILISHA,Legacy article/page slug has a matching React magazine route.
/no-dead-heroes-no-good-soldiers/,200,preserve_or_map,redirect_to_react_route,/magazine/no-dead-heroes-no-good-soldiers,high,"No dead heroes, no good soldiers. | WAKILISHA",Legacy article/page slug has a matching React magazine route.
/nyege-nyege-festival-2023-november/,200,preserve_or_map,redirect_to_react_route,/magazine/nyege-nyege-festival-2023-november,high,Nyege Nyege Festival Returns to Jinja in 2023 | WAKILISHA,Legacy article/page slug has a matching React magazine route.
/of-shrubbing-or-when-the-tongue-slips/,200,preserve_or_map,redirect_to_react_route,/magazine/of-shrubbing-or-when-the-tongue-slips,high,"Of shrubbing, or when the tongue slips | WAKILISHA",Legacy article/page slug has a matching React magazine route.
/open-letter-cabinet-secretary-youth-affairs-sports-arts/,200,preserve_or_map,redirect_to_react_route,/magazine/open-letter-cabinet-secretary-youth-affairs-sports-arts,high,"Dear Cabinet Secretary for Youth Affairs, Sports and The Arts | WAKILISHA",Legacy article/page slug has a matching React magazine route.
/opinion/,200,preserve_or_map,manual_review,/magazine,low,Opinion | WAKILISHA,"Legacy WordPress section/archive route. Decide whether to rebuild the archive, redirect to a React section, or intentionally retire it."
/order-tracking/,200,preserve_or_map,manual_review,/account,medium,ORDER TRACKING | WAKILISHA,Known legacy static/account route needs explicit React route or redirect decision.
/overthinkers-assemble/,200,preserve_or_map,redirect_to_react_route,/magazine/overthinkers-assemble,high,"Overthinkers, Assemble! | WAKILISHA",Legacy article/page slug has a matching React magazine route.
/pepeta-stoking-the-flames-of-acceptance/,200,preserve_or_map,redirect_to_react_route,/magazine/pepeta-stoking-the-flames-of-acceptance,high,Pepeta: Stoking the Flames of Acceptance | WAKILISHA,Legacy article/page slug has a matching React magazine route.
/plan/,200,preserve_or_map,manual_review,/magazine,low,Plan | WAKILISHA,"Legacy WordPress section/archive route. Decide whether to rebuild the archive, redirect to a React section, or intentionally retire it."
/plan/archive/,200,preserve_or_map,manual_review,/magazine,low,Archive | WAKILISHA,"Legacy WordPress section/archive route. Decide whether to rebuild the archive, redirect to a React section, or intentionally retire it."
/play/,404,legacy_404,intentional_404,,high,Player | WAKILISHA,Already 404 on legacy site. Preserve as intentional 404 unless product decides otherwise.
/poetry-slam-africa-festival-returns-to-nairobi-this-january/,200,preserve_or_map,redirect_to_react_route,/magazine/poetry-slam-africa-festival-returns-to-nairobi-this-january,high,Poetry Slam Africa Festival Returns to Nairobi this January | WAKILISHA,Legacy article/page slug has a matching React magazine route.
/poetry-slam-africa-festival-returns-to-nairobi-this-january/feed/,200,asset_or_non_html,ignore_for_html_cutover,,high,,Not an HTML content route for React cutover.
/privacy-policy/,404,legacy_404,intentional_404,,high,Oh no! The page you want is still being created. You could wait here till it&#039;s done or you can do something else… |…,Already 404 on legacy site. Preserve as intentional 404 unless product decides otherwise.
/privacy/,200,preserve_or_map,native_react_route,/privacy,high,Privacy | WAKILISHA,Exact route exists in current React prerender output.
/profile/,200,preserve_or_map,native_react_route,/profile,high,Sign in | WAKILISHA,Exact route exists in current React prerender output.
/promoting-music-on-tiktok-and-social-media/,200,preserve_or_map,redirect_to_react_route,/magazine/promoting-music-on-tiktok-and-social-media,high,Promoting Music on TikTok and Other Social Platforms | WAKILISHA,Legacy article/page slug has a matching React magazine route.
/public-profile/,200,preserve_or_map,redirect_to_react_route,/profile,high,Profile | WAKILISHA,Known legacy static/account route has a matching React destination.
/registry/,200,preserve_or_map,redirect_to_react_route,/charts,high,The Registry© | WAKILISHA,Known legacy static/account route has a matching React destination.
/review-of-kizazi-moto-by-kizazi-moto/,200,preserve_or_map,redirect_to_react_route,/magazine/review-of-kizazi-moto-by-kizazi-moto,high,Fire Meets Fire: A Review of Kizazi Moto by Kizazi Moto | WAKILISHA,Legacy article/page slug has a matching React magazine route.
/science-and-technology/,200,preserve_or_map,manual_review,/magazine,low,Science and Technology | WAKILISHA,"Legacy WordPress section/archive route. Decide whether to rebuild the archive, redirect to a React section, or intentionally retire it."
/settings/,200,preserve_or_map,manual_review,/settings,medium,Sign in | WAKILISHA,Known legacy static/account route needs explicit React route or redirect decision.
/short-stories/,200,preserve_or_map,manual_review,/magazine,low,Short Stories | WAKILISHA,"Legacy WordPress section/archive route. Decide whether to rebuild the archive, redirect to a React section, or intentionally retire it."
/short-walk-through-maasai-market/,200,preserve_or_map,redirect_to_react_route,/magazine/short-walk-through-maasai-market,high,A Short Walk Through Maasai Market | WAKILISHA,Legacy article/page slug has a matching React magazine route.
/should-you-read-african-fiction/,200,preserve_or_map,redirect_to_react_route,/magazine/should-you-read-african-fiction,high,Should You be Reading African Fiction? 3 Stories That Say &#039;Absolutely&#039; | WAKILISHA,Legacy article/page slug has a matching React magazine route.
/should-you-read-african-fiction/feed/,200,asset_or_non_html,ignore_for_html_cutover,,high,,Not an HTML content route for React cutover.
/so-you-are-crying-in-a-matatu/,200,preserve_or_map,redirect_to_react_route,/magazine/so-you-are-crying-in-a-matatu,high,So you&#039;re crying in a matatu | WAKILISHA,Legacy article/page slug has a matching React magazine route.
/sports/,200,preserve_or_map,manual_review,/magazine,low,Sports | WAKILISHA,"Legacy WordPress section/archive route. Decide whether to rebuild the archive, redirect to a React section, or intentionally retire it."
/spotlight-on-kenyan-literature-in-2023/,200,preserve_or_map,redirect_to_react_route,/magazine/spotlight-on-kenyan-literature-in-2023,high,Spotlight on Kenyan Literature in 2023 | WAKILISHA,Legacy article/page slug has a matching React magazine route.
/stomach-infrastructure-2-0-how-digital-politics-feeds-hunger/,200,preserve_or_map,redirect_to_react_route,/magazine/stomach-infrastructure-2-0-how-digital-politics-feeds-hunger,high,Stomach Infrastructure 2.0: How Digital Politics Feeds Hunger | WAKILISHA,Legacy article/page slug has a matching React magazine route.
/tag/2026/,200,preserve_or_map,manual_review,/search?tag=2026,low,2026 | WAKILISHA,"Legacy tag archive needs product decision: rebuild tag pages, redirect to search, or intentional 404."
/tag/2026/feed/,200,asset_or_non_html,ignore_for_html_cutover,,high,,Not an HTML content route for React cutover.
/tag/4mr-frank-white/,200,preserve_or_map,manual_review,/search?tag=4mr-frank-white,low,4mr Frank White | WAKILISHA,"Legacy tag archive needs product decision: rebuild tag pages, redirect to search, or intentional 404."
/tag/4mr-frank-white/feed/,200,asset_or_non_html,ignore_for_html_cutover,,high,,Not an HTML content route for React cutover.
/tag/60-nozzles/,200,preserve_or_map,manual_review,/search?tag=60-nozzles,low,60 Nozzles | WAKILISHA,"Legacy tag archive needs product decision: rebuild tag pages, redirect to search, or intentional 404."
/tag/60-nozzles/feed/,200,asset_or_non_html,ignore_for_html_cutover,,high,,Not an HTML content route for React cutover.
/tag/8-4-4/,200,preserve_or_map,manual_review,/search?tag=8-4-4,low,8-4-4 | WAKILISHA,"Legacy tag archive needs product decision: rebuild tag pages, redirect to search, or intentional 404."
/tag/8-4-4/feed/,200,asset_or_non_html,ignore_for_html_cutover,,high,,Not an HTML content route for React cutover.
/tag/8th-street-gang/,200,preserve_or_map,manual_review,/search?tag=8th-street-gang,low,8th Street Gang | WAKILISHA,"Legacy tag archive needs product decision: rebuild tag pages, redirect to search, or intentional 404."
/tag/8th-street-gang/feed/,200,asset_or_non_html,ignore_for_html_cutover,,high,,Not an HTML content route for React cutover.
/tag/a-grain-of-wheat/,200,preserve_or_map,manual_review,/search?tag=a-grain-of-wheat,low,A Grain of Wheat | WAKILISHA,"Legacy tag archive needs product decision: rebuild tag pages, redirect to search, or intentional 404."
/tag/a-grain-of-wheat/feed/,200,asset_or_non_html,ignore_for_html_cutover,,high,,Not an HTML content route for React cutover.
/tag/a-nurse-toto/,200,preserve_or_map,manual_review,/search?tag=a-nurse-toto,low,A Nurse Toto | WAKILISHA,"Legacy tag archive needs product decision: rebuild tag pages, redirect to search, or intentional 404."
/tag/a-nurse-toto/feed/,200,asset_or_non_html,ignore_for_html_cutover,,high,,Not an HTML content route for React cutover.
/tag/aahil/,200,preserve_or_map,manual_review,/search?tag=aahil,low,Aahil | WAKILISHA,"Legacy tag archive needs product decision: rebuild tag pages, redirect to search, or intentional 404."
/tag/aahil/feed/,200,asset_or_non_html,ignore_for_html_cutover,,high,,Not an HTML content route for React cutover.
/tag/aaron-rimbui/,200,preserve_or_map,manual_review,/search?tag=aaron-rimbui,low,Aaron Rimbui | WAKILISHA,"Legacy tag archive needs product decision: rebuild tag pages, redirect to search, or intentional 404."
/tag/aaron-rimbui/feed/,200,asset_or_non_html,ignore_for_html_cutover,,high,,Not an HTML content route for React cutover.
/tag/ababu-namwamba/,200,preserve_or_map,manual_review,/search?tag=ababu-namwamba,low,Ababu Namwamba | WAKILISHA,"Legacy tag archive needs product decision: rebuild tag pages, redirect to search, or intentional 404."
/tag/ababu-namwamba/feed/,200,asset_or_non_html,ignore_for_html_cutover,,high,,Not an HTML content route for React cutover.
/tag/abas-k%eb%ab%bf/,200,preserve_or_map,manual_review,/search?tag=abas-k%25eb%25ab%25bf,low,Abas K뫿 | WAKILISHA,"Legacy tag archive needs product decision: rebuild tag pages, redirect to search, or intentional 404."
/tag/abas-kubaff/,404,legacy_404,intentional_404,,high,Oh no! The page you want is still being created. You could wait here till it&#039;s done or you can do something else… |…,Already 404 on legacy site. Preserve as intentional 404 unless product decides otherwise.
/tag/abas-kubaff/feed/,404,legacy_404,intentional_404,,high,,Already 404 on legacy site. Preserve as intentional 404 unless product decides otherwise.
/tag/abbas-k%eb%ab%bf/,200,preserve_or_map,manual_review,/search?tag=abbas-k%25eb%25ab%25bf,low,Abbas K뫿 | WAKILISHA,"Legacy tag archive needs product decision: rebuild tag pages, redirect to search, or intentional 404."
/tag/abbas-kubaff/,404,legacy_404,intentional_404,,high,Oh no! The page you want is still being created. You could wait here till it&#039;s done or you can do something else… |…,Already 404 on legacy site. Preserve as intentional 404 unless product decides otherwise.
/tag/abbas-kubaff/feed/,404,legacy_404,intentional_404,,high,,Already 404 on legacy site. Preserve as intentional 404 unless product decides otherwise.
/tag/abubakar-majid/,200,preserve_or_map,manual_review,/search?tag=abubakar-majid,low,Abubakar Majid | WAKILISHA,"Legacy tag archive needs product decision: rebuild tag pages, redirect to search, or intentional 404."
/tag/abubakar-majid/feed/,200,asset_or_non_html,ignore_for_html_cutover,,high,,Not an HTML content route for React cutover.
/tag/accessibility/,200,preserve_or_map,manual_review,/search?tag=accessibility,low,Accessibility | WAKILISHA,"Legacy tag archive needs product decision: rebuild tag pages, redirect to search, or intentional 404."
/tag/accessibility/feed/,200,asset_or_non_html,ignore_for_html_cutover,,high,,Not an HTML content route for React cutover.
/tag/across-the-bridge/,200,preserve_or_map,manual_review,/search?tag=across-the-bridge,low,Across The Bridge | WAKILISHA,"Legacy tag archive needs product decision: rebuild tag pages, redirect to search, or intentional 404."
/tag/across-the-bridge/feed/,200,asset_or_non_html,ignore_for_html_cutover,,high,,Not an HTML content route for React cutover.
/tag/act-of-love/,200,preserve_or_map,manual_review,/search?tag=act-of-love,low,Act Of Love | WAKILISHA,"Legacy tag archive needs product decision: rebuild tag pages, redirect to search, or intentional 404."
/tag/act-of-love/feed/,200,asset_or_non_html,ignore_for_html_cutover,,high,,Not an HTML content route for React cutover.
/tag/ado-veli/,200,preserve_or_map,manual_review,/search?tag=ado-veli,low,Ado Veli | WAKILISHA,"Legacy tag archive needs product decision: rebuild tag pages, redirect to search, or intentional 404."
/tag/ado-veli/feed/,200,asset_or_non_html,ignore_for_html_cutover,,high,,Not an HTML content route for React cutover.
/tag/adobe/,200,preserve_or_map,manual_review,/search?tag=adobe,low,Adobe | WAKILISHA,"Legacy tag archive needs product decision: rebuild tag pages, redirect to search, or intentional 404."
/tag/adobe/feed/,200,asset_or_non_html,ignore_for_html_cutover,,high,,Not an HTML content route for React cutover.
/tag/afcfta/,200,preserve_or_map,manual_review,/search?tag=afcfta,low,AfCFTA | WAKILISHA,"Legacy tag archive needs product decision: rebuild tag pages, redirect to search, or intentional 404."
/tag/afcfta/feed/,200,asset_or_non_html,ignore_for_html_cutover,,high,,Not an HTML content route for React cutover.
/tag/affordable-art-show/,200,preserve_or_map,manual_review,/search?tag=affordable-art-show,low,Affordable Art Show | WAKILISHA,"Legacy tag archive needs product decision: rebuild tag pages, redirect to search, or intentional 404."
/tag/affordable-art-show/feed/,200,asset_or_non_html,ignore_for_html_cutover,,high,,Not an HTML content route for React cutover.
/tag/africa/,200,preserve_or_map,manual_review,/search?tag=africa,low,Africa | WAKILISHA,"Legacy tag archive needs product decision: rebuild tag pages, redirect to search, or intentional 404."
/tag/africa/feed/,200,asset_or_non_html,ignore_for_html_cutover,,high,,Not an HTML content route for React cutover.
/tag/african-continental-free-trade-area/,200,preserve_or_map,manual_review,/search?tag=african-continental-free-trade-area,low,African Continental Free Trade Area | WAKILISHA,"Legacy tag archive needs product decision: rebuild tag pages, redirect to search, or intentional 404."
/tag/african-continental-free-trade-area/feed/,200,asset_or_non_html,ignore_for_html_cutover,,high,,Not an HTML content route for React cutover.
/tag/african-fiction/,200,preserve_or_map,manual_review,/search?tag=african-fiction,low,African Fiction | WAKILISHA,"Legacy tag archive needs product decision: rebuild tag pages, redirect to search, or intentional 404."
/tag/african-fiction/feed/,200,asset_or_non_html,ignore_for_html_cutover,,high,,Not an HTML content route for React cutover.
/tag/african-music/,200,preserve_or_map,manual_review,/search?tag=african-music,low,African Music | WAKILISHA,"Legacy tag archive needs product decision: rebuild tag pages, redirect to search, or intentional 404."
/tag/african-music/feed/,200,asset_or_non_html,ignore_for_html_cutover,,high,,Not an HTML content route for React cutover.
/tag/afro-house/,200,preserve_or_map,manual_review,/search?tag=afro-house,low,Afro House | WAKILISHA,"Legacy tag archive needs product decision: rebuild tag pages, redirect to search, or intentional 404."
/tag/afro-house/feed/,200,asset_or_non_html,ignore_for_html_cutover,,high,,Not an HTML content route for React cutover.
/tag/afrobeat/,200,preserve_or_map,manual_review,/search?tag=afrobeat,low,Afrobeat | WAKILISHA,"Legacy tag archive needs product decision: rebuild tag pages, redirect to search, or intentional 404."
/tag/afrobeat/feed/,200,asset_or_non_html,ignore_for_html_cutover,,high,,Not an HTML content route for React cutover.
/tag/afroelle-magazine/,200,preserve_or_map,manual_review,/search?tag=afroelle-magazine,low,Afroelle Magazine | WAKILISHA,"Legacy tag archive needs product decision: rebuild tag pages, redirect to search, or intentional 404."
/tag/afroelle-magazine/feed/,200,asset_or_non_html,ignore_for_html_cutover,,high,,Not an HTML content route for React cutover.
/tag/afrofuturism/,200,preserve_or_map,manual_review,/search?tag=afrofuturism,low,Afrofuturism | WAKILISHA,"Legacy tag archive needs product decision: rebuild tag pages, redirect to search, or intentional 404."
/tag/afrofuturism/feed/,200,asset_or_non_html,ignore_for_html_cutover,,high,,Not an HTML content route for React cutover.
/tag/afrohouse/,200,preserve_or_map,manual_review,/search?tag=afrohouse,low,Afrohouse | WAKILISHA,"Legacy tag archive needs product decision: rebuild tag pages, redirect to search, or intentional 404."
/tag/afronautiq/,200,preserve_or_map,manual_review,/search?tag=afronautiq,low,AfroNautiq | WAKILISHA,"Legacy tag archive needs product decision: rebuild tag pages, redirect to search, or intentional 404."
/tag/afronautiq/feed/,200,asset_or_non_html,ignore_for_html_cutover,,high,,Not an HTML content route for React cutover.
/tag/agent-mgumbe/,200,preserve_or_map,manual_review,/search?tag=agent-mgumbe,low,Agent Mgumbe | WAKILISHA,"Legacy tag archive needs product decision: rebuild tag pages, redirect to search, or intentional 404."
/tag/agent-mgumbe/feed/,200,asset_or_non_html,ignore_for_html_cutover,,high,,Not an HTML content route for React cutover.
/tag/ajay/,200,preserve_or_map,manual_review,/search?tag=ajay,low,Ajay | WAKILISHA,"Legacy tag archive needs product decision: rebuild tag pages, redirect to search, or intentional 404."
/tag/ajay/feed/,200,asset_or_non_html,ignore_for_html_cutover,,high,,Not an HTML content route for React cutover.
/tag/akan-drum/,200,preserve_or_map,manual_review,/search?tag=akan-drum,low,Akan Drum | WAKILISHA,"Legacy tag archive needs product decision: rebuild tag pages, redirect to search, or intentional 404."
/tag/akan-drum/feed/,200,asset_or_non_html,ignore_for_html_cutover,,high,,Not an HTML content route for React cutover.
/tag/akoth-jumadi/,200,preserve_or_map,manual_review,/search?tag=akoth-jumadi,low,Akoth Jumadi | WAKILISHA,"Legacy tag archive needs product decision: rebuild tag pages, redirect to search, or intentional 404."
/tag/akoth-jumadi/feed/,200,asset_or_non_html,ignore_for_html_cutover,,high,,Not an HTML content route for React cutover.
/tag/al-jean/,200,preserve_or_map,manual_review,/search?tag=al-jean,low,Al Jean | WAKILISHA,"Legacy tag archive needs product decision: rebuild tag pages, redirect to search, or intentional 404."
/tag/al-jean/feed/,200,asset_or_non_html,ignore_for_html_cutover,,high,,Not an HTML content route for React cutover.
/tag/alantra-official/,200,preserve_or_map,manual_review,/search?tag=alantra-official,low,Alantra Official | WAKILISHA,"Legacy tag archive needs product decision: rebuild tag pages, redirect to search, or intentional 404."
/tag/alantra-official/feed/,200,asset_or_non_html,ignore_for_html_cutover,,high,,Not an HTML content route for React cutover.
/tag/album-review/,200,preserve_or_map,manual_review,/search?tag=album-review,low,Album Review | WAKILISHA,"Legacy tag archive needs product decision: rebuild tag pages, redirect to search, or intentional 404."
/tag/album-review/feed/,200,asset_or_non_html,ignore_for_html_cutover,,high,,Not an HTML content route for React cutover.
/tag/album-review/page/2/,200,preserve_or_map,manual_review,/search?tag=album-review,low,Album Review | WAKILISHA,"Legacy tag archive needs product decision: rebuild tag pages, redirect to search, or intentional 404."
/tag/alex-mawimbi/,200,preserve_or_map,manual_review,/search?tag=alex-mawimbi,low,Alex Mawimbi | WAKILISHA,"Legacy tag archive needs product decision: rebuild tag pages, redirect to search, or intentional 404."
/tag/alex-mawimbi/feed/,200,asset_or_non_html,ignore_for_html_cutover,,high,,Not an HTML content route for React cutover.
/tag/alfred-international/,200,preserve_or_map,manual_review,/search?tag=alfred-international,low,Alfred International | WAKILISHA,"Legacy tag archive needs product decision: rebuild tag pages, redirect to search, or intentional 404."
/tag/alfred-international/feed/,200,asset_or_non_html,ignore_for_html_cutover,,high,,Not an HTML content route for React cutover.
/tag/algorithms/,200,preserve_or_map,manual_review,/search?tag=algorithms,low,Algorithms | WAKILISHA,"Legacy tag archive needs product decision: rebuild tag pages, redirect to search, or intentional 404."
/tag/algorithms/feed/,200,asset_or_non_html,ignore_for_html_cutover,,high,,Not an HTML content route for React cutover.
/tag/alliance-francaise-de-nairobi/,200,preserve_or_map,manual_review,/search?tag=alliance-francaise-de-nairobi,low,Alliance Française de Nairobi | WAKILISHA,"Legacy tag archive needs product decision: rebuild tag pages, redirect to search, or intentional 404."
/tag/alliance-francaise-de-nairobi/feed/,200,asset_or_non_html,ignore_for_html_cutover,,high,,Not an HTML content route for React cutover.
/tag/allianz-direct/,200,preserve_or_map,manual_review,/search?tag=allianz-direct,low,Allianz Direct | WAKILISHA,"Legacy tag archive needs product decision: rebuild tag pages, redirect to search, or intentional 404."
/tag/allianz-direct/feed/,200,asset_or_non_html,ignore_for_html_cutover,,high,,Not an HTML content route for React cutover.
/tag/ally-fresh/,200,preserve_or_map,manual_review,/search?tag=ally-fresh,low,Ally Fresh | WAKILISHA,"Legacy tag archive needs product decision: rebuild tag pages, redirect to search, or intentional 404."
/tag/ally-fresh/feed/,200,asset_or_non_html,ignore_for_html_cutover,,high,,Not an HTML content route for React cutover.
/tag/amapiano/,200,preserve_or_map,manual_review,/search?tag=amapiano,low,Amapiano | WAKILISHA,"Legacy tag archive needs product decision: rebuild tag pages, redirect to search, or intentional 404."
/tag/amapiano/feed/,200,asset_or_non_html,ignore_for_html_cutover,,high,,Not an HTML content route for React cutover.
/tag/aminata/,200,preserve_or_map,manual_review,/search?tag=aminata,low,Aminata | WAKILISHA,"Legacy tag archive needs product decision: rebuild tag pages, redirect to search, or intentional 404."
/tag/aminata/feed/,200,asset_or_non_html,ignore_for_html_cutover,,high,,Not an HTML content route for React cutover.
/tag/angry-panda-clan/,200,preserve_or_map,manual_review,/search?tag=angry-panda-clan,low,Angry Panda Clan | WAKILISHA,"Legacy tag archive needs product decision: rebuild tag pages, redirect to search, or intentional 404."
/tag/angry-panda-clan/feed/,200,asset_or_non_html,ignore_for_html_cutover,,high,,Not an HTML content route for React cutover.
/tag/animation/,200,preserve_or_map,manual_review,/search?tag=animation,low,Animation | WAKILISHA,"Legacy tag archive needs product decision: rebuild tag pages, redirect to search, or intentional 404."
/tag/animation/feed/,200,asset_or_non_html,ignore_for_html_cutover,,high,,Not an HTML content route for React cutover.
/tag/anrey/,200,preserve_or_map,manual_review,/search?tag=anrey,low,Anrey | WAKILISHA,"Legacy tag archive needs product decision: rebuild tag pages, redirect to search, or intentional 404."
/tag/anrey/feed/,200,asset_or_non_html,ignore_for_html_cutover,,high,,Not an HTML content route for React cutover.
/tag/anyango-mpinga/,200,preserve_or_map,manual_review,/search?tag=anyango-mpinga,low,Anyango Mpinga | WAKILISHA,"Legacy tag archive needs product decision: rebuild tag pages, redirect to search, or intentional 404."
/tag/anyango-mpinga/feed/,200,asset_or_non_html,ignore_for_html_cutover,,high,,Not an HTML content route for React cutover.
/tag/apesi/,200,preserve_or_map,manual_review,/search?tag=apesi,low,Apesi | WAKILISHA,"Legacy tag archive needs product decision: rebuild tag pages, redirect to search, or intentional 404."
/tag/apesi/feed/,200,asset_or_non_html,ignore_for_html_cutover,,high,,Not an HTML content route for React cutover.
/tag/apple-music/,200,preserve_or_map,manual_review,/search?tag=apple-music,low,Apple Music | WAKILISHA,"Legacy tag archive needs product decision: rebuild tag pages, redirect to search, or intentional 404."
/tag/apple-music/feed/,200,asset_or_non_html,ignore_for_html_cutover,,high,,Not an HTML content route for React cutover.
/tag/arbantone/,200,preserve_or_map,manual_review,/search?tag=arbantone,low,Arbantone | WAKILISHA,"Legacy tag archive needs product decision: rebuild tag pages, redirect to search, or intentional 404."
/tag/arbantone/feed/,200,asset_or_non_html,ignore_for_html_cutover,,high,,Not an HTML content route for React cutover.
/tag/architecture/,200,preserve_or_map,manual_review,/search?tag=architecture,low,Architecture | WAKILISHA,"Legacy tag archive needs product decision: rebuild tag pages, redirect to search, or intentional 404."
/tag/architecture/feed/,200,asset_or_non_html,ignore_for_html_cutover,,high,,Not an HTML content route for React cutover.
/tag/aress-66/,200,preserve_or_map,manual_review,/search?tag=aress-66,low,Aress 66 | WAKILISHA,"Legacy tag archive needs product decision: rebuild tag pages, redirect to search, or intentional 404."
/tag/aress-66/feed/,200,asset_or_non_html,ignore_for_html_cutover,,high,,Not an HTML content route for React cutover.
/tag/arlen-dilsizian/,200,preserve_or_map,manual_review,/search?tag=arlen-dilsizian,low,Arlen Dilsizian | WAKILISHA,"Legacy tag archive needs product decision: rebuild tag pages, redirect to search, or intentional 404."
/tag/arlen-dilsizian/feed/,200,asset_or_non_html,ignore_for_html_cutover,,high,,Not an HTML content route for React cutover.
/tag/arlene-wandera/,200,preserve_or_map,manual_review,/search?tag=arlene-wandera,low,Arlene Wandera | WAKILISHA,"Legacy tag archive needs product decision: rebuild tag pages, redirect to search, or intentional 404."
/tag/arlene-wandera/feed/,200,asset_or_non_html,ignore_for_html_cutover,,high,,Not an HTML content route for React cutover.
/tag/arrow-boy/,200,preserve_or_map,manual_review,/search?tag=arrow-boy,low,Arrow Boy | WAKILISHA,"Legacy tag archive needs product decision: rebuild tag pages, redirect to search, or intentional 404."
/tag/arrow-boy/feed/,200,asset_or_non_html,ignore_for_html_cutover,,high,,Not an HTML content route for React cutover.
/tag/artificial-intelligence/,200,preserve_or_map,manual_review,/search?tag=artificial-intelligence,low,Artificial Intelligence | WAKILISHA,"Legacy tag archive needs product decision: rebuild tag pages, redirect to search, or intentional 404."
/tag/artificial-intelligence/feed/,200,asset_or_non_html,ignore_for_html_cutover,,high,,Not an HTML content route for React cutover.
/tag/assistive-technology/,200,preserve_or_map,manual_review,/search?tag=assistive-technology,low,Assistive Technology | WAKILISHA,"Legacy tag archive needs product decision: rebuild tag pages, redirect to search, or intentional 404."
/tag/assistive-technology/feed/,200,asset_or_non_html,ignore_for_html_cutover,,high,,Not an HTML content route for React cutover.
/tag/atemi-oyungu/,200,preserve_or_map,manual_review,/search?tag=atemi-oyungu,low,Atemi Oyungu | WAKILISHA,"Legacy tag archive needs product decision: rebuild tag pages, redirect to search, or intentional 404."
/tag/atemi-oyungu/feed/,200,asset_or_non_html,ignore_for_html_cutover,,high,,Not an HTML content route for React cutover.
/tag/athens/,200,preserve_or_map,manual_review,/search?tag=athens,low,Athens | WAKILISHA,"Legacy tag archive needs product decision: rebuild tag pages, redirect to search, or intentional 404."
/tag/athens/feed/,200,asset_or_non_html,ignore_for_html_cutover,,high,,Not an HTML content route for React cutover.
/tag/athletics/,200,preserve_or_map,manual_review,/search?tag=athletics,low,Athletics | WAKILISHA,"Legacy tag archive needs product decision: rebuild tag pages, redirect to search, or intentional 404."
/tag/athletics/feed/,200,asset_or_non_html,ignore_for_html_cutover,,high,,Not an HTML content route for React cutover.
/tag/atmos-blaq/,200,preserve_or_map,manual_review,/search?tag=atmos-blaq,low,Atmos Blaq | WAKILISHA,"Legacy tag archive needs product decision: rebuild tag pages, redirect to search, or intentional 404."
/tag/atmos-blaq/feed/,200,asset_or_non_html,ignore_for_html_cutover,,high,,Not an HTML content route for React cutover.
/tag/ato-malinda/,200,preserve_or_map,manual_review,/search?tag=ato-malinda,low,Ato Malinda | WAKILISHA,"Legacy tag archive needs product decision: rebuild tag pages, redirect to search, or intentional 404."
/tag/ato-malinda/feed/,200,asset_or_non_html,ignore_for_html_cutover,,high,,Not an HTML content route for React cutover.
/tag/axel-lussiez/,200,preserve_or_map,manual_review,/search?tag=axel-lussiez,low,Axel Lussiez | WAKILISHA,"Legacy tag archive needs product decision: rebuild tag pages, redirect to search, or intentional 404."
/tag/axel-lussiez/feed/,200,asset_or_non_html,ignore_for_html_cutover,,high,,Not an HTML content route for React cutover.
/tag/ayra-starr/,200,preserve_or_map,manual_review,/search?tag=ayra-starr,low,Ayra Starr | WAKILISHA,"Legacy tag archive needs product decision: rebuild tag pages, redirect to search, or intentional 404."
/tag/ayra-starr/feed/,200,asset_or_non_html,ignore_for_html_cutover,,high,,Not an HTML content route for React cutover.
/tag/ayrosh/,200,preserve_or_map,manual_review,/search?tag=ayrosh,low,Ayrosh | WAKILISHA,"Legacy tag archive needs product decision: rebuild tag pages, redirect to search, or intentional 404."
/tag/ayrosh/feed/,200,asset_or_non_html,ignore_for_html_cutover,,high,,Not an HTML content route for React cutover.
/tag/ayub-ogada/,200,preserve_or_map,manual_review,/search?tag=ayub-ogada,low,Ayub Ogada | WAKILISHA,"Legacy tag archive needs product decision: rebuild tag pages, redirect to search, or intentional 404."
/tag/ayub-ogada/feed/,200,asset_or_non_html,ignore_for_html_cutover,,high,,Not an HTML content route for React cutover.
/tag/azziad-nasenya/,200,preserve_or_map,manual_review,/search?tag=azziad-nasenya,low,Azziad Nasenya | WAKILISHA,"Legacy tag archive needs product decision: rebuild tag pages, redirect to search, or intentional 404."
/tag/azziad-nasenya/feed/,200,asset_or_non_html,ignore_for_html_cutover,,high,,Not an HTML content route for React cutover.
/tag/bahati/,200,preserve_or_map,manual_review,/search?tag=bahati,low,Bahati | WAKILISHA,"Legacy tag archive needs product decision: rebuild tag pages, redirect to search, or intentional 404."
/tag/bahati/feed/,200,asset_or_non_html,ignore_for_html_cutover,,high,,Not an HTML content route for React cutover.
/tag/bakone/,200,preserve_or_map,manual_review,/search?tag=bakone,low,Bakone | WAKILISHA,"Legacy tag archive needs product decision: rebuild tag pages, redirect to search, or intentional 404."
/tag/bakone/feed/,200,asset_or_non_html,ignore_for_html_cutover,,high,,Not an HTML content route for React cutover.
/tag/bali/,200,preserve_or_map,manual_review,/search?tag=bali,low,Bali | WAKILISHA,"Legacy tag archive needs product decision: rebuild tag pages, redirect to search, or intentional 404."
/tag/bali/feed/,200,asset_or_non_html,ignore_for_html_cutover,,high,,Not an HTML content route for React cutover.
/tag/bankslave/,200,preserve_or_map,manual_review,/search?tag=bankslave,low,Bankslave | WAKILISHA,"Legacy tag archive needs product decision: rebuild tag pages, redirect to search, or intentional 404."
/tag/bankslave/feed/,200,asset_or_non_html,ignore_for_html_cutover,,high,,Not an HTML content route for React cutover.
/tag/bantu/,200,preserve_or_map,manual_review,/search?tag=bantu,low,Bantu | WAKILISHA,"Legacy tag archive needs product decision: rebuild tag pages, redirect to search, or intentional 404."
/tag/bantu/feed/,200,asset_or_non_html,ignore_for_html_cutover,,high,,Not an HTML content route for React cutover.
/tag/baraza/,200,preserve_or_map,manual_review,/search?tag=baraza,low,Baraza | WAKILISHA,"Legacy tag archive needs product decision: rebuild tag pages, redirect to search, or intentional 404."
/tag/baraza/feed/,200,asset_or_non_html,ignore_for_html_cutover,,high,,Not an HTML content route for React cutover.
/tag/bare-sessions/,200,preserve_or_map,manual_review,/search?tag=bare-sessions,low,BARE SESSIONS | WAKILISHA,"Legacy tag archive needs product decision: rebuild tag pages, redirect to search, or intentional 404."
/tag/bare-sessions/feed/,200,asset_or_non_html,ignore_for_html_cutover,,high,,Not an HTML content route for React cutover.
/tag/bayanni/,200,preserve_or_map,manual_review,/search?tag=bayanni,low,Bayanni | WAKILISHA,"Legacy tag archive needs product decision: rebuild tag pages, redirect to search, or intentional 404."
/tag/bayanni/feed/,200,asset_or_non_html,ignore_for_html_cutover,,high,,Not an HTML content route for React cutover.
/tag/beef/,200,preserve_or_map,manual_review,/search?tag=beef,low,Beef | WAKILISHA,"Legacy tag archive needs product decision: rebuild tag pages, redirect to search, or intentional 404."
/tag/ben-cyco/,200,preserve_or_map,manual_review,/search?tag=ben-cyco,low,Ben Cyco | WAKILISHA,"Legacy tag archive needs product decision: rebuild tag pages, redirect to search, or intentional 404."
/tag/ben-cyco/feed/,200,asset_or_non_html,ignore_for_html_cutover,,high,,Not an HTML content route for React cutover.
/tag/beneath-the-baobabs-festival/,200,preserve_or_map,manual_review,/search?tag=beneath-the-baobabs-festival,low,Beneath The Baobabs Festival | WAKILISHA,"Legacy tag archive needs product decision: rebuild tag pages, redirect to search, or intentional 404."
/tag/beneath-the-baobabs-festival/feed/,200,asset_or_non_html,ignore_for_html_cutover,,high,,Not an HTML content route for React cutover.
/tag/benga/,200,preserve_or_map,manual_review,/search?tag=benga,low,Benga | WAKILISHA,"Legacy tag archive needs product decision: rebuild tag pages, redirect to search, or intentional 404."
/tag/benga/feed/,200,asset_or_non_html,ignore_for_html_cutover,,high,,Not an HTML content route for React cutover.
/tag/bensoul/,200,preserve_or_map,manual_review,/search?tag=bensoul,low,Bensoul | WAKILISHA,"Legacy tag archive needs product decision: rebuild tag pages, redirect to search, or intentional 404."
/tag/bensoul/feed/,200,asset_or_non_html,ignore_for_html_cutover,,high,,Not an HTML content route for React cutover.
/tag/bey-t/,200,preserve_or_map,manual_review,/search?tag=bey-t,low,Bey T | WAKILISHA,"Legacy tag archive needs product decision: rebuild tag pages, redirect to search, or intentional 404."
/tag/bey-t/feed/,200,asset_or_non_html,ignore_for_html_cutover,,high,,Not an HTML content route for React cutover.
/tag/bien-aime-baraza/,200,preserve_or_map,manual_review,/search?tag=bien-aime-baraza,low,Bien-Aime Baraza | WAKILISHA,"Legacy tag archive needs product decision: rebuild tag pages, redirect to search, or intentional 404."
/tag/bien-aime-baraza/feed/,200,asset_or_non_html,ignore_for_html_cutover,,high,,Not an HTML content route for React cutover.
/tag/bien/,200,preserve_or_map,manual_review,/search?tag=bien,low,Bien | WAKILISHA,"Legacy tag archive needs product decision: rebuild tag pages, redirect to search, or intentional 404."
/tag/bien/feed/,200,asset_or_non_html,ignore_for_html_cutover,,high,,Not an HTML content route for React cutover.
/tag/big-nyagz/,200,preserve_or_map,manual_review,/search?tag=big-nyagz,low,Big Nyagz | WAKILISHA,"Legacy tag archive needs product decision: rebuild tag pages, redirect to search, or intentional 404."
/tag/big-nyagz/feed/,200,asset_or_non_html,ignore_for_html_cutover,,high,,Not an HTML content route for React cutover.
/tag/bigpin/,200,preserve_or_map,manual_review,/search?tag=bigpin,low,Bigpin | WAKILISHA,"Legacy tag archive needs product decision: rebuild tag pages, redirect to search, or intentional 404."
/tag/bigpin/feed/,200,asset_or_non_html,ignore_for_html_cutover,,high,,Not an HTML content route for React cutover.
/tag/bigpins-radius/,200,preserve_or_map,manual_review,/search?tag=bigpins-radius,low,Bigpin&#039;s Radius | WAKILISHA,"Legacy tag archive needs product decision: rebuild tag pages, redirect to search, or intentional 404."
/tag/bigpins-radius/feed/,200,asset_or_non_html,ignore_for_html_cutover,,high,,Not an HTML content route for React cutover.
/tag/billy-black/,200,preserve_or_map,manual_review,/search?tag=billy-black,low,Billy Black | WAKILISHA,"Legacy tag archive needs product decision: rebuild tag pages, redirect to search, or intentional 404."
/tag/billy-black/feed/,200,asset_or_non_html,ignore_for_html_cutover,,high,,Not an HTML content route for React cutover.
/tag/binyavanga-wainaina/,200,preserve_or_map,manual_review,/search?tag=binyavanga-wainaina,low,Binyavanga Wainaina | WAKILISHA,"Legacy tag archive needs product decision: rebuild tag pages, redirect to search, or intentional 404."
/tag/binyavanga-wainaina/feed/,200,asset_or_non_html,ignore_for_html_cutover,,high,,Not an HTML content route for React cutover.
/tag/bitcoin/,200,preserve_or_map,manual_review,/search?tag=bitcoin,low,Bitcoin | WAKILISHA,"Legacy tag archive needs product decision: rebuild tag pages, redirect to search, or intentional 404."
/tag/bitcoin/feed/,200,asset_or_non_html,ignore_for_html_cutover,,high,,Not an HTML content route for React cutover.
/tag/blankets-and-wine/,200,preserve_or_map,manual_review,/search?tag=blankets-and-wine,low,Blankets And Wine | WAKILISHA,"Legacy tag archive needs product decision: rebuild tag pages, redirect to search, or intentional 404."
/tag/blankets-and-wine/feed/,200,asset_or_non_html,ignore_for_html_cutover,,high,,Not an HTML content route for React cutover.
/tag/blankets-wine/,200,preserve_or_map,manual_review,/search?tag=blankets-wine,low,Blankets &amp; Wine | WAKILISHA,"Legacy tag archive needs product decision: rebuild tag pages, redirect to search, or intentional 404."
/tag/blankets-wine/feed/,200,asset_or_non_html,ignore_for_html_cutover,,high,,Not an HTML content route for React cutover.
/tag/blessing-lungaho/,200,preserve_or_map,manual_review,/search?tag=blessing-lungaho,low,Blessing Lung&#039;Aho | WAKILISHA,"Legacy tag archive needs product decision: rebuild tag pages, redirect to search, or intentional 404."
/tag/blessing-lungaho/feed/,200,asset_or_non_html,ignore_for_html_cutover,,high,,Not an HTML content route for React cutover.
/tag/blind/,200,preserve_or_map,manual_review,/search?tag=blind,low,Blind | WAKILISHA,"Legacy tag archive needs product decision: rebuild tag pages, redirect to search, or intentional 404."
/tag/blind/feed/,200,asset_or_non_html,ignore_for_html_cutover,,high,,Not an HTML content route for React cutover.
/tag/blinky-bill/,200,preserve_or_map,manual_review,/search?tag=blinky-bill,low,Blinky Bill | WAKILISHA,"Legacy tag archive needs product decision: rebuild tag pages, redirect to search, or intentional 404."
/tag/blinky-bill/feed/,200,asset_or_non_html,ignore_for_html_cutover,,high,,Not an HTML content route for React cutover.
/tag/bmg/,200,preserve_or_map,manual_review,/search?tag=bmg,low,BMG | WAKILISHA,"Legacy tag archive needs product decision: rebuild tag pages, redirect to search, or intentional 404."
/tag/bmg/feed/,200,asset_or_non_html,ignore_for_html_cutover,,high,,Not an HTML content route for React cutover.
/tag/bobs-burgers/,200,preserve_or_map,manual_review,/search?tag=bobs-burgers,low,Bob&#039;s Burgers | WAKILISHA,"Legacy tag archive needs product decision: rebuild tag pages, redirect to search, or intentional 404."
/tag/bobs-burgers/feed/,200,asset_or_non_html,ignore_for_html_cutover,,high,,Not an HTML content route for React cutover.
/tag/bomb-squad-crew/,200,preserve_or_map,manual_review,/search?tag=bomb-squad-crew,low,Bomb Squad Crew | WAKILISHA,"Legacy tag archive needs product decision: rebuild tag pages, redirect to search, or intentional 404."
/tag/bomb-squad-crew/feed/,200,asset_or_non_html,ignore_for_html_cutover,,high,,Not an HTML content route for React cutover.
/tag/book-clubs/,200,preserve_or_map,manual_review,/search?tag=book-clubs,low,Book Clubs | WAKILISHA,"Legacy tag archive needs product decision: rebuild tag pages, redirect to search, or intentional 404."
/tag/boondocks-gang/,200,preserve_or_map,manual_review,/search?tag=boondocks-gang,low,Boondocks Gang | WAKILISHA,"Legacy tag archive needs product decision: rebuild tag pages, redirect to search, or intentional 404."
/tag/boondocks-gang/feed/,200,asset_or_non_html,ignore_for_html_cutover,,high,,Not an HTML content route for React cutover.
/tag/boutross/,200,preserve_or_map,manual_review,/search?tag=boutross,low,Boutross | WAKILISHA,"Legacy tag archive needs product decision: rebuild tag pages, redirect to search, or intentional 404."
/tag/boutross/feed/,200,asset_or_non_html,ignore_for_html_cutover,,high,,Not an HTML content route for React cutover.
/tag/brandy-maina/,200,preserve_or_map,manual_review,/search?tag=brandy-maina,low,Brandy Maina | WAKILISHA,"Legacy tag archive needs product decision: rebuild tag pages, redirect to search, or intentional 404."
/tag/brandy-maina/feed/,200,asset_or_non_html,ignore_for_html_cutover,,high,,Not an HTML content route for React cutover.
/tag/breeder-lw/,200,preserve_or_map,manual_review,/search?tag=breeder-lw,low,Breeder LW | WAKILISHA,"Legacy tag archive needs product decision: rebuild tag pages, redirect to search, or intentional 404."
/tag/breeder-lw/feed/,200,asset_or_non_html,ignore_for_html_cutover,,high,,Not an HTML content route for React cutover.
/tag/brian-kabugi/,200,preserve_or_map,manual_review,/search?tag=brian-kabugi,low,Brian Kabugi | WAKILISHA,"Legacy tag archive needs product decision: rebuild tag pages, redirect to search, or intentional 404."
/tag/brian-kabugi/feed/,200,asset_or_non_html,ignore_for_html_cutover,,high,,Not an HTML content route for React cutover.
/tag/brown/,200,preserve_or_map,manual_review,/search?tag=brown,low,Brown | WAKILISHA,"Legacy tag archive needs product decision: rebuild tag pages, redirect to search, or intentional 404."
/tag/brown/feed/,200,asset_or_non_html,ignore_for_html_cutover,,high,,Not an HTML content route for React cutover.
/tag/bryan-ngatia/,200,preserve_or_map,manual_review,/search?tag=bryan-ngatia,low,Bryan Ngatia | WAKILISHA,"Legacy tag archive needs product decision: rebuild tag pages, redirect to search, or intentional 404."
/tag/bryan-ngatia/feed/,200,asset_or_non_html,ignore_for_html_cutover,,high,,Not an HTML content route for React cutover.
/tag/bsq/,200,preserve_or_map,manual_review,/search?tag=bsq,low,BSQ | WAKILISHA,"Legacy tag archive needs product decision: rebuild tag pages, redirect to search, or intentional 404."
/tag/bsq/feed/,200,asset_or_non_html,ignore_for_html_cutover,,high,,Not an HTML content route for React cutover.
/tag/buke-abduba/,200,preserve_or_map,manual_review,/search?tag=buke-abduba,low,Buke Abduba | WAKILISHA,"Legacy tag archive needs product decision: rebuild tag pages, redirect to search, or intentional 404."
/tag/buke-abduba/feed/,200,asset_or_non_html,ignore_for_html_cutover,,high,,Not an HTML content route for React cutover.
/tag/burna-boy/,200,preserve_or_map,manual_review,/search?tag=burna-boy,low,Burna Boy | WAKILISHA,"Legacy tag archive needs product decision: rebuild tag pages, redirect to search, or intentional 404."
/tag/burna-boy/feed/,200,asset_or_non_html,ignore_for_html_cutover,,high,,Not an HTML content route for React cutover.
/tag/buruburu/,200,preserve_or_map,manual_review,/search?tag=buruburu,low,Buruburu | WAKILISHA,"Legacy tag archive needs product decision: rebuild tag pages, redirect to search, or intentional 404."
/tag/buruburu/feed/,200,asset_or_non_html,ignore_for_html_cutover,,high,,Not an HTML content route for React cutover.
/tag/burudani-express/,200,preserve_or_map,manual_review,/search?tag=burudani-express,low,Burudani Express. | WAKILISHA,"Legacy tag archive needs product decision: rebuild tag pages, redirect to search, or intentional 404."
/tag/burudani-express/feed/,200,asset_or_non_html,ignore_for_html_cutover,,high,,Not an HTML content route for React cutover.
/tag/buruklyn-boyz/,200,preserve_or_map,manual_review,/search?tag=buruklyn-boyz,low,BURUKLYN BOYZ | WAKILISHA,"Legacy tag archive needs product decision: rebuild tag pages, redirect to search, or intentional 404."
/tag/buruklyn-boyz/feed/,200,asset_or_non_html,ignore_for_html_cutover,,high,,Not an HTML content route for React cutover.
/tag/burundi/,200,preserve_or_map,manual_review,/search?tag=burundi,low,Burundi | WAKILISHA,"Legacy tag archive needs product decision: rebuild tag pages, redirect to search, or intentional 404."
/tag/burundi/feed/,200,asset_or_non_html,ignore_for_html_cutover,,high,,Not an HTML content route for React cutover.
/tag/bussa-j/,200,preserve_or_map,manual_review,/search?tag=bussa-j,low,Bussa J | WAKILISHA,"Legacy tag archive needs product decision: rebuild tag pages, redirect to search, or intentional 404."
/tag/bussa-j/feed/,200,asset_or_non_html,ignore_for_html_cutover,,high,,Not an HTML content route for React cutover.
/tag/bussaj/,200,preserve_or_map,manual_review,/search?tag=bussaj,low,BussaJ | WAKILISHA,"Legacy tag archive needs product decision: rebuild tag pages, redirect to search, or intentional 404."
/tag/bussaj/feed/,200,asset_or_non_html,ignore_for_html_cutover,,high,,Not an HTML content route for React cutover.
/tag/butere-girls/,200,preserve_or_map,manual_review,/search?tag=butere-girls,low,Butere Girls | WAKILISHA,"Legacy tag archive needs product decision: rebuild tag pages, redirect to search, or intentional 404."
/tag/butere-girls/feed/,200,asset_or_non_html,ignore_for_html_cutover,,high,,Not an HTML content route for React cutover.
/tag/c-i-r-u/,200,preserve_or_map,manual_review,/search?tag=c-i-r-u,low,c i r u | WAKILISHA,"Legacy tag archive needs product decision: rebuild tag pages, redirect to search, or intentional 404."
/tag/c-i-r-u/feed/,200,asset_or_non_html,ignore_for_html_cutover,,high,,Not an HTML content route for React cutover.
/tag/cabinet-secretary-for-youth-affairs-sports-and-the-arts/,200,preserve_or_map,manual_review,/search?tag=cabinet-secretary-for-youth-affairs-sports-and-the-arts,low,Cabinet Secretary for Youth Affairs Sports and The Arts | WAKILISHA,"Legacy tag archive needs product decision: rebuild tag pages, redirect to search, or intentional 404."
/tag/cabinet-secretary-for-youth-affairs-sports-and-the-arts/feed/,200,asset_or_non_html,ignore_for_html_cutover,,high,,Not an HTML content route for React cutover.
/tag/caine-prize/,200,preserve_or_map,manual_review,/search?tag=caine-prize,low,Caine Prize | WAKILISHA,"Legacy tag archive needs product decision: rebuild tag pages, redirect to search, or intentional 404."
/tag/caine-prize/feed/,200,asset_or_non_html,ignore_for_html_cutover,,high,,Not an HTML content route for React cutover.
/tag/caleb-awiti/,200,preserve_or_map,manual_review,/search?tag=caleb-awiti,low,Caleb Awiti | WAKILISHA,"Legacy tag archive needs product decision: rebuild tag pages, redirect to search, or intentional 404."
/tag/caleb-awiti/feed/,200,asset_or_non_html,ignore_for_html_cutover,,high,,Not an HTML content route for React cutover.
/tag/calif-records/,200,preserve_or_map,manual_review,/search?tag=calif-records,low,Calif Records | WAKILISHA,"Legacy tag archive needs product decision: rebuild tag pages, redirect to search, or intentional 404."
/tag/calif-records/feed/,200,asset_or_non_html,ignore_for_html_cutover,,high,,Not an HTML content route for React cutover.
/tag/casettes/,200,preserve_or_map,manual_review,/search?tag=casettes,low,Casettes | WAKILISHA,"Legacy tag archive needs product decision: rebuild tag pages, redirect to search, or intentional 404."
/tag/casettes/feed/,200,asset_or_non_html,ignore_for_html_cutover,,high,,Not an HTML content route for React cutover.
/tag/cassettes/,200,preserve_or_map,manual_review,/search?tag=cassettes,low,Cassettes | WAKILISHA,"Legacy tag archive needs product decision: rebuild tag pages, redirect to search, or intentional 404."
/tag/cassettes/feed/,200,asset_or_non_html,ignore_for_html_cutover,,high,,Not an HTML content route for React cutover.
/tag/cave-bureau/,200,preserve_or_map,manual_review,/search?tag=cave-bureau,low,Cave Bureau | WAKILISHA,"Legacy tag archive needs product decision: rebuild tag pages, redirect to search, or intentional 404."
/tag/cave-bureau/feed/,200,asset_or_non_html,ignore_for_html_cutover,,high,,Not an HTML content route for React cutover.
/tag/cedo/,200,preserve_or_map,manual_review,/search?tag=cedo,low,Cedo | WAKILISHA,"Legacy tag archive needs product decision: rebuild tag pages, redirect to search, or intentional 404."
/tag/cedo/feed/,200,asset_or_non_html,ignore_for_html_cutover,,high,,Not an HTML content route for React cutover.
/tag/chantelle/,200,preserve_or_map,manual_review,/search?tag=chantelle,low,Chantelle | WAKILISHA,"Legacy tag archive needs product decision: rebuild tag pages, redirect to search, or intentional 404."
/tag/chantelle/feed/,200,asset_or_non_html,ignore_for_html_cutover,,high,,Not an HTML content route for React cutover.
/tag/charisma/,200,preserve_or_map,manual_review,/search?tag=charisma,low,Charisma | WAKILISHA,"Legacy tag archive needs product decision: rebuild tag pages, redirect to search, or intentional 404."
/tag/charisma/feed/,200,asset_or_non_html,ignore_for_html_cutover,,high,,Not an HTML content route for React cutover.
/tag/charles-mangua/,200,preserve_or_map,manual_review,/search?tag=charles-mangua,low,Charles Mangua | WAKILISHA,"Legacy tag archive needs product decision: rebuild tag pages, redirect to search, or intentional 404."
/tag/charles-mangua/feed/,200,asset_or_non_html,ignore_for_html_cutover,,high,,Not an HTML content route for React cutover.
/tag/cheche-book-store/,200,preserve_or_map,manual_review,/search?tag=cheche-book-store,low,Cheche Book Store | WAKILISHA,"Legacy tag archive needs product decision: rebuild tag pages, redirect to search, or intentional 404."
/tag/chelwek/,200,preserve_or_map,manual_review,/search?tag=chelwek,low,Chelwek | WAKILISHA,"Legacy tag archive needs product decision: rebuild tag pages, redirect to search, or intentional 404."
/tag/chelwek/feed/,200,asset_or_non_html,ignore_for_html_cutover,,high,,Not an HTML content route for React cutover.
/tag/chemutai-sage/,200,preserve_or_map,manual_review,/search?tag=chemutai-sage,low,Chemutai Sage | WAKILISHA,"Legacy tag archive needs product decision: rebuild tag pages, redirect to search, or intentional 404."
/tag/chemutai-sage/feed/,200,asset_or_non_html,ignore_for_html_cutover,,high,,Not an HTML content route for React cutover.
/tag/cheque-mate/,200,preserve_or_map,manual_review,/search?tag=cheque-mate,low,Cheque Mate | WAKILISHA,"Legacy tag archive needs product decision: rebuild tag pages, redirect to search, or intentional 404."
/tag/cheque-mate/feed/,200,asset_or_non_html,ignore_for_html_cutover,,high,,Not an HTML content route for React cutover.
/tag/child/,200,preserve_or_map,manual_review,/search?tag=child,low,Child | WAKILISHA,"Legacy tag archive needs product decision: rebuild tag pages, redirect to search, or intentional 404."
/tag/child/feed/,200,asset_or_non_html,ignore_for_html_cutover,,high,,Not an HTML content route for React cutover.
/tag/chimano/,200,preserve_or_map,manual_review,/search?tag=chimano,low,Chimano | WAKILISHA,"Legacy tag archive needs product decision: rebuild tag pages, redirect to search, or intentional 404."
/tag/chimano/feed/,200,asset_or_non_html,ignore_for_html_cutover,,high,,Not an HTML content route for React cutover.
/tag/chinua-achebe/,200,preserve_or_map,manual_review,/search?tag=chinua-achebe,low,Chinua Achebe | WAKILISHA,"Legacy tag archive needs product decision: rebuild tag pages, redirect to search, or intentional 404."
/tag/chinua-achebe/feed/,200,asset_or_non_html,ignore_for_html_cutover,,high,,Not an HTML content route for React cutover.
/tag/chiwawa/,200,preserve_or_map,manual_review,/search?tag=chiwawa,low,Chiwawa | WAKILISHA,"Legacy tag archive needs product decision: rebuild tag pages, redirect to search, or intentional 404."
/tag/chris-kaiga/,200,preserve_or_map,manual_review,/search?tag=chris-kaiga,low,Chris Kaiga | WAKILISHA,"Legacy tag archive needs product decision: rebuild tag pages, redirect to search, or intentional 404."
/tag/chris-kaiga/feed/,200,asset_or_non_html,ignore_for_html_cutover,,high,,Not an HTML content route for React cutover.
/tag/christmas/,200,preserve_or_map,manual_review,/search?tag=christmas,low,Christmas | WAKILISHA,"Legacy tag archive needs product decision: rebuild tag pages, redirect to search, or intentional 404."
/tag/christmas/feed/,200,asset_or_non_html,ignore_for_html_cutover,,high,,Not an HTML content route for React cutover.
/tag/chronicles-of-gedi/,200,preserve_or_map,manual_review,/search?tag=chronicles-of-gedi,low,Chronicles of Gedi | WAKILISHA,"Legacy tag archive needs product decision: rebuild tag pages, redirect to search, or intentional 404."
/tag/chronicles-of-gedi/feed/,200,asset_or_non_html,ignore_for_html_cutover,,high,,Not an HTML content route for React cutover.
/tag/ciano-maimba/,200,preserve_or_map,manual_review,/search?tag=ciano-maimba,low,Ciano Maimba | WAKILISHA,"Legacy tag archive needs product decision: rebuild tag pages, redirect to search, or intentional 404."
/tag/ciano-maimba/feed/,200,asset_or_non_html,ignore_for_html_cutover,,high,,Not an HTML content route for React cutover.
/tag/circle-art-gallery/,200,preserve_or_map,manual_review,/search?tag=circle-art-gallery,low,Circle Art Gallery | WAKILISHA,"Legacy tag archive needs product decision: rebuild tag pages, redirect to search, or intentional 404."
/tag/circle-art-gallery/feed/,200,asset_or_non_html,ignore_for_html_cutover,,high,,Not an HTML content route for React cutover.
/tag/civic-education/,200,preserve_or_map,manual_review,/search?tag=civic-education,low,Civic Education | WAKILISHA,"Legacy tag archive needs product decision: rebuild tag pages, redirect to search, or intentional 404."
/tag/civic-education/feed/,200,asset_or_non_html,ignore_for_html_cutover,,high,,Not an HTML content route for React cutover.
/tag/claire-gor/,200,preserve_or_map,manual_review,/search?tag=claire-gor,low,Claire Gor | WAKILISHA,"Legacy tag archive needs product decision: rebuild tag pages, redirect to search, or intentional 404."
/tag/claire-gor/feed/,200,asset_or_non_html,ignore_for_html_cutover,,high,,Not an HTML content route for React cutover.
/tag/clamer/,200,preserve_or_map,manual_review,/search?tag=clamer,low,Clamer | WAKILISHA,"Legacy tag archive needs product decision: rebuild tag pages, redirect to search, or intentional 404."
/tag/clamer/feed/,200,asset_or_non_html,ignore_for_html_cutover,,high,,Not an HTML content route for React cutover.
/tag/classicism/,200,preserve_or_map,manual_review,/search?tag=classicism,low,Classicism | WAKILISHA,"Legacy tag archive needs product decision: rebuild tag pages, redirect to search, or intentional 404."
/tag/classicism/feed/,200,asset_or_non_html,ignore_for_html_cutover,,high,,Not an HTML content route for React cutover.
/tag/cleophas-malala/,200,preserve_or_map,manual_review,/search?tag=cleophas-malala,low,Cleophas Malala | WAKILISHA,"Legacy tag archive needs product decision: rebuild tag pages, redirect to search, or intentional 404."
/tag/cleophas-malala/feed/,200,asset_or_non_html,ignore_for_html_cutover,,high,,Not an HTML content route for React cutover.
/tag/climate-change/,200,preserve_or_map,manual_review,/search?tag=climate-change,low,Climate Change | WAKILISHA,"Legacy tag archive needs product decision: rebuild tag pages, redirect to search, or intentional 404."
/tag/climate-change/feed/,200,asset_or_non_html,ignore_for_html_cutover,,high,,Not an HTML content route for React cutover.
/tag/cockfights/,200,preserve_or_map,manual_review,/search?tag=cockfights,low,Cockfights | WAKILISHA,"Legacy tag archive needs product decision: rebuild tag pages, redirect to search, or intentional 404."
/tag/cockfights/feed/,200,asset_or_non_html,ignore_for_html_cutover,,high,,Not an HTML content route for React cutover.
/tag/coflo/,200,preserve_or_map,manual_review,/search?tag=coflo,low,Coflo | WAKILISHA,"Legacy tag archive needs product decision: rebuild tag pages, redirect to search, or intentional 404."
/tag/coflo/feed/,200,asset_or_non_html,ignore_for_html_cutover,,high,,Not an HTML content route for React cutover.
/tag/collaboration/,200,preserve_or_map,manual_review,/search?tag=collaboration,low,Collaboration | WAKILISHA,"Legacy tag archive needs product decision: rebuild tag pages, redirect to search, or intentional 404."
/tag/collaboration/feed/,200,asset_or_non_html,ignore_for_html_cutover,,high,,Not an HTML content route for React cutover.
/tag/collective-management-organizations-cmos/,200,preserve_or_map,manual_review,/search?tag=collective-management-organizations-cmos,low,Collective Management Organizations (CMOs) | WAKILISHA,"Legacy tag archive needs product decision: rebuild tag pages, redirect to search, or intentional 404."
/tag/colonialism/,200,preserve_or_map,manual_review,/search?tag=colonialism,low,Colonialism | WAKILISHA,"Legacy tag archive needs product decision: rebuild tag pages, redirect to search, or intentional 404."
/tag/colonialism/feed/,200,asset_or_non_html,ignore_for_html_cutover,,high,,Not an HTML content route for React cutover.
/tag/comedy/,200,preserve_or_map,manual_review,/search?tag=comedy,low,Comedy | WAKILISHA,"Legacy tag archive needs product decision: rebuild tag pages, redirect to search, or intentional 404."
/tag/comedy/feed/,200,asset_or_non_html,ignore_for_html_cutover,,high,,Not an HTML content route for React cutover.
/tag/coming-to-birth/,200,preserve_or_map,manual_review,/search?tag=coming-to-birth,low,Coming To Birth | WAKILISHA,"Legacy tag archive needs product decision: rebuild tag pages, redirect to search, or intentional 404."
/tag/coming-to-birth/feed/,200,asset_or_non_html,ignore_for_html_cutover,,high,,Not an HTML content route for React cutover.
/tag/community/,200,preserve_or_map,manual_review,/search?tag=community,low,Community | WAKILISHA,"Legacy tag archive needs product decision: rebuild tag pages, redirect to search, or intentional 404."
/tag/community/feed/,200,asset_or_non_html,ignore_for_html_cutover,,high,,Not an HTML content route for React cutover.
/tag/computer-misuse-and-cybercrimes-act/,200,preserve_or_map,manual_review,/search?tag=computer-misuse-and-cybercrimes-act,low,Computer Misuse and Cybercrimes Act | WAKILISHA,"Legacy tag archive needs product decision: rebuild tag pages, redirect to search, or intentional 404."
/tag/computer-misuse-and-cybercrimes-act/feed/,200,asset_or_non_html,ignore_for_html_cutover,,high,,Not an HTML content route for React cutover.
/tag/congo-man/,200,preserve_or_map,manual_review,/search?tag=congo-man,low,Congo Man | WAKILISHA,"Legacy tag archive needs product decision: rebuild tag pages, redirect to search, or intentional 404."
/tag/congo-man/feed/,200,asset_or_non_html,ignore_for_html_cutover,,high,,Not an HTML content route for React cutover.
/tag/conspiracy-theories/,200,preserve_or_map,manual_review,/search?tag=conspiracy-theories,low,Conspiracy Theories | WAKILISHA,"Legacy tag archive needs product decision: rebuild tag pages, redirect to search, or intentional 404."
/tag/conspiracy-theories/feed/,200,asset_or_non_html,ignore_for_html_cutover,,high,,Not an HTML content route for React cutover.
/tag/convention-on-the-rights-of-persons-with-disabilities/,200,preserve_or_map,manual_review,/search?tag=convention-on-the-rights-of-persons-with-disabilities,low,Convention on the Rights of Persons with Disabilities | WAKILISHA,"Legacy tag archive needs product decision: rebuild tag pages, redirect to search, or intentional 404."
/tag/convention-on-the-rights-of-persons-with-disabilities/feed/,200,asset_or_non_html,ignore_for_html_cutover,,high,,Not an HTML content route for React cutover.
/tag/convergent-evolution/,200,preserve_or_map,manual_review,/search?tag=convergent-evolution,low,Convergent Evolution | WAKILISHA,"Legacy tag archive needs product decision: rebuild tag pages, redirect to search, or intentional 404."
/tag/convergent-evolution/feed/,200,asset_or_non_html,ignore_for_html_cutover,,high,,Not an HTML content route for React cutover.
/tag/cordoban/,200,preserve_or_map,manual_review,/search?tag=cordoban,low,Cordoban | WAKILISHA,"Legacy tag archive needs product decision: rebuild tag pages, redirect to search, or intentional 404."
/tag/cordoban/feed/,200,asset_or_non_html,ignore_for_html_cutover,,high,,Not an HTML content route for React cutover.
/tag/coster-ojwang/,200,preserve_or_map,manual_review,/search?tag=coster-ojwang,low,Coster Ojwang | WAKILISHA,"Legacy tag archive needs product decision: rebuild tag pages, redirect to search, or intentional 404."
/tag/coster-ojwang/feed/,200,asset_or_non_html,ignore_for_html_cutover,,high,,Not an HTML content route for React cutover.
/tag/covid-19/,200,preserve_or_map,manual_review,/search?tag=covid-19,low,Covid-19 | WAKILISHA,"Legacy tag archive needs product decision: rebuild tag pages, redirect to search, or intentional 404."
/tag/covid-19/feed/,200,asset_or_non_html,ignore_for_html_cutover,,high,,Not an HTML content route for React cutover.
/tag/creative-industry/,200,preserve_or_map,manual_review,/search?tag=creative-industry,low,Creative Industry | WAKILISHA,"Legacy tag archive needs product decision: rebuild tag pages, redirect to search, or intentional 404."
/tag/creative-industry/feed/,200,asset_or_non_html,ignore_for_html_cutover,,high,,Not an HTML content route for React cutover.
/tag/creativity/,200,preserve_or_map,manual_review,/search?tag=creativity,low,Creativity | WAKILISHA,"Legacy tag archive needs product decision: rebuild tag pages, redirect to search, or intentional 404."
/tag/creativity/feed/,200,asset_or_non_html,ignore_for_html_cutover,,high,,Not an HTML content route for React cutover.
/tag/crime-and-justice/,200,preserve_or_map,manual_review,/search?tag=crime-and-justice,low,Crime and Justice | WAKILISHA,"Legacy tag archive needs product decision: rebuild tag pages, redirect to search, or intentional 404."
/tag/crime-and-justice/feed/,200,asset_or_non_html,ignore_for_html_cutover,,high,,Not an HTML content route for React cutover.
/tag/crpd/,200,preserve_or_map,manual_review,/search?tag=crpd,low,CRPD | WAKILISHA,"Legacy tag archive needs product decision: rebuild tag pages, redirect to search, or intentional 404."
/tag/crpd/feed/,200,asset_or_non_html,ignore_for_html_cutover,,high,,Not an HTML content route for React cutover.
/tag/cryptocurrencies/,200,preserve_or_map,manual_review,/search?tag=cryptocurrencies,low,Cryptocurrencies | WAKILISHA,"Legacy tag archive needs product decision: rebuild tag pages, redirect to search, or intentional 404."
/tag/cryptocurrencies/feed/,200,asset_or_non_html,ignore_for_html_cutover,,high,,Not an HTML content route for React cutover.
/tag/cultural-identity/,200,preserve_or_map,manual_review,/search?tag=cultural-identity,low,Cultural Identity | WAKILISHA,"Legacy tag archive needs product decision: rebuild tag pages, redirect to search, or intentional 404."
/tag/cultural-identity/feed/,200,asset_or_non_html,ignore_for_html_cutover,,high,,Not an HTML content route for React cutover.
/tag/culture/,200,preserve_or_map,manual_review,/search?tag=culture,low,Culture | WAKILISHA,"Legacy tag archive needs product decision: rebuild tag pages, redirect to search, or intentional 404."
/tag/culture/feed/,200,asset_or_non_html,ignore_for_html_cutover,,high,,Not an HTML content route for React cutover.
/tag/customer/,200,preserve_or_map,manual_review,/search?tag=customer,low,Customer | WAKILISHA,"Legacy tag archive needs product decision: rebuild tag pages, redirect to search, or intentional 404."
/tag/customer/feed/,200,asset_or_non_html,ignore_for_html_cutover,,high,,Not an HTML content route for React cutover.
/tag/cyrus-kabiru/,200,preserve_or_map,manual_review,/search?tag=cyrus-kabiru,low,Cyrus Kabiru | WAKILISHA,"Legacy tag archive needs product decision: rebuild tag pages, redirect to search, or intentional 404."
/tag/cyrus-kabiru/feed/,200,asset_or_non_html,ignore_for_html_cutover,,high,,Not an HTML content route for React cutover.
/tag/czars/,200,preserve_or_map,manual_review,/search?tag=czars,low,Czars | WAKILISHA,"Legacy tag archive needs product decision: rebuild tag pages, redirect to search, or intentional 404."
/tag/czars/feed/,200,asset_or_non_html,ignore_for_html_cutover,,high,,Not an HTML content route for React cutover.
/tag/daddo/,200,preserve_or_map,manual_review,/search?tag=daddo,low,Daddo | WAKILISHA,"Legacy tag archive needs product decision: rebuild tag pages, redirect to search, or intentional 404."
/tag/daddo/feed/,200,asset_or_non_html,ignore_for_html_cutover,,high,,Not an HTML content route for React cutover.
/tag/dakar-biennale/,200,preserve_or_map,manual_review,/search?tag=dakar-biennale,low,Dakar Biennale | WAKILISHA,"Legacy tag archive needs product decision: rebuild tag pages, redirect to search, or intentional 404."
/tag/dakar-biennale/feed/,200,asset_or_non_html,ignore_for_html_cutover,,high,,Not an HTML content route for React cutover.
/tag/dance/,200,preserve_or_map,manual_review,/search?tag=dance,low,Dance | WAKILISHA,"Legacy tag archive needs product decision: rebuild tag pages, redirect to search, or intentional 404."
/tag/dance/feed/,200,asset_or_non_html,ignore_for_html_cutover,,high,,Not an HTML content route for React cutover.
/tag/daniel-muli/,200,preserve_or_map,manual_review,/search?tag=daniel-muli,low,Daniel Muli | WAKILISHA,"Legacy tag archive needs product decision: rebuild tag pages, redirect to search, or intentional 404."
/tag/daniel-muli/feed/,200,asset_or_non_html,ignore_for_html_cutover,,high,,Not an HTML content route for React cutover.
/tag/davaji/,200,preserve_or_map,manual_review,/search?tag=davaji,low,Davaji | WAKILISHA,"Legacy tag archive needs product decision: rebuild tag pages, redirect to search, or intentional 404."
/tag/davaji/feed/,200,asset_or_non_html,ignore_for_html_cutover,,high,,Not an HTML content route for React cutover.
/tag/david-tosh-gitonga/,200,preserve_or_map,manual_review,/search?tag=david-tosh-gitonga,low,David &#039;Tosh&#039; Gitonga | WAKILISHA,"Legacy tag archive needs product decision: rebuild tag pages, redirect to search, or intentional 404."
/tag/david-tosh-gitonga/feed/,200,asset_or_non_html,ignore_for_html_cutover,,high,,Not an HTML content route for React cutover.
/tag/dela/,200,preserve_or_map,manual_review,/search?tag=dela,low,Dela | WAKILISHA,"Legacy tag archive needs product decision: rebuild tag pages, redirect to search, or intentional 404."
/tag/dela/feed/,200,asset_or_non_html,ignore_for_html_cutover,,high,,Not an HTML content route for React cutover.
/tag/della/,200,preserve_or_map,manual_review,/search?tag=della,low,Della | WAKILISHA,"Legacy tag archive needs product decision: rebuild tag pages, redirect to search, or intentional 404."
/tag/della/feed/,200,asset_or_non_html,ignore_for_html_cutover,,high,,Not an HTML content route for React cutover.
/tag/democracy/,200,preserve_or_map,manual_review,/search?tag=democracy,low,Democracy | WAKILISHA,"Legacy tag archive needs product decision: rebuild tag pages, redirect to search, or intentional 404."
/tag/democracy/feed/,200,asset_or_non_html,ignore_for_html_cutover,,high,,Not an HTML content route for React cutover.
/tag/dennis-kooker/,200,preserve_or_map,manual_review,/search?tag=dennis-kooker,low,Dennis Kooker | WAKILISHA,"Legacy tag archive needs product decision: rebuild tag pages, redirect to search, or intentional 404."
/tag/dennis-kooker/feed/,200,asset_or_non_html,ignore_for_html_cutover,,high,,Not an HTML content route for React cutover.
/tag/dennis-mugaa/,200,preserve_or_map,manual_review,/search?tag=dennis-mugaa,low,Dennis Mugaa | WAKILISHA,"Legacy tag archive needs product decision: rebuild tag pages, redirect to search, or intentional 404."
/tag/dennis-mugaa/feed/,200,asset_or_non_html,ignore_for_html_cutover,,high,,Not an HTML content route for React cutover.
/tag/dennis-ombachi/,200,preserve_or_map,manual_review,/search?tag=dennis-ombachi,low,Dennis Ombachi | WAKILISHA,"Legacy tag archive needs product decision: rebuild tag pages, redirect to search, or intentional 404."
/tag/dennis-ombachi/feed/,200,asset_or_non_html,ignore_for_html_cutover,,high,,Not an HTML content route for React cutover.
/tag/derek-debru/,200,preserve_or_map,manual_review,/search?tag=derek-debru,low,Derek Debru | WAKILISHA,"Legacy tag archive needs product decision: rebuild tag pages, redirect to search, or intentional 404."
/tag/derek-debru/feed/,200,asset_or_non_html,ignore_for_html_cutover,,high,,Not an HTML content route for React cutover.
/tag/derkman-ftg/,200,preserve_or_map,manual_review,/search?tag=derkman-ftg,low,DERKMAN FTG | WAKILISHA,"Legacy tag archive needs product decision: rebuild tag pages, redirect to search, or intentional 404."
/tag/derkman-ftg/feed/,200,asset_or_non_html,ignore_for_html_cutover,,high,,Not an HTML content route for React cutover.
/tag/design-thinking/,200,preserve_or_map,manual_review,/search?tag=design-thinking,low,Design Thinking | WAKILISHA,"Legacy tag archive needs product decision: rebuild tag pages, redirect to search, or intentional 404."
/tag/design-thinking/feed/,200,asset_or_non_html,ignore_for_html_cutover,,high,,Not an HTML content route for React cutover.
/tag/design/,200,preserve_or_map,manual_review,/search?tag=design,low,Design | WAKILISHA,"Legacy tag archive needs product decision: rebuild tag pages, redirect to search, or intentional 404."
/tag/design/feed/,200,asset_or_non_html,ignore_for_html_cutover,,high,,Not an HTML content route for React cutover.
/tag/dickens-otieno/,200,preserve_or_map,manual_review,/search?tag=dickens-otieno,low,Dickens Otieno | WAKILISHA,"Legacy tag archive needs product decision: rebuild tag pages, redirect to search, or intentional 404."
/tag/dickens-otieno/feed/,200,asset_or_non_html,ignore_for_html_cutover,,high,,Not an HTML content route for React cutover.
/tag/diet/,200,preserve_or_map,manual_review,/search?tag=diet,low,Diet | WAKILISHA,"Legacy tag archive needs product decision: rebuild tag pages, redirect to search, or intentional 404."
/tag/diet/feed/,200,asset_or_non_html,ignore_for_html_cutover,,high,,Not an HTML content route for React cutover.
/tag/digital-art/,200,preserve_or_map,manual_review,/search?tag=digital-art,low,Digital Art | WAKILISHA,"Legacy tag archive needs product decision: rebuild tag pages, redirect to search, or intentional 404."
/tag/digital-art/feed/,200,asset_or_non_html,ignore_for_html_cutover,,high,,Not an HTML content route for React cutover.
/tag/digital-transformation/,200,preserve_or_map,manual_review,/search?tag=digital-transformation,low,Digital Transformation | WAKILISHA,"Legacy tag archive needs product decision: rebuild tag pages, redirect to search, or intentional 404."
/tag/digital-transformation/feed/,200,asset_or_non_html,ignore_for_html_cutover,,high,,Not an HTML content route for React cutover.
/tag/dillie/,200,preserve_or_map,manual_review,/search?tag=dillie,low,Dillie | WAKILISHA,"Legacy tag archive needs product decision: rebuild tag pages, redirect to search, or intentional 404."
/tag/dillie/feed/,200,asset_or_non_html,ignore_for_html_cutover,,high,,Not an HTML content route for React cutover.
/tag/dinga-ya-wife/,200,preserve_or_map,manual_review,/search?tag=dinga-ya-wife,low,Dinga ya Wife | WAKILISHA,"Legacy tag archive needs product decision: rebuild tag pages, redirect to search, or intentional 404."
/tag/dinga-ya-wife/feed/,200,asset_or_non_html,ignore_for_html_cutover,,high,,Not an HTML content route for React cutover.
/tag/disabled/,200,preserve_or_map,manual_review,/search?tag=disabled,low,Disabled | WAKILISHA,"Legacy tag archive needs product decision: rebuild tag pages, redirect to search, or intentional 404."
/tag/disabled/feed/,200,asset_or_non_html,ignore_for_html_cutover,,high,,Not an HTML content route for React cutover.
/tag/disco-matanga/,200,preserve_or_map,manual_review,/search?tag=disco-matanga,low,Disco Matanga | WAKILISHA,"Legacy tag archive needs product decision: rebuild tag pages, redirect to search, or intentional 404."
/tag/disco-matanga/feed/,200,asset_or_non_html,ignore_for_html_cutover,,high,,Not an HTML content route for React cutover.
/tag/disney/,200,preserve_or_map,manual_review,/search?tag=disney,low,Disney | WAKILISHA,"Legacy tag archive needs product decision: rebuild tag pages, redirect to search, or intentional 404."
/tag/disney/feed/,200,asset_or_non_html,ignore_for_html_cutover,,high,,Not an HTML content route for React cutover.
/tag/dj-fredy-muks/,200,preserve_or_map,manual_review,/search?tag=dj-fredy-muks,low,DJ FREDY MUKS | WAKILISHA,"Legacy tag archive needs product decision: rebuild tag pages, redirect to search, or intentional 404."
/tag/dj-fredy-muks/feed/,200,asset_or_non_html,ignore_for_html_cutover,,high,,Not an HTML content route for React cutover.
/tag/dj-joe-mfalme/,200,preserve_or_map,manual_review,/search?tag=dj-joe-mfalme,low,DJ Joe Mfalme | WAKILISHA,"Legacy tag archive needs product decision: rebuild tag pages, redirect to search, or intentional 404."
/tag/dj-joe-mfalme/feed/,200,asset_or_non_html,ignore_for_html_cutover,,high,,Not an HTML content route for React cutover.
/tag/dj-katta/,200,preserve_or_map,manual_review,/search?tag=dj-katta,low,DJ Katta | WAKILISHA,"Legacy tag archive needs product decision: rebuild tag pages, redirect to search, or intentional 404."
/tag/dj-katta/feed/,200,asset_or_non_html,ignore_for_html_cutover,,high,,Not an HTML content route for React cutover.
/tag/dj-mura/,200,preserve_or_map,manual_review,/search?tag=dj-mura,low,DJ Mura | WAKILISHA,"Legacy tag archive needs product decision: rebuild tag pages, redirect to search, or intentional 404."
/tag/dj-mura/feed/,200,asset_or_non_html,ignore_for_html_cutover,,high,,Not an HTML content route for React cutover.
/tag/dj-nephas/,200,preserve_or_map,manual_review,/search?tag=dj-nephas,low,DJ Nephas | WAKILISHA,"Legacy tag archive needs product decision: rebuild tag pages, redirect to search, or intentional 404."
/tag/dj-nephas/feed/,200,asset_or_non_html,ignore_for_html_cutover,,high,,Not an HTML content route for React cutover.
/tag/dj-skyrock/,200,preserve_or_map,manual_review,/search?tag=dj-skyrock,low,DJ Skyrock | WAKILISHA,"Legacy tag archive needs product decision: rebuild tag pages, redirect to search, or intentional 404."
/tag/dj-skyrock/feed/,200,asset_or_non_html,ignore_for_html_cutover,,high,,Not an HTML content route for React cutover.
/tag/doek-literary-magazine/,200,preserve_or_map,manual_review,/search?tag=doek-literary-magazine,low,Doek Literary Magazine | WAKILISHA,"Legacy tag archive needs product decision: rebuild tag pages, redirect to search, or intentional 404."
/tag/doek-literary-magazine/feed/,200,asset_or_non_html,ignore_for_html_cutover,,high,,Not an HTML content route for React cutover.
/tag/domani-munga/,200,preserve_or_map,manual_review,/search?tag=domani-munga,low,Domani Munga | WAKILISHA,"Legacy tag archive needs product decision: rebuild tag pages, redirect to search, or intentional 404."
/tag/domani-munga/feed/,200,asset_or_non_html,ignore_for_html_cutover,,high,,Not an HTML content route for React cutover.
/tag/dorphan/,200,preserve_or_map,manual_review,/search?tag=dorphan,low,Dorphan | WAKILISHA,"Legacy tag archive needs product decision: rebuild tag pages, redirect to search, or intentional 404."
/tag/dorphan/feed/,200,asset_or_non_html,ignore_for_html_cutover,,high,,Not an HTML content route for React cutover.
/tag/dorphanage/,200,preserve_or_map,manual_review,/search?tag=dorphanage,low,Dorphanage | WAKILISHA,"Legacy tag archive needs product decision: rebuild tag pages, redirect to search, or intentional 404."
/tag/dorphanage/feed/,200,asset_or_non_html,ignore_for_html_cutover,,high,,Not an HTML content route for React cutover.
/tag/drama-festivals/,200,preserve_or_map,manual_review,/search?tag=drama-festivals,low,Drama Festivals | WAKILISHA,"Legacy tag archive needs product decision: rebuild tag pages, redirect to search, or intentional 404."
/tag/drama-festivals/feed/,200,asset_or_non_html,ignore_for_html_cutover,,high,,Not an HTML content route for React cutover.
/tag/drc/,200,preserve_or_map,manual_review,/search?tag=drc,low,DRC | WAKILISHA,"Legacy tag archive needs product decision: rebuild tag pages, redirect to search, or intentional 404."
/tag/drc/feed/,200,asset_or_non_html,ignore_for_html_cutover,,high,,Not an HTML content route for React cutover.
/tag/drill-music/,200,preserve_or_map,manual_review,/search?tag=drill-music,low,Drill Music | WAKILISHA,"Legacy tag archive needs product decision: rebuild tag pages, redirect to search, or intentional 404."
/tag/drill-music/feed/,200,asset_or_non_html,ignore_for_html_cutover,,high,,Not an HTML content route for React cutover.
/tag/dust/,200,preserve_or_map,manual_review,/search?tag=dust,low,Dust | WAKILISHA,"Legacy tag archive needs product decision: rebuild tag pages, redirect to search, or intentional 404."
/tag/dust/feed/,200,asset_or_non_html,ignore_for_html_cutover,,high,,Not an HTML content route for React cutover.
/tag/dyana-cods/,200,preserve_or_map,manual_review,/search?tag=dyana-cods,low,Dyana Cods | WAKILISHA,"Legacy tag archive needs product decision: rebuild tag pages, redirect to search, or intentional 404."
/tag/dyana-cods/feed/,200,asset_or_non_html,ignore_for_html_cutover,,high,,Not an HTML content route for React cutover.
/tag/dylan-s/,200,preserve_or_map,manual_review,/search?tag=dylan-s,low,Dylan-S | WAKILISHA,"Legacy tag archive needs product decision: rebuild tag pages, redirect to search, or intentional 404."
/tag/dylan-s/feed/,200,asset_or_non_html,ignore_for_html_cutover,,high,,Not an HTML content route for React cutover.
/tag/east-african-community/,200,preserve_or_map,manual_review,/search?tag=east-african-community,low,East African Community | WAKILISHA,"Legacy tag archive needs product decision: rebuild tag pages, redirect to search, or intentional 404."
/tag/east-african-community/feed/,200,asset_or_non_html,ignore_for_html_cutover,,high,,Not an HTML content route for React cutover.
/tag/echo254/,200,preserve_or_map,manual_review,/search?tag=echo254,low,Echo254 | WAKILISHA,"Legacy tag archive needs product decision: rebuild tag pages, redirect to search, or intentional 404."
/tag/echo254/feed/,200,asset_or_non_html,ignore_for_html_cutover,,high,,Not an HTML content route for React cutover.
/tag/echoes-of-war/,200,preserve_or_map,manual_review,/search?tag=echoes-of-war,low,Echoes of War | WAKILISHA,"Legacy tag archive needs product decision: rebuild tag pages, redirect to search, or intentional 404."
/tag/echoes-of-war/feed/,200,asset_or_non_html,ignore_for_html_cutover,,high,,Not an HTML content route for React cutover.
/tag/eddie-butita/,200,preserve_or_map,manual_review,/search?tag=eddie-butita,low,Eddie Butita | WAKILISHA,"Legacy tag archive needs product decision: rebuild tag pages, redirect to search, or intentional 404."
/tag/eddie-butita/feed/,200,asset_or_non_html,ignore_for_html_cutover,,high,,Not an HTML content route for React cutover.
/tag/edi-gathegi/,200,preserve_or_map,manual_review,/search?tag=edi-gathegi,low,Edi Gathegi | WAKILISHA,"Legacy tag archive needs product decision: rebuild tag pages, redirect to search, or intentional 404."
/tag/edi-gathegi/feed/,200,asset_or_non_html,ignore_for_html_cutover,,high,,Not an HTML content route for React cutover.
/tag/education/,200,preserve_or_map,manual_review,/search?tag=education,low,Education | WAKILISHA,"Legacy tag archive needs product decision: rebuild tag pages, redirect to search, or intentional 404."
/tag/education/feed/,200,asset_or_non_html,ignore_for_html_cutover,,high,,Not an HTML content route for React cutover.
/tag/egeme/,200,preserve_or_map,manual_review,/search?tag=egeme,low,Egeme | WAKILISHA,"Legacy tag archive needs product decision: rebuild tag pages, redirect to search, or intentional 404."
/tag/egeme/feed/,200,asset_or_non_html,ignore_for_html_cutover,,high,,Not an HTML content route for React cutover.
/tag/el-chi/,200,preserve_or_map,manual_review,/search?tag=el-chi,low,El Chi | WAKILISHA,"Legacy tag archive needs product decision: rebuild tag pages, redirect to search, or intentional 404."
/tag/el-chi/feed/,200,asset_or_non_html,ignore_for_html_cutover,,high,,Not an HTML content route for React cutover.
/tag/elections/,200,preserve_or_map,manual_review,/search?tag=elections,low,Elections | WAKILISHA,"Legacy tag archive needs product decision: rebuild tag pages, redirect to search, or intentional 404."
/tag/elections/feed/,200,asset_or_non_html,ignore_for_html_cutover,,high,,Not an HTML content route for React cutover.
/tag/electronic-dance-music/,200,preserve_or_map,manual_review,/search?tag=electronic-dance-music,low,Electronic Dance Music | WAKILISHA,"Legacy tag archive needs product decision: rebuild tag pages, redirect to search, or intentional 404."
/tag/electronic-dance-music/feed/,200,asset_or_non_html,ignore_for_html_cutover,,high,,Not an HTML content route for React cutover.
/tag/elias-mutani/,200,preserve_or_map,manual_review,/search?tag=elias-mutani,low,Elias Mutani | WAKILISHA,"Legacy tag archive needs product decision: rebuild tag pages, redirect to search, or intentional 404."
/tag/elias-mutani/feed/,200,asset_or_non_html,ignore_for_html_cutover,,high,,Not an HTML content route for React cutover.
/tag/eliud-kipchoge/,200,preserve_or_map,manual_review,/search?tag=eliud-kipchoge,low,Eliud Kipchoge | WAKILISHA,"Legacy tag archive needs product decision: rebuild tag pages, redirect to search, or intentional 404."
/tag/eliud-kipchoge/feed/,200,asset_or_non_html,ignore_for_html_cutover,,high,,Not an HTML content route for React cutover.
/tag/elsa/,200,preserve_or_map,manual_review,/search?tag=elsa,low,Elsa | WAKILISHA,"Legacy tag archive needs product decision: rebuild tag pages, redirect to search, or intentional 404."
/tag/elsa/feed/,200,asset_or_non_html,ignore_for_html_cutover,,high,,Not an HTML content route for React cutover.
/tag/elsaphan-njora/,200,preserve_or_map,manual_review,/search?tag=elsaphan-njora,low,Elsaphan Njora | WAKILISHA,"Legacy tag archive needs product decision: rebuild tag pages, redirect to search, or intentional 404."
/tag/elsaphan-njora/feed/,200,asset_or_non_html,ignore_for_html_cutover,,high,,Not an HTML content route for React cutover.
/tag/elsy-wameyo/,200,preserve_or_map,manual_review,/search?tag=elsy-wameyo,low,Elsy Wameyo | WAKILISHA,"Legacy tag archive needs product decision: rebuild tag pages, redirect to search, or intentional 404."
/tag/elsy-wameyo/feed/,200,asset_or_non_html,ignore_for_html_cutover,,high,,Not an HTML content route for React cutover.
/tag/elvis-ounyo/,200,preserve_or_map,manual_review,/search?tag=elvis-ounyo,low,Elvis Ounyo | WAKILISHA,"Legacy tag archive needs product decision: rebuild tag pages, redirect to search, or intentional 404."
/tag/elvis-ounyo/feed/,200,asset_or_non_html,ignore_for_html_cutover,,high,,Not an HTML content route for React cutover.
/tag/emma-cheruto/,200,preserve_or_map,manual_review,/search?tag=emma-cheruto,low,Emma Cheruto | WAKILISHA,"Legacy tag archive needs product decision: rebuild tag pages, redirect to search, or intentional 404."
/tag/emma-cheruto/feed/,200,asset_or_non_html,ignore_for_html_cutover,,high,,Not an HTML content route for React cutover.
/tag/emmie-muthiga/,200,preserve_or_map,manual_review,/search?tag=emmie-muthiga,low,Emmie Muthiga | WAKILISHA,"Legacy tag archive needs product decision: rebuild tag pages, redirect to search, or intentional 404."
/tag/emmie-muthiga/feed/,200,asset_or_non_html,ignore_for_html_cutover,,high,,Not an HTML content route for React cutover.
/tag/emmy-kosgei/,200,preserve_or_map,manual_review,/search?tag=emmy-kosgei,low,Emmy Kosgei | WAKILISHA,"Legacy tag archive needs product decision: rebuild tag pages, redirect to search, or intentional 404."
/tag/emmy-kosgei/feed/,200,asset_or_non_html,ignore_for_html_cutover,,high,,Not an HTML content route for React cutover.
/tag/employment/,200,preserve_or_map,manual_review,/search?tag=employment,low,Employment | WAKILISHA,"Legacy tag archive needs product decision: rebuild tag pages, redirect to search, or intentional 404."
/tag/employment/feed/,200,asset_or_non_html,ignore_for_html_cutover,,high,,Not an HTML content route for React cutover.
/tag/empowerment/,200,preserve_or_map,manual_review,/search?tag=empowerment,low,Empowerment | WAKILISHA,"Legacy tag archive needs product decision: rebuild tag pages, redirect to search, or intentional 404."
/tag/empowerment/feed/,200,asset_or_non_html,ignore_for_html_cutover,,high,,Not an HTML content route for React cutover.
/tag/enjoy/,200,preserve_or_map,manual_review,/search?tag=enjoy,low,Enjoy | WAKILISHA,"Legacy tag archive needs product decision: rebuild tag pages, redirect to search, or intentional 404."
/tag/enjoy/feed/,200,asset_or_non_html,ignore_for_html_cutover,,high,,Not an HTML content route for React cutover.
/tag/entertainment/,200,preserve_or_map,manual_review,/search?tag=entertainment,low,Entertainment | WAKILISHA,"Legacy tag archive needs product decision: rebuild tag pages, redirect to search, or intentional 404."
/tag/entertainment/feed/,200,asset_or_non_html,ignore_for_html_cutover,,high,,Not an HTML content route for React cutover.
/tag/eric-rugara/,200,preserve_or_map,manual_review,/search?tag=eric-rugara,low,Eric Rugara | WAKILISHA,"Legacy tag archive needs product decision: rebuild tag pages, redirect to search, or intentional 404."
/tag/eric-rugara/feed/,200,asset_or_non_html,ignore_for_html_cutover,,high,,Not an HTML content route for React cutover.
/tag/eric-wainaina/,200,preserve_or_map,manual_review,/search?tag=eric-wainaina,low,Eric Wainaina | WAKILISHA,"Legacy tag archive needs product decision: rebuild tag pages, redirect to search, or intentional 404."
/tag/eric-wainaina/feed/,200,asset_or_non_html,ignore_for_html_cutover,,high,,Not an HTML content route for React cutover.
/tag/esen/,200,preserve_or_map,manual_review,/search?tag=esen,low,Esen | WAKILISHA,"Legacy tag archive needs product decision: rebuild tag pages, redirect to search, or intentional 404."
/tag/esen/feed/,200,asset_or_non_html,ignore_for_html_cutover,,high,,Not an HTML content route for React cutover.
/tag/ethan-muziki/,200,preserve_or_map,manual_review,/search?tag=ethan-muziki,low,Ethan Muziki | WAKILISHA,"Legacy tag archive needs product decision: rebuild tag pages, redirect to search, or intentional 404."
/tag/ethan-muziki/feed/,200,asset_or_non_html,ignore_for_html_cutover,,high,,Not an HTML content route for React cutover.
/tag/ethereum/,200,preserve_or_map,manual_review,/search?tag=ethereum,low,Ethereum | WAKILISHA,"Legacy tag archive needs product decision: rebuild tag pages, redirect to search, or intentional 404."
/tag/ethereum/feed/,200,asset_or_non_html,ignore_for_html_cutover,,high,,Not an HTML content route for React cutover.
/tag/ethic/,200,preserve_or_map,manual_review,/search?tag=ethic,low,Ethic | WAKILISHA,"Legacy tag archive needs product decision: rebuild tag pages, redirect to search, or intentional 404."
/tag/ethic/feed/,200,asset_or_non_html,ignore_for_html_cutover,,high,,Not an HTML content route for React cutover.
/tag/euggy/,200,preserve_or_map,manual_review,/search?tag=euggy,low,Euggy | WAKILISHA,"Legacy tag archive needs product decision: rebuild tag pages, redirect to search, or intentional 404."
/tag/evolution/,200,preserve_or_map,manual_review,/search?tag=evolution,low,Evolution | WAKILISHA,"Legacy tag archive needs product decision: rebuild tag pages, redirect to search, or intentional 404."
/tag/evolution/feed/,200,asset_or_non_html,ignore_for_html_cutover,,high,,Not an HTML content route for React cutover.
/tag/exray-taniua/,200,preserve_or_map,manual_review,/search?tag=exray-taniua,low,Exray Taniua | WAKILISHA,"Legacy tag archive needs product decision: rebuild tag pages, redirect to search, or intentional 404."
/tag/exray-taniua/feed/,200,asset_or_non_html,ignore_for_html_cutover,,high,,Not an HTML content route for React cutover.
/tag/exray/,200,preserve_or_map,manual_review,/search?tag=exray,low,ExRay | WAKILISHA,"Legacy tag archive needs product decision: rebuild tag pages, redirect to search, or intentional 404."
/tag/exray/feed/,200,asset_or_non_html,ignore_for_html_cutover,,high,,Not an HTML content route for React cutover.
/tag/fadhilee-itulya/,200,preserve_or_map,manual_review,/search?tag=fadhilee-itulya,low,Fadhilee Itulya | WAKILISHA,"Legacy tag archive needs product decision: rebuild tag pages, redirect to search, or intentional 404."
/tag/fadhilee-itulya/feed/,200,asset_or_non_html,ignore_for_html_cutover,,high,,Not an HTML content route for React cutover.
/tag/faith-kipyegon/,200,preserve_or_map,manual_review,/search?tag=faith-kipyegon,low,Faith Kipyegon | WAKILISHA,"Legacy tag archive needs product decision: rebuild tag pages, redirect to search, or intentional 404."
/tag/faith-kipyegon/feed/,200,asset_or_non_html,ignore_for_html_cutover,,high,,Not an HTML content route for React cutover.
/tag/faiz-francis-ouma/,200,preserve_or_map,manual_review,/search?tag=faiz-francis-ouma,low,Faiz Francis Ouma | WAKILISHA,"Legacy tag archive needs product decision: rebuild tag pages, redirect to search, or intentional 404."
/tag/faiz-francis-ouma/feed/,200,asset_or_non_html,ignore_for_html_cutover,,high,,Not an HTML content route for React cutover.
/tag/fancy-fingers/,200,preserve_or_map,manual_review,/search?tag=fancy-fingers,low,Fancy Fingers | WAKILISHA,"Legacy tag archive needs product decision: rebuild tag pages, redirect to search, or intentional 404."
/tag/fancy-fingers/feed/,200,asset_or_non_html,ignore_for_html_cutover,,high,,Not an HTML content route for React cutover.
/tag/fathermoh-and-ssaru/,200,preserve_or_map,manual_review,/search?tag=fathermoh-and-ssaru,low,Fathermoh and Ssaru | WAKILISHA,"Legacy tag archive needs product decision: rebuild tag pages, redirect to search, or intentional 404."
/tag/fathermoh-and-ssaru/feed/,200,asset_or_non_html,ignore_for_html_cutover,,high,,Not an HTML content route for React cutover.
/tag/fathermoh/,200,preserve_or_map,manual_review,/search?tag=fathermoh,low,Fathermoh | WAKILISHA,"Legacy tag archive needs product decision: rebuild tag pages, redirect to search, or intentional 404."
/tag/fathermoh/feed/,200,asset_or_non_html,ignore_for_html_cutover,,high,,Not an HTML content route for React cutover.
/tag/fatoumata-diawara/,200,preserve_or_map,manual_review,/search?tag=fatoumata-diawara,low,Fatoumata Diawara | WAKILISHA,"Legacy tag archive needs product decision: rebuild tag pages, redirect to search, or intentional 404."
/tag/fatoumata-diawara/feed/,200,asset_or_non_html,ignore_for_html_cutover,,high,,Not an HTML content route for React cutover.
/tag/femi-one/,200,preserve_or_map,manual_review,/search?tag=femi-one,low,Femi One | WAKILISHA,"Legacy tag archive needs product decision: rebuild tag pages, redirect to search, or intentional 404."
/tag/femi-one/feed/,200,asset_or_non_html,ignore_for_html_cutover,,high,,Not an HTML content route for React cutover.
/tag/fena-gitu/,200,preserve_or_map,manual_review,/search?tag=fena-gitu,low,Fena Gitu | WAKILISHA,"Legacy tag archive needs product decision: rebuild tag pages, redirect to search, or intentional 404."
/tag/fena-gitu/feed/,200,asset_or_non_html,ignore_for_html_cutover,,high,,Not an HTML content route for React cutover.
/tag/film-production/,200,preserve_or_map,manual_review,/search?tag=film-production,low,Film Production | WAKILISHA,"Legacy tag archive needs product decision: rebuild tag pages, redirect to search, or intentional 404."
/tag/film-production/feed/,200,asset_or_non_html,ignore_for_html_cutover,,high,,Not an HTML content route for React cutover.
/tag/film/,200,preserve_or_map,manual_review,/search?tag=film,low,Film | WAKILISHA,"Legacy tag archive needs product decision: rebuild tag pages, redirect to search, or intentional 404."
/tag/film/feed/,200,asset_or_non_html,ignore_for_html_cutover,,high,,Not an HTML content route for React cutover.
/tag/flea-market/,200,preserve_or_map,manual_review,/search?tag=flea-market,low,Flea Market | WAKILISHA,"Legacy tag archive needs product decision: rebuild tag pages, redirect to search, or intentional 404."
/tag/flea-market/feed/,200,asset_or_non_html,ignore_for_html_cutover,,high,,Not an HTML content route for React cutover.
/tag/flexfab/,200,preserve_or_map,manual_review,/search?tag=flexfab,low,FlexFab | WAKILISHA,"Legacy tag archive needs product decision: rebuild tag pages, redirect to search, or intentional 404."
/tag/flexfab/feed/,200,asset_or_non_html,ignore_for_html_cutover,,high,,Not an HTML content route for React cutover.
/tag/flier/,200,preserve_or_map,manual_review,/search?tag=flier,low,Flier | WAKILISHA,"Legacy tag archive needs product decision: rebuild tag pages, redirect to search, or intentional 404."
/tag/flier/feed/,200,asset_or_non_html,ignore_for_html_cutover,,high,,Not an HTML content route for React cutover.
/tag/flossin-mauwano/,200,preserve_or_map,manual_review,/search?tag=flossin-mauwano,low,Flossin Mauwano | WAKILISHA,"Legacy tag archive needs product decision: rebuild tag pages, redirect to search, or intentional 404."
/tag/flossin-mauwano/feed/,200,asset_or_non_html,ignore_for_html_cutover,,high,,Not an HTML content route for React cutover.
/tag/folk-music/,200,preserve_or_map,manual_review,/search?tag=folk-music,low,Folk Music | WAKILISHA,"Legacy tag archive needs product decision: rebuild tag pages, redirect to search, or intentional 404."
/tag/folk-music/feed/,200,asset_or_non_html,ignore_for_html_cutover,,high,,Not an HTML content route for React cutover.
/tag/food/,200,preserve_or_map,manual_review,/search?tag=food,low,Food | WAKILISHA,"Legacy tag archive needs product decision: rebuild tag pages, redirect to search, or intentional 404."
/tag/food/feed/,200,asset_or_non_html,ignore_for_html_cutover,,high,,Not an HTML content route for React cutover.
/tag/fort-jesus/,200,preserve_or_map,manual_review,/search?tag=fort-jesus,low,Fort Jesus | WAKILISHA,"Legacy tag archive needs product decision: rebuild tag pages, redirect to search, or intentional 404."
/tag/fort-jesus/feed/,200,asset_or_non_html,ignore_for_html_cutover,,high,,Not an HTML content route for React cutover.
/tag/francis-d-imbuga/,200,preserve_or_map,manual_review,/search?tag=francis-d-imbuga,low,Francis D. Imbuga | WAKILISHA,"Legacy tag archive needs product decision: rebuild tag pages, redirect to search, or intentional 404."
/tag/francis-d-imbuga/feed/,200,asset_or_non_html,ignore_for_html_cutover,,high,,Not an HTML content route for React cutover.
/tag/francis-thompson/,200,preserve_or_map,manual_review,/search?tag=francis-thompson,low,Francis Thompson | WAKILISHA,"Legacy tag archive needs product decision: rebuild tag pages, redirect to search, or intentional 404."
/tag/francis-thompson/feed/,200,asset_or_non_html,ignore_for_html_cutover,,high,,Not an HTML content route for React cutover.
/tag/fred-hirschy/,200,preserve_or_map,manual_review,/search?tag=fred-hirschy,low,Fred Hirschy | WAKILISHA,"Legacy tag archive needs product decision: rebuild tag pages, redirect to search, or intentional 404."
/tag/fred-hirschy/feed/,200,asset_or_non_html,ignore_for_html_cutover,,high,,Not an HTML content route for React cutover.
/tag/freddie-gibbs/,200,preserve_or_map,manual_review,/search?tag=freddie-gibbs,low,Freddie Gibbs | WAKILISHA,"Legacy tag archive needs product decision: rebuild tag pages, redirect to search, or intentional 404."
/tag/freddie-gibbs/feed/,200,asset_or_non_html,ignore_for_html_cutover,,high,,Not an HTML content route for React cutover.
/tag/freddie-wangombe/,200,preserve_or_map,manual_review,/search?tag=freddie-wangombe,low,Freddie Wang&#039;ombe | WAKILISHA,"Legacy tag archive needs product decision: rebuild tag pages, redirect to search, or intentional 404."
/tag/freddie-wangombe/feed/,200,asset_or_non_html,ignore_for_html_cutover,,high,,Not an HTML content route for React cutover.
/tag/friendship/,200,preserve_or_map,manual_review,/search?tag=friendship,low,Friendship | WAKILISHA,"Legacy tag archive needs product decision: rebuild tag pages, redirect to search, or intentional 404."
/tag/friendship/feed/,200,asset_or_non_html,ignore_for_html_cutover,,high,,Not an HTML content route for React cutover.
/tag/fundamental-attribution-error/,200,preserve_or_map,manual_review,/search?tag=fundamental-attribution-error,low,Fundamental Attribution Error | WAKILISHA,"Legacy tag archive needs product decision: rebuild tag pages, redirect to search, or intentional 404."
/tag/fundamental-attribution-error/feed/,200,asset_or_non_html,ignore_for_html_cutover,,high,,Not an HTML content route for React cutover.
/tag/geco-tribe-cafe/,200,preserve_or_map,manual_review,/search?tag=geco-tribe-cafe,low,Geco Tribe Café | WAKILISHA,"Legacy tag archive needs product decision: rebuild tag pages, redirect to search, or intentional 404."
/tag/geco-tribe-cafe/feed/,200,asset_or_non_html,ignore_for_html_cutover,,high,,Not an HTML content route for React cutover.
/tag/gen-z/,200,preserve_or_map,manual_review,/search?tag=gen-z,low,Gen-Z | WAKILISHA,"Legacy tag archive needs product decision: rebuild tag pages, redirect to search, or intentional 404."
/tag/gen-z/feed/,200,asset_or_non_html,ignore_for_html_cutover,,high,,Not an HTML content route for React cutover.
/tag/genes1s/,200,preserve_or_map,manual_review,/search?tag=genes1s,low,Genes1s | WAKILISHA,"Legacy tag archive needs product decision: rebuild tag pages, redirect to search, or intentional 404."
/tag/genes1s/feed/,200,asset_or_non_html,ignore_for_html_cutover,,high,,Not an HTML content route for React cutover.
/tag/gengetone/,200,preserve_or_map,manual_review,/search?tag=gengetone,low,Gengetone | WAKILISHA,"Legacy tag archive needs product decision: rebuild tag pages, redirect to search, or intentional 404."
/tag/gengetone/feed/,200,asset_or_non_html,ignore_for_html_cutover,,high,,Not an HTML content route for React cutover.
/tag/george-luchiri-wajackoyah/,200,preserve_or_map,manual_review,/search?tag=george-luchiri-wajackoyah,low,George Luchiri Wajackoyah | WAKILISHA,"Legacy tag archive needs product decision: rebuild tag pages, redirect to search, or intentional 404."
/tag/george-luchiri-wajackoyah/feed/,200,asset_or_non_html,ignore_for_html_cutover,,high,,Not an HTML content route for React cutover.
/tag/ghetto-pimps-crew/,200,preserve_or_map,manual_review,/search?tag=ghetto-pimps-crew,low,Ghetto Pimps Crew | WAKILISHA,"Legacy tag archive needs product decision: rebuild tag pages, redirect to search, or intentional 404."
/tag/ghetto-pimps-crew/feed/,200,asset_or_non_html,ignore_for_html_cutover,,high,,Not an HTML content route for React cutover.
/tag/gidi-gidi/,200,preserve_or_map,manual_review,/search?tag=gidi-gidi,low,Gidi Gidi | WAKILISHA,"Legacy tag archive needs product decision: rebuild tag pages, redirect to search, or intentional 404."
/tag/gidi-gidi/feed/,200,asset_or_non_html,ignore_for_html_cutover,,high,,Not an HTML content route for React cutover.
/tag/goethe-institut-nairobi/,200,preserve_or_map,manual_review,/search?tag=goethe-institut-nairobi,low,Goethe-Institut Nairobi | WAKILISHA,"Legacy tag archive needs product decision: rebuild tag pages, redirect to search, or intentional 404."
/tag/goethe-institut-nairobi/feed/,200,asset_or_non_html,ignore_for_html_cutover,,high,,Not an HTML content route for React cutover.
/tag/gondwana/,200,preserve_or_map,manual_review,/search?tag=gondwana,low,Gondwana | WAKILISHA,"Legacy tag archive needs product decision: rebuild tag pages, redirect to search, or intentional 404."
/tag/gondwana/feed/,200,asset_or_non_html,ignore_for_html_cutover,,high,,Not an HTML content route for React cutover.
/tag/goodluck-gozbert/,200,preserve_or_map,manual_review,/search?tag=goodluck-gozbert,low,Goodluck Gozbert | WAKILISHA,"Legacy tag archive needs product decision: rebuild tag pages, redirect to search, or intentional 404."
/tag/goodluck-gozbert/feed/,200,asset_or_non_html,ignore_for_html_cutover,,high,,Not an HTML content route for React cutover.
/tag/gordon-moore/,200,preserve_or_map,manual_review,/search?tag=gordon-moore,low,Gordon Moore | WAKILISHA,"Legacy tag archive needs product decision: rebuild tag pages, redirect to search, or intentional 404."
/tag/gordon-moore/feed/,200,asset_or_non_html,ignore_for_html_cutover,,high,,Not an HTML content route for React cutover.
/tag/grace-ogot/,200,preserve_or_map,manual_review,/search?tag=grace-ogot,low,Grace Ogot | WAKILISHA,"Legacy tag archive needs product decision: rebuild tag pages, redirect to search, or intentional 404."
/tag/grace-ogot/feed/,200,asset_or_non_html,ignore_for_html_cutover,,high,,Not an HTML content route for React cutover.
/tag/graffiti-girls-kenya/,200,preserve_or_map,manual_review,/search?tag=graffiti-girls-kenya,low,Graffiti Girls Kenya | WAKILISHA,"Legacy tag archive needs product decision: rebuild tag pages, redirect to search, or intentional 404."
/tag/graffiti-girls-kenya/feed/,200,asset_or_non_html,ignore_for_html_cutover,,high,,Not an HTML content route for React cutover.
/tag/graffiti/,200,preserve_or_map,manual_review,/search?tag=graffiti,low,Graffiti | WAKILISHA,"Legacy tag archive needs product decision: rebuild tag pages, redirect to search, or intentional 404."
/tag/graffiti/feed/,200,asset_or_non_html,ignore_for_html_cutover,,high,,Not an HTML content route for React cutover.
/tag/gray/,200,preserve_or_map,manual_review,/search?tag=gray,low,Gray | WAKILISHA,"Legacy tag archive needs product decision: rebuild tag pages, redirect to search, or intentional 404."
/tag/gray/feed/,200,asset_or_non_html,ignore_for_html_cutover,,high,,Not an HTML content route for React cutover.
/tag/green-living/,200,preserve_or_map,manual_review,/search?tag=green-living,low,Green Living | WAKILISHA,"Legacy tag archive needs product decision: rebuild tag pages, redirect to search, or intentional 404."
/tag/green-living/feed/,200,asset_or_non_html,ignore_for_html_cutover,,high,,Not an HTML content route for React cutover.
/tag/green/,200,preserve_or_map,manual_review,/search?tag=green,low,Green | WAKILISHA,"Legacy tag archive needs product decision: rebuild tag pages, redirect to search, or intentional 404."
/tag/green/feed/,200,asset_or_non_html,ignore_for_html_cutover,,high,,Not an HTML content route for React cutover.
/tag/grief/,200,preserve_or_map,manual_review,/search?tag=grief,low,Grief | WAKILISHA,"Legacy tag archive needs product decision: rebuild tag pages, redirect to search, or intentional 404."
/tag/grief/feed/,200,asset_or_non_html,ignore_for_html_cutover,,high,,Not an HTML content route for React cutover.
/tag/gta/,200,preserve_or_map,manual_review,/search?tag=gta,low,GTA | WAKILISHA,"Legacy tag archive needs product decision: rebuild tag pages, redirect to search, or intentional 404."
/tag/gta/feed/,200,asset_or_non_html,ignore_for_html_cutover,,high,,Not an HTML content route for React cutover.
/tag/guapanessse/,200,preserve_or_map,manual_review,/search?tag=guapanessse,low,Guapanessse | WAKILISHA,"Legacy tag archive needs product decision: rebuild tag pages, redirect to search, or intentional 404."
/tag/guapanessse/feed/,200,asset_or_non_html,ignore_for_html_cutover,,high,,Not an HTML content route for React cutover.
/tag/gufy/,200,preserve_or_map,manual_review,/search?tag=gufy,low,Gufy | WAKILISHA,"Legacy tag archive needs product decision: rebuild tag pages, redirect to search, or intentional 404."
/tag/gufy/feed/,200,asset_or_non_html,ignore_for_html_cutover,,high,,Not an HTML content route for React cutover.
/tag/gwaash/,200,preserve_or_map,manual_review,/search?tag=gwaash,low,Gwaash | WAKILISHA,"Legacy tag archive needs product decision: rebuild tag pages, redirect to search, or intentional 404."
/tag/gwaash/feed/,200,asset_or_non_html,ignore_for_html_cutover,,high,,Not an HTML content route for React cutover.
/tag/h_art-the-band/,200,preserve_or_map,manual_review,/search?tag=h_art-the-band,low,H_art The Band | WAKILISHA,"Legacy tag archive needs product decision: rebuild tag pages, redirect to search, or intentional 404."
/tag/h_art-the-band/feed/,200,asset_or_non_html,ignore_for_html_cutover,,high,,Not an HTML content route for React cutover.
/tag/habits/,200,preserve_or_map,manual_review,/search?tag=habits,low,Habits | WAKILISHA,"Legacy tag archive needs product decision: rebuild tag pages, redirect to search, or intentional 404."
/tag/habits/feed/,200,asset_or_non_html,ignore_for_html_cutover,,high,,Not an HTML content route for React cutover.
/tag/harmonize/,200,preserve_or_map,manual_review,/search?tag=harmonize,low,Harmonize | WAKILISHA,"Legacy tag archive needs product decision: rebuild tag pages, redirect to search, or intentional 404."
/tag/harmonize/feed/,200,asset_or_non_html,ignore_for_html_cutover,,high,,Not an HTML content route for React cutover.
/tag/harry-craze/,200,preserve_or_map,manual_review,/search?tag=harry-craze,low,Harry Craze | WAKILISHA,"Legacy tag archive needs product decision: rebuild tag pages, redirect to search, or intentional 404."
/tag/harry-craze/feed/,200,asset_or_non_html,ignore_for_html_cutover,,high,,Not an HTML content route for React cutover.
/tag/health/,200,preserve_or_map,manual_review,/search?tag=health,low,Health | WAKILISHA,"Legacy tag archive needs product decision: rebuild tag pages, redirect to search, or intentional 404."
/tag/health/feed/,200,asset_or_non_html,ignore_for_html_cutover,,high,,Not an HTML content route for React cutover.
/tag/heavy-cane/,200,preserve_or_map,manual_review,/search?tag=heavy-cane,low,Heavy Cane | WAKILISHA,"Legacy tag archive needs product decision: rebuild tag pages, redirect to search, or intentional 404."
/tag/heavy-cane/feed/,200,asset_or_non_html,ignore_for_html_cutover,,high,,Not an HTML content route for React cutover.
/tag/hells-gate-national-park/,200,preserve_or_map,manual_review,/search?tag=hells-gate-national-park,low,Hell&#039;s Gate National Park | WAKILISHA,"Legacy tag archive needs product decision: rebuild tag pages, redirect to search, or intentional 404."
/tag/hells-gate-national-park/feed/,200,asset_or_non_html,ignore_for_html_cutover,,high,,Not an HTML content route for React cutover.
/tag/hendrick-sam/,200,preserve_or_map,manual_review,/search?tag=hendrick-sam,low,Hendrick Sam | WAKILISHA,"Legacy tag archive needs product decision: rebuild tag pages, redirect to search, or intentional 404."
/tag/hendrick-sam/feed/,200,asset_or_non_html,ignore_for_html_cutover,,high,,Not an HTML content route for React cutover.
/tag/hihi/,200,preserve_or_map,manual_review,/search?tag=hihi,low,Hihi | WAKILISHA,"Legacy tag archive needs product decision: rebuild tag pages, redirect to search, or intentional 404."
/tag/hihi/feed/,200,asset_or_non_html,ignore_for_html_cutover,,high,,Not an HTML content route for React cutover.
/tag/hip-hop/,200,preserve_or_map,manual_review,/search?tag=hip-hop,low,Hip Hop | WAKILISHA,"Legacy tag archive needs product decision: rebuild tag pages, redirect to search, or intentional 404."
/tag/hip-hop/feed/,200,asset_or_non_html,ignore_for_html_cutover,,high,,Not an HTML content route for React cutover.
/tag/history/,200,preserve_or_map,manual_review,/search?tag=history,low,History | WAKILISHA,"Legacy tag archive needs product decision: rebuild tag pages, redirect to search, or intentional 404."
/tag/history/feed/,200,asset_or_non_html,ignore_for_html_cutover,,high,,Not an HTML content route for React cutover.
/tag/hornsphere/,200,preserve_or_map,manual_review,/search?tag=hornsphere,low,Hornsphere | WAKILISHA,"Legacy tag archive needs product decision: rebuild tag pages, redirect to search, or intentional 404."
/tag/hornsphere/feed/,200,asset_or_non_html,ignore_for_html_cutover,,high,,Not an HTML content route for React cutover.
/tag/humanism/,200,preserve_or_map,manual_review,/search?tag=humanism,low,Humanism | WAKILISHA,"Legacy tag archive needs product decision: rebuild tag pages, redirect to search, or intentional 404."
/tag/humanism/feed/,200,asset_or_non_html,ignore_for_html_cutover,,high,,Not an HTML content route for React cutover.
/tag/humanities/,200,preserve_or_map,manual_review,/search?tag=humanities,low,Humanities | WAKILISHA,"Legacy tag archive needs product decision: rebuild tag pages, redirect to search, or intentional 404."
/tag/humanities/feed/,200,asset_or_non_html,ignore_for_html_cutover,,high,,Not an HTML content route for React cutover.
/tag/hyrax-hill-museum/,200,preserve_or_map,manual_review,/search?tag=hyrax-hill-museum,low,Hyrax Hill Museum | WAKILISHA,"Legacy tag archive needs product decision: rebuild tag pages, redirect to search, or intentional 404."
/tag/hyrax-hill-museum/feed/,200,asset_or_non_html,ignore_for_html_cutover,,high,,Not an HTML content route for React cutover.
/tag/idd-aziz/,200,preserve_or_map,manual_review,/search?tag=idd-aziz,low,Idd Aziz | WAKILISHA,"Legacy tag archive needs product decision: rebuild tag pages, redirect to search, or intentional 404."
/tag/idd-aziz/feed/,200,asset_or_non_html,ignore_for_html_cutover,,high,,Not an HTML content route for React cutover.
/tag/ideas/,200,preserve_or_map,manual_review,/search?tag=ideas,low,Ideas | WAKILISHA,"Legacy tag archive needs product decision: rebuild tag pages, redirect to search, or intentional 404."
/tag/ideas/feed/,200,asset_or_non_html,ignore_for_html_cutover,,high,,Not an HTML content route for React cutover.
/tag/idza-luhumyo/,200,preserve_or_map,manual_review,/search?tag=idza-luhumyo,low,Idza Luhumyo | WAKILISHA,"Legacy tag archive needs product decision: rebuild tag pages, redirect to search, or intentional 404."
/tag/idza-luhumyo/feed/,200,asset_or_non_html,ignore_for_html_cutover,,high,,Not an HTML content route for React cutover.
/tag/ignyte-awards/,200,preserve_or_map,manual_review,/search?tag=ignyte-awards,low,IGNYTE AWARDS | WAKILISHA,"Legacy tag archive needs product decision: rebuild tag pages, redirect to search, or intentional 404."
/tag/ignyte-awards/feed/,200,asset_or_non_html,ignore_for_html_cutover,,high,,Not an HTML content route for React cutover.
/tag/inclusive-design/,200,preserve_or_map,manual_review,/search?tag=inclusive-design,low,Inclusive Design | WAKILISHA,"Legacy tag archive needs product decision: rebuild tag pages, redirect to search, or intentional 404."
/tag/inclusive-design/feed/,200,asset_or_non_html,ignore_for_html_cutover,,high,,Not an HTML content route for React cutover.
/tag/influencers/,200,preserve_or_map,manual_review,/search?tag=influencers,low,Influencers | WAKILISHA,"Legacy tag archive needs product decision: rebuild tag pages, redirect to search, or intentional 404."
/tag/influencers/feed/,200,asset_or_non_html,ignore_for_html_cutover,,high,,Not an HTML content route for React cutover.
/tag/internet/,200,preserve_or_map,manual_review,/search?tag=internet,low,Internet | WAKILISHA,"Legacy tag archive needs product decision: rebuild tag pages, redirect to search, or intentional 404."
/tag/internet/feed/,200,asset_or_non_html,ignore_for_html_cutover,,high,,Not an HTML content route for React cutover.
/tag/iphoolish/,200,preserve_or_map,manual_review,/search?tag=iphoolish,low,Iphoolish | WAKILISHA,"Legacy tag archive needs product decision: rebuild tag pages, redirect to search, or intentional 404."
/tag/iphoolish/feed/,200,asset_or_non_html,ignore_for_html_cutover,,high,,Not an HTML content route for React cutover.
/tag/israel-onyach/,200,preserve_or_map,manual_review,/search?tag=israel-onyach,low,Israel Onyach | WAKILISHA,"Legacy tag archive needs product decision: rebuild tag pages, redirect to search, or intentional 404."
/tag/israel-onyach/feed/,200,asset_or_non_html,ignore_for_html_cutover,,high,,Not an HTML content route for React cutover.
/tag/issa-juma/,200,preserve_or_map,manual_review,/search?tag=issa-juma,low,Issa Juma | WAKILISHA,"Legacy tag archive needs product decision: rebuild tag pages, redirect to search, or intentional 404."
/tag/issa-juma/feed/,200,asset_or_non_html,ignore_for_html_cutover,,high,,Not an HTML content route for React cutover.
/tag/itanda-falls/,200,preserve_or_map,manual_review,/search?tag=itanda-falls,low,Itanda Falls | WAKILISHA,"Legacy tag archive needs product decision: rebuild tag pages, redirect to search, or intentional 404."
/tag/itanda-falls/feed/,200,asset_or_non_html,ignore_for_html_cutover,,high,,Not an HTML content route for React cutover.
/tag/itanda/,200,preserve_or_map,manual_review,/search?tag=itanda,low,Itanda | WAKILISHA,"Legacy tag archive needs product decision: rebuild tag pages, redirect to search, or intentional 404."
/tag/itanda/feed/,200,asset_or_non_html,ignore_for_html_cutover,,high,,Not an HTML content route for React cutover.
/tag/itsyaba/,200,preserve_or_map,manual_review,/search?tag=itsyaba,low,ItsYaba | WAKILISHA,"Legacy tag archive needs product decision: rebuild tag pages, redirect to search, or intentional 404."
/tag/itsyaba/feed/,200,asset_or_non_html,ignore_for_html_cutover,,high,,Not an HTML content route for React cutover.
/tag/ivy-lygue/,200,preserve_or_map,manual_review,/search?tag=ivy-lygue,low,Ivy Lygue | WAKILISHA,"Legacy tag archive needs product decision: rebuild tag pages, redirect to search, or intentional 404."
/tag/ivy-lygue/feed/,200,asset_or_non_html,ignore_for_html_cutover,,high,,Not an HTML content route for React cutover.
/tag/iyanah-kiragu/,200,preserve_or_map,manual_review,/search?tag=iyanah-kiragu,low,Iyanah Kiragu | WAKILISHA,"Legacy tag archive needs product decision: rebuild tag pages, redirect to search, or intentional 404."
/tag/iyanah-kiragu/feed/,200,asset_or_non_html,ignore_for_html_cutover,,high,,Not an HTML content route for React cutover.
/tag/iyanah/,200,preserve_or_map,manual_review,/search?tag=iyanah,low,Iyanah | WAKILISHA,"Legacy tag archive needs product decision: rebuild tag pages, redirect to search, or intentional 404."
/tag/iyanah/feed/,200,asset_or_non_html,ignore_for_html_cutover,,high,,Not an HTML content route for React cutover.
/tag/iyanii/,200,preserve_or_map,manual_review,/search?tag=iyanii,low,Iyanii | WAKILISHA,"Legacy tag archive needs product decision: rebuild tag pages, redirect to search, or intentional 404."
/tag/iyanii/feed/,200,asset_or_non_html,ignore_for_html_cutover,,high,,Not an HTML content route for React cutover.
/tag/jack-brown/,200,preserve_or_map,manual_review,/search?tag=jack-brown,low,Jack Brown | WAKILISHA,"Legacy tag archive needs product decision: rebuild tag pages, redirect to search, or intentional 404."
/tag/jack-brown/feed/,200,asset_or_non_html,ignore_for_html_cutover,,high,,Not an HTML content route for React cutover.
/tag/jacky-vike/,200,preserve_or_map,manual_review,/search?tag=jacky-vike,low,Jacky Vike | WAKILISHA,"Legacy tag archive needs product decision: rebuild tag pages, redirect to search, or intentional 404."
/tag/jacky-vike/feed/,200,asset_or_non_html,ignore_for_html_cutover,,high,,Not an HTML content route for React cutover.
/tag/jaguar/,200,preserve_or_map,manual_review,/search?tag=jaguar,low,Jaguar | WAKILISHA,"Legacy tag archive needs product decision: rebuild tag pages, redirect to search, or intentional 404."
/tag/james-jozee/,200,preserve_or_map,manual_review,/search?tag=james-jozee,low,James Jozee | WAKILISHA,"Legacy tag archive needs product decision: rebuild tag pages, redirect to search, or intentional 404."
/tag/james-jozee/feed/,200,asset_or_non_html,ignore_for_html_cutover,,high,,Not an HTML content route for React cutover.
/tag/james-murumbi-gallery/,200,preserve_or_map,manual_review,/search?tag=james-murumbi-gallery,low,James Murumbi Gallery | WAKILISHA,"Legacy tag archive needs product decision: rebuild tag pages, redirect to search, or intentional 404."
/tag/james-murumbi-gallery/feed/,200,asset_or_non_html,ignore_for_html_cutover,,high,,Not an HTML content route for React cutover.
/tag/jameson-connects-kenya/,200,preserve_or_map,manual_review,/search?tag=jameson-connects-kenya,low,Jameson Connects Kenya | WAKILISHA,"Legacy tag archive needs product decision: rebuild tag pages, redirect to search, or intentional 404."
/tag/jameson-connects-kenya/feed/,200,asset_or_non_html,ignore_for_html_cutover,,high,,Not an HTML content route for React cutover.
/tag/jgip-events/,200,preserve_or_map,manual_review,/search?tag=jgip-events,low,JGIP Events | WAKILISHA,"Legacy tag archive needs product decision: rebuild tag pages, redirect to search, or intentional 404."
/tag/jgip-events/feed/,200,asset_or_non_html,ignore_for_html_cutover,,high,,Not an HTML content route for React cutover.
/tag/jim-chuchu/,200,preserve_or_map,manual_review,/search?tag=jim-chuchu,low,Jim Chuchu | WAKILISHA,"Legacy tag archive needs product decision: rebuild tag pages, redirect to search, or intentional 404."
/tag/jim-chuchu/feed/,200,asset_or_non_html,ignore_for_html_cutover,,high,,Not an HTML content route for React cutover.
/tag/jimmy-ogonga/,200,preserve_or_map,manual_review,/search?tag=jimmy-ogonga,low,Jimmy Ogonga | WAKILISHA,"Legacy tag archive needs product decision: rebuild tag pages, redirect to search, or intentional 404."
/tag/jimmy-ogonga/feed/,200,asset_or_non_html,ignore_for_html_cutover,,high,,Not an HTML content route for React cutover.
/tag/jimwat/,200,preserve_or_map,manual_review,/search?tag=jimwat,low,Jimwat | WAKILISHA,"Legacy tag archive needs product decision: rebuild tag pages, redirect to search, or intentional 404."
/tag/jimwat/feed/,200,asset_or_non_html,ignore_for_html_cutover,,high,,Not an HTML content route for React cutover.
/tag/jinja/,200,preserve_or_map,manual_review,/search?tag=jinja,low,Jinja | WAKILISHA,"Legacy tag archive needs product decision: rebuild tag pages, redirect to search, or intentional 404."
/tag/jinja/feed/,200,asset_or_non_html,ignore_for_html_cutover,,high,,Not an HTML content route for React cutover.
/tag/joefes/,200,preserve_or_map,manual_review,/search?tag=joefes,low,Joefes | WAKILISHA,"Legacy tag archive needs product decision: rebuild tag pages, redirect to search, or intentional 404."
/tag/joefes/feed/,200,asset_or_non_html,ignore_for_html_cutover,,high,,Not an HTML content route for React cutover.
/tag/john-demathew/,200,preserve_or_map,manual_review,/search?tag=john-demathew,low,John De&#039;Mathew | WAKILISHA,"Legacy tag archive needs product decision: rebuild tag pages, redirect to search, or intentional 404."
/tag/john-demathew/feed/,200,asset_or_non_html,ignore_for_html_cutover,,high,,Not an HTML content route for React cutover.
/tag/john-michuki-park/,200,preserve_or_map,manual_review,/search?tag=john-michuki-park,low,John Michuki Park | WAKILISHA,"Legacy tag archive needs product decision: rebuild tag pages, redirect to search, or intentional 404."
/tag/john-michuki-park/feed/,200,asset_or_non_html,ignore_for_html_cutover,,high,,Not an HTML content route for React cutover.
/tag/john-ndichu/,200,preserve_or_map,manual_review,/search?tag=john-ndichu,low,John Ndichu | WAKILISHA,"Legacy tag archive needs product decision: rebuild tag pages, redirect to search, or intentional 404."
/tag/john-ndichu/feed/,200,asset_or_non_html,ignore_for_html_cutover,,high,,Not an HTML content route for React cutover.
/tag/joseph-kamaru/,200,preserve_or_map,manual_review,/search?tag=joseph-kamaru,low,Joseph Kamaru | WAKILISHA,"Legacy tag archive needs product decision: rebuild tag pages, redirect to search, or intentional 404."
/tag/joseph-kamaru/feed/,200,asset_or_non_html,ignore_for_html_cutover,,high,,Not an HTML content route for React cutover.
/tag/joseph-mbatia-bertiers/,200,preserve_or_map,manual_review,/search?tag=joseph-mbatia-bertiers,low,Joseph Mbatia Bertiers | WAKILISHA,"Legacy tag archive needs product decision: rebuild tag pages, redirect to search, or intentional 404."
/tag/joseph-mbatia-bertiers/feed/,200,asset_or_non_html,ignore_for_html_cutover,,high,,Not an HTML content route for React cutover.
/tag/joshua-baraka/,200,preserve_or_map,manual_review,/search?tag=joshua-baraka,low,Joshua Baraka | WAKILISHA,"Legacy tag archive needs product decision: rebuild tag pages, redirect to search, or intentional 404."
/tag/joshua-baraka/feed/,200,asset_or_non_html,ignore_for_html_cutover,,high,,Not an HTML content route for React cutover.
/tag/jovial/,200,preserve_or_map,manual_review,/search?tag=jovial,low,Jovial | WAKILISHA,"Legacy tag archive needs product decision: rebuild tag pages, redirect to search, or intentional 404."
/tag/jovial/feed/,200,asset_or_non_html,ignore_for_html_cutover,,high,,Not an HTML content route for React cutover.
/tag/joy-ocholla/,200,preserve_or_map,manual_review,/search?tag=joy-ocholla,low,Joy Ocholla | WAKILISHA,"Legacy tag archive needs product decision: rebuild tag pages, redirect to search, or intentional 404."
/tag/joy-ocholla/feed/,200,asset_or_non_html,ignore_for_html_cutover,,high,,Not an HTML content route for React cutover.
/tag/jua-cali/,200,preserve_or_map,manual_review,/search?tag=jua-cali,low,Jua Cali | WAKILISHA,"Legacy tag archive needs product decision: rebuild tag pages, redirect to search, or intentional 404."
/tag/jua-cali/feed/,200,asset_or_non_html,ignore_for_html_cutover,,high,,Not an HTML content route for React cutover.
/tag/juliani/,200,preserve_or_map,manual_review,/search?tag=juliani,low,Juliani | WAKILISHA,"Legacy tag archive needs product decision: rebuild tag pages, redirect to search, or intentional 404."
/tag/juliani/feed/,200,asset_or_non_html,ignore_for_html_cutover,,high,,Not an HTML content route for React cutover.
/tag/june-gachui/,200,preserve_or_map,manual_review,/search?tag=june-gachui,low,June Gachui | WAKILISHA,"Legacy tag archive needs product decision: rebuild tag pages, redirect to search, or intentional 404."
/tag/june-gachui/feed/,200,asset_or_non_html,ignore_for_html_cutover,,high,,Not an HTML content route for React cutover.
/tag/just-a-band/,200,preserve_or_map,manual_review,/search?tag=just-a-band,low,Just A Band | WAKILISHA,"Legacy tag archive needs product decision: rebuild tag pages, redirect to search, or intentional 404."
/tag/just-a-band/feed/,200,asset_or_non_html,ignore_for_html_cutover,,high,,Not an HTML content route for React cutover.
/tag/justice-gully/,200,preserve_or_map,manual_review,/search?tag=justice-gully,low,Justice Gully | WAKILISHA,"Legacy tag archive needs product decision: rebuild tag pages, redirect to search, or intentional 404."
/tag/justice-gully/feed/,200,asset_or_non_html,ignore_for_html_cutover,,high,,Not an HTML content route for React cutover.
/tag/justice/,200,preserve_or_map,manual_review,/search?tag=justice,low,Justice | WAKILISHA,"Legacy tag archive needs product decision: rebuild tag pages, redirect to search, or intentional 404."
/tag/justice/feed/,200,asset_or_non_html,ignore_for_html_cutover,,high,,Not an HTML content route for React cutover.
/tag/jux/,200,preserve_or_map,manual_review,/search?tag=jux,low,Jux | WAKILISHA,"Legacy tag archive needs product decision: rebuild tag pages, redirect to search, or intentional 404."
/tag/jux/feed/,200,asset_or_non_html,ignore_for_html_cutover,,high,,Not an HTML content route for React cutover.
/tag/k4kanali/,200,preserve_or_map,manual_review,/search?tag=k4kanali,low,K4Kanali | WAKILISHA,"Legacy tag archive needs product decision: rebuild tag pages, redirect to search, or intentional 404."
/tag/k4kanali/feed/,200,asset_or_non_html,ignore_for_html_cutover,,high,,Not an HTML content route for React cutover.
/tag/kaa-la-moto/,200,preserve_or_map,manual_review,/search?tag=kaa-la-moto,low,Kaa La Moto | WAKILISHA,"Legacy tag archive needs product decision: rebuild tag pages, redirect to search, or intentional 404."
/tag/kaa-la-moto/feed/,200,asset_or_non_html,ignore_for_html_cutover,,high,,Not an HTML content route for React cutover.
/tag/kabage-karanja/,200,preserve_or_map,manual_review,/search?tag=kabage-karanja,low,Kabage Karanja | WAKILISHA,"Legacy tag archive needs product decision: rebuild tag pages, redirect to search, or intentional 404."
/tag/kabage-karanja/feed/,200,asset_or_non_html,ignore_for_html_cutover,,high,,Not an HTML content route for React cutover.
/tag/kagwe-mungai/,200,preserve_or_map,manual_review,/search?tag=kagwe-mungai,low,Kagwe Mungai | WAKILISHA,"Legacy tag archive needs product decision: rebuild tag pages, redirect to search, or intentional 404."
/tag/kagwe-mungai/feed/,200,asset_or_non_html,ignore_for_html_cutover,,high,,Not an HTML content route for React cutover.
/tag/kalamashaka/,200,preserve_or_map,manual_review,/search?tag=kalamashaka,low,Kalamashaka | WAKILISHA,"Legacy tag archive needs product decision: rebuild tag pages, redirect to search, or intentional 404."
/tag/kalamashaka/feed/,200,asset_or_non_html,ignore_for_html_cutover,,high,,Not an HTML content route for React cutover.
/tag/kaloki-nyamai/,200,preserve_or_map,manual_review,/search?tag=kaloki-nyamai,low,Kaloki Nyamai | WAKILISHA,"Legacy tag archive needs product decision: rebuild tag pages, redirect to search, or intentional 404."
/tag/kaloki-nyamai/feed/,200,asset_or_non_html,ignore_for_html_cutover,,high,,Not an HTML content route for React cutover.
/tag/kamaa-kalamashaka/,200,preserve_or_map,manual_review,/search?tag=kamaa-kalamashaka,low,Kamaa Kalamashaka | WAKILISHA,"Legacy tag archive needs product decision: rebuild tag pages, redirect to search, or intentional 404."
/tag/kamaa-kalamashaka/feed/,200,asset_or_non_html,ignore_for_html_cutover,,high,,Not an HTML content route for React cutover.
/tag/kamande-wa-kioi/,200,preserve_or_map,manual_review,/search?tag=kamande-wa-kioi,low,Kamande Wa Kioi | WAKILISHA,"Legacy tag archive needs product decision: rebuild tag pages, redirect to search, or intentional 404."
/tag/kamande-wa-kioi/feed/,200,asset_or_non_html,ignore_for_html_cutover,,high,,Not an HTML content route for React cutover.
/tag/kambua/,200,preserve_or_map,manual_review,/search?tag=kambua,low,Kambua | WAKILISHA,"Legacy tag archive needs product decision: rebuild tag pages, redirect to search, or intentional 404."
/tag/kambua/feed/,200,asset_or_non_html,ignore_for_html_cutover,,high,,Not an HTML content route for React cutover.
/tag/kanairo/,200,preserve_or_map,manual_review,/search?tag=kanairo,low,Kanairo | WAKILISHA,"Legacy tag archive needs product decision: rebuild tag pages, redirect to search, or intentional 404."
/tag/kanairo/feed/,200,asset_or_non_html,ignore_for_html_cutover,,high,,Not an HTML content route for React cutover.
/tag/karen-blixen-museum/,200,preserve_or_map,manual_review,/search?tag=karen-blixen-museum,low,Karen Blixen Museum | WAKILISHA,"Legacy tag archive needs product decision: rebuild tag pages, redirect to search, or intentional 404."
/tag/karen-blixen-museum/feed/,200,asset_or_non_html,ignore_for_html_cutover,,high,,Not an HTML content route for React cutover.
/tag/karen-village/,200,preserve_or_map,manual_review,/search?tag=karen-village,low,Karen Village | WAKILISHA,"Legacy tag archive needs product decision: rebuild tag pages, redirect to search, or intentional 404."
/tag/karen-village/feed/,200,asset_or_non_html,ignore_for_html_cutover,,high,,Not an HTML content route for React cutover.
/tag/karun/,200,preserve_or_map,manual_review,/search?tag=karun,low,Karun | WAKILISHA,"Legacy tag archive needs product decision: rebuild tag pages, redirect to search, or intentional 404."
/tag/karun/feed/,200,asset_or_non_html,ignore_for_html_cutover,,high,,Not an HTML content route for React cutover.
/tag/karura-forest/,200,preserve_or_map,manual_review,/search?tag=karura-forest,low,Karura Forest | WAKILISHA,"Legacy tag archive needs product decision: rebuild tag pages, redirect to search, or intentional 404."
/tag/karura-forest/feed/,200,asset_or_non_html,ignore_for_html_cutover,,high,,Not an HTML content route for React cutover.
/tag/kasarani-laureate-gardens/,200,preserve_or_map,manual_review,/search?tag=kasarani-laureate-gardens,low,Kasarani Laureate Gardens | WAKILISHA,"Legacy tag archive needs product decision: rebuild tag pages, redirect to search, or intentional 404."
/tag/kasarani-laureate-gardens/feed/,200,asset_or_non_html,ignore_for_html_cutover,,high,,Not an HTML content route for React cutover.
/tag/kasha/,200,preserve_or_map,manual_review,/search?tag=kasha,low,Kasha | WAKILISHA,"Legacy tag archive needs product decision: rebuild tag pages, redirect to search, or intentional 404."
/tag/kasha/feed/,200,asset_or_non_html,ignore_for_html_cutover,,high,,Not an HTML content route for React cutover.
/tag/katapilla/,200,preserve_or_map,manual_review,/search?tag=katapilla,low,Katapilla | WAKILISHA,"Legacy tag archive needs product decision: rebuild tag pages, redirect to search, or intentional 404."
/tag/katapilla/feed/,200,asset_or_non_html,ignore_for_html_cutover,,high,,Not an HTML content route for React cutover.
/tag/kc-kangiri/,200,preserve_or_map,manual_review,/search?tag=kc-kangiri,low,Kc Kangiri | WAKILISHA,"Legacy tag archive needs product decision: rebuild tag pages, redirect to search, or intentional 404."
/tag/kc-kangiri/feed/,200,asset_or_non_html,ignore_for_html_cutover,,high,,Not an HTML content route for React cutover.
/tag/keemlyf/,200,preserve_or_map,manual_review,/search?tag=keemlyf,low,Keemlyf | WAKILISHA,"Legacy tag archive needs product decision: rebuild tag pages, redirect to search, or intentional 404."
/tag/keemlyf/feed/,200,asset_or_non_html,ignore_for_html_cutover,,high,,Not an HTML content route for React cutover.
/tag/kemboste/,200,preserve_or_map,manual_review,/search?tag=kemboste,low,Kemboste | WAKILISHA,"Legacy tag archive needs product decision: rebuild tag pages, redirect to search, or intentional 404."
/tag/kemboste/feed/,200,asset_or_non_html,ignore_for_html_cutover,,high,,Not an HTML content route for React cutover.
/tag/kendrick-lamar/,200,preserve_or_map,manual_review,/search?tag=kendrick-lamar,low,Kendrick Lamar | WAKILISHA,"Legacy tag archive needs product decision: rebuild tag pages, redirect to search, or intentional 404."
/tag/kendrick-lamar/feed/,200,asset_or_non_html,ignore_for_html_cutover,,high,,Not an HTML content route for React cutover.
/tag/kenrazy/,200,preserve_or_map,manual_review,/search?tag=kenrazy,low,Kenrazy | WAKILISHA,"Legacy tag archive needs product decision: rebuild tag pages, redirect to search, or intentional 404."
/tag/kenrazy/feed/,200,asset_or_non_html,ignore_for_html_cutover,,high,,Not an HTML content route for React cutover.
/tag/kenya-african-national-union-kanu/,200,preserve_or_map,manual_review,/search?tag=kenya-african-national-union-kanu,low,Kenya African National Union (KANU) | WAKILISHA,"Legacy tag archive needs product decision: rebuild tag pages, redirect to search, or intentional 404."
/tag/kenya-african-national-union-kanu/feed/,200,asset_or_non_html,ignore_for_html_cutover,,high,,Not an HTML content route for React cutover.
/tag/kenya-copyright-act/,200,preserve_or_map,manual_review,/search?tag=kenya-copyright-act,low,Kenya Copyright Act | WAKILISHA,"Legacy tag archive needs product decision: rebuild tag pages, redirect to search, or intentional 404."
/tag/kenya-copyright-board-kecobo/,200,preserve_or_map,manual_review,/search?tag=kenya-copyright-board-kecobo,low,Kenya Copyright Board (KECOBO) | WAKILISHA,"Legacy tag archive needs product decision: rebuild tag pages, redirect to search, or intentional 404."
/tag/kenya-cultural-centre/,200,preserve_or_map,manual_review,/search?tag=kenya-cultural-centre,low,Kenya Cultural Centre | WAKILISHA,"Legacy tag archive needs product decision: rebuild tag pages, redirect to search, or intentional 404."
/tag/kenya-cultural-centre/feed/,200,asset_or_non_html,ignore_for_html_cutover,,high,,Not an HTML content route for React cutover.
/tag/kenya-museum-society/,200,preserve_or_map,manual_review,/search?tag=kenya-museum-society,low,Kenya Museum Society | WAKILISHA,"Legacy tag archive needs product decision: rebuild tag pages, redirect to search, or intentional 404."
/tag/kenya-museum-society/feed/,200,asset_or_non_html,ignore_for_html_cutover,,high,,Not an HTML content route for React cutover.
/tag/kenya-national-theatre/,200,preserve_or_map,manual_review,/search?tag=kenya-national-theatre,low,Kenya National Theatre | WAKILISHA,"Legacy tag archive needs product decision: rebuild tag pages, redirect to search, or intentional 404."
/tag/kenya-national-theatre/feed/,200,asset_or_non_html,ignore_for_html_cutover,,high,,Not an HTML content route for React cutover.
/tag/kenya-space-agency/,200,preserve_or_map,manual_review,/search?tag=kenya-space-agency,low,Kenya Space Agency | WAKILISHA,"Legacy tag archive needs product decision: rebuild tag pages, redirect to search, or intentional 404."
/tag/kenya-space-agency/feed/,200,asset_or_non_html,ignore_for_html_cutover,,high,,Not an HTML content route for React cutover.
/tag/kenya-wildlife-service/,200,preserve_or_map,manual_review,/search?tag=kenya-wildlife-service,low,Kenya Wildlife Service | WAKILISHA,"Legacy tag archive needs product decision: rebuild tag pages, redirect to search, or intentional 404."
/tag/kenya-wildlife-service/feed/,200,asset_or_non_html,ignore_for_html_cutover,,high,,Not an HTML content route for React cutover.
/tag/kenya/,200,preserve_or_map,manual_review,/search?tag=kenya,low,Kenya | WAKILISHA,"Legacy tag archive needs product decision: rebuild tag pages, redirect to search, or intentional 404."
/tag/kenya/feed/,200,asset_or_non_html,ignore_for_html_cutover,,high,,Not an HTML content route for React cutover.
/tag/kerosh/,200,preserve_or_map,manual_review,/search?tag=kerosh,low,Kerosh | WAKILISHA,"Legacy tag archive needs product decision: rebuild tag pages, redirect to search, or intentional 404."
/tag/kerosh/feed/,200,asset_or_non_html,ignore_for_html_cutover,,high,,Not an HTML content route for React cutover.
/tag/kethan/,200,preserve_or_map,manual_review,/search?tag=kethan,low,Kethan | WAKILISHA,"Legacy tag archive needs product decision: rebuild tag pages, redirect to search, or intentional 404."
/tag/kethan/feed/,200,asset_or_non_html,ignore_for_html_cutover,,high,,Not an HTML content route for React cutover.
/tag/khaddija-abdalla-bajaber/,200,preserve_or_map,manual_review,/search?tag=khaddija-abdalla-bajaber,low,Khaddija Abdalla Bajaber | WAKILISHA,"Legacy tag archive needs product decision: rebuild tag pages, redirect to search, or intentional 404."
/tag/khaddija-abdalla-bajaber/feed/,200,asset_or_non_html,ignore_for_html_cutover,,high,,Not an HTML content route for React cutover.
/tag/khadija-abdalla-bajaber/,200,preserve_or_map,manual_review,/search?tag=khadija-abdalla-bajaber,low,Khadija Abdalla Bajaber | WAKILISHA,"Legacy tag archive needs product decision: rebuild tag pages, redirect to search, or intentional 404."
/tag/khadija-abdalla-bajaber/feed/,200,asset_or_non_html,ignore_for_html_cutover,,high,,Not an HTML content route for React cutover.
/tag/khadija-abdalla-bjaber/,200,preserve_or_map,manual_review,/search?tag=khadija-abdalla-bjaber,low,Khadija Abdalla Bjaber | WAKILISHA,"Legacy tag archive needs product decision: rebuild tag pages, redirect to search, or intentional 404."
/tag/khadija-abdalla-bjaber/feed/,200,asset_or_non_html,ignore_for_html_cutover,,high,,Not an HTML content route for React cutover.
/tag/khali-cartel/,200,preserve_or_map,manual_review,/search?tag=khali-cartel,low,Khali Cartel | WAKILISHA,"Legacy tag archive needs product decision: rebuild tag pages, redirect to search, or intentional 404."
/tag/khali-cartel/feed/,200,asset_or_non_html,ignore_for_html_cutover,,high,,Not an HTML content route for React cutover.
/tag/khaligraph-jones/,200,preserve_or_map,manual_review,/search?tag=khaligraph-jones,low,Khaligraph Jones | WAKILISHA,"Legacy tag archive needs product decision: rebuild tag pages, redirect to search, or intentional 404."
/tag/khaligraph-jones/feed/,200,asset_or_non_html,ignore_for_html_cutover,,high,,Not an HTML content route for React cutover.
/tag/khaligraph-jones/page/2/,200,preserve_or_map,manual_review,/search?tag=khaligraph-jones,low,Khaligraph Jones | WAKILISHA,"Legacy tag archive needs product decision: rebuild tag pages, redirect to search, or intentional 404."
/tag/kibera/,200,preserve_or_map,manual_review,/search?tag=kibera,low,Kibera | WAKILISHA,"Legacy tag archive needs product decision: rebuild tag pages, redirect to search, or intentional 404."
/tag/kibera/feed/,200,asset_or_non_html,ignore_for_html_cutover,,high,,Not an HTML content route for React cutover.
/tag/kid-kora/,200,preserve_or_map,manual_review,/search?tag=kid-kora,low,Kid Kora | WAKILISHA,"Legacy tag archive needs product decision: rebuild tag pages, redirect to search, or intentional 404."
/tag/kid-kora/feed/,200,asset_or_non_html,ignore_for_html_cutover,,high,,Not an HTML content route for React cutover.
/tag/kigooco/,200,preserve_or_map,manual_review,/search?tag=kigooco,low,Kigooco | WAKILISHA,"Legacy tag archive needs product decision: rebuild tag pages, redirect to search, or intentional 404."
/tag/kigooco/feed/,200,asset_or_non_html,ignore_for_html_cutover,,high,,Not an HTML content route for React cutover.
/tag/kikuyu-music/,200,preserve_or_map,manual_review,/search?tag=kikuyu-music,low,Kikuyu Music | WAKILISHA,"Legacy tag archive needs product decision: rebuild tag pages, redirect to search, or intentional 404."
/tag/kikuyu-music/feed/,200,asset_or_non_html,ignore_for_html_cutover,,high,,Not an HTML content route for React cutover.
/tag/kina/,200,preserve_or_map,manual_review,/search?tag=kina,low,Kina | WAKILISHA,"Legacy tag archive needs product decision: rebuild tag pages, redirect to search, or intentional 404."
/tag/kina/feed/,200,asset_or_non_html,ignore_for_html_cutover,,high,,Not an HTML content route for React cutover.
/tag/king-david/,200,preserve_or_map,manual_review,/search?tag=king-david,low,King David | WAKILISHA,"Legacy tag archive needs product decision: rebuild tag pages, redirect to search, or intentional 404."
/tag/king-david/feed/,200,asset_or_non_html,ignore_for_html_cutover,,high,,Not an HTML content route for React cutover.
/tag/king-kaka/,200,preserve_or_map,manual_review,/search?tag=king-kaka,low,King Kaka | WAKILISHA,"Legacy tag archive needs product decision: rebuild tag pages, redirect to search, or intentional 404."
/tag/king-kaka/feed/,200,asset_or_non_html,ignore_for_html_cutover,,high,,Not an HTML content route for React cutover.
/tag/king-kerby/,200,preserve_or_map,manual_review,/search?tag=king-kerby,low,King Kerby | WAKILISHA,"Legacy tag archive needs product decision: rebuild tag pages, redirect to search, or intentional 404."
/tag/king-kerby/feed/,200,asset_or_non_html,ignore_for_html_cutover,,high,,Not an HTML content route for React cutover.
/tag/kingpheezle/,200,preserve_or_map,manual_review,/search?tag=kingpheezle,low,Kingpheezle | WAKILISHA,"Legacy tag archive needs product decision: rebuild tag pages, redirect to search, or intentional 404."
/tag/kingpheezle/feed/,200,asset_or_non_html,ignore_for_html_cutover,,high,,Not an HTML content route for React cutover.
/tag/kinoti/,200,preserve_or_map,manual_review,/search?tag=kinoti,low,Kinoti | WAKILISHA,"Legacy tag archive needs product decision: rebuild tag pages, redirect to search, or intentional 404."
/tag/kinoti/feed/,200,asset_or_non_html,ignore_for_html_cutover,,high,,Not an HTML content route for React cutover.
/tag/kitu-sewer/,200,preserve_or_map,manual_review,/search?tag=kitu-sewer,low,Kitu Sewer | WAKILISHA,"Legacy tag archive needs product decision: rebuild tag pages, redirect to search, or intentional 404."
/tag/kitu-sewer/feed/,200,asset_or_non_html,ignore_for_html_cutover,,high,,Not an HTML content route for React cutover.
/tag/kizazi-moto/,200,preserve_or_map,manual_review,/search?tag=kizazi-moto,low,Kizazi Moto | WAKILISHA,"Legacy tag archive needs product decision: rebuild tag pages, redirect to search, or intentional 404."
/tag/kizazi-moto/feed/,200,asset_or_non_html,ignore_for_html_cutover,,high,,Not an HTML content route for React cutover.
/tag/kleptomaniax/,200,preserve_or_map,manual_review,/search?tag=kleptomaniax,low,Kleptomaniax | WAKILISHA,"Legacy tag archive needs product decision: rebuild tag pages, redirect to search, or intentional 404."
/tag/koda/,200,preserve_or_map,manual_review,/search?tag=koda,low,Koda | WAKILISHA,"Legacy tag archive needs product decision: rebuild tag pages, redirect to search, or intentional 404."
/tag/koda/feed/,200,asset_or_non_html,ignore_for_html_cutover,,high,,Not an HTML content route for React cutover.
/tag/kodongklan/,200,preserve_or_map,manual_review,/search?tag=kodongklan,low,KODONGKLAN | WAKILISHA,"Legacy tag archive needs product decision: rebuild tag pages, redirect to search, or intentional 404."
/tag/kodongklan/feed/,200,asset_or_non_html,ignore_for_html_cutover,,high,,Not an HTML content route for React cutover.
/tag/krg-the-don/,200,preserve_or_map,manual_review,/search?tag=krg-the-don,low,Krg the Don | WAKILISHA,"Legacy tag archive needs product decision: rebuild tag pages, redirect to search, or intentional 404."
/tag/krg-the-don/feed/,200,asset_or_non_html,ignore_for_html_cutover,,high,,Not an HTML content route for React cutover.
/tag/kristoff/,200,preserve_or_map,manual_review,/search?tag=kristoff,low,Kristoff | WAKILISHA,"Legacy tag archive needs product decision: rebuild tag pages, redirect to search, or intentional 404."
/tag/kristoff/feed/,200,asset_or_non_html,ignore_for_html_cutover,,high,,Not an HTML content route for React cutover.
/tag/kuky/,200,preserve_or_map,manual_review,/search?tag=kuky,low,Kuky | WAKILISHA,"Legacy tag archive needs product decision: rebuild tag pages, redirect to search, or intentional 404."
/tag/kuky/feed/,200,asset_or_non_html,ignore_for_html_cutover,,high,,Not an HTML content route for React cutover.
/tag/kunye/,200,preserve_or_map,manual_review,/search?tag=kunye,low,Kunye | WAKILISHA,"Legacy tag archive needs product decision: rebuild tag pages, redirect to search, or intentional 404."
/tag/kushman/,200,preserve_or_map,manual_review,/search?tag=kushman,low,Kushman | WAKILISHA,"Legacy tag archive needs product decision: rebuild tag pages, redirect to search, or intentional 404."
/tag/kushman/feed/,200,asset_or_non_html,ignore_for_html_cutover,,high,,Not an HTML content route for React cutover.
/tag/l-a-rochelle/,200,preserve_or_map,manual_review,/search?tag=l-a-rochelle,low,L.A. Rochelle | WAKILISHA,"Legacy tag archive needs product decision: rebuild tag pages, redirect to search, or intentional 404."
/tag/l-a-rochelle/feed/,200,asset_or_non_html,ignore_for_html_cutover,,high,,Not an HTML content route for React cutover.
/tag/l3gs/,200,preserve_or_map,manual_review,/search?tag=l3gs,low,L3GS | WAKILISHA,"Legacy tag archive needs product decision: rebuild tag pages, redirect to search, or intentional 404."
/tag/l3gs/feed/,200,asset_or_non_html,ignore_for_html_cutover,,high,,Not an HTML content route for React cutover.
/tag/la-biennale-di-venezia/,200,preserve_or_map,manual_review,/search?tag=la-biennale-di-venezia,low,La Biennale Di Venezia | WAKILISHA,"Legacy tag archive needs product decision: rebuild tag pages, redirect to search, or intentional 404."
/tag/la-biennale-di-venezia/feed/,200,asset_or_non_html,ignore_for_html_cutover,,high,,Not an HTML content route for React cutover.
/tag/labor-of-love/,200,preserve_or_map,manual_review,/search?tag=labor-of-love,low,Labor of Love | WAKILISHA,"Legacy tag archive needs product decision: rebuild tag pages, redirect to search, or intentional 404."
/tag/labor-of-love/feed/,200,asset_or_non_html,ignore_for_html_cutover,,high,,Not an HTML content route for React cutover.
/tag/landmarks/,200,preserve_or_map,manual_review,/search?tag=landmarks,low,Landmarks | WAKILISHA,"Legacy tag archive needs product decision: rebuild tag pages, redirect to search, or intentional 404."
/tag/landmarks/feed/,200,asset_or_non_html,ignore_for_html_cutover,,high,,Not an HTML content route for React cutover.
/tag/language/,200,preserve_or_map,manual_review,/search?tag=language,low,Language | WAKILISHA,"Legacy tag archive needs product decision: rebuild tag pages, redirect to search, or intentional 404."
/tag/language/feed/,200,asset_or_non_html,ignore_for_html_cutover,,high,,Not an HTML content route for React cutover.
/tag/laroz/,200,preserve_or_map,manual_review,/search?tag=laroz,low,Laroz | WAKILISHA,"Legacy tag archive needs product decision: rebuild tag pages, redirect to search, or intentional 404."
/tag/laroz/feed/,200,asset_or_non_html,ignore_for_html_cutover,,high,,Not an HTML content route for React cutover.
/tag/lavosti/,200,preserve_or_map,manual_review,/search?tag=lavosti,low,Lavosti | WAKILISHA,"Legacy tag archive needs product decision: rebuild tag pages, redirect to search, or intentional 404."
/tag/lavosti/feed/,200,asset_or_non_html,ignore_for_html_cutover,,high,,Not an HTML content route for React cutover.
/tag/le-guin-prize/,200,preserve_or_map,manual_review,/search?tag=le-guin-prize,low,Le Guin Prize | WAKILISHA,"Legacy tag archive needs product decision: rebuild tag pages, redirect to search, or intentional 404."
/tag/le-guin-prize/feed/,200,asset_or_non_html,ignore_for_html_cutover,,high,,Not an HTML content route for React cutover.
/tag/leilah-babirye/,200,preserve_or_map,manual_review,/search?tag=leilah-babirye,low,Leilah Babirye | WAKILISHA,"Legacy tag archive needs product decision: rebuild tag pages, redirect to search, or intentional 404."
/tag/leilah-babirye/feed/,200,asset_or_non_html,ignore_for_html_cutover,,high,,Not an HTML content route for React cutover.
/tag/leo-tolstoy/,200,preserve_or_map,manual_review,/search?tag=leo-tolstoy,low,Leo Tolstoy | WAKILISHA,"Legacy tag archive needs product decision: rebuild tag pages, redirect to search, or intentional 404."
/tag/leo-tolstoy/feed/,200,asset_or_non_html,ignore_for_html_cutover,,high,,Not an HTML content route for React cutover.
/tag/let-me-you/,200,preserve_or_map,manual_review,/search?tag=let-me-you,low,let me you | WAKILISHA,"Legacy tag archive needs product decision: rebuild tag pages, redirect to search, or intentional 404."
/tag/let-me-you/feed/,200,asset_or_non_html,ignore_for_html_cutover,,high,,Not an HTML content route for React cutover.
/tag/lil-maina/,200,preserve_or_map,manual_review,/search?tag=lil-maina,low,Lil Maina | WAKILISHA,"Legacy tag archive needs product decision: rebuild tag pages, redirect to search, or intentional 404."
/tag/lil-maina/feed/,200,asset_or_non_html,ignore_for_html_cutover,,high,,Not an HTML content route for React cutover.
/tag/lilmaina/,200,preserve_or_map,manual_review,/search?tag=lilmaina,low,Lilmaina | WAKILISHA,"Legacy tag archive needs product decision: rebuild tag pages, redirect to search, or intentional 404."
/tag/lilmaina/feed/,200,asset_or_non_html,ignore_for_html_cutover,,high,,Not an HTML content route for React cutover.
/tag/linda-musita/,200,preserve_or_map,manual_review,/search?tag=linda-musita,low,Linda Musita | WAKILISHA,"Legacy tag archive needs product decision: rebuild tag pages, redirect to search, or intentional 404."
/tag/linda-musita/feed/,200,asset_or_non_html,ignore_for_html_cutover,,high,,Not an HTML content route for React cutover.
/tag/linsanity/,200,preserve_or_map,manual_review,/search?tag=linsanity,low,Linsanity | WAKILISHA,"Legacy tag archive needs product decision: rebuild tag pages, redirect to search, or intentional 404."
/tag/linsanity/feed/,200,asset_or_non_html,ignore_for_html_cutover,,high,,Not an HTML content route for React cutover.
/tag/lisa-oduor-noah/,200,preserve_or_map,manual_review,/search?tag=lisa-oduor-noah,low,Lisa Oduor-Noah | WAKILISHA,"Legacy tag archive needs product decision: rebuild tag pages, redirect to search, or intentional 404."
/tag/lisa-oduor-noah/feed/,200,asset_or_non_html,ignore_for_html_cutover,,high,,Not an HTML content route for React cutover.
/tag/live-nation/,200,preserve_or_map,manual_review,/search?tag=live-nation,low,Live Nation | WAKILISHA,"Legacy tag archive needs product decision: rebuild tag pages, redirect to search, or intentional 404."
/tag/live-nation/feed/,200,asset_or_non_html,ignore_for_html_cutover,,high,,Not an HTML content route for React cutover.
/tag/logan-roy/,200,preserve_or_map,manual_review,/search?tag=logan-roy,low,Logan Roy | WAKILISHA,"Legacy tag archive needs product decision: rebuild tag pages, redirect to search, or intentional 404."
/tag/logan-roy/feed/,200,asset_or_non_html,ignore_for_html_cutover,,high,,Not an HTML content route for React cutover.
/tag/love-letters-3/,200,preserve_or_map,manual_review,/search?tag=love-letters-3,low,Love Letters 3 | WAKILISHA,"Legacy tag archive needs product decision: rebuild tag pages, redirect to search, or intentional 404."
/tag/love-letters-3/feed/,200,asset_or_non_html,ignore_for_html_cutover,,high,,Not an HTML content route for React cutover.
/tag/love/,200,preserve_or_map,manual_review,/search?tag=love,low,Love | WAKILISHA,"Legacy tag archive needs product decision: rebuild tag pages, redirect to search, or intentional 404."
/tag/lufasa/,200,preserve_or_map,manual_review,/search?tag=lufasa,low,Lufasa | WAKILISHA,"Legacy tag archive needs product decision: rebuild tag pages, redirect to search, or intentional 404."
/tag/lufasa/feed/,200,asset_or_non_html,ignore_for_html_cutover,,high,,Not an HTML content route for React cutover.
/tag/lupita-nyongo/,200,preserve_or_map,manual_review,/search?tag=lupita-nyongo,low,Lupita Nyong&#039;o | WAKILISHA,"Legacy tag archive needs product decision: rebuild tag pages, redirect to search, or intentional 404."
/tag/lupita-nyongo/feed/,200,asset_or_non_html,ignore_for_html_cutover,,high,,Not an HTML content route for React cutover.
/tag/lyvid-and-sofiya-nzau/,200,preserve_or_map,manual_review,/search?tag=lyvid-and-sofiya-nzau,low,Lyvid and Sofiya Nzau | WAKILISHA,"Legacy tag archive needs product decision: rebuild tag pages, redirect to search, or intentional 404."
/tag/lyvid-and-sofiya-nzau/feed/,200,asset_or_non_html,ignore_for_html_cutover,,high,,Not an HTML content route for React cutover.
/tag/lyvid-remix-by-misumena/,200,preserve_or_map,manual_review,/search?tag=lyvid-remix-by-misumena,low,Lyvid Remix by Misumena | WAKILISHA,"Legacy tag archive needs product decision: rebuild tag pages, redirect to search, or intentional 404."
/tag/lyvid-remix-by-misumena/feed/,200,asset_or_non_html,ignore_for_html_cutover,,high,,Not an HTML content route for React cutover.
/tag/maandy/,200,preserve_or_map,manual_review,/search?tag=maandy,low,Maandy | WAKILISHA,"Legacy tag archive needs product decision: rebuild tag pages, redirect to search, or intentional 404."
/tag/maandy/feed/,200,asset_or_non_html,ignore_for_html_cutover,,high,,Not an HTML content route for React cutover.
/tag/maasai-market/,200,preserve_or_map,manual_review,/search?tag=maasai-market,low,Maasai Market | WAKILISHA,"Legacy tag archive needs product decision: rebuild tag pages, redirect to search, or intentional 404."
/tag/maasai-market/feed/,200,asset_or_non_html,ignore_for_html_cutover,,high,,Not an HTML content route for React cutover.
/tag/maasai/,200,preserve_or_map,manual_review,/search?tag=maasai,low,Maasai | WAKILISHA,"Legacy tag archive needs product decision: rebuild tag pages, redirect to search, or intentional 404."
/tag/maasai/feed/,200,asset_or_non_html,ignore_for_html_cutover,,high,,Not an HTML content route for React cutover.
/tag/machine-learning/,200,preserve_or_map,manual_review,/search?tag=machine-learning,low,Machine Learning | WAKILISHA,"Legacy tag archive needs product decision: rebuild tag pages, redirect to search, or intentional 404."
/tag/machine-learning/feed/,200,asset_or_non_html,ignore_for_html_cutover,,high,,Not an HTML content route for React cutover.
/tag/macondo-lit-festival/,200,preserve_or_map,manual_review,/search?tag=macondo-lit-festival,low,Macondo Lit Festival | WAKILISHA,"Legacy tag archive needs product decision: rebuild tag pages, redirect to search, or intentional 404."
/tag/macondo-lit-festival/feed/,200,asset_or_non_html,ignore_for_html_cutover,,high,,Not an HTML content route for React cutover.
/tag/mad-g/,200,preserve_or_map,manual_review,/search?tag=mad-g,low,Mad G | WAKILISHA,"Legacy tag archive needs product decision: rebuild tag pages, redirect to search, or intentional 404."
/tag/mad-g/feed/,200,asset_or_non_html,ignore_for_html_cutover,,high,,Not an HTML content route for React cutover.
/tag/magdalene-odundo/,200,preserve_or_map,manual_review,/search?tag=magdalene-odundo,low,Magdalene Odundo | WAKILISHA,"Legacy tag archive needs product decision: rebuild tag pages, redirect to search, or intentional 404."
/tag/magdalene-odundo/feed/,200,asset_or_non_html,ignore_for_html_cutover,,high,,Not an HTML content route for React cutover.
/tag/mahalia/,200,preserve_or_map,manual_review,/search?tag=mahalia,low,Mahalia | WAKILISHA,"Legacy tag archive needs product decision: rebuild tag pages, redirect to search, or intentional 404."
/tag/mahalia/feed/,200,asset_or_non_html,ignore_for_html_cutover,,high,,Not an HTML content route for React cutover.
/tag/maina-murumba/,200,preserve_or_map,manual_review,/search?tag=maina-murumba,low,Maina Murumba | WAKILISHA,"Legacy tag archive needs product decision: rebuild tag pages, redirect to search, or intentional 404."
/tag/maina-murumba/feed/,200,asset_or_non_html,ignore_for_html_cutover,,high,,Not an HTML content route for React cutover.
/tag/maji-maji/,200,preserve_or_map,manual_review,/search?tag=maji-maji,low,Maji Maji | WAKILISHA,"Legacy tag archive needs product decision: rebuild tag pages, redirect to search, or intentional 404."
/tag/maji-maji/feed/,200,asset_or_non_html,ignore_for_html_cutover,,high,,Not an HTML content route for React cutover.
/tag/makena-onjerika/,200,preserve_or_map,manual_review,/search?tag=makena-onjerika,low,Makena Onjerika | WAKILISHA,"Legacy tag archive needs product decision: rebuild tag pages, redirect to search, or intentional 404."
/tag/makena-onjerika/feed/,200,asset_or_non_html,ignore_for_html_cutover,,high,,Not an HTML content route for React cutover.
/tag/mali/,200,preserve_or_map,manual_review,/search?tag=mali,low,Mali | WAKILISHA,"Legacy tag archive needs product decision: rebuild tag pages, redirect to search, or intentional 404."
/tag/mali/feed/,200,asset_or_non_html,ignore_for_html_cutover,,high,,Not an HTML content route for React cutover.
/tag/manzi-wa-kibera/,200,preserve_or_map,manual_review,/search?tag=manzi-wa-kibera,low,Manzi wa Kibera | WAKILISHA,"Legacy tag archive needs product decision: rebuild tag pages, redirect to search, or intentional 404."
/tag/manzi-wa-kibera/feed/,200,asset_or_non_html,ignore_for_html_cutover,,high,,Not an HTML content route for React cutover.
/tag/maovete/,200,preserve_or_map,manual_review,/search?tag=maovete,low,Maovete | WAKILISHA,"Legacy tag archive needs product decision: rebuild tag pages, redirect to search, or intentional 404."
/tag/maovete/feed/,200,asset_or_non_html,ignore_for_html_cutover,,high,,Not an HTML content route for React cutover.
/tag/mapenzi-baby/,200,preserve_or_map,manual_review,/search?tag=mapenzi-baby,low,Mapenzi Baby | WAKILISHA,"Legacy tag archive needs product decision: rebuild tag pages, redirect to search, or intentional 404."
/tag/mapenzi-baby/feed/,200,asset_or_non_html,ignore_for_html_cutover,,high,,Not an HTML content route for React cutover.
/tag/marijuana/,200,preserve_or_map,manual_review,/search?tag=marijuana,low,Marijuana | WAKILISHA,"Legacy tag archive needs product decision: rebuild tag pages, redirect to search, or intentional 404."
/tag/marijuana/feed/,200,asset_or_non_html,ignore_for_html_cutover,,high,,Not an HTML content route for React cutover.
/tag/marjorie-oludhe-macgoye/,200,preserve_or_map,manual_review,/search?tag=marjorie-oludhe-macgoye,low,Marjorie Oludhe Macgoye | WAKILISHA,"Legacy tag archive needs product decision: rebuild tag pages, redirect to search, or intentional 404."
/tag/marjorie-oludhe-macgoye/feed/,200,asset_or_non_html,ignore_for_html_cutover,,high,,Not an HTML content route for React cutover.
/tag/marketing/,200,preserve_or_map,manual_review,/search?tag=marketing,low,Marketing | WAKILISHA,"Legacy tag archive needs product decision: rebuild tag pages, redirect to search, or intentional 404."
/tag/marketing/feed/,200,asset_or_non_html,ignore_for_html_cutover,,high,,Not an HTML content route for React cutover.
/tag/marriage/,200,preserve_or_map,manual_review,/search?tag=marriage,low,Marriage | WAKILISHA,"Legacy tag archive needs product decision: rebuild tag pages, redirect to search, or intentional 404."
/tag/masauti/,200,preserve_or_map,manual_review,/search?tag=masauti,low,Masauti | WAKILISHA,"Legacy tag archive needs product decision: rebuild tag pages, redirect to search, or intentional 404."
/tag/masauti/feed/,200,asset_or_non_html,ignore_for_html_cutover,,high,,Not an HTML content route for React cutover.
/tag/mass-media/,200,preserve_or_map,manual_review,/search?tag=mass-media,low,Mass Media | WAKILISHA,"Legacy tag archive needs product decision: rebuild tag pages, redirect to search, or intentional 404."
/tag/mass-media/feed/,200,asset_or_non_html,ignore_for_html_cutover,,high,,Not an HTML content route for React cutover.
/tag/mastar-vk/,200,preserve_or_map,manual_review,/search?tag=mastar-vk,low,Mastar VK | WAKILISHA,"Legacy tag archive needs product decision: rebuild tag pages, redirect to search, or intentional 404."
/tag/mastar-vk/feed/,200,asset_or_non_html,ignore_for_html_cutover,,high,,Not an HTML content route for React cutover.
/tag/masterpiece-king/,200,preserve_or_map,manual_review,/search?tag=masterpiece-king,low,Masterpiece King | WAKILISHA,"Legacy tag archive needs product decision: rebuild tag pages, redirect to search, or intentional 404."
/tag/masterpiece-king/feed/,200,asset_or_non_html,ignore_for_html_cutover,,high,,Not an HTML content route for React cutover.
/tag/matara/,200,preserve_or_map,manual_review,/search?tag=matara,low,Matara | WAKILISHA,"Legacy tag archive needs product decision: rebuild tag pages, redirect to search, or intentional 404."
/tag/matara/feed/,200,asset_or_non_html,ignore_for_html_cutover,,high,,Not an HTML content route for React cutover.
/tag/matata/,200,preserve_or_map,manual_review,/search?tag=matata,low,Matata | WAKILISHA,"Legacy tag archive needs product decision: rebuild tag pages, redirect to search, or intentional 404."
/tag/matata/feed/,200,asset_or_non_html,ignore_for_html_cutover,,high,,Not an HTML content route for React cutover.
/tag/matatu-culture/,200,preserve_or_map,manual_review,/search?tag=matatu-culture,low,Matatu Culture | WAKILISHA,"Legacy tag archive needs product decision: rebuild tag pages, redirect to search, or intentional 404."
/tag/matatu-culture/feed/,200,asset_or_non_html,ignore_for_html_cutover,,high,,Not an HTML content route for React cutover.
/tag/matt-ngesa/,200,preserve_or_map,manual_review,/search?tag=matt-ngesa,low,Matt Ngesa | WAKILISHA,"Legacy tag archive needs product decision: rebuild tag pages, redirect to search, or intentional 404."
/tag/matt-ngesa/feed/,200,asset_or_non_html,ignore_for_html_cutover,,high,,Not an HTML content route for React cutover.
/tag/mau-from-nowhere/,200,preserve_or_map,manual_review,/search?tag=mau-from-nowhere,low,mau from nowhere | WAKILISHA,"Legacy tag archive needs product decision: rebuild tag pages, redirect to search, or intentional 404."
/tag/mau-from-nowhere/feed/,200,asset_or_non_html,ignore_for_html_cutover,,high,,Not an HTML content route for React cutover.
/tag/mau-mau/,200,preserve_or_map,manual_review,/search?tag=mau-mau,low,Mau Mau | WAKILISHA,"Legacy tag archive needs product decision: rebuild tag pages, redirect to search, or intentional 404."
/tag/mau-mau/feed/,200,asset_or_non_html,ignore_for_html_cutover,,high,,Not an HTML content route for React cutover.
/tag/mauru-unit/,200,preserve_or_map,manual_review,/search?tag=mauru-unit,low,Mauru Unit | WAKILISHA,"Legacy tag archive needs product decision: rebuild tag pages, redirect to search, or intentional 404."
/tag/mauru-unit/feed/,200,asset_or_non_html,ignore_for_html_cutover,,high,,Not an HTML content route for React cutover.
/tag/mavultures/,200,preserve_or_map,manual_review,/search?tag=mavultures,low,Mavultures | WAKILISHA,"Legacy tag archive needs product decision: rebuild tag pages, redirect to search, or intentional 404."
/tag/mavultures/feed/,200,asset_or_non_html,ignore_for_html_cutover,,high,,Not an HTML content route for React cutover.
/tag/maya-amolo/,200,preserve_or_map,manual_review,/search?tag=maya-amolo,low,Maya Amolo | WAKILISHA,"Legacy tag archive needs product decision: rebuild tag pages, redirect to search, or intentional 404."
/tag/maya-amolo/feed/,200,asset_or_non_html,ignore_for_html_cutover,,high,,Not an HTML content route for React cutover.
/tag/maybe-ii/,200,preserve_or_map,manual_review,/search?tag=maybe-ii,low,Maybe II | WAKILISHA,"Legacy tag archive needs product decision: rebuild tag pages, redirect to search, or intentional 404."
/tag/maybe-ii/feed/,200,asset_or_non_html,ignore_for_html_cutover,,high,,Not an HTML content route for React cutover.
/tag/mayonde/,200,preserve_or_map,manual_review,/search?tag=mayonde,low,Mayonde | WAKILISHA,"Legacy tag archive needs product decision: rebuild tag pages, redirect to search, or intentional 404."
/tag/mayonde/feed/,200,asset_or_non_html,ignore_for_html_cutover,,high,,Not an HTML content route for React cutover.
/tag/mbai-caves/,200,preserve_or_map,manual_review,/search?tag=mbai-caves,low,Mbai Caves | WAKILISHA,"Legacy tag archive needs product decision: rebuild tag pages, redirect to search, or intentional 404."
/tag/mbai-caves/feed/,200,asset_or_non_html,ignore_for_html_cutover,,high,,Not an HTML content route for React cutover.
/tag/mbira/,200,preserve_or_map,manual_review,/search?tag=mbira,low,Mbira | WAKILISHA,"Legacy tag archive needs product decision: rebuild tag pages, redirect to search, or intentional 404."
/tag/mbira/feed/,200,asset_or_non_html,ignore_for_html_cutover,,high,,Not an HTML content route for React cutover.
/tag/mbithi-masya/,200,preserve_or_map,manual_review,/search?tag=mbithi-masya,low,Mbithi Masya | WAKILISHA,"Legacy tag archive needs product decision: rebuild tag pages, redirect to search, or intentional 404."
/tag/mbithi-masya/feed/,200,asset_or_non_html,ignore_for_html_cutover,,high,,Not an HTML content route for React cutover.
/tag/mbithi/,200,preserve_or_map,manual_review,/search?tag=mbithi,low,Mbithi | WAKILISHA,"Legacy tag archive needs product decision: rebuild tag pages, redirect to search, or intentional 404."
/tag/mbithi/feed/,200,asset_or_non_html,ignore_for_html_cutover,,high,,Not an HTML content route for React cutover.
/tag/mbogi-genje/,200,preserve_or_map,manual_review,/search?tag=mbogi-genje,low,Mbogi Genje | WAKILISHA,"Legacy tag archive needs product decision: rebuild tag pages, redirect to search, or intentional 404."
/tag/mbogi-genje/feed/,200,asset_or_non_html,ignore_for_html_cutover,,high,,Not an HTML content route for React cutover.
/tag/mbuzi-gang/,200,preserve_or_map,manual_review,/search?tag=mbuzi-gang,low,Mbuzi Gang | WAKILISHA,"Legacy tag archive needs product decision: rebuild tag pages, redirect to search, or intentional 404."
/tag/mbuzi-gang/feed/,200,asset_or_non_html,ignore_for_html_cutover,,high,,Not an HTML content route for React cutover.
/tag/mc-sharon/,200,preserve_or_map,manual_review,/search?tag=mc-sharon,low,MC Sharon | WAKILISHA,"Legacy tag archive needs product decision: rebuild tag pages, redirect to search, or intentional 404."
/tag/mc-sharon/feed/,200,asset_or_non_html,ignore_for_html_cutover,,high,,Not an HTML content route for React cutover.
/tag/mcmillan-memorial-library/,200,preserve_or_map,manual_review,/search?tag=mcmillan-memorial-library,low,McMillan Memorial Library | WAKILISHA,"Legacy tag archive needs product decision: rebuild tag pages, redirect to search, or intentional 404."
/tag/mcmillan-memorial-library/feed/,200,asset_or_non_html,ignore_for_html_cutover,,high,,Not an HTML content route for React cutover.
/tag/mdundo/,200,preserve_or_map,manual_review,/search?tag=mdundo,low,Mdundo | WAKILISHA,"Legacy tag archive needs product decision: rebuild tag pages, redirect to search, or intentional 404."
/tag/mdundo/feed/,200,asset_or_non_html,ignore_for_html_cutover,,high,,Not an HTML content route for React cutover.
/tag/meja-mwangi/,200,preserve_or_map,manual_review,/search?tag=meja-mwangi,low,Meja Mwangi | WAKILISHA,"Legacy tag archive needs product decision: rebuild tag pages, redirect to search, or intentional 404."
/tag/meja-mwangi/feed/,200,asset_or_non_html,ignore_for_html_cutover,,high,,Not an HTML content route for React cutover.
/tag/mejja/,200,preserve_or_map,manual_review,/search?tag=mejja,low,Mejja | WAKILISHA,"Legacy tag archive needs product decision: rebuild tag pages, redirect to search, or intentional 404."
/tag/mejja/feed/,200,asset_or_non_html,ignore_for_html_cutover,,high,,Not an HTML content route for React cutover.
/tag/melodica-music-store/,200,preserve_or_map,manual_review,/search?tag=melodica-music-store,low,Melodica Music Store | WAKILISHA,"Legacy tag archive needs product decision: rebuild tag pages, redirect to search, or intentional 404."
/tag/melodica-music-store/feed/,200,asset_or_non_html,ignore_for_html_cutover,,high,,Not an HTML content route for React cutover.
/tag/mental-health/,200,preserve_or_map,manual_review,/search?tag=mental-health,low,Mental Health | WAKILISHA,"Legacy tag archive needs product decision: rebuild tag pages, redirect to search, or intentional 404."
/tag/mental-health/feed/,200,asset_or_non_html,ignore_for_html_cutover,,high,,Not an HTML content route for React cutover.
/tag/mercy-munyanya/,200,preserve_or_map,manual_review,/search?tag=mercy-munyanya,low,Mercy Munyanya | WAKILISHA,"Legacy tag archive needs product decision: rebuild tag pages, redirect to search, or intentional 404."
/tag/mercy-munyanya/feed/,200,asset_or_non_html,ignore_for_html_cutover,,high,,Not an HTML content route for React cutover.
/tag/mex-cortez/,200,preserve_or_map,manual_review,/search?tag=mex-cortez,low,Mex Cortez | WAKILISHA,"Legacy tag archive needs product decision: rebuild tag pages, redirect to search, or intentional 404."
/tag/mex-cortez/feed/,200,asset_or_non_html,ignore_for_html_cutover,,high,,Not an HTML content route for React cutover.
/tag/mic-cheque/,200,preserve_or_map,manual_review,/search?tag=mic-cheque,low,Mic Cheque | WAKILISHA,"Legacy tag archive needs product decision: rebuild tag pages, redirect to search, or intentional 404."
/tag/mic-cheque/feed/,200,asset_or_non_html,ignore_for_html_cutover,,high,,Not an HTML content route for React cutover.
/tag/michael-armitage/,200,preserve_or_map,manual_review,/search?tag=michael-armitage,low,Michael Armitage | WAKILISHA,"Legacy tag archive needs product decision: rebuild tag pages, redirect to search, or intentional 404."
/tag/michael-armitage/feed/,200,asset_or_non_html,ignore_for_html_cutover,,high,,Not an HTML content route for React cutover.
/tag/michael-soi/,200,preserve_or_map,manual_review,/search?tag=michael-soi,low,Michael Soi | WAKILISHA,"Legacy tag archive needs product decision: rebuild tag pages, redirect to search, or intentional 404."
/tag/michael-soi/feed/,200,asset_or_non_html,ignore_for_html_cutover,,high,,Not an HTML content route for React cutover.
/tag/mike-winkelmann/,200,preserve_or_map,manual_review,/search?tag=mike-winkelmann,low,Mike Winkelmann | WAKILISHA,"Legacy tag archive needs product decision: rebuild tag pages, redirect to search, or intentional 404."
/tag/mike-winkelmann/feed/,200,asset_or_non_html,ignore_for_html_cutover,,high,,Not an HTML content route for React cutover.
/tag/mikel-the-energy/,200,preserve_or_map,manual_review,/search?tag=mikel-the-energy,low,Mikel The Energy | WAKILISHA,"Legacy tag archive needs product decision: rebuild tag pages, redirect to search, or intentional 404."
/tag/mikel-the-energy/feed/,200,asset_or_non_html,ignore_for_html_cutover,,high,,Not an HTML content route for React cutover.
/tag/millenials/,200,preserve_or_map,manual_review,/search?tag=millenials,low,Millenials | WAKILISHA,"Legacy tag archive needs product decision: rebuild tag pages, redirect to search, or intentional 404."
/tag/millenials/feed/,200,asset_or_non_html,ignore_for_html_cutover,,high,,Not an HTML content route for React cutover.
/tag/mimi-mars/,200,preserve_or_map,manual_review,/search?tag=mimi-mars,low,Mimi Mars | WAKILISHA,"Legacy tag archive needs product decision: rebuild tag pages, redirect to search, or intentional 404."
/tag/mimi-mars/feed/,200,asset_or_non_html,ignore_for_html_cutover,,high,,Not an HTML content route for React cutover.
/tag/miriam-syowia-kyambi/,200,preserve_or_map,manual_review,/search?tag=miriam-syowia-kyambi,low,Miriam Syowia Kyambi | WAKILISHA,"Legacy tag archive needs product decision: rebuild tag pages, redirect to search, or intentional 404."
/tag/miriam-syowia-kyambi/feed/,200,asset_or_non_html,ignore_for_html_cutover,,high,,Not an HTML content route for React cutover.
/tag/moeazy/,200,preserve_or_map,manual_review,/search?tag=moeazy,low,Moeazy | WAKILISHA,"Legacy tag archive needs product decision: rebuild tag pages, redirect to search, or intentional 404."
/tag/moeazy/feed/,200,asset_or_non_html,ignore_for_html_cutover,,high,,Not an HTML content route for React cutover.
/tag/monrovia-street/,200,preserve_or_map,manual_review,/search?tag=monrovia-street,low,Monrovia Street | WAKILISHA,"Legacy tag archive needs product decision: rebuild tag pages, redirect to search, or intentional 404."
/tag/monrovia-street/feed/,200,asset_or_non_html,ignore_for_html_cutover,,high,,Not an HTML content route for React cutover.
/tag/monski/,200,preserve_or_map,manual_review,/search?tag=monski,low,Monski | WAKILISHA,"Legacy tag archive needs product decision: rebuild tag pages, redirect to search, or intentional 404."
/tag/monski/feed/,200,asset_or_non_html,ignore_for_html_cutover,,high,,Not an HTML content route for React cutover.
/tag/mookh/,200,preserve_or_map,manual_review,/search?tag=mookh,low,Mookh | WAKILISHA,"Legacy tag archive needs product decision: rebuild tag pages, redirect to search, or intentional 404."
/tag/mookh/feed/,200,asset_or_non_html,ignore_for_html_cutover,,high,,Not an HTML content route for React cutover.
/tag/moores-law/,200,preserve_or_map,manual_review,/search?tag=moores-law,low,Moore&#039;s Law | WAKILISHA,"Legacy tag archive needs product decision: rebuild tag pages, redirect to search, or intentional 404."
/tag/moores-law/feed/,200,asset_or_non_html,ignore_for_html_cutover,,high,,Not an HTML content route for React cutover.
/tag/mordecai-dex/,200,preserve_or_map,manual_review,/search?tag=mordecai-dex,low,Mordecai Dex | WAKILISHA,"Legacy tag archive needs product decision: rebuild tag pages, redirect to search, or intentional 404."
/tag/mordecai-dex/feed/,200,asset_or_non_html,ignore_for_html_cutover,,high,,Not an HTML content route for React cutover.
/tag/morris-kiruga/,200,preserve_or_map,manual_review,/search?tag=morris-kiruga,low,Morris Kiruga | WAKILISHA,"Legacy tag archive needs product decision: rebuild tag pages, redirect to search, or intentional 404."
/tag/morris-kiruga/feed/,200,asset_or_non_html,ignore_for_html_cutover,,high,,Not an HTML content route for React cutover.
/tag/movaz-warombosaji-nation/,200,preserve_or_map,manual_review,/search?tag=movaz-warombosaji-nation,low,Movaz Warombosaji Nation | WAKILISHA,"Legacy tag archive needs product decision: rebuild tag pages, redirect to search, or intentional 404."
/tag/movaz-warombosaji-nation/feed/,200,asset_or_non_html,ignore_for_html_cutover,,high,,Not an HTML content route for React cutover.
/tag/mpizy-tycoon/,200,preserve_or_map,manual_review,/search?tag=mpizy-tycoon,low,Mpizy Tycoon | WAKILISHA,"Legacy tag archive needs product decision: rebuild tag pages, redirect to search, or intentional 404."
/tag/mpizy-tycoon/feed/,200,asset_or_non_html,ignore_for_html_cutover,,high,,Not an HTML content route for React cutover.
/tag/mr-lu/,200,preserve_or_map,manual_review,/search?tag=mr-lu,low,MR. LU* | WAKILISHA,"Legacy tag archive needs product decision: rebuild tag pages, redirect to search, or intentional 404."
/tag/mr-lu/feed/,200,asset_or_non_html,ignore_for_html_cutover,,high,,Not an HTML content route for React cutover.
/tag/mr-seed/,200,preserve_or_map,manual_review,/search?tag=mr-seed,low,Mr Seed | WAKILISHA,"Legacy tag archive needs product decision: rebuild tag pages, redirect to search, or intentional 404."
/tag/mr-seed/feed/,200,asset_or_non_html,ignore_for_html_cutover,,high,,Not an HTML content route for React cutover.
/tag/mr-tee/,200,preserve_or_map,manual_review,/search?tag=mr-tee,low,Mr. Tee | WAKILISHA,"Legacy tag archive needs product decision: rebuild tag pages, redirect to search, or intentional 404."
/tag/mr-tee/feed/,200,asset_or_non_html,ignore_for_html_cutover,,high,,Not an HTML content route for React cutover.
/tag/msale/,200,preserve_or_map,manual_review,/search?tag=msale,low,Msale | WAKILISHA,"Legacy tag archive needs product decision: rebuild tag pages, redirect to search, or intentional 404."
/tag/msale/feed/,200,asset_or_non_html,ignore_for_html_cutover,,high,,Not an HTML content route for React cutover.
/tag/msito/,200,preserve_or_map,manual_review,/search?tag=msito,low,Msito | WAKILISHA,"Legacy tag archive needs product decision: rebuild tag pages, redirect to search, or intentional 404."
/tag/msito/feed/,200,asset_or_non_html,ignore_for_html_cutover,,high,,Not an HTML content route for React cutover.
/tag/mtaa-yangu/,200,preserve_or_map,manual_review,/search?tag=mtaa-yangu,low,Mtaa Yangu | WAKILISHA,"Legacy tag archive needs product decision: rebuild tag pages, redirect to search, or intentional 404."
/tag/mtaa-yangu/feed/,200,asset_or_non_html,ignore_for_html_cutover,,high,,Not an HTML content route for React cutover.
/tag/mtap3li/,200,preserve_or_map,manual_review,/search?tag=mtap3li,low,Mtap3li | WAKILISHA,"Legacy tag archive needs product decision: rebuild tag pages, redirect to search, or intentional 404."
/tag/mtap3li/feed/,200,asset_or_non_html,ignore_for_html_cutover,,high,,Not an HTML content route for React cutover.
/tag/mudra-d-viral/,200,preserve_or_map,manual_review,/search?tag=mudra-d-viral,low,Mudra D Viral | WAKILISHA,"Legacy tag archive needs product decision: rebuild tag pages, redirect to search, or intentional 404."
/tag/mudra-d-viral/feed/,200,asset_or_non_html,ignore_for_html_cutover,,high,,Not an HTML content route for React cutover.
/tag/muki-rai/,200,preserve_or_map,manual_review,/search?tag=muki-rai,low,Muki Rai | WAKILISHA,"Legacy tag archive needs product decision: rebuild tag pages, redirect to search, or intentional 404."
/tag/muki-rai/feed/,200,asset_or_non_html,ignore_for_html_cutover,,high,,Not an HTML content route for React cutover.
/tag/mukoma-wa-ngugi/,200,preserve_or_map,manual_review,/search?tag=mukoma-wa-ngugi,low,Mukoma Wa Ngugi | WAKILISHA,"Legacy tag archive needs product decision: rebuild tag pages, redirect to search, or intentional 404."
/tag/mukoma-wa-ngugi/feed/,200,asset_or_non_html,ignore_for_html_cutover,,high,,Not an HTML content route for React cutover.
/tag/muranga-county/,200,preserve_or_map,manual_review,/search?tag=muranga-county,low,Muranga County | WAKILISHA,"Legacy tag archive needs product decision: rebuild tag pages, redirect to search, or intentional 404."
/tag/muranga-county/feed/,200,asset_or_non_html,ignore_for_html_cutover,,high,,Not an HTML content route for React cutover.
/tag/muringi/,200,preserve_or_map,manual_review,/search?tag=muringi,low,Muringi | WAKILISHA,"Legacy tag archive needs product decision: rebuild tag pages, redirect to search, or intentional 404."
/tag/muringi/feed/,200,asset_or_non_html,ignore_for_html_cutover,,high,,Not an HTML content route for React cutover.
/tag/museum-hill-road/,200,preserve_or_map,manual_review,/search?tag=museum-hill-road,low,Museum Hill Road | WAKILISHA,"Legacy tag archive needs product decision: rebuild tag pages, redirect to search, or intentional 404."
/tag/museum-hill-road/feed/,200,asset_or_non_html,ignore_for_html_cutover,,high,,Not an HTML content route for React cutover.
/tag/music-festivals/,200,preserve_or_map,manual_review,/search?tag=music-festivals,low,Music Festivals | WAKILISHA,"Legacy tag archive needs product decision: rebuild tag pages, redirect to search, or intentional 404."
/tag/music-festivals/feed/,200,asset_or_non_html,ignore_for_html_cutover,,high,,Not an HTML content route for React cutover.
/tag/music-industry/,200,preserve_or_map,manual_review,/search?tag=music-industry,low,Music Industry | WAKILISHA,"Legacy tag archive needs product decision: rebuild tag pages, redirect to search, or intentional 404."
/tag/music-industry/feed/,200,asset_or_non_html,ignore_for_html_cutover,,high,,Not an HTML content route for React cutover.
/tag/music-videos/,200,preserve_or_map,manual_review,/search?tag=music-videos,low,Music Videos | WAKILISHA,"Legacy tag archive needs product decision: rebuild tag pages, redirect to search, or intentional 404."
/tag/music/,200,preserve_or_map,manual_review,/search?tag=music,low,Music | WAKILISHA,"Legacy tag archive needs product decision: rebuild tag pages, redirect to search, or intentional 404."
/tag/muthaka/,200,preserve_or_map,manual_review,/search?tag=muthaka,low,Muthaka | WAKILISHA,"Legacy tag archive needs product decision: rebuild tag pages, redirect to search, or intentional 404."
/tag/muthaka/feed/,200,asset_or_non_html,ignore_for_html_cutover,,high,,Not an HTML content route for React cutover.
/tag/muthoni-drummer-queen/,200,preserve_or_map,manual_review,/search?tag=muthoni-drummer-queen,low,Muthoni Drummer Queen | WAKILISHA,"Legacy tag archive needs product decision: rebuild tag pages, redirect to search, or intentional 404."
/tag/muthoni-drummer-queen/feed/,200,asset_or_non_html,ignore_for_html_cutover,,high,,Not an HTML content route for React cutover.
/tag/muthoni-garland/,200,preserve_or_map,manual_review,/search?tag=muthoni-garland,low,Muthoni Garland | WAKILISHA,"Legacy tag archive needs product decision: rebuild tag pages, redirect to search, or intentional 404."
/tag/muthoni-garland/feed/,200,asset_or_non_html,ignore_for_html_cutover,,high,,Not an HTML content route for React cutover.
/tag/muthoni-likimani/,200,preserve_or_map,manual_review,/search?tag=muthoni-likimani,low,Muthoni Likimani | WAKILISHA,"Legacy tag archive needs product decision: rebuild tag pages, redirect to search, or intentional 404."
/tag/muthoni-likimani/feed/,200,asset_or_non_html,ignore_for_html_cutover,,high,,Not an HTML content route for React cutover.
/tag/mutoriah/,200,preserve_or_map,manual_review,/search?tag=mutoriah,low,Mutoriah | WAKILISHA,"Legacy tag archive needs product decision: rebuild tag pages, redirect to search, or intentional 404."
/tag/mutoriah/feed/,200,asset_or_non_html,ignore_for_html_cutover,,high,,Not an HTML content route for React cutover.
/tag/mutua-matheka/,200,preserve_or_map,manual_review,/search?tag=mutua-matheka,low,Mutua Matheka | WAKILISHA,"Legacy tag archive needs product decision: rebuild tag pages, redirect to search, or intentional 404."
/tag/mutua-matheka/feed/,200,asset_or_non_html,ignore_for_html_cutover,,high,,Not an HTML content route for React cutover.
/tag/muze-club/,200,preserve_or_map,manual_review,/search?tag=muze-club,low,Muze Club | WAKILISHA,"Legacy tag archive needs product decision: rebuild tag pages, redirect to search, or intentional 404."
/tag/muze-club/feed/,200,asset_or_non_html,ignore_for_html_cutover,,high,,Not an HTML content route for React cutover.
/tag/mvera/,200,preserve_or_map,manual_review,/search?tag=mvera,low,Mvera | WAKILISHA,"Legacy tag archive needs product decision: rebuild tag pages, redirect to search, or intentional 404."
/tag/mvera/feed/,200,asset_or_non_html,ignore_for_html_cutover,,high,,Not an HTML content route for React cutover.
/tag/mwangi-gicheru/,200,preserve_or_map,manual_review,/search?tag=mwangi-gicheru,low,Mwangi Gicheru | WAKILISHA,"Legacy tag archive needs product decision: rebuild tag pages, redirect to search, or intentional 404."
/tag/mwangi-gicheru/feed/,200,asset_or_non_html,ignore_for_html_cutover,,high,,Not an HTML content route for React cutover.
/tag/mwangi-hutter/,200,preserve_or_map,manual_review,/search?tag=mwangi-hutter,low,Mwangi Hutter | WAKILISHA,"Legacy tag archive needs product decision: rebuild tag pages, redirect to search, or intentional 404."
/tag/mwangi-hutter/feed/,200,asset_or_non_html,ignore_for_html_cutover,,high,,Not an HTML content route for React cutover.
/tag/mwihoko-utheri-wa-ngoro/,200,preserve_or_map,manual_review,/search?tag=mwihoko-utheri-wa-ngoro,low,Mwihoko: Utheri wa Ngoro | WAKILISHA,"Legacy tag archive needs product decision: rebuild tag pages, redirect to search, or intentional 404."
/tag/mwihoko-utheri-wa-ngoro/feed/,200,asset_or_non_html,ignore_for_html_cutover,,high,,Not an HTML content route for React cutover.
/tag/mwikali-and-the-forbidden-mask/,200,preserve_or_map,manual_review,/search?tag=mwikali-and-the-forbidden-mask,low,Mwikali and The Forbidden Mask | WAKILISHA,"Legacy tag archive needs product decision: rebuild tag pages, redirect to search, or intentional 404."
/tag/mwikali-and-the-forbidden-mask/feed/,200,asset_or_non_html,ignore_for_html_cutover,,high,,Not an HTML content route for React cutover.
/tag/naiboi/,200,preserve_or_map,manual_review,/search?tag=naiboi,low,Naiboi | WAKILISHA,"Legacy tag archive needs product decision: rebuild tag pages, redirect to search, or intentional 404."
/tag/naiboi/feed/,200,asset_or_non_html,ignore_for_html_cutover,,high,,Not an HTML content route for React cutover.
/tag/nairobi-city/,200,preserve_or_map,manual_review,/search?tag=nairobi-city,low,Nairobi City | WAKILISHA,"Legacy tag archive needs product decision: rebuild tag pages, redirect to search, or intentional 404."
/tag/nairobi-city/feed/,200,asset_or_non_html,ignore_for_html_cutover,,high,,Not an HTML content route for React cutover.
/tag/nairobi-contemporary-art-institute/,200,preserve_or_map,manual_review,/search?tag=nairobi-contemporary-art-institute,low,Nairobi Contemporary Art Institute | WAKILISHA,"Legacy tag archive needs product decision: rebuild tag pages, redirect to search, or intentional 404."
/tag/nairobi-contemporary-art-institute/feed/,200,asset_or_non_html,ignore_for_html_cutover,,high,,Not an HTML content route for React cutover.
/tag/nairobi-festival/,200,preserve_or_map,manual_review,/search?tag=nairobi-festival,low,Nairobi Festival | WAKILISHA,"Legacy tag archive needs product decision: rebuild tag pages, redirect to search, or intentional 404."
/tag/nairobi-festival/feed/,200,asset_or_non_html,ignore_for_html_cutover,,high,,Not an HTML content route for React cutover.
/tag/nairobi-gallery/,200,preserve_or_map,manual_review,/search?tag=nairobi-gallery,low,Nairobi Gallery | WAKILISHA,"Legacy tag archive needs product decision: rebuild tag pages, redirect to search, or intentional 404."
/tag/nairobi-gallery/feed/,200,asset_or_non_html,ignore_for_html_cutover,,high,,Not an HTML content route for React cutover.
/tag/nairobi-gossip-club/,200,preserve_or_map,manual_review,/search?tag=nairobi-gossip-club,low,Nairobi Gossip Club | WAKILISHA,"Legacy tag archive needs product decision: rebuild tag pages, redirect to search, or intentional 404."
/tag/nairobi-gossip-club/feed/,200,asset_or_non_html,ignore_for_html_cutover,,high,,Not an HTML content route for React cutover.
/tag/nairobi-international-jazz-festival/,200,preserve_or_map,manual_review,/search?tag=nairobi-international-jazz-festival,low,Nairobi International Jazz Festival | WAKILISHA,"Legacy tag archive needs product decision: rebuild tag pages, redirect to search, or intentional 404."
/tag/nairobi-international-jazz-festival/feed/,200,asset_or_non_html,ignore_for_html_cutover,,high,,Not an HTML content route for React cutover.
/tag/nairobi-literature-festival/,200,preserve_or_map,manual_review,/search?tag=nairobi-literature-festival,low,Nairobi Literature Festival | WAKILISHA,"Legacy tag archive needs product decision: rebuild tag pages, redirect to search, or intentional 404."
/tag/nairobi-literature-festival/feed/,200,asset_or_non_html,ignore_for_html_cutover,,high,,Not an HTML content route for React cutover.
/tag/nairobi-litfest/,200,preserve_or_map,manual_review,/search?tag=nairobi-litfest,low,Nairobi Litfest | WAKILISHA,"Legacy tag archive needs product decision: rebuild tag pages, redirect to search, or intentional 404."
/tag/nairobi-national-museum/,200,preserve_or_map,manual_review,/search?tag=nairobi-national-museum,low,Nairobi National Museum | WAKILISHA,"Legacy tag archive needs product decision: rebuild tag pages, redirect to search, or intentional 404."
/tag/nairobi-national-museum/feed/,200,asset_or_non_html,ignore_for_html_cutover,,high,,Not an HTML content route for React cutover.
/tag/nairobi-national-park/,200,preserve_or_map,manual_review,/search?tag=nairobi-national-park,low,Nairobi National Park | WAKILISHA,"Legacy tag archive needs product decision: rebuild tag pages, redirect to search, or intentional 404."
/tag/nairobi-national-park/feed/,200,asset_or_non_html,ignore_for_html_cutover,,high,,Not an HTML content route for React cutover.
/tag/nairobi/,200,preserve_or_map,manual_review,/search?tag=nairobi,low,Nairobi | WAKILISHA,"Legacy tag archive needs product decision: rebuild tag pages, redirect to search, or intentional 404."
/tag/nairobi/feed/,200,asset_or_non_html,ignore_for_html_cutover,,high,,Not an HTML content route for React cutover.
/tag/nakili-sessions/,200,preserve_or_map,manual_review,/search?tag=nakili-sessions,low,Nakili Sessions | WAKILISHA,"Legacy tag archive needs product decision: rebuild tag pages, redirect to search, or intentional 404."
/tag/nakili-sessions/feed/,200,asset_or_non_html,ignore_for_html_cutover,,high,,Not an HTML content route for React cutover.
/tag/naomi-wanjiku-gakunga/,200,preserve_or_map,manual_review,/search?tag=naomi-wanjiku-gakunga,low,Naomi Wanjiku Gakunga | WAKILISHA,"Legacy tag archive needs product decision: rebuild tag pages, redirect to search, or intentional 404."
/tag/naomi-wanjiku-gakunga/feed/,200,asset_or_non_html,ignore_for_html_cutover,,high,,Not an HTML content route for React cutover.
/tag/nasha-travis/,200,preserve_or_map,manual_review,/search?tag=nasha-travis,low,Nasha Travis | WAKILISHA,"Legacy tag archive needs product decision: rebuild tag pages, redirect to search, or intentional 404."
/tag/nasha-travis/feed/,200,asset_or_non_html,ignore_for_html_cutover,,high,,Not an HTML content route for React cutover.
/tag/nastie-nastie/,200,preserve_or_map,manual_review,/search?tag=nastie-nastie,low,Nastie Nastie | WAKILISHA,"Legacy tag archive needs product decision: rebuild tag pages, redirect to search, or intentional 404."
/tag/nastie-nastie/feed/,200,asset_or_non_html,ignore_for_html_cutover,,high,,Not an HTML content route for React cutover.
/tag/natasha-sinayobye/,200,preserve_or_map,manual_review,/search?tag=natasha-sinayobye,low,Natasha Sinayobye | WAKILISHA,"Legacy tag archive needs product decision: rebuild tag pages, redirect to search, or intentional 404."
/tag/natasha-sinayobye/feed/,200,asset_or_non_html,ignore_for_html_cutover,,high,,Not an HTML content route for React cutover.
/tag/nate-speaks/,200,preserve_or_map,manual_review,/search?tag=nate-speaks,low,Nate Speaks | WAKILISHA,"Legacy tag archive needs product decision: rebuild tag pages, redirect to search, or intentional 404."
/tag/nate-speaks/feed/,200,asset_or_non_html,ignore_for_html_cutover,,high,,Not an HTML content route for React cutover.
/tag/national-cohesion-and-integration-commission/,200,preserve_or_map,manual_review,/search?tag=national-cohesion-and-integration-commission,low,National Cohesion and Integration Commission | WAKILISHA,"Legacy tag archive needs product decision: rebuild tag pages, redirect to search, or intentional 404."
/tag/national-cohesion-and-integration-commission/feed/,200,asset_or_non_html,ignore_for_html_cutover,,high,,Not an HTML content route for React cutover.
/tag/national-museum-of-kenya/,200,preserve_or_map,manual_review,/search?tag=national-museum-of-kenya,low,National Museum of Kenya | WAKILISHA,"Legacy tag archive needs product decision: rebuild tag pages, redirect to search, or intentional 404."
/tag/national-museum-of-kenya/feed/,200,asset_or_non_html,ignore_for_html_cutover,,high,,Not an HTML content route for React cutover.
/tag/natty/,200,preserve_or_map,manual_review,/search?tag=natty,low,Natty | WAKILISHA,"Legacy tag archive needs product decision: rebuild tag pages, redirect to search, or intentional 404."
/tag/natty/feed/,200,asset_or_non_html,ignore_for_html_cutover,,high,,Not an HTML content route for React cutover.
/tag/nature/,200,preserve_or_map,manual_review,/search?tag=nature,low,Nature | WAKILISHA,"Legacy tag archive needs product decision: rebuild tag pages, redirect to search, or intentional 404."
/tag/nature/feed/,200,asset_or_non_html,ignore_for_html_cutover,,high,,Not an HTML content route for React cutover.
/tag/ndarlin-p/,200,preserve_or_map,manual_review,/search?tag=ndarlin-p,low,Ndarlin P | WAKILISHA,"Legacy tag archive needs product decision: rebuild tag pages, redirect to search, or intentional 404."
/tag/ndarlin-p/feed/,200,asset_or_non_html,ignore_for_html_cutover,,high,,Not an HTML content route for React cutover.
/tag/ndovu-kuu/,200,preserve_or_map,manual_review,/search?tag=ndovu-kuu,low,Ndovu Kuu | WAKILISHA,"Legacy tag archive needs product decision: rebuild tag pages, redirect to search, or intentional 404."
/tag/ndovu-kuu/feed/,200,asset_or_non_html,ignore_for_html_cutover,,high,,Not an HTML content route for React cutover.
/tag/nebulazz/,200,preserve_or_map,manual_review,/search?tag=nebulazz,low,Nebulazz | WAKILISHA,"Legacy tag archive needs product decision: rebuild tag pages, redirect to search, or intentional 404."
/tag/nebulazz/feed/,200,asset_or_non_html,ignore_for_html_cutover,,high,,Not an HTML content route for React cutover.
/tag/nes-mburu/,200,preserve_or_map,manual_review,/search?tag=nes-mburu,low,Nes Mburu | WAKILISHA,"Legacy tag archive needs product decision: rebuild tag pages, redirect to search, or intentional 404."
/tag/nes-mburu/feed/,200,asset_or_non_html,ignore_for_html_cutover,,high,,Not an HTML content route for React cutover.
/tag/nestle/,200,preserve_or_map,manual_review,/search?tag=nestle,low,Nestle | WAKILISHA,"Legacy tag archive needs product decision: rebuild tag pages, redirect to search, or intentional 404."
/tag/nestle/feed/,200,asset_or_non_html,ignore_for_html_cutover,,high,,Not an HTML content route for React cutover.
/tag/netflix/,200,preserve_or_map,manual_review,/search?tag=netflix,low,Netflix | WAKILISHA,"Legacy tag archive needs product decision: rebuild tag pages, redirect to search, or intentional 404."
/tag/netflix/feed/,200,asset_or_non_html,ignore_for_html_cutover,,high,,Not an HTML content route for React cutover.
/tag/nfts/,200,preserve_or_map,manual_review,/search?tag=nfts,low,NFTs | WAKILISHA,"Legacy tag archive needs product decision: rebuild tag pages, redirect to search, or intentional 404."
/tag/nfts/feed/,200,asset_or_non_html,ignore_for_html_cutover,,high,,Not an HTML content route for React cutover.
/tag/ngara/,200,preserve_or_map,manual_review,/search?tag=ngara,low,Ngara | WAKILISHA,"Legacy tag archive needs product decision: rebuild tag pages, redirect to search, or intentional 404."
/tag/ngara/feed/,200,asset_or_non_html,ignore_for_html_cutover,,high,,Not an HTML content route for React cutover.
/tag/ngorongoro-conservation-area/,200,preserve_or_map,manual_review,/search?tag=ngorongoro-conservation-area,low,Ngorongoro Conservation Area | WAKILISHA,"Legacy tag archive needs product decision: rebuild tag pages, redirect to search, or intentional 404."
/tag/ngorongoro-conservation-area/feed/,200,asset_or_non_html,ignore_for_html_cutover,,high,,Not an HTML content route for React cutover.
/tag/ngugi-wa-thiongo/,200,preserve_or_map,manual_review,/search?tag=ngugi-wa-thiongo,low,Ngugi Wa Thiong&#039;o | WAKILISHA,"Legacy tag archive needs product decision: rebuild tag pages, redirect to search, or intentional 404."
/tag/ngugi-wa-thiongo/feed/,200,asset_or_non_html,ignore_for_html_cutover,,high,,Not an HTML content route for React cutover.
/tag/nick-mutuma/,200,preserve_or_map,manual_review,/search?tag=nick-mutuma,low,Nick Mutuma | WAKILISHA,"Legacy tag archive needs product decision: rebuild tag pages, redirect to search, or intentional 404."
/tag/nick-mutuma/feed/,200,asset_or_non_html,ignore_for_html_cutover,,high,,Not an HTML content route for React cutover.
/tag/nikita-kering/,200,preserve_or_map,manual_review,/search?tag=nikita-kering,low,Nikita Kering&#039; | WAKILISHA,"Legacy tag archive needs product decision: rebuild tag pages, redirect to search, or intentional 404."
/tag/nikita-kering/feed/,200,asset_or_non_html,ignore_for_html_cutover,,high,,Not an HTML content route for React cutover.
/tag/njerae/,200,preserve_or_map,manual_review,/search?tag=njerae,low,Njerae | WAKILISHA,"Legacy tag archive needs product decision: rebuild tag pages, redirect to search, or intentional 404."
/tag/njerae/feed/,200,asset_or_non_html,ignore_for_html_cutover,,high,,Not an HTML content route for React cutover.
/tag/njiru/,200,preserve_or_map,manual_review,/search?tag=njiru,low,N&#039;Jiru | WAKILISHA,"Legacy tag archive needs product decision: rebuild tag pages, redirect to search, or intentional 404."
/tag/njiru/feed/,200,asset_or_non_html,ignore_for_html_cutover,,high,,Not an HTML content route for React cutover.
/tag/njoki-karu/,200,preserve_or_map,manual_review,/search?tag=njoki-karu,low,Njoki Karu | WAKILISHA,"Legacy tag archive needs product decision: rebuild tag pages, redirect to search, or intentional 404."
/tag/njoki-karu/feed/,200,asset_or_non_html,ignore_for_html_cutover,,high,,Not an HTML content route for React cutover.
/tag/njoro-wa-uba/,200,preserve_or_map,manual_review,/search?tag=njoro-wa-uba,low,Njoro wa Uba | WAKILISHA,"Legacy tag archive needs product decision: rebuild tag pages, redirect to search, or intentional 404."
/tag/njoro-wa-uba/feed/,200,asset_or_non_html,ignore_for_html_cutover,,high,,Not an HTML content route for React cutover.
/tag/njugush/,200,preserve_or_map,manual_review,/search?tag=njugush,low,Njugush | WAKILISHA,"Legacy tag archive needs product decision: rebuild tag pages, redirect to search, or intentional 404."
/tag/njugush/feed/,200,asset_or_non_html,ignore_for_html_cutover,,high,,Not an HTML content route for React cutover.
/tag/noname-book-club/,200,preserve_or_map,manual_review,/search?tag=noname-book-club,low,Noname Book Club | WAKILISHA,"Legacy tag archive needs product decision: rebuild tag pages, redirect to search, or intentional 404."
/tag/nonini/,200,preserve_or_map,manual_review,/search?tag=nonini,low,Nonini | WAKILISHA,"Legacy tag archive needs product decision: rebuild tag pages, redirect to search, or intentional 404."
/tag/noumoucounda-cissoko/,200,preserve_or_map,manual_review,/search?tag=noumoucounda-cissoko,low,Noumoucounda Cissoko | WAKILISHA,"Legacy tag archive needs product decision: rebuild tag pages, redirect to search, or intentional 404."
/tag/noumoucounda-cissoko/feed/,200,asset_or_non_html,ignore_for_html_cutover,,high,,Not an HTML content route for React cutover.
/tag/nviiri-the-storyteller/,200,preserve_or_map,manual_review,/search?tag=nviiri-the-storyteller,low,Nviiri The Storyteller | WAKILISHA,"Legacy tag archive needs product decision: rebuild tag pages, redirect to search, or intentional 404."
/tag/nviiri-the-storyteller/feed/,200,asset_or_non_html,ignore_for_html_cutover,,high,,Not an HTML content route for React cutover.
/tag/nviiri/,200,preserve_or_map,manual_review,/search?tag=nviiri,low,Nviiri | WAKILISHA,"Legacy tag archive needs product decision: rebuild tag pages, redirect to search, or intentional 404."
/tag/nviiri/feed/,200,asset_or_non_html,ignore_for_html_cutover,,high,,Not an HTML content route for React cutover.
/tag/nyashinski/,200,preserve_or_map,manual_review,/search?tag=nyashinski,low,Nyashinski | WAKILISHA,"Legacy tag archive needs product decision: rebuild tag pages, redirect to search, or intentional 404."
/tag/nyashinski/feed/,200,asset_or_non_html,ignore_for_html_cutover,,high,,Not an HTML content route for React cutover.
/tag/nyawira-alison/,200,preserve_or_map,manual_review,/search?tag=nyawira-alison,low,Nyawira Alison | WAKILISHA,"Legacy tag archive needs product decision: rebuild tag pages, redirect to search, or intentional 404."
/tag/nyawira-alison/feed/,200,asset_or_non_html,ignore_for_html_cutover,,high,,Not an HTML content route for React cutover.
/tag/nyege-nyege-festival/,200,preserve_or_map,manual_review,/search?tag=nyege-nyege-festival,low,Nyege Nyege Festival | WAKILISHA,"Legacy tag archive needs product decision: rebuild tag pages, redirect to search, or intentional 404."
/tag/nyege-nyege-festival/feed/,200,asset_or_non_html,ignore_for_html_cutover,,high,,Not an HTML content route for React cutover.
/tag/nyrobi-book-fest/,200,preserve_or_map,manual_review,/search?tag=nyrobi-book-fest,low,NYrobi Book Fest | WAKILISHA,"Legacy tag archive needs product decision: rebuild tag pages, redirect to search, or intentional 404."
/tag/nyrobi-book-fest/feed/,200,asset_or_non_html,ignore_for_html_cutover,,high,,Not an HTML content route for React cutover.
/tag/ochungulo-family/,200,preserve_or_map,manual_review,/search?tag=ochungulo-family,low,Ochungulo Family | WAKILISHA,"Legacy tag archive needs product decision: rebuild tag pages, redirect to search, or intentional 404."
/tag/ochungulo-family/feed/,200,asset_or_non_html,ignore_for_html_cutover,,high,,Not an HTML content route for React cutover.
/tag/octopizzo/,200,preserve_or_map,manual_review,/search?tag=octopizzo,low,Octopizzo | WAKILISHA,"Legacy tag archive needs product decision: rebuild tag pages, redirect to search, or intentional 404."
/tag/octopizzo/feed/,200,asset_or_non_html,ignore_for_html_cutover,,high,,Not an HTML content route for React cutover.
/tag/odi-wa-muranga/,200,preserve_or_map,manual_review,/search?tag=odi-wa-muranga,low,Odi wa Muranga | WAKILISHA,"Legacy tag archive needs product decision: rebuild tag pages, redirect to search, or intentional 404."
/tag/odi-wa-muranga/feed/,200,asset_or_non_html,ignore_for_html_cutover,,high,,Not an HTML content route for React cutover.
/tag/ogopa-deejays/,200,preserve_or_map,manual_review,/search?tag=ogopa-deejays,low,Ogopa Deejays | WAKILISHA,"Legacy tag archive needs product decision: rebuild tag pages, redirect to search, or intentional 404."
/tag/ogopa-djs/,200,preserve_or_map,manual_review,/search?tag=ogopa-djs,low,Ogopa DJs | WAKILISHA,"Legacy tag archive needs product decision: rebuild tag pages, redirect to search, or intentional 404."
/tag/ogopa-djs/feed/,200,asset_or_non_html,ignore_for_html_cutover,,high,,Not an HTML content route for React cutover.
/tag/okello-max/,200,preserve_or_map,manual_review,/search?tag=okello-max,low,Okello Max | WAKILISHA,"Legacy tag archive needs product decision: rebuild tag pages, redirect to search, or intentional 404."
/tag/okello-max/feed/,200,asset_or_non_html,ignore_for_html_cutover,,high,,Not an HTML content route for React cutover.
/tag/okwiri-oduor/,200,preserve_or_map,manual_review,/search?tag=okwiri-oduor,low,Okwiri Oduor | WAKILISHA,"Legacy tag archive needs product decision: rebuild tag pages, redirect to search, or intentional 404."
/tag/okwiri-oduor/feed/,200,asset_or_non_html,ignore_for_html_cutover,,high,,Not an HTML content route for React cutover.
/tag/olorgesailie/,200,preserve_or_map,manual_review,/search?tag=olorgesailie,low,Olorgesailie | WAKILISHA,"Legacy tag archive needs product decision: rebuild tag pages, redirect to search, or intentional 404."
/tag/olorgesailie/feed/,200,asset_or_non_html,ignore_for_html_cutover,,high,,Not an HTML content route for React cutover.
/tag/omega-mighty/,200,preserve_or_map,manual_review,/search?tag=omega-mighty,low,Omega Mighty | WAKILISHA,"Legacy tag archive needs product decision: rebuild tag pages, redirect to search, or intentional 404."
/tag/omega-mighty/feed/,200,asset_or_non_html,ignore_for_html_cutover,,high,,Not an HTML content route for React cutover.
/tag/online-gossip/,200,preserve_or_map,manual_review,/search?tag=online-gossip,low,Online Gossip | WAKILISHA,"Legacy tag archive needs product decision: rebuild tag pages, redirect to search, or intentional 404."
/tag/online-gossip/feed/,200,asset_or_non_html,ignore_for_html_cutover,,high,,Not an HTML content route for React cutover.
/tag/osborne-macharia/,200,preserve_or_map,manual_review,/search?tag=osborne-macharia,low,Osborne Macharia | WAKILISHA,"Legacy tag archive needs product decision: rebuild tag pages, redirect to search, or intentional 404."
/tag/osborne-macharia/feed/,200,asset_or_non_html,ignore_for_html_cutover,,high,,Not an HTML content route for React cutover.
/tag/otile-brown/,200,preserve_or_map,manual_review,/search?tag=otile-brown,low,Otile Brown | WAKILISHA,"Legacy tag archive needs product decision: rebuild tag pages, redirect to search, or intentional 404."
/tag/otile-brown/feed/,200,asset_or_non_html,ignore_for_html_cutover,,high,,Not an HTML content route for React cutover.
/tag/ousmane-sembene/,200,preserve_or_map,manual_review,/search?tag=ousmane-sembene,low,Ousmane Sembene | WAKILISHA,"Legacy tag archive needs product decision: rebuild tag pages, redirect to search, or intentional 404."
/tag/ousmane-sembene/feed/,200,asset_or_non_html,ignore_for_html_cutover,,high,,Not an HTML content route for React cutover.
/tag/out-with-the-old/,200,preserve_or_map,manual_review,/search?tag=out-with-the-old,low,Out With the Old | WAKILISHA,"Legacy tag archive needs product decision: rebuild tag pages, redirect to search, or intentional 404."
/tag/out-with-the-old/feed/,200,asset_or_non_html,ignore_for_html_cutover,,high,,Not an HTML content route for React cutover.
/tag/overthinking/,200,preserve_or_map,manual_review,/search?tag=overthinking,low,Overthinking | WAKILISHA,"Legacy tag archive needs product decision: rebuild tag pages, redirect to search, or intentional 404."
/tag/overthinking/feed/,200,asset_or_non_html,ignore_for_html_cutover,,high,,Not an HTML content route for React cutover.
/tag/paa-born-to-fly/,200,preserve_or_map,manual_review,/search?tag=paa-born-to-fly,low,PAA - Born to Fly | WAKILISHA,"Legacy tag archive needs product decision: rebuild tag pages, redirect to search, or intentional 404."
/tag/paa-born-to-fly/feed/,200,asset_or_non_html,ignore_for_html_cutover,,high,,Not an HTML content route for React cutover.
/tag/papa-nyosto/,200,preserve_or_map,manual_review,/search?tag=papa-nyosto,low,Papa Nyosto | WAKILISHA,"Legacy tag archive needs product decision: rebuild tag pages, redirect to search, or intentional 404."
/tag/papa-nyosto/feed/,200,asset_or_non_html,ignore_for_html_cutover,,high,,Not an HTML content route for React cutover.
/tag/pasibo-maru/,200,preserve_or_map,manual_review,/search?tag=pasibo-maru,low,Pasibo Maru | WAKILISHA,"Legacy tag archive needs product decision: rebuild tag pages, redirect to search, or intentional 404."
/tag/pasibo-maru/feed/,200,asset_or_non_html,ignore_for_html_cutover,,high,,Not an HTML content route for React cutover.
/tag/patonee/,200,preserve_or_map,manual_review,/search?tag=patonee,low,Patonee | WAKILISHA,"Legacy tag archive needs product decision: rebuild tag pages, redirect to search, or intentional 404."
/tag/patonee/feed/,200,asset_or_non_html,ignore_for_html_cutover,,high,,Not an HTML content route for React cutover.
/tag/paul-onditi/,200,preserve_or_map,manual_review,/search?tag=paul-onditi,low,Paul Onditi | WAKILISHA,"Legacy tag archive needs product decision: rebuild tag pages, redirect to search, or intentional 404."
/tag/paul-onditi/feed/,200,asset_or_non_html,ignore_for_html_cutover,,high,,Not an HTML content route for React cutover.
/tag/pawa254/,200,preserve_or_map,manual_review,/search?tag=pawa254,low,Pawa254 | WAKILISHA,"Legacy tag archive needs product decision: rebuild tag pages, redirect to search, or intentional 404."
/tag/pawa254/feed/,200,asset_or_non_html,ignore_for_html_cutover,,high,,Not an HTML content route for React cutover.
/tag/pepeta/,200,preserve_or_map,manual_review,/search?tag=pepeta,low,Pepeta | WAKILISHA,"Legacy tag archive needs product decision: rebuild tag pages, redirect to search, or intentional 404."
/tag/pepeta/feed/,200,asset_or_non_html,ignore_for_html_cutover,,high,,Not an HTML content route for React cutover.
/tag/peter-ngila-njeri/,200,preserve_or_map,manual_review,/search?tag=peter-ngila-njeri,low,Peter Ngila Njeri | WAKILISHA,"Legacy tag archive needs product decision: rebuild tag pages, redirect to search, or intentional 404."
/tag/peter-ngila-njeri/feed/,200,asset_or_non_html,ignore_for_html_cutover,,high,,Not an HTML content route for React cutover.
/tag/peterson-kamwathi/,200,preserve_or_map,manual_review,/search?tag=peterson-kamwathi,low,Peterson Kamwathi | WAKILISHA,"Legacy tag archive needs product decision: rebuild tag pages, redirect to search, or intentional 404."
/tag/peterson-kamwathi/feed/,200,asset_or_non_html,ignore_for_html_cutover,,high,,Not an HTML content route for React cutover.
/tag/photoshop/,200,preserve_or_map,manual_review,/search?tag=photoshop,low,Photoshop | WAKILISHA,"Legacy tag archive needs product decision: rebuild tag pages, redirect to search, or intentional 404."
/tag/photoshop/feed/,200,asset_or_non_html,ignore_for_html_cutover,,high,,Not an HTML content route for React cutover.
/tag/phy/,200,preserve_or_map,manual_review,/search?tag=phy,low,PHY | WAKILISHA,"Legacy tag archive needs product decision: rebuild tag pages, redirect to search, or intentional 404."
/tag/phy/feed/,200,asset_or_non_html,ignore_for_html_cutover,,high,,Not an HTML content route for React cutover.
/tag/pino/,200,preserve_or_map,manual_review,/search?tag=pino,low,Pino | WAKILISHA,"Legacy tag archive needs product decision: rebuild tag pages, redirect to search, or intentional 404."
/tag/pino/feed/,200,asset_or_non_html,ignore_for_html_cutover,,high,,Not an HTML content route for React cutover.
/tag/plan-b/,200,preserve_or_map,manual_review,/search?tag=plan-b,low,Plan B | WAKILISHA,"Legacy tag archive needs product decision: rebuild tag pages, redirect to search, or intentional 404."
/tag/plan-b/feed/,200,asset_or_non_html,ignore_for_html_cutover,,high,,Not an HTML content route for React cutover.
/tag/plato/,200,preserve_or_map,manual_review,/search?tag=plato,low,Plato | WAKILISHA,"Legacy tag archive needs product decision: rebuild tag pages, redirect to search, or intentional 404."
/tag/plato/feed/,200,asset_or_non_html,ignore_for_html_cutover,,high,,Not an HTML content route for React cutover.
/tag/playlists/,200,preserve_or_map,manual_review,/search?tag=playlists,low,Playlists | WAKILISHA,"Legacy tag archive needs product decision: rebuild tag pages, redirect to search, or intentional 404."
/tag/playlists/feed/,200,asset_or_non_html,ignore_for_html_cutover,,high,,Not an HTML content route for React cutover.
/tag/poetry-slam-africa-festival/,200,preserve_or_map,manual_review,/search?tag=poetry-slam-africa-festival,low,Poetry Slam Africa Festival | WAKILISHA,"Legacy tag archive needs product decision: rebuild tag pages, redirect to search, or intentional 404."
/tag/poetry-slam-africa-festival/feed/,200,asset_or_non_html,ignore_for_html_cutover,,high,,Not an HTML content route for React cutover.
/tag/polaris-pauline/,200,preserve_or_map,manual_review,/search?tag=polaris-pauline,low,Polaris Pauline | WAKILISHA,"Legacy tag archive needs product decision: rebuild tag pages, redirect to search, or intentional 404."
/tag/polaris-pauline/feed/,200,asset_or_non_html,ignore_for_html_cutover,,high,,Not an HTML content route for React cutover.
/tag/polaris/,200,preserve_or_map,manual_review,/search?tag=polaris,low,Polaris | WAKILISHA,"Legacy tag archive needs product decision: rebuild tag pages, redirect to search, or intentional 404."
/tag/polaris/feed/,200,asset_or_non_html,ignore_for_html_cutover,,high,,Not an HTML content route for React cutover.
/tag/polio/,200,preserve_or_map,manual_review,/search?tag=polio,low,Polio | WAKILISHA,"Legacy tag archive needs product decision: rebuild tag pages, redirect to search, or intentional 404."
/tag/polio/feed/,200,asset_or_non_html,ignore_for_html_cutover,,high,,Not an HTML content route for React cutover.
/tag/politics/,200,preserve_or_map,manual_review,/search?tag=politics,low,Politics | WAKILISHA,"Legacy tag archive needs product decision: rebuild tag pages, redirect to search, or intentional 404."
/tag/politics/feed/,200,asset_or_non_html,ignore_for_html_cutover,,high,,Not an HTML content route for React cutover.
/tag/polycarp-otieno/,200,preserve_or_map,manual_review,/search?tag=polycarp-otieno,low,Polycarp Otieno | WAKILISHA,"Legacy tag archive needs product decision: rebuild tag pages, redirect to search, or intentional 404."
/tag/polycarp-otieno/feed/,200,asset_or_non_html,ignore_for_html_cutover,,high,,Not an HTML content route for React cutover.
/tag/prayer-for-the-departed/,200,preserve_or_map,manual_review,/search?tag=prayer-for-the-departed,low,Prayer For The Departed | WAKILISHA,"Legacy tag archive needs product decision: rebuild tag pages, redirect to search, or intentional 404."
/tag/prayer-for-the-departed/feed/,200,asset_or_non_html,ignore_for_html_cutover,,high,,Not an HTML content route for React cutover.
/tag/prezzo/,200,preserve_or_map,manual_review,/search?tag=prezzo,low,Prezzo | WAKILISHA,"Legacy tag archive needs product decision: rebuild tag pages, redirect to search, or intentional 404."
/tag/procreate/,200,preserve_or_map,manual_review,/search?tag=procreate,low,Procreate | WAKILISHA,"Legacy tag archive needs product decision: rebuild tag pages, redirect to search, or intentional 404."
/tag/procreate/feed/,200,asset_or_non_html,ignore_for_html_cutover,,high,,Not an HTML content route for React cutover.
/tag/productivity/,200,preserve_or_map,manual_review,/search?tag=productivity,low,Productivity | WAKILISHA,"Legacy tag archive needs product decision: rebuild tag pages, redirect to search, or intentional 404."
/tag/productivity/feed/,200,asset_or_non_html,ignore_for_html_cutover,,high,,Not an HTML content route for React cutover.
/tag/promoting-music/,200,preserve_or_map,manual_review,/search?tag=promoting-music,low,Promoting Music | WAKILISHA,"Legacy tag archive needs product decision: rebuild tag pages, redirect to search, or intentional 404."
/tag/promoting-music/feed/,200,asset_or_non_html,ignore_for_html_cutover,,high,,Not an HTML content route for React cutover.
/tag/propaganda/,200,preserve_or_map,manual_review,/search?tag=propaganda,low,Propaganda | WAKILISHA,"Legacy tag archive needs product decision: rebuild tag pages, redirect to search, or intentional 404."
/tag/propaganda/feed/,200,asset_or_non_html,ignore_for_html_cutover,,high,,Not an HTML content route for React cutover.
/tag/protest-movements/,200,preserve_or_map,manual_review,/search?tag=protest-movements,low,Protest Movements | WAKILISHA,"Legacy tag archive needs product decision: rebuild tag pages, redirect to search, or intentional 404."
/tag/protest-movements/feed/,200,asset_or_non_html,ignore_for_html_cutover,,high,,Not an HTML content route for React cutover.
/tag/q-family/,200,preserve_or_map,manual_review,/search?tag=q-family,low,Q Family | WAKILISHA,"Legacy tag archive needs product decision: rebuild tag pages, redirect to search, or intentional 404."
/tag/q-family/feed/,200,asset_or_non_html,ignore_for_html_cutover,,high,,Not an HTML content route for React cutover.
/tag/q-ta-c/,200,preserve_or_map,manual_review,/search?tag=q-ta-c,low,Q-ta-C | WAKILISHA,"Legacy tag archive needs product decision: rebuild tag pages, redirect to search, or intentional 404."
/tag/q-ta-c/feed/,200,asset_or_non_html,ignore_for_html_cutover,,high,,Not an HTML content route for React cutover.
/tag/queen-jane/,200,preserve_or_map,manual_review,/search?tag=queen-jane,low,Queen Jane | WAKILISHA,"Legacy tag archive needs product decision: rebuild tag pages, redirect to search, or intentional 404."
/tag/queen-jane/feed/,200,asset_or_non_html,ignore_for_html_cutover,,high,,Not an HTML content route for React cutover.
/tag/radio-254/,200,preserve_or_map,manual_review,/search?tag=radio-254,low,Radio 254 | WAKILISHA,"Legacy tag archive needs product decision: rebuild tag pages, redirect to search, or intentional 404."
/tag/radio-254/feed/,200,asset_or_non_html,ignore_for_html_cutover,,high,,Not an HTML content route for React cutover.
/tag/rahmu/,200,preserve_or_map,manual_review,/search?tag=rahmu,low,Rahmu | WAKILISHA,"Legacy tag archive needs product decision: rebuild tag pages, redirect to search, or intentional 404."
/tag/rahmu/feed/,200,asset_or_non_html,ignore_for_html_cutover,,high,,Not an HTML content route for React cutover.
/tag/raila-amolo-odinga/,200,preserve_or_map,manual_review,/search?tag=raila-amolo-odinga,low,Raila Amolo Odinga | WAKILISHA,"Legacy tag archive needs product decision: rebuild tag pages, redirect to search, or intentional 404."
/tag/raila-amolo-odinga/feed/,200,asset_or_non_html,ignore_for_html_cutover,,high,,Not an HTML content route for React cutover.
/tag/ranzscooby/,200,preserve_or_map,manual_review,/search?tag=ranzscooby,low,RanzScooby | WAKILISHA,"Legacy tag archive needs product decision: rebuild tag pages, redirect to search, or intentional 404."
/tag/ranzscooby/feed/,200,asset_or_non_html,ignore_for_html_cutover,,high,,Not an HTML content route for React cutover.
/tag/rapdokta/,200,preserve_or_map,manual_review,/search?tag=rapdokta,low,Rapdokta | WAKILISHA,"Legacy tag archive needs product decision: rebuild tag pages, redirect to search, or intentional 404."
/tag/rapdokta/feed/,200,asset_or_non_html,ignore_for_html_cutover,,high,,Not an HTML content route for React cutover.
/tag/rb/,200,preserve_or_map,manual_review,/search?tag=rb,low,R&amp;B | WAKILISHA,"Legacy tag archive needs product decision: rebuild tag pages, redirect to search, or intentional 404."
/tag/rb/feed/,200,asset_or_non_html,ignore_for_html_cutover,,high,,Not an HTML content route for React cutover.
/tag/rejectfinancebill2024/,200,preserve_or_map,manual_review,/search?tag=rejectfinancebill2024,low,#RejectFinanceBill2024 | WAKILISHA,"Legacy tag archive needs product decision: rebuild tag pages, redirect to search, or intentional 404."
/tag/rejectfinancebill2024/feed/,200,asset_or_non_html,ignore_for_html_cutover,,high,,Not an HTML content route for React cutover.
/tag/rekles/,200,preserve_or_map,manual_review,/search?tag=rekles,low,Rekles | WAKILISHA,"Legacy tag archive needs product decision: rebuild tag pages, redirect to search, or intentional 404."
/tag/rekles/feed/,200,asset_or_non_html,ignore_for_html_cutover,,high,,Not an HTML content route for React cutover.
/tag/rema/,200,preserve_or_map,manual_review,/search?tag=rema,low,Rema | WAKILISHA,"Legacy tag archive needs product decision: rebuild tag pages, redirect to search, or intentional 404."
/tag/rema/feed/,200,asset_or_non_html,ignore_for_html_cutover,,high,,Not an HTML content route for React cutover.
/tag/remote-working/,200,preserve_or_map,manual_review,/search?tag=remote-working,low,Remote Working | WAKILISHA,"Legacy tag archive needs product decision: rebuild tag pages, redirect to search, or intentional 404."
/tag/remote-working/feed/,200,asset_or_non_html,ignore_for_html_cutover,,high,,Not an HTML content route for React cutover.
/tag/remy-ngamije/,200,preserve_or_map,manual_review,/search?tag=remy-ngamije,low,Remy Ngamije | WAKILISHA,"Legacy tag archive needs product decision: rebuild tag pages, redirect to search, or intentional 404."
/tag/remy-ngamije/feed/,200,asset_or_non_html,ignore_for_html_cutover,,high,,Not an HTML content route for React cutover.
/tag/rico-gang/,200,preserve_or_map,manual_review,/search?tag=rico-gang,low,Rico Gang | WAKILISHA,"Legacy tag archive needs product decision: rebuild tag pages, redirect to search, or intentional 404."
/tag/rico-gang/feed/,200,asset_or_non_html,ignore_for_html_cutover,,high,,Not an HTML content route for React cutover.
/tag/rpg-bazu/,200,preserve_or_map,manual_review,/search?tag=rpg-bazu,low,Rpg Bazu | WAKILISHA,"Legacy tag archive needs product decision: rebuild tag pages, redirect to search, or intentional 404."
/tag/rpg-bazu/feed/,200,asset_or_non_html,ignore_for_html_cutover,,high,,Not an HTML content route for React cutover.
/tag/rush-arts-gallery/,200,preserve_or_map,manual_review,/search?tag=rush-arts-gallery,low,Rush Arts Gallery | WAKILISHA,"Legacy tag archive needs product decision: rebuild tag pages, redirect to search, or intentional 404."
/tag/rush-arts-gallery/feed/,200,asset_or_non_html,ignore_for_html_cutover,,high,,Not an HTML content route for React cutover.
/tag/ruto-must-go/,200,preserve_or_map,manual_review,/search?tag=ruto-must-go,low,Ruto Must Go | WAKILISHA,"Legacy tag archive needs product decision: rebuild tag pages, redirect to search, or intentional 404."
/tag/ruto-must-go/feed/,200,asset_or_non_html,ignore_for_html_cutover,,high,,Not an HTML content route for React cutover.
/tag/ruyonga/,200,preserve_or_map,manual_review,/search?tag=ruyonga,low,Ruyonga | WAKILISHA,"Legacy tag archive needs product decision: rebuild tag pages, redirect to search, or intentional 404."
/tag/ruyonga/feed/,200,asset_or_non_html,ignore_for_html_cutover,,high,,Not an HTML content route for React cutover.
/tag/rwanda/,200,preserve_or_map,manual_review,/search?tag=rwanda,low,Rwanda | WAKILISHA,"Legacy tag archive needs product decision: rebuild tag pages, redirect to search, or intentional 404."
/tag/rwanda/feed/,200,asset_or_non_html,ignore_for_html_cutover,,high,,Not an HTML content route for React cutover.
/tag/sabi-wu/,200,preserve_or_map,manual_review,/search?tag=sabi-wu,low,Sabi Wu | WAKILISHA,"Legacy tag archive needs product decision: rebuild tag pages, redirect to search, or intentional 404."
/tag/sabi-wu/feed/,200,asset_or_non_html,ignore_for_html_cutover,,high,,Not an HTML content route for React cutover.
/tag/sailors-gang/,200,preserve_or_map,manual_review,/search?tag=sailors-gang,low,Sailors Gang | WAKILISHA,"Legacy tag archive needs product decision: rebuild tag pages, redirect to search, or intentional 404."
/tag/sailors-gang/feed/,200,asset_or_non_html,ignore_for_html_cutover,,high,,Not an HTML content route for React cutover.
/tag/saint-evo/,200,preserve_or_map,manual_review,/search?tag=saint-evo,low,Saint Evo | WAKILISHA,"Legacy tag archive needs product decision: rebuild tag pages, redirect to search, or intentional 404."
/tag/saint-evo/feed/,200,asset_or_non_html,ignore_for_html_cutover,,high,,Not an HTML content route for React cutover.
/tag/salem/,200,preserve_or_map,manual_review,/search?tag=salem,low,Salem | WAKILISHA,"Legacy tag archive needs product decision: rebuild tag pages, redirect to search, or intentional 404."
/tag/salem/feed/,200,asset_or_non_html,ignore_for_html_cutover,,high,,Not an HTML content route for React cutover.
/tag/samidoh/,200,preserve_or_map,manual_review,/search?tag=samidoh,low,Samidoh | WAKILISHA,"Legacy tag archive needs product decision: rebuild tag pages, redirect to search, or intentional 404."
/tag/samidoh/feed/,200,asset_or_non_html,ignore_for_html_cutover,,high,,Not an HTML content route for React cutover.
/tag/sanaipei-tande/,200,preserve_or_map,manual_review,/search?tag=sanaipei-tande,low,Sanaipei Tande | WAKILISHA,"Legacy tag archive needs product decision: rebuild tag pages, redirect to search, or intentional 404."
/tag/sanaipei-tande/feed/,200,asset_or_non_html,ignore_for_html_cutover,,high,,Not an HTML content route for React cutover.
/tag/santuri-east-africa/,200,preserve_or_map,manual_review,/search?tag=santuri-east-africa,low,Santuri East Africa | WAKILISHA,"Legacy tag archive needs product decision: rebuild tag pages, redirect to search, or intentional 404."
/tag/sarabi-band/,200,preserve_or_map,manual_review,/search?tag=sarabi-band,low,Sarabi Band | WAKILISHA,"Legacy tag archive needs product decision: rebuild tag pages, redirect to search, or intentional 404."
/tag/sarabi-band/feed/,200,asset_or_non_html,ignore_for_html_cutover,,high,,Not an HTML content route for React cutover.
/tag/sarah-hassan/,200,preserve_or_map,manual_review,/search?tag=sarah-hassan,low,Sarah Hassan | WAKILISHA,"Legacy tag archive needs product decision: rebuild tag pages, redirect to search, or intentional 404."
/tag/sarah-hassan/feed/,200,asset_or_non_html,ignore_for_html_cutover,,high,,Not an HTML content route for React cutover.
/tag/sarakasi-dome/,200,preserve_or_map,manual_review,/search?tag=sarakasi-dome,low,Sarakasi Dome | WAKILISHA,"Legacy tag archive needs product decision: rebuild tag pages, redirect to search, or intentional 404."
/tag/sarakasi-dome/feed/,200,asset_or_non_html,ignore_for_html_cutover,,high,,Not an HTML content route for React cutover.
/tag/sarakasi-za-siasa/,200,preserve_or_map,manual_review,/search?tag=sarakasi-za-siasa,low,Sarakasi za Siasa | WAKILISHA,"Legacy tag archive needs product decision: rebuild tag pages, redirect to search, or intentional 404."
/tag/sarakasi-za-siasa/feed/,200,asset_or_non_html,ignore_for_html_cutover,,high,,Not an HTML content route for React cutover.
/tag/sauti-sol/,200,preserve_or_map,manual_review,/search?tag=sauti-sol,low,Sauti Sol | WAKILISHA,"Legacy tag archive needs product decision: rebuild tag pages, redirect to search, or intentional 404."
/tag/sauti-sol/feed/,200,asset_or_non_html,ignore_for_html_cutover,,high,,Not an HTML content route for React cutover.
/tag/sauti-za-busara-festival/,200,preserve_or_map,manual_review,/search?tag=sauti-za-busara-festival,low,Sauti za Busara Festival | WAKILISHA,"Legacy tag archive needs product decision: rebuild tag pages, redirect to search, or intentional 404."
/tag/sauti-za-busara-festival/feed/,200,asset_or_non_html,ignore_for_html_cutover,,high,,Not an HTML content route for React cutover.
/tag/savara/,200,preserve_or_map,manual_review,/search?tag=savara,low,Savara | WAKILISHA,"Legacy tag archive needs product decision: rebuild tag pages, redirect to search, or intentional 404."
/tag/savara/feed/,200,asset_or_non_html,ignore_for_html_cutover,,high,,Not an HTML content route for React cutover.
/tag/savinnah/,200,preserve_or_map,manual_review,/search?tag=savinnah,low,Savinnah | WAKILISHA,"Legacy tag archive needs product decision: rebuild tag pages, redirect to search, or intentional 404."
/tag/savinnah/feed/,200,asset_or_non_html,ignore_for_html_cutover,,high,,Not an HTML content route for React cutover.
/tag/scar-mkadinali/,200,preserve_or_map,manual_review,/search?tag=scar-mkadinali,low,Scar Mkadinali | WAKILISHA,"Legacy tag archive needs product decision: rebuild tag pages, redirect to search, or intentional 404."
/tag/scar-mkadinali/feed/,200,asset_or_non_html,ignore_for_html_cutover,,high,,Not an HTML content route for React cutover.
/tag/serro/,200,preserve_or_map,manual_review,/search?tag=serro,low,SERRO | WAKILISHA,"Legacy tag archive needs product decision: rebuild tag pages, redirect to search, or intentional 404."
/tag/serro/feed/,200,asset_or_non_html,ignore_for_html_cutover,,high,,Not an HTML content route for React cutover.
/tag/seska/,200,preserve_or_map,manual_review,/search?tag=seska,low,Seska | WAKILISHA,"Legacy tag archive needs product decision: rebuild tag pages, redirect to search, or intentional 404."
/tag/seska/feed/,200,asset_or_non_html,ignore_for_html_cutover,,high,,Not an HTML content route for React cutover.
/tag/sewersydaa/,200,preserve_or_map,manual_review,/search?tag=sewersydaa,low,Sewersydaa | WAKILISHA,"Legacy tag archive needs product decision: rebuild tag pages, redirect to search, or intentional 404."
/tag/sewersydaa/feed/,200,asset_or_non_html,ignore_for_html_cutover,,high,,Not an HTML content route for React cutover.
/tag/shaevy-and-slice/,200,preserve_or_map,manual_review,/search?tag=shaevy-and-slice,low,Shaevy and Slice | WAKILISHA,"Legacy tag archive needs product decision: rebuild tag pages, redirect to search, or intentional 404."
/tag/shaevy-and-slice/feed/,200,asset_or_non_html,ignore_for_html_cutover,,high,,Not an HTML content route for React cutover.
/tag/shan/,200,preserve_or_map,manual_review,/search?tag=shan,low,Shan | WAKILISHA,"Legacy tag archive needs product decision: rebuild tag pages, redirect to search, or intentional 404."
/tag/shan/feed/,200,asset_or_non_html,ignore_for_html_cutover,,high,,Not an HTML content route for React cutover.
/tag/shanariha-evans/,200,preserve_or_map,manual_review,/search?tag=shanariha-evans,low,Shanariha Evans | WAKILISHA,"Legacy tag archive needs product decision: rebuild tag pages, redirect to search, or intentional 404."
/tag/shanariha-evans/feed/,200,asset_or_non_html,ignore_for_html_cutover,,high,,Not an HTML content route for React cutover.
/tag/shanty-bobo/,200,preserve_or_map,manual_review,/search?tag=shanty-bobo,low,Shanty Bobo | WAKILISHA,"Legacy tag archive needs product decision: rebuild tag pages, redirect to search, or intentional 404."
/tag/shanty-bobo/feed/,200,asset_or_non_html,ignore_for_html_cutover,,high,,Not an HTML content route for React cutover.
/tag/shanty-flames/,200,preserve_or_map,manual_review,/search?tag=shanty-flames,low,Shanty Flames | WAKILISHA,"Legacy tag archive needs product decision: rebuild tag pages, redirect to search, or intentional 404."
/tag/shanty-flames/feed/,200,asset_or_non_html,ignore_for_html_cutover,,high,,Not an HTML content route for React cutover.
/tag/shappaman/,200,preserve_or_map,manual_review,/search?tag=shappaman,low,Shappaman | WAKILISHA,"Legacy tag archive needs product decision: rebuild tag pages, redirect to search, or intentional 404."
/tag/shappaman/feed/,200,asset_or_non_html,ignore_for_html_cutover,,high,,Not an HTML content route for React cutover.
/tag/shekina-karen/,200,preserve_or_map,manual_review,/search?tag=shekina-karen,low,Shekina Karen | WAKILISHA,"Legacy tag archive needs product decision: rebuild tag pages, redirect to search, or intentional 404."
/tag/shekina-karen/feed/,200,asset_or_non_html,ignore_for_html_cutover,,high,,Not an HTML content route for React cutover.
/tag/shekinah-karen/,200,preserve_or_map,manual_review,/search?tag=shekinah-karen,low,Shekinah Karen | WAKILISHA,"Legacy tag archive needs product decision: rebuild tag pages, redirect to search, or intentional 404."
/tag/shekinah-karen/feed/,200,asset_or_non_html,ignore_for_html_cutover,,high,,Not an HTML content route for React cutover.
/tag/shingai-njeri/,200,preserve_or_map,manual_review,/search?tag=shingai-njeri,low,Shingai Njeri | WAKILISHA,"Legacy tag archive needs product decision: rebuild tag pages, redirect to search, or intentional 404."
/tag/shingai-njeri/feed/,200,asset_or_non_html,ignore_for_html_cutover,,high,,Not an HTML content route for React cutover.
/tag/shourtie/,200,preserve_or_map,manual_review,/search?tag=shourtie,low,Shourtie | WAKILISHA,"Legacy tag archive needs product decision: rebuild tag pages, redirect to search, or intentional 404."
/tag/shourtie/feed/,200,asset_or_non_html,ignore_for_html_cutover,,high,,Not an HTML content route for React cutover.
/tag/showmax/,200,preserve_or_map,manual_review,/search?tag=showmax,low,Showmax | WAKILISHA,"Legacy tag archive needs product decision: rebuild tag pages, redirect to search, or intentional 404."
/tag/showmax/feed/,200,asset_or_non_html,ignore_for_html_cutover,,high,,Not an HTML content route for React cutover.
/tag/shrubbing/,200,preserve_or_map,manual_review,/search?tag=shrubbing,low,Shrubbing | WAKILISHA,"Legacy tag archive needs product decision: rebuild tag pages, redirect to search, or intentional 404."
/tag/shugha-rhee/,200,preserve_or_map,manual_review,/search?tag=shugha-rhee,low,Shugha Rhee | WAKILISHA,"Legacy tag archive needs product decision: rebuild tag pages, redirect to search, or intentional 404."
/tag/shugha-rhee/feed/,200,asset_or_non_html,ignore_for_html_cutover,,high,,Not an HTML content route for React cutover.
/tag/silas-jay/,200,preserve_or_map,manual_review,/search?tag=silas-jay,low,Silas Jay | WAKILISHA,"Legacy tag archive needs product decision: rebuild tag pages, redirect to search, or intentional 404."
/tag/silas-jay/feed/,200,asset_or_non_html,ignore_for_html_cutover,,high,,Not an HTML content route for React cutover.
/tag/silverstone-bars/,200,preserve_or_map,manual_review,/search?tag=silverstone-bars,low,Silverstone Bars | WAKILISHA,"Legacy tag archive needs product decision: rebuild tag pages, redirect to search, or intentional 404."
/tag/silverstone-bars/feed/,200,asset_or_non_html,ignore_for_html_cutover,,high,,Not an HTML content route for React cutover.
/tag/simiyu-barasa/,200,preserve_or_map,manual_review,/search?tag=simiyu-barasa,low,Simiyu Barasa | WAKILISHA,"Legacy tag archive needs product decision: rebuild tag pages, redirect to search, or intentional 404."
/tag/simiyu-barasa/feed/,200,asset_or_non_html,ignore_for_html_cutover,,high,,Not an HTML content route for React cutover.
/tag/single-kiasi/,200,preserve_or_map,manual_review,/search?tag=single-kiasi,low,Single Kiasi | WAKILISHA,"Legacy tag archive needs product decision: rebuild tag pages, redirect to search, or intentional 404."
/tag/single-kiasi/feed/,200,asset_or_non_html,ignore_for_html_cutover,,high,,Not an HTML content route for React cutover.
/tag/sir-bwoy/,200,preserve_or_map,manual_review,/search?tag=sir-bwoy,low,Sir Bwoy | WAKILISHA,"Legacy tag archive needs product decision: rebuild tag pages, redirect to search, or intentional 404."
/tag/sir-bwoy/feed/,200,asset_or_non_html,ignore_for_html_cutover,,high,,Not an HTML content route for React cutover.
/tag/skillo/,200,preserve_or_map,manual_review,/search?tag=skillo,low,Skillo | WAKILISHA,"Legacy tag archive needs product decision: rebuild tag pages, redirect to search, or intentional 404."
/tag/skillo/feed/,200,asset_or_non_html,ignore_for_html_cutover,,high,,Not an HTML content route for React cutover.
/tag/slavery/,200,preserve_or_map,manual_review,/search?tag=slavery,low,Slavery | WAKILISHA,"Legacy tag archive needs product decision: rebuild tag pages, redirect to search, or intentional 404."
/tag/slavery/feed/,200,asset_or_non_html,ignore_for_html_cutover,,high,,Not an HTML content route for React cutover.
/tag/slimflows/,200,preserve_or_map,manual_review,/search?tag=slimflows,low,Slimflows | WAKILISHA,"Legacy tag archive needs product decision: rebuild tag pages, redirect to search, or intentional 404."
/tag/slimflows/feed/,200,asset_or_non_html,ignore_for_html_cutover,,high,,Not an HTML content route for React cutover.
/tag/smady-tings/,200,preserve_or_map,manual_review,/search?tag=smady-tings,low,Smady Tings | WAKILISHA,"Legacy tag archive needs product decision: rebuild tag pages, redirect to search, or intentional 404."
/tag/smady-tings/feed/,200,asset_or_non_html,ignore_for_html_cutover,,high,,Not an HTML content route for React cutover.
/tag/smart-speakers/,200,preserve_or_map,manual_review,/search?tag=smart-speakers,low,Smart Speakers | WAKILISHA,"Legacy tag archive needs product decision: rebuild tag pages, redirect to search, or intentional 404."
/tag/smart-speakers/feed/,200,asset_or_non_html,ignore_for_html_cutover,,high,,Not an HTML content route for React cutover.
/tag/smokilah/,200,preserve_or_map,manual_review,/search?tag=smokilah,low,Smokilah | WAKILISHA,"Legacy tag archive needs product decision: rebuild tag pages, redirect to search, or intentional 404."
/tag/smokilah/feed/,200,asset_or_non_html,ignore_for_html_cutover,,high,,Not an HTML content route for React cutover.
/tag/snap/,200,preserve_or_map,manual_review,/search?tag=snap,low,Snap | WAKILISHA,"Legacy tag archive needs product decision: rebuild tag pages, redirect to search, or intentional 404."
/tag/snap/feed/,200,asset_or_non_html,ignore_for_html_cutover,,high,,Not an HTML content route for React cutover.
/tag/snapchat/,200,preserve_or_map,manual_review,/search?tag=snapchat,low,Snapchat | WAKILISHA,"Legacy tag archive needs product decision: rebuild tag pages, redirect to search, or intentional 404."
/tag/snapchat/feed/,200,asset_or_non_html,ignore_for_html_cutover,,high,,Not an HTML content route for React cutover.
/tag/social-media/,200,preserve_or_map,manual_review,/search?tag=social-media,low,Social Media | WAKILISHA,"Legacy tag archive needs product decision: rebuild tag pages, redirect to search, or intentional 404."
/tag/social-media/feed/,200,asset_or_non_html,ignore_for_html_cutover,,high,,Not an HTML content route for React cutover.
/tag/sofiya-nzau/,200,preserve_or_map,manual_review,/search?tag=sofiya-nzau,low,Sofiya Nzau | WAKILISHA,"Legacy tag archive needs product decision: rebuild tag pages, redirect to search, or intentional 404."
/tag/sofiya-nzau/feed/,200,asset_or_non_html,ignore_for_html_cutover,,high,,Not an HTML content route for React cutover.
/tag/soma-nami-pan-african-book-fair/,200,preserve_or_map,manual_review,/search?tag=soma-nami-pan-african-book-fair,low,Soma Nami Pan-African Book Fair | WAKILISHA,"Legacy tag archive needs product decision: rebuild tag pages, redirect to search, or intentional 404."
/tag/soma-nami-pan-african-book-fair/feed/,200,asset_or_non_html,ignore_for_html_cutover,,high,,Not an HTML content route for React cutover.
/tag/some-fine-day-pix/,200,preserve_or_map,manual_review,/search?tag=some-fine-day-pix,low,SOME FINE DAY Pix | WAKILISHA,"Legacy tag archive needs product decision: rebuild tag pages, redirect to search, or intentional 404."
/tag/some-fine-day-pix/feed/,200,asset_or_non_html,ignore_for_html_cutover,,high,,Not an HTML content route for React cutover.
/tag/son-of-a-woman/,200,preserve_or_map,manual_review,/search?tag=son-of-a-woman,low,Son Of A Woman | WAKILISHA,"Legacy tag archive needs product decision: rebuild tag pages, redirect to search, or intentional 404."
/tag/son-of-a-woman/feed/,200,asset_or_non_html,ignore_for_html_cutover,,high,,Not an HTML content route for React cutover.
/tag/sony-music-entertainment/,200,preserve_or_map,manual_review,/search?tag=sony-music-entertainment,low,Sony Music Entertainment | WAKILISHA,"Legacy tag archive needs product decision: rebuild tag pages, redirect to search, or intentional 404."
/tag/sony-music-entertainment/feed/,200,asset_or_non_html,ignore_for_html_cutover,,high,,Not an HTML content route for React cutover.
/tag/sosa-the-prodigy/,200,preserve_or_map,manual_review,/search?tag=sosa-the-prodigy,low,Sosa The Prodigy | WAKILISHA,"Legacy tag archive needs product decision: rebuild tag pages, redirect to search, or intentional 404."
/tag/sosa-the-prodigy/feed/,200,asset_or_non_html,ignore_for_html_cutover,,high,,Not an HTML content route for React cutover.
/tag/soundiiz/,200,preserve_or_map,manual_review,/search?tag=soundiiz,low,Soundiiz | WAKILISHA,"Legacy tag archive needs product decision: rebuild tag pages, redirect to search, or intentional 404."
/tag/soundiiz/feed/,200,asset_or_non_html,ignore_for_html_cutover,,high,,Not an HTML content route for React cutover.
/tag/soundkraft/,200,preserve_or_map,manual_review,/search?tag=soundkraft,low,Soundkraft | WAKILISHA,"Legacy tag archive needs product decision: rebuild tag pages, redirect to search, or intentional 404."
/tag/soundkraft/feed/,200,asset_or_non_html,ignore_for_html_cutover,,high,,Not an HTML content route for React cutover.
/tag/south-african-music/,200,preserve_or_map,manual_review,/search?tag=south-african-music,low,South African Music | WAKILISHA,"Legacy tag archive needs product decision: rebuild tag pages, redirect to search, or intentional 404."
/tag/south-african-music/feed/,200,asset_or_non_html,ignore_for_html_cutover,,high,,Not an HTML content route for React cutover.
/tag/south-sudan/,200,preserve_or_map,manual_review,/search?tag=south-sudan,low,South Sudan | WAKILISHA,"Legacy tag archive needs product decision: rebuild tag pages, redirect to search, or intentional 404."
/tag/south-sudan/feed/,200,asset_or_non_html,ignore_for_html_cutover,,high,,Not an HTML content route for React cutover.
/tag/spacex/,200,preserve_or_map,manual_review,/search?tag=spacex,low,SpaceX | WAKILISHA,"Legacy tag archive needs product decision: rebuild tag pages, redirect to search, or intentional 404."
/tag/spacex/feed/,200,asset_or_non_html,ignore_for_html_cutover,,high,,Not an HTML content route for React cutover.
/tag/spider-clan/,200,preserve_or_map,manual_review,/search?tag=spider-clan,low,Spider Clan | WAKILISHA,"Legacy tag archive needs product decision: rebuild tag pages, redirect to search, or intentional 404."
/tag/spider-clan/feed/,200,asset_or_non_html,ignore_for_html_cutover,,high,,Not an HTML content route for React cutover.
/tag/spoiler/,200,preserve_or_map,manual_review,/search?tag=spoiler,low,Spoiler | WAKILISHA,"Legacy tag archive needs product decision: rebuild tag pages, redirect to search, or intentional 404."
/tag/spoiler/feed/,200,asset_or_non_html,ignore_for_html_cutover,,high,,Not an HTML content route for React cutover.
/tag/spotify/,200,preserve_or_map,manual_review,/search?tag=spotify,low,Spotify | WAKILISHA,"Legacy tag archive needs product decision: rebuild tag pages, redirect to search, or intentional 404."
/tag/spotify/feed/,200,asset_or_non_html,ignore_for_html_cutover,,high,,Not an HTML content route for React cutover.
/tag/spray-uzi/,200,preserve_or_map,manual_review,/search?tag=spray-uzi,low,Spray Uzi | WAKILISHA,"Legacy tag archive needs product decision: rebuild tag pages, redirect to search, or intentional 404."
/tag/spray-uzi/feed/,200,asset_or_non_html,ignore_for_html_cutover,,high,,Not an HTML content route for React cutover.
/tag/ssaru/,200,preserve_or_map,manual_review,/search?tag=ssaru,low,Ssaru | WAKILISHA,"Legacy tag archive needs product decision: rebuild tag pages, redirect to search, or intentional 404."
/tag/ssaru/feed/,200,asset_or_non_html,ignore_for_html_cutover,,high,,Not an HTML content route for React cutover.
/tag/stacy-kamatu/,200,preserve_or_map,manual_review,/search?tag=stacy-kamatu,low,Stacy Kamatu | WAKILISHA,"Legacy tag archive needs product decision: rebuild tag pages, redirect to search, or intentional 404."
/tag/stacy-kamatu/feed/,200,asset_or_non_html,ignore_for_html_cutover,,high,,Not an HTML content route for React cutover.
/tag/stella-mutegi/,200,preserve_or_map,manual_review,/search?tag=stella-mutegi,low,Stella Mutegi | WAKILISHA,"Legacy tag archive needs product decision: rebuild tag pages, redirect to search, or intentional 404."
/tag/stella-mutegi/feed/,200,asset_or_non_html,ignore_for_html_cutover,,high,,Not an HTML content route for React cutover.
/tag/stephanie-muchiri/,200,preserve_or_map,manual_review,/search?tag=stephanie-muchiri,low,Stephanie Muchiri | WAKILISHA,"Legacy tag archive needs product decision: rebuild tag pages, redirect to search, or intentional 404."
/tag/stephanie-muchiri/feed/,200,asset_or_non_html,ignore_for_html_cutover,,high,,Not an HTML content route for React cutover.
/tag/stephen-mule/,200,preserve_or_map,manual_review,/search?tag=stephen-mule,low,Stephen Mule | WAKILISHA,"Legacy tag archive needs product decision: rebuild tag pages, redirect to search, or intentional 404."
/tag/stephen-mule/feed/,200,asset_or_non_html,ignore_for_html_cutover,,high,,Not an HTML content route for React cutover.
/tag/steve-biko/,200,preserve_or_map,manual_review,/search?tag=steve-biko,low,Steve Biko | WAKILISHA,"Legacy tag archive needs product decision: rebuild tag pages, redirect to search, or intentional 404."
/tag/steve-biko/feed/,200,asset_or_non_html,ignore_for_html_cutover,,high,,Not an HTML content route for React cutover.
/tag/streaming/,200,preserve_or_map,manual_review,/search?tag=streaming,low,Streaming | WAKILISHA,"Legacy tag archive needs product decision: rebuild tag pages, redirect to search, or intentional 404."
/tag/streaming/feed/,200,asset_or_non_html,ignore_for_html_cutover,,high,,Not an HTML content route for React cutover.
/tag/street-art/,200,preserve_or_map,manual_review,/search?tag=street-art,low,Street Art | WAKILISHA,"Legacy tag archive needs product decision: rebuild tag pages, redirect to search, or intentional 404."
/tag/street-art/feed/,200,asset_or_non_html,ignore_for_html_cutover,,high,,Not an HTML content route for React cutover.
/tag/su-dough-boss/,200,preserve_or_map,manual_review,/search?tag=su-dough-boss,low,Su Dough Boss | WAKILISHA,"Legacy tag archive needs product decision: rebuild tag pages, redirect to search, or intentional 404."
/tag/su-dough-boss/feed/,200,asset_or_non_html,ignore_for_html_cutover,,high,,Not an HTML content route for React cutover.
/tag/succession/,200,preserve_or_map,manual_review,/search?tag=succession,low,Succession | WAKILISHA,"Legacy tag archive needs product decision: rebuild tag pages, redirect to search, or intentional 404."
/tag/succession/feed/,200,asset_or_non_html,ignore_for_html_cutover,,high,,Not an HTML content route for React cutover.
/tag/sudough-boss/,200,preserve_or_map,manual_review,/search?tag=sudough-boss,low,Sudough Boss | WAKILISHA,"Legacy tag archive needs product decision: rebuild tag pages, redirect to search, or intentional 404."
/tag/sudough-boss/feed/,200,asset_or_non_html,ignore_for_html_cutover,,high,,Not an HTML content route for React cutover.
/tag/supremacy-sounds/,200,preserve_or_map,manual_review,/search?tag=supremacy-sounds,low,Supremacy Sounds | WAKILISHA,"Legacy tag archive needs product decision: rebuild tag pages, redirect to search, or intentional 404."
/tag/supremacy-sounds/feed/,200,asset_or_non_html,ignore_for_html_cutover,,high,,Not an HTML content route for React cutover.
/tag/suraj/,200,preserve_or_map,manual_review,/search?tag=suraj,low,Suraj | WAKILISHA,"Legacy tag archive needs product decision: rebuild tag pages, redirect to search, or intentional 404."
/tag/surrealism/,200,preserve_or_map,manual_review,/search?tag=surrealism,low,Surrealism | WAKILISHA,"Legacy tag archive needs product decision: rebuild tag pages, redirect to search, or intentional 404."
/tag/surrealism/feed/,200,asset_or_non_html,ignore_for_html_cutover,,high,,Not an HTML content route for React cutover.
/tag/suzanna-owiyo/,200,preserve_or_map,manual_review,/search?tag=suzanna-owiyo,low,Suzanna Owiyo | WAKILISHA,"Legacy tag archive needs product decision: rebuild tag pages, redirect to search, or intentional 404."
/tag/suzanna-owiyo/feed/,200,asset_or_non_html,ignore_for_html_cutover,,high,,Not an HTML content route for React cutover.
/tag/swat-matire/,200,preserve_or_map,manual_review,/search?tag=swat-matire,low,Swat Matire | WAKILISHA,"Legacy tag archive needs product decision: rebuild tag pages, redirect to search, or intentional 404."
/tag/swat-matire/feed/,200,asset_or_non_html,ignore_for_html_cutover,,high,,Not an HTML content route for React cutover.
/tag/swat/,200,preserve_or_map,manual_review,/search?tag=swat,low,Swat | WAKILISHA,"Legacy tag archive needs product decision: rebuild tag pages, redirect to search, or intentional 404."
/tag/swat/feed/,200,asset_or_non_html,ignore_for_html_cutover,,high,,Not an HTML content route for React cutover.
/tag/swift9/,200,preserve_or_map,manual_review,/search?tag=swift9,low,Swift9 | WAKILISHA,"Legacy tag archive needs product decision: rebuild tag pages, redirect to search, or intentional 404."
/tag/swift9/feed/,200,asset_or_non_html,ignore_for_html_cutover,,high,,Not an HTML content route for React cutover.
/tag/syllent-killah/,200,preserve_or_map,manual_review,/search?tag=syllent-killah,low,Syllent Killah | WAKILISHA,"Legacy tag archive needs product decision: rebuild tag pages, redirect to search, or intentional 404."
/tag/syllent-killah/feed/,200,asset_or_non_html,ignore_for_html_cutover,,high,,Not an HTML content route for React cutover.
/tag/taabu/,200,preserve_or_map,manual_review,/search?tag=taabu,low,Taabu | WAKILISHA,"Legacy tag archive needs product decision: rebuild tag pages, redirect to search, or intentional 404."
/tag/taabu/feed/,200,asset_or_non_html,ignore_for_html_cutover,,high,,Not an HTML content route for React cutover.
/tag/taarab/,200,preserve_or_map,manual_review,/search?tag=taarab,low,Taarab | WAKILISHA,"Legacy tag archive needs product decision: rebuild tag pages, redirect to search, or intentional 404."
/tag/taarab/feed/,200,asset_or_non_html,ignore_for_html_cutover,,high,,Not an HTML content route for React cutover.
/tag/taifa-1/,200,preserve_or_map,manual_review,/search?tag=taifa-1,low,Taifa-1 | WAKILISHA,"Legacy tag archive needs product decision: rebuild tag pages, redirect to search, or intentional 404."
/tag/taifa-1/feed/,200,asset_or_non_html,ignore_for_html_cutover,,high,,Not an HTML content route for React cutover.
/tag/talking-walls/,200,preserve_or_map,manual_review,/search?tag=talking-walls,low,Talking Walls | WAKILISHA,"Legacy tag archive needs product decision: rebuild tag pages, redirect to search, or intentional 404."
/tag/talking-walls/feed/,200,asset_or_non_html,ignore_for_html_cutover,,high,,Not an HTML content route for React cutover.
/tag/tanzania/,200,preserve_or_map,manual_review,/search?tag=tanzania,low,Tanzania | WAKILISHA,"Legacy tag archive needs product decision: rebuild tag pages, redirect to search, or intentional 404."
/tag/tanzania/feed/,200,asset_or_non_html,ignore_for_html_cutover,,high,,Not an HTML content route for React cutover.
/tag/technology/,200,preserve_or_map,manual_review,/search?tag=technology,low,Technology | WAKILISHA,"Legacy tag archive needs product decision: rebuild tag pages, redirect to search, or intentional 404."
/tag/technology/feed/,200,asset_or_non_html,ignore_for_html_cutover,,high,,Not an HTML content route for React cutover.
/tag/teferah/,200,preserve_or_map,manual_review,/search?tag=teferah,low,Teferah | WAKILISHA,"Legacy tag archive needs product decision: rebuild tag pages, redirect to search, or intentional 404."
/tag/teferah/feed/,200,asset_or_non_html,ignore_for_html_cutover,,high,,Not an HTML content route for React cutover.
/tag/tems/,200,preserve_or_map,manual_review,/search?tag=tems,low,Tems | WAKILISHA,"Legacy tag archive needs product decision: rebuild tag pages, redirect to search, or intentional 404."
/tag/tems/feed/,200,asset_or_non_html,ignore_for_html_cutover,,high,,Not an HTML content route for React cutover.
/tag/thabo-mbeki/,200,preserve_or_map,manual_review,/search?tag=thabo-mbeki,low,Thabo Mbeki | WAKILISHA,"Legacy tag archive needs product decision: rebuild tag pages, redirect to search, or intentional 404."
/tag/thabo-mbeki/feed/,200,asset_or_non_html,ignore_for_html_cutover,,high,,Not an HTML content route for React cutover.
/tag/thais-diarra/,200,preserve_or_map,manual_review,/search?tag=thais-diarra,low,Thaïs Diarra | WAKILISHA,"Legacy tag archive needs product decision: rebuild tag pages, redirect to search, or intentional 404."
/tag/thais-diarra/feed/,200,asset_or_non_html,ignore_for_html_cutover,,high,,Not an HTML content route for React cutover.
/tag/thandiwe-muriu/,200,preserve_or_map,manual_review,/search?tag=thandiwe-muriu,low,Thandiwe Muriu | WAKILISHA,"Legacy tag archive needs product decision: rebuild tag pages, redirect to search, or intentional 404."
/tag/thandiwe-muriu/feed/,200,asset_or_non_html,ignore_for_html_cutover,,high,,Not an HTML content route for React cutover.
/tag/thayu-mwas/,200,preserve_or_map,manual_review,/search?tag=thayu-mwas,low,Thayu Mwas | WAKILISHA,"Legacy tag archive needs product decision: rebuild tag pages, redirect to search, or intentional 404."
/tag/thayu-mwas/feed/,200,asset_or_non_html,ignore_for_html_cutover,,high,,Not an HTML content route for React cutover.
/tag/the-house-of-rust/,200,preserve_or_map,manual_review,/search?tag=the-house-of-rust,low,The House of Rust | WAKILISHA,"Legacy tag archive needs product decision: rebuild tag pages, redirect to search, or intentional 404."
/tag/the-house-of-rust/feed/,200,asset_or_non_html,ignore_for_html_cutover,,high,,Not an HTML content route for React cutover.
/tag/the-kansoul/,200,preserve_or_map,manual_review,/search?tag=the-kansoul,low,The Kansoul | WAKILISHA,"Legacy tag archive needs product decision: rebuild tag pages, redirect to search, or intentional 404."
/tag/the-lion-of-sudah/,200,preserve_or_map,manual_review,/search?tag=the-lion-of-sudah,low,The Lion Of Sudah | WAKILISHA,"Legacy tag archive needs product decision: rebuild tag pages, redirect to search, or intentional 404."
/tag/the-lion-of-sudah/feed/,200,asset_or_non_html,ignore_for_html_cutover,,high,,Not an HTML content route for React cutover.
/tag/the-other-woman/,200,preserve_or_map,manual_review,/search?tag=the-other-woman,low,The Other Woman | WAKILISHA,"Legacy tag archive needs product decision: rebuild tag pages, redirect to search, or intentional 404."
/tag/the-other-woman/feed/,200,asset_or_non_html,ignore_for_html_cutover,,high,,Not an HTML content route for React cutover.
/tag/the-real-housewives-of-nairobi/,200,preserve_or_map,manual_review,/search?tag=the-real-housewives-of-nairobi,low,The Real Housewives of Nairobi | WAKILISHA,"Legacy tag archive needs product decision: rebuild tag pages, redirect to search, or intentional 404."
/tag/the-real-housewives-of-nairobi/feed/,200,asset_or_non_html,ignore_for_html_cutover,,high,,Not an HTML content route for React cutover.
/tag/the-river-between/,200,preserve_or_map,manual_review,/search?tag=the-river-between,low,The River Between | WAKILISHA,"Legacy tag archive needs product decision: rebuild tag pages, redirect to search, or intentional 404."
/tag/the-river-between/feed/,200,asset_or_non_html,ignore_for_html_cutover,,high,,Not an HTML content route for React cutover.
/tag/the-selfish-gene/,200,preserve_or_map,manual_review,/search?tag=the-selfish-gene,low,The Selfish Gene | WAKILISHA,"Legacy tag archive needs product decision: rebuild tag pages, redirect to search, or intentional 404."
/tag/the-selfish-gene/feed/,200,asset_or_non_html,ignore_for_html_cutover,,high,,Not an HTML content route for React cutover.
/tag/the-simpsons/,200,preserve_or_map,manual_review,/search?tag=the-simpsons,low,The Simpsons | WAKILISHA,"Legacy tag archive needs product decision: rebuild tag pages, redirect to search, or intentional 404."
/tag/the-simpsons/feed/,200,asset_or_non_html,ignore_for_html_cutover,,high,,Not an HTML content route for React cutover.
/tag/thee-exit-band/,200,preserve_or_map,manual_review,/search?tag=thee-exit-band,low,Thee Exit Band | WAKILISHA,"Legacy tag archive needs product decision: rebuild tag pages, redirect to search, or intentional 404."
/tag/thee-exit-band/feed/,200,asset_or_non_html,ignore_for_html_cutover,,high,,Not an HTML content route for React cutover.
/tag/thimlich-ohinga/,200,preserve_or_map,manual_review,/search?tag=thimlich-ohinga,low,Thimlich Ohinga | WAKILISHA,"Legacy tag archive needs product decision: rebuild tag pages, redirect to search, or intentional 404."
/tag/thimlich-ohinga/feed/,200,asset_or_non_html,ignore_for_html_cutover,,high,,Not an HTML content route for React cutover.
/tag/things-fall-apart/,200,preserve_or_map,manual_review,/search?tag=things-fall-apart,low,Things Fall Apart | WAKILISHA,"Legacy tag archive needs product decision: rebuild tag pages, redirect to search, or intentional 404."
/tag/things-fall-apart/feed/,200,asset_or_non_html,ignore_for_html_cutover,,high,,Not an HTML content route for React cutover.
/tag/third-eye-simba/,200,preserve_or_map,manual_review,/search?tag=third-eye-simba,low,Third Eye Simba | WAKILISHA,"Legacy tag archive needs product decision: rebuild tag pages, redirect to search, or intentional 404."
/tag/third-eye-simba/feed/,200,asset_or_non_html,ignore_for_html_cutover,,high,,Not an HTML content route for React cutover.
/tag/thom-ogonga/,200,preserve_or_map,manual_review,/search?tag=thom-ogonga,low,Thom Ogonga | WAKILISHA,"Legacy tag archive needs product decision: rebuild tag pages, redirect to search, or intentional 404."
/tag/thom-ogonga/feed/,200,asset_or_non_html,ignore_for_html_cutover,,high,,Not an HTML content route for React cutover.
/tag/ticketsasa/,200,preserve_or_map,manual_review,/search?tag=ticketsasa,low,Ticketsasa | WAKILISHA,"Legacy tag archive needs product decision: rebuild tag pages, redirect to search, or intentional 404."
/tag/ticketsasa/feed/,200,asset_or_non_html,ignore_for_html_cutover,,high,,Not an HTML content route for React cutover.
/tag/tiktok/,200,preserve_or_map,manual_review,/search?tag=tiktok,low,TikTok | WAKILISHA,"Legacy tag archive needs product decision: rebuild tag pages, redirect to search, or intentional 404."
/tag/tiktok/feed/,200,asset_or_non_html,ignore_for_html_cutover,,high,,Not an HTML content route for React cutover.
/tag/tina-ardor/,200,preserve_or_map,manual_review,/search?tag=tina-ardor,low,Tina Ardor | WAKILISHA,"Legacy tag archive needs product decision: rebuild tag pages, redirect to search, or intentional 404."
/tag/tina-ardor/feed/,200,asset_or_non_html,ignore_for_html_cutover,,high,,Not an HTML content route for React cutover.
/tag/tipsy-gee/,200,preserve_or_map,manual_review,/search?tag=tipsy-gee,low,Tipsy Gee | WAKILISHA,"Legacy tag archive needs product decision: rebuild tag pages, redirect to search, or intentional 404."
/tag/tipsy-gee/feed/,200,asset_or_non_html,ignore_for_html_cutover,,high,,Not an HTML content route for React cutover.
/tag/tokyonite/,200,preserve_or_map,manual_review,/search?tag=tokyonite,low,Tokyonite | WAKILISHA,"Legacy tag archive needs product decision: rebuild tag pages, redirect to search, or intentional 404."
/tag/tokyonite/feed/,200,asset_or_non_html,ignore_for_html_cutover,,high,,Not an HTML content route for React cutover.
/tag/tom-misch/,200,preserve_or_map,manual_review,/search?tag=tom-misch,low,Tom Misch | WAKILISHA,"Legacy tag archive needs product decision: rebuild tag pages, redirect to search, or intentional 404."
/tag/tom-misch/feed/,200,asset_or_non_html,ignore_for_html_cutover,,high,,Not an HTML content route for React cutover.
/tag/tony-njuguna/,200,preserve_or_map,manual_review,/search?tag=tony-njuguna,low,Tony Njuguna | WAKILISHA,"Legacy tag archive needs product decision: rebuild tag pages, redirect to search, or intentional 404."
/tag/tony-njuguna/feed/,200,asset_or_non_html,ignore_for_html_cutover,,high,,Not an HTML content route for React cutover.
/tag/too-early-for-birds/,200,preserve_or_map,manual_review,/search?tag=too-early-for-birds,low,Too Early for Birds | WAKILISHA,"Legacy tag archive needs product decision: rebuild tag pages, redirect to search, or intentional 404."
/tag/too-early-for-birds/feed/,200,asset_or_non_html,ignore_for_html_cutover,,high,,Not an HTML content route for React cutover.
/tag/toxic-lyrikali/,200,preserve_or_map,manual_review,/search?tag=toxic-lyrikali,low,Toxic Lyrikali | WAKILISHA,"Legacy tag archive needs product decision: rebuild tag pages, redirect to search, or intentional 404."
/tag/toxic-lyrikali/feed/,200,asset_or_non_html,ignore_for_html_cutover,,high,,Not an HTML content route for React cutover.
/tag/trends/,200,preserve_or_map,manual_review,/search?tag=trends,low,Trends | WAKILISHA,"Legacy tag archive needs product decision: rebuild tag pages, redirect to search, or intentional 404."
/tag/trends/feed/,200,asset_or_non_html,ignore_for_html_cutover,,high,,Not an HTML content route for React cutover.
/tag/tricks-hr/,200,preserve_or_map,manual_review,/search?tag=tricks-hr,low,Tricks Hr | WAKILISHA,"Legacy tag archive needs product decision: rebuild tag pages, redirect to search, or intentional 404."
/tag/tricks-hr/feed/,200,asset_or_non_html,ignore_for_html_cutover,,high,,Not an HTML content route for React cutover.
/tag/trio-mio/,200,preserve_or_map,manual_review,/search?tag=trio-mio,low,Trio Mio | WAKILISHA,"Legacy tag archive needs product decision: rebuild tag pages, redirect to search, or intentional 404."
/tag/trio-mio/feed/,200,asset_or_non_html,ignore_for_html_cutover,,high,,Not an HTML content route for React cutover.
/tag/trio-mio/page/2/,200,preserve_or_map,manual_review,/search?tag=trio-mio,low,Trio Mio | WAKILISHA,"Legacy tag archive needs product decision: rebuild tag pages, redirect to search, or intentional 404."
/tag/trip/,200,preserve_or_map,manual_review,/search?tag=trip,low,Trip | WAKILISHA,"Legacy tag archive needs product decision: rebuild tag pages, redirect to search, or intentional 404."
/tag/trip/feed/,200,asset_or_non_html,ignore_for_html_cutover,,high,,Not an HTML content route for React cutover.
/tag/troy-onyango/,200,preserve_or_map,manual_review,/search?tag=troy-onyango,low,Troy Onyango | WAKILISHA,"Legacy tag archive needs product decision: rebuild tag pages, redirect to search, or intentional 404."
/tag/troy-onyango/feed/,200,asset_or_non_html,ignore_for_html_cutover,,high,,Not an HTML content route for React cutover.
/tag/truth/,200,preserve_or_map,manual_review,/search?tag=truth,low,Truth | WAKILISHA,"Legacy tag archive needs product decision: rebuild tag pages, redirect to search, or intentional 404."
/tag/truth/feed/,200,asset_or_non_html,ignore_for_html_cutover,,high,,Not an HTML content route for React cutover.
/tag/tuku-kantu/,200,preserve_or_map,manual_review,/search?tag=tuku-kantu,low,Tuku Kantu | WAKILISHA,"Legacy tag archive needs product decision: rebuild tag pages, redirect to search, or intentional 404."
/tag/tuku-kantu/feed/,200,asset_or_non_html,ignore_for_html_cutover,,high,,Not an HTML content route for React cutover.
/tag/tunedem-band/,200,preserve_or_map,manual_review,/search?tag=tunedem-band,low,Tunedem Band | WAKILISHA,"Legacy tag archive needs product decision: rebuild tag pages, redirect to search, or intentional 404."
/tag/tunedem-band/feed/,200,asset_or_non_html,ignore_for_html_cutover,,high,,Not an HTML content route for React cutover.
/tag/tunemymusic/,200,preserve_or_map,manual_review,/search?tag=tunemymusic,low,TuneMyMusic | WAKILISHA,"Legacy tag archive needs product decision: rebuild tag pages, redirect to search, or intentional 404."
/tag/tunemymusic/feed/,200,asset_or_non_html,ignore_for_html_cutover,,high,,Not an HTML content route for React cutover.
/tag/tyso/,200,preserve_or_map,manual_review,/search?tag=tyso,low,Tyso | WAKILISHA,"Legacy tag archive needs product decision: rebuild tag pages, redirect to search, or intentional 404."
/tag/tyso/feed/,200,asset_or_non_html,ignore_for_html_cutover,,high,,Not an HTML content route for React cutover.
/tag/udelele/,200,preserve_or_map,manual_review,/search?tag=udelele,low,Udelele | WAKILISHA,"Legacy tag archive needs product decision: rebuild tag pages, redirect to search, or intentional 404."
/tag/udelele/feed/,200,asset_or_non_html,ignore_for_html_cutover,,high,,Not an HTML content route for React cutover.
/tag/uganda/,200,preserve_or_map,manual_review,/search?tag=uganda,low,Uganda | WAKILISHA,"Legacy tag archive needs product decision: rebuild tag pages, redirect to search, or intentional 404."
/tag/uganda/feed/,200,asset_or_non_html,ignore_for_html_cutover,,high,,Not an HTML content route for React cutover.
/tag/uhuru-b/,200,preserve_or_map,manual_review,/search?tag=uhuru-b,low,Uhuru B | WAKILISHA,"Legacy tag archive needs product decision: rebuild tag pages, redirect to search, or intentional 404."
/tag/uhuru-b/feed/,200,asset_or_non_html,ignore_for_html_cutover,,high,,Not an HTML content route for React cutover.
/tag/uhuru-gardens-national-monument/,200,preserve_or_map,manual_review,/search?tag=uhuru-gardens-national-monument,low,Uhuru Gardens National Monument | WAKILISHA,"Legacy tag archive needs product decision: rebuild tag pages, redirect to search, or intentional 404."
/tag/uhuru-gardens-national-monument/feed/,200,asset_or_non_html,ignore_for_html_cutover,,high,,Not an HTML content route for React cutover.
/tag/ukweli/,200,preserve_or_map,manual_review,/search?tag=ukweli,low,Ukweli | WAKILISHA,"Legacy tag archive needs product decision: rebuild tag pages, redirect to search, or intentional 404."
/tag/ukweli/feed/,200,asset_or_non_html,ignore_for_html_cutover,,high,,Not an HTML content route for React cutover.
/tag/umoja-sounds/,200,preserve_or_map,manual_review,/search?tag=umoja-sounds,low,Umoja Sounds | WAKILISHA,"Legacy tag archive needs product decision: rebuild tag pages, redirect to search, or intentional 404."
/tag/umoja-sounds/feed/,200,asset_or_non_html,ignore_for_html_cutover,,high,,Not an HTML content route for React cutover.
/tag/unco-jingjong/,200,preserve_or_map,manual_review,/search?tag=unco-jingjong,low,Unco Jingjong | WAKILISHA,"Legacy tag archive needs product decision: rebuild tag pages, redirect to search, or intentional 404."
/tag/unco-jingjong/feed/,200,asset_or_non_html,ignore_for_html_cutover,,high,,Not an HTML content route for React cutover.
/tag/uncojingjong/,200,preserve_or_map,manual_review,/search?tag=uncojingjong,low,Uncojingjong | WAKILISHA,"Legacy tag archive needs product decision: rebuild tag pages, redirect to search, or intentional 404."
/tag/uncojingjong/feed/,200,asset_or_non_html,ignore_for_html_cutover,,high,,Not an HTML content route for React cutover.
/tag/unintentional/,200,preserve_or_map,manual_review,/search?tag=unintentional,low,Unintentional | WAKILISHA,"Legacy tag archive needs product decision: rebuild tag pages, redirect to search, or intentional 404."
/tag/unintentional/feed/,200,asset_or_non_html,ignore_for_html_cutover,,high,,Not an HTML content route for React cutover.
/tag/united-nations/,200,preserve_or_map,manual_review,/search?tag=united-nations,low,United Nations | WAKILISHA,"Legacy tag archive needs product decision: rebuild tag pages, redirect to search, or intentional 404."
/tag/united-nations/feed/,200,asset_or_non_html,ignore_for_html_cutover,,high,,Not an HTML content route for React cutover.
/tag/universal-music-group/,200,preserve_or_map,manual_review,/search?tag=universal-music-group,low,Universal Music Group | WAKILISHA,"Legacy tag archive needs product decision: rebuild tag pages, redirect to search, or intentional 404."
/tag/universal-music-group/feed/,200,asset_or_non_html,ignore_for_html_cutover,,high,,Not an HTML content route for React cutover.
/tag/unseen-nairobi/,200,preserve_or_map,manual_review,/search?tag=unseen-nairobi,low,Unseen Nairobi | WAKILISHA,"Legacy tag archive needs product decision: rebuild tag pages, redirect to search, or intentional 404."
/tag/unseen-nairobi/feed/,200,asset_or_non_html,ignore_for_html_cutover,,high,,Not an HTML content route for React cutover.
/tag/unspoken-salaton/,200,preserve_or_map,manual_review,/search?tag=unspoken-salaton,low,Unspoken Salaton | WAKILISHA,"Legacy tag archive needs product decision: rebuild tag pages, redirect to search, or intentional 404."
/tag/unspoken-salaton/feed/,200,asset_or_non_html,ignore_for_html_cutover,,high,,Not an HTML content route for React cutover.
/tag/usain-bolt/,200,preserve_or_map,manual_review,/search?tag=usain-bolt,low,Usain Bolt | WAKILISHA,"Legacy tag archive needs product decision: rebuild tag pages, redirect to search, or intentional 404."
/tag/usain-bolt/feed/,200,asset_or_non_html,ignore_for_html_cutover,,high,,Not an HTML content route for React cutover.
/tag/utalii-lane/,200,preserve_or_map,manual_review,/search?tag=utalii-lane,low,Utalii Lane | WAKILISHA,"Legacy tag archive needs product decision: rebuild tag pages, redirect to search, or intentional 404."
/tag/utalii-lane/feed/,200,asset_or_non_html,ignore_for_html_cutover,,high,,Not an HTML content route for React cutover.
/tag/vdj-jones/,200,preserve_or_map,manual_review,/search?tag=vdj-jones,low,Vdj Jones | WAKILISHA,"Legacy tag archive needs product decision: rebuild tag pages, redirect to search, or intentional 404."
/tag/vdj-jones/feed/,200,asset_or_non_html,ignore_for_html_cutover,,high,,Not an HTML content route for React cutover.
/tag/venice-biennale/,200,preserve_or_map,manual_review,/search?tag=venice-biennale,low,Venice Biennale | WAKILISHA,"Legacy tag archive needs product decision: rebuild tag pages, redirect to search, or intentional 404."
/tag/venice-biennale/feed/,200,asset_or_non_html,ignore_for_html_cutover,,high,,Not an HTML content route for React cutover.
/tag/vernacular-pop/,200,preserve_or_map,manual_review,/search?tag=vernacular-pop,low,Vernacular Pop | WAKILISHA,"Legacy tag archive needs product decision: rebuild tag pages, redirect to search, or intentional 404."
/tag/vernacular-pop/feed/,200,asset_or_non_html,ignore_for_html_cutover,,high,,Not an HTML content route for React cutover.
/tag/viberate/,200,preserve_or_map,manual_review,/search?tag=viberate,low,Viberate | WAKILISHA,"Legacy tag archive needs product decision: rebuild tag pages, redirect to search, or intentional 404."
/tag/viberate/feed/,200,asset_or_non_html,ignore_for_html_cutover,,high,,Not an HTML content route for React cutover.
/tag/victoria-kimani/,200,preserve_or_map,manual_review,/search?tag=victoria-kimani,low,Victoria Kimani | WAKILISHA,"Legacy tag archive needs product decision: rebuild tag pages, redirect to search, or intentional 404."
/tag/victoria-kimani/feed/,200,asset_or_non_html,ignore_for_html_cutover,,high,,Not an HTML content route for React cutover.
/tag/vinc-on-the-beat/,200,preserve_or_map,manual_review,/search?tag=vinc-on-the-beat,low,Vinc On The Beat | WAKILISHA,"Legacy tag archive needs product decision: rebuild tag pages, redirect to search, or intentional 404."
/tag/vinc-on-the-beat/feed/,200,asset_or_non_html,ignore_for_html_cutover,,high,,Not an HTML content route for React cutover.
/tag/vinyl-records/,200,preserve_or_map,manual_review,/search?tag=vinyl-records,low,Vinyl Records | WAKILISHA,"Legacy tag archive needs product decision: rebuild tag pages, redirect to search, or intentional 404."
/tag/vinyl-records/feed/,200,asset_or_non_html,ignore_for_html_cutover,,high,,Not an HTML content route for React cutover.
/tag/virtual-reality/,200,preserve_or_map,manual_review,/search?tag=virtual-reality,low,Virtual Reality | WAKILISHA,"Legacy tag archive needs product decision: rebuild tag pages, redirect to search, or intentional 404."
/tag/virtual-reality/feed/,200,asset_or_non_html,ignore_for_html_cutover,,high,,Not an HTML content route for React cutover.
/tag/vision-2030/,200,preserve_or_map,manual_review,/search?tag=vision-2030,low,Vision 2030 | WAKILISHA,"Legacy tag archive needs product decision: rebuild tag pages, redirect to search, or intentional 404."
/tag/vision-2030/feed/,200,asset_or_non_html,ignore_for_html_cutover,,high,,Not an HTML content route for React cutover.
/tag/visual-trends/,200,preserve_or_map,manual_review,/search?tag=visual-trends,low,Visual Trends | WAKILISHA,"Legacy tag archive needs product decision: rebuild tag pages, redirect to search, or intentional 404."
/tag/visual-trends/feed/,200,asset_or_non_html,ignore_for_html_cutover,,high,,Not an HTML content route for React cutover.
/tag/visualizer/,200,preserve_or_map,manual_review,/search?tag=visualizer,low,Visualizer | WAKILISHA,"Legacy tag archive needs product decision: rebuild tag pages, redirect to search, or intentional 404."
/tag/volume/,200,preserve_or_map,manual_review,/search?tag=volume,low,Volume | WAKILISHA,"Legacy tag archive needs product decision: rebuild tag pages, redirect to search, or intentional 404."
/tag/volume/feed/,200,asset_or_non_html,ignore_for_html_cutover,,high,,Not an HTML content route for React cutover.
/tag/wadagliz/,200,preserve_or_map,manual_review,/search?tag=wadagliz,low,Wadagliz | WAKILISHA,"Legacy tag archive needs product decision: rebuild tag pages, redirect to search, or intentional 404."
/tag/wadagliz/feed/,200,asset_or_non_html,ignore_for_html_cutover,,high,,Not an HTML content route for React cutover.
/tag/wajesus-family/,200,preserve_or_map,manual_review,/search?tag=wajesus-family,low,Wajesus Family | WAKILISHA,"Legacy tag archive needs product decision: rebuild tag pages, redirect to search, or intentional 404."
/tag/wajesus-family/feed/,200,asset_or_non_html,ignore_for_html_cutover,,high,,Not an HTML content route for React cutover.
/tag/wakadinali-cinematic-universe/,200,preserve_or_map,manual_review,/search?tag=wakadinali-cinematic-universe,low,Wakadinali Cinematic Universe | WAKILISHA,"Legacy tag archive needs product decision: rebuild tag pages, redirect to search, or intentional 404."
/tag/wakadinali-cinematic-universe/feed/,200,asset_or_non_html,ignore_for_html_cutover,,high,,Not an HTML content route for React cutover.
/tag/wakadinali/,200,preserve_or_map,manual_review,/search?tag=wakadinali,low,Wakadinali | WAKILISHA,"Legacy tag archive needs product decision: rebuild tag pages, redirect to search, or intentional 404."
/tag/wakadinali/feed/,200,asset_or_non_html,ignore_for_html_cutover,,high,,Not an HTML content route for React cutover.
/tag/wakadinali/page/2/,200,preserve_or_map,manual_review,/search?tag=wakadinali,low,Wakadinali | WAKILISHA,"Legacy tag archive needs product decision: rebuild tag pages, redirect to search, or intentional 404."
/tag/walker-town/,200,preserve_or_map,manual_review,/search?tag=walker-town,low,Walker Town | WAKILISHA,"Legacy tag archive needs product decision: rebuild tag pages, redirect to search, or intentional 404."
/tag/walker-town/feed/,200,asset_or_non_html,ignore_for_html_cutover,,high,,Not an HTML content route for React cutover.
/tag/wanavokali/,200,preserve_or_map,manual_review,/search?tag=wanavokali,low,Wanavokali | WAKILISHA,"Legacy tag archive needs product decision: rebuild tag pages, redirect to search, or intentional 404."
/tag/wanavokali/feed/,200,asset_or_non_html,ignore_for_html_cutover,,high,,Not an HTML content route for React cutover.
/tag/wangechi-mutu/,200,preserve_or_map,manual_review,/search?tag=wangechi-mutu,low,Wangechi Mutu | WAKILISHA,"Legacy tag archive needs product decision: rebuild tag pages, redirect to search, or intentional 404."
/tag/wangechi-mutu/feed/,200,asset_or_non_html,ignore_for_html_cutover,,high,,Not an HTML content route for React cutover.
/tag/wangechi/,200,preserve_or_map,manual_review,/search?tag=wangechi,low,Wangechi | WAKILISHA,"Legacy tag archive needs product decision: rebuild tag pages, redirect to search, or intentional 404."
/tag/wangechi/feed/,200,asset_or_non_html,ignore_for_html_cutover,,high,,Not an HTML content route for React cutover.
/tag/wanja-kimani/,200,preserve_or_map,manual_review,/search?tag=wanja-kimani,low,Wanja Kimani | WAKILISHA,"Legacy tag archive needs product decision: rebuild tag pages, redirect to search, or intentional 404."
/tag/wanja-kimani/feed/,200,asset_or_non_html,ignore_for_html_cutover,,high,,Not an HTML content route for React cutover.
/tag/wanja-wohoro/,200,preserve_or_map,manual_review,/search?tag=wanja-wohoro,low,Wanja Wohoro | WAKILISHA,"Legacy tag archive needs product decision: rebuild tag pages, redirect to search, or intentional 404."
/tag/wanja-wohoro/feed/,200,asset_or_non_html,ignore_for_html_cutover,,high,,Not an HTML content route for React cutover.
/tag/wanjine/,200,preserve_or_map,manual_review,/search?tag=wanjine,low,Wanjine | WAKILISHA,"Legacy tag archive needs product decision: rebuild tag pages, redirect to search, or intentional 404."
/tag/wanjine/feed/,200,asset_or_non_html,ignore_for_html_cutover,,high,,Not an HTML content route for React cutover.
/tag/wanuri-kahiu/,200,preserve_or_map,manual_review,/search?tag=wanuri-kahiu,low,Wanuri Kahiu | WAKILISHA,"Legacy tag archive needs product decision: rebuild tag pages, redirect to search, or intentional 404."
/tag/wanuri-kahiu/feed/,200,asset_or_non_html,ignore_for_html_cutover,,high,,Not an HTML content route for React cutover.
/tag/wapi/,200,preserve_or_map,manual_review,/search?tag=wapi,low,WaPi | WAKILISHA,"Legacy tag archive needs product decision: rebuild tag pages, redirect to search, or intentional 404."
/tag/wapi/feed/,200,asset_or_non_html,ignore_for_html_cutover,,high,,Not an HTML content route for React cutover.
/tag/warner-music-group/,200,preserve_or_map,manual_review,/search?tag=warner-music-group,low,Warner Music Group | WAKILISHA,"Legacy tag archive needs product decision: rebuild tag pages, redirect to search, or intentional 404."
/tag/warner-music-group/feed/,200,asset_or_non_html,ignore_for_html_cutover,,high,,Not an HTML content route for React cutover.
/tag/watendawili/,200,preserve_or_map,manual_review,/search?tag=watendawili,low,Watendawili | WAKILISHA,"Legacy tag archive needs product decision: rebuild tag pages, redirect to search, or intentional 404."
/tag/watendawili/feed/,200,asset_or_non_html,ignore_for_html_cutover,,high,,Not an HTML content route for React cutover.
/tag/water/,200,preserve_or_map,manual_review,/search?tag=water,low,Water | WAKILISHA,"Legacy tag archive needs product decision: rebuild tag pages, redirect to search, or intentional 404."
/tag/water/feed/,200,asset_or_non_html,ignore_for_html_cutover,,high,,Not an HTML content route for React cutover.
/tag/watu-fresh/,200,preserve_or_map,manual_review,/search?tag=watu-fresh,low,Watu Fresh | WAKILISHA,"Legacy tag archive needs product decision: rebuild tag pages, redirect to search, or intentional 404."
/tag/watu-fresh/feed/,200,asset_or_non_html,ignore_for_html_cutover,,high,,Not an HTML content route for React cutover.
/tag/wcu/,200,preserve_or_map,manual_review,/search?tag=wcu,low,WCU | WAKILISHA,"Legacy tag archive needs product decision: rebuild tag pages, redirect to search, or intentional 404."
/tag/wcu/feed/,200,asset_or_non_html,ignore_for_html_cutover,,high,,Not an HTML content route for React cutover.
/tag/we-are-nubia/,200,preserve_or_map,manual_review,/search?tag=we-are-nubia,low,We are Nubia | WAKILISHA,"Legacy tag archive needs product decision: rebuild tag pages, redirect to search, or intentional 404."
/tag/we-are-nubia/feed/,200,asset_or_non_html,ignore_for_html_cutover,,high,,Not an HTML content route for React cutover.
/tag/weep-not/,200,preserve_or_map,manual_review,/search?tag=weep-not,low,Weep Not | WAKILISHA,"Legacy tag archive needs product decision: rebuild tag pages, redirect to search, or intentional 404."
/tag/weep-not/feed/,200,asset_or_non_html,ignore_for_html_cutover,,high,,Not an HTML content route for React cutover.
/tag/wellness/,200,preserve_or_map,manual_review,/search?tag=wellness,low,Wellness | WAKILISHA,"Legacy tag archive needs product decision: rebuild tag pages, redirect to search, or intentional 404."
/tag/wellness/feed/,200,asset_or_non_html,ignore_for_html_cutover,,high,,Not an HTML content route for React cutover.
/tag/wendy-kay/,200,preserve_or_map,manual_review,/search?tag=wendy-kay,low,Wendy Kay | WAKILISHA,"Legacy tag archive needs product decision: rebuild tag pages, redirect to search, or intentional 404."
/tag/wendy-kay/feed/,200,asset_or_non_html,ignore_for_html_cutover,,high,,Not an HTML content route for React cutover.
/tag/where-the-river-divides/,200,preserve_or_map,manual_review,/search?tag=where-the-river-divides,low,Where The River Divides | WAKILISHA,"Legacy tag archive needs product decision: rebuild tag pages, redirect to search, or intentional 404."
/tag/where-the-river-divides/feed/,200,asset_or_non_html,ignore_for_html_cutover,,high,,Not an HTML content route for React cutover.
/tag/whizbi-music/,200,preserve_or_map,manual_review,/search?tag=whizbi-music,low,Whizbi Music | WAKILISHA,"Legacy tag archive needs product decision: rebuild tag pages, redirect to search, or intentional 404."
/tag/whizbi-music/feed/,200,asset_or_non_html,ignore_for_html_cutover,,high,,Not an HTML content route for React cutover.
/tag/wicky-mosh/,200,preserve_or_map,manual_review,/search?tag=wicky-mosh,low,Wicky Mosh | WAKILISHA,"Legacy tag archive needs product decision: rebuild tag pages, redirect to search, or intentional 404."
/tag/wicky-mosh/feed/,200,asset_or_non_html,ignore_for_html_cutover,,high,,Not an HTML content route for React cutover.
/tag/william-ruto/,200,preserve_or_map,manual_review,/search?tag=william-ruto,low,William Ruto | WAKILISHA,"Legacy tag archive needs product decision: rebuild tag pages, redirect to search, or intentional 404."
/tag/william-ruto/feed/,200,asset_or_non_html,ignore_for_html_cutover,,high,,Not an HTML content route for React cutover.
/tag/willy-paul/,200,preserve_or_map,manual_review,/search?tag=willy-paul,low,Willy Paul | WAKILISHA,"Legacy tag archive needs product decision: rebuild tag pages, redirect to search, or intentional 404."
/tag/willy-paul/feed/,200,asset_or_non_html,ignore_for_html_cutover,,high,,Not an HTML content route for React cutover.
/tag/wise-two/,200,preserve_or_map,manual_review,/search?tag=wise-two,low,Wise Two | WAKILISHA,"Legacy tag archive needs product decision: rebuild tag pages, redirect to search, or intentional 404."
/tag/wise-two/feed/,200,asset_or_non_html,ignore_for_html_cutover,,high,,Not an HTML content route for React cutover.
/tag/wizkid/,200,preserve_or_map,manual_review,/search?tag=wizkid,low,Wizkid | WAKILISHA,"Legacy tag archive needs product decision: rebuild tag pages, redirect to search, or intentional 404."
/tag/wizkid/feed/,200,asset_or_non_html,ignore_for_html_cutover,,high,,Not an HTML content route for React cutover.
/tag/work-life/,200,preserve_or_map,manual_review,/search?tag=work-life,low,Work life | WAKILISHA,"Legacy tag archive needs product decision: rebuild tag pages, redirect to search, or intentional 404."
/tag/work-life/feed/,200,asset_or_non_html,ignore_for_html_cutover,,high,,Not an HTML content route for React cutover.
/tag/workplaces/,200,preserve_or_map,manual_review,/search?tag=workplaces,low,Workplaces | WAKILISHA,"Legacy tag archive needs product decision: rebuild tag pages, redirect to search, or intentional 404."
/tag/workplaces/feed/,200,asset_or_non_html,ignore_for_html_cutover,,high,,Not an HTML content route for React cutover.
/tag/wyre/,200,preserve_or_map,manual_review,/search?tag=wyre,low,Wyre | WAKILISHA,"Legacy tag archive needs product decision: rebuild tag pages, redirect to search, or intentional 404."
/tag/wyre/feed/,200,asset_or_non_html,ignore_for_html_cutover,,high,,Not an HTML content route for React cutover.
/tag/xenia-manasseh/,200,preserve_or_map,manual_review,/search?tag=xenia-manasseh,low,Xenia Manasseh | WAKILISHA,"Legacy tag archive needs product decision: rebuild tag pages, redirect to search, or intentional 404."
/tag/xenia-manasseh/feed/,200,asset_or_non_html,ignore_for_html_cutover,,high,,Not an HTML content route for React cutover.
/tag/xenia-manasseh/page/2/,200,preserve_or_map,manual_review,/search?tag=xenia-manasseh,low,Xenia Manasseh | WAKILISHA,"Legacy tag archive needs product decision: rebuild tag pages, redirect to search, or intentional 404."
/tag/ybw-smith/,200,preserve_or_map,manual_review,/search?tag=ybw-smith,low,YBW Smith | WAKILISHA,"Legacy tag archive needs product decision: rebuild tag pages, redirect to search, or intentional 404."
/tag/ybw-smith/feed/,200,asset_or_non_html,ignore_for_html_cutover,,high,,Not an HTML content route for React cutover.
/tag/you-again/,200,preserve_or_map,manual_review,/search?tag=you-again,low,You Again | WAKILISHA,"Legacy tag archive needs product decision: rebuild tag pages, redirect to search, or intentional 404."
/tag/you-again/feed/,200,asset_or_non_html,ignore_for_html_cutover,,high,,Not an HTML content route for React cutover.
/tag/youtube/,200,preserve_or_map,manual_review,/search?tag=youtube,low,YouTube | WAKILISHA,"Legacy tag archive needs product decision: rebuild tag pages, redirect to search, or intentional 404."
/tag/youtube/feed/,200,asset_or_non_html,ignore_for_html_cutover,,high,,Not an HTML content route for React cutover.
/tag/yussef-dayes/,200,preserve_or_map,manual_review,/search?tag=yussef-dayes,low,Yussef Dayes | WAKILISHA,"Legacy tag archive needs product decision: rebuild tag pages, redirect to search, or intentional 404."
/tag/yussef-dayes/feed/,200,asset_or_non_html,ignore_for_html_cutover,,high,,Not an HTML content route for React cutover.
/tag/yvonne-adhiambo-owuor/,200,preserve_or_map,manual_review,/search?tag=yvonne-adhiambo-owuor,low,Yvonne Adhiambo Owuor | WAKILISHA,"Legacy tag archive needs product decision: rebuild tag pages, redirect to search, or intentional 404."
/tag/yvonne-adhiambo-owuor/feed/,200,asset_or_non_html,ignore_for_html_cutover,,high,,Not an HTML content route for React cutover.
/tag/ywaya-tajiri/,200,preserve_or_map,manual_review,/search?tag=ywaya-tajiri,low,Ywaya Tajiri | WAKILISHA,"Legacy tag archive needs product decision: rebuild tag pages, redirect to search, or intentional 404."
/tag/ywaya-tajiri/feed/,200,asset_or_non_html,ignore_for_html_cutover,,high,,Not an HTML content route for React cutover.
/tag/yy-comedian/,200,preserve_or_map,manual_review,/search?tag=yy-comedian,low,YY Comedian | WAKILISHA,"Legacy tag archive needs product decision: rebuild tag pages, redirect to search, or intentional 404."
/tag/yy-comedian/feed/,200,asset_or_non_html,ignore_for_html_cutover,,high,,Not an HTML content route for React cutover.
/tag/zaituni-wambui/,200,preserve_or_map,manual_review,/search?tag=zaituni-wambui,low,Zaituni Wambui | WAKILISHA,"Legacy tag archive needs product decision: rebuild tag pages, redirect to search, or intentional 404."
/tag/zaituni-wambui/feed/,200,asset_or_non_html,ignore_for_html_cutover,,high,,Not an HTML content route for React cutover.
/tag/zaituni/,200,preserve_or_map,manual_review,/search?tag=zaituni,low,Zaituni | WAKILISHA,"Legacy tag archive needs product decision: rebuild tag pages, redirect to search, or intentional 404."
/tag/zaituni/feed/,200,asset_or_non_html,ignore_for_html_cutover,,high,,Not an HTML content route for React cutover.
/tag/zerb/,200,preserve_or_map,manual_review,/search?tag=zerb,low,Zerb | WAKILISHA,"Legacy tag archive needs product decision: rebuild tag pages, redirect to search, or intentional 404."
/tag/zerb/feed/,200,asset_or_non_html,ignore_for_html_cutover,,high,,Not an HTML content route for React cutover.
/tag/zikki/,200,preserve_or_map,manual_review,/search?tag=zikki,low,Zikki | WAKILISHA,"Legacy tag archive needs product decision: rebuild tag pages, redirect to search, or intentional 404."
/tag/zikki/feed/,200,asset_or_non_html,ignore_for_html_cutover,,high,,Not an HTML content route for React cutover.
/tag/zilla/,200,preserve_or_map,manual_review,/search?tag=zilla,low,Zilla | WAKILISHA,"Legacy tag archive needs product decision: rebuild tag pages, redirect to search, or intentional 404."
/tag/zilla/feed/,200,asset_or_non_html,ignore_for_html_cutover,,high,,Not an HTML content route for React cutover.
/tag/ziller-bas/,200,preserve_or_map,manual_review,/search?tag=ziller-bas,low,Ziller Bas | WAKILISHA,"Legacy tag archive needs product decision: rebuild tag pages, redirect to search, or intentional 404."
/tag/ziller-bas/feed/,200,asset_or_non_html,ignore_for_html_cutover,,high,,Not an HTML content route for React cutover.
/tag/zowie-kengocha/,200,preserve_or_map,manual_review,/search?tag=zowie-kengocha,low,Zowie Kengocha | WAKILISHA,"Legacy tag archive needs product decision: rebuild tag pages, redirect to search, or intentional 404."
/tag/zowie-kengocha/feed/,200,asset_or_non_html,ignore_for_html_cutover,,high,,Not an HTML content route for React cutover.
/tag/zukiswa-wanner/,200,preserve_or_map,manual_review,/search?tag=zukiswa-wanner,low,Zukiswa Wanner | WAKILISHA,"Legacy tag archive needs product decision: rebuild tag pages, redirect to search, or intentional 404."
/tag/zukiswa-wanner/feed/,200,asset_or_non_html,ignore_for_html_cutover,,high,,Not an HTML content route for React cutover.
/tag/zzero-sufuri/,200,preserve_or_map,manual_review,/search?tag=zzero-sufuri,low,Zzero Sufuri | WAKILISHA,"Legacy tag archive needs product decision: rebuild tag pages, redirect to search, or intentional 404."
/tag/zzero-sufuri/feed/,200,asset_or_non_html,ignore_for_html_cutover,,high,,Not an HTML content route for React cutover.
/taifa-1-kenya-launches-first-earth-observation-satellite-into-orbit/,200,preserve_or_map,redirect_to_react_route,/magazine/taifa-1-kenya-launches-first-earth-observation-satellite-into-orbit,high,Taifa-1: Kenya Launches First Earth Observation Satellite into Orbit | WAKILISHA,Legacy article/page slug has a matching React magazine route.
/taifa-1-kenya-launches-first-earth-observation-satellite-into-orbit/feed/,200,asset_or_non_html,ignore_for_html_cutover,,high,,Not an HTML content route for React cutover.
/thais-diarra-noumoucounda-alliance-francaise-nairobi/,200,preserve_or_map,redirect_to_react_route,/magazine/thais-diarra-noumoucounda-alliance-francaise-nairobi,high,"Thaïs Diarra &amp; Noumoucounda at Alliance Francaise, Nairobi | WAKILISHA",Legacy article/page slug has a matching React magazine route.
/the-african-climate-story-they-do-not-want-us-to-tell/,200,preserve_or_map,redirect_to_react_route,/magazine/the-african-climate-story-they-do-not-want-us-to-tell,high,The African Climate Story They Do Not Want Us To Tell | WAKILISHA,Legacy article/page slug has a matching React magazine route.
/the-african-climate-story-they-do-not-want-us-to-tell/feed/,200,asset_or_non_html,ignore_for_html_cutover,,high,,Not an HTML content route for React cutover.
/the-artists-who-defined-kenyan-music-in-2025/,200,preserve_or_map,redirect_to_react_route,/magazine/the-artists-who-defined-kenyan-music-in-2025,high,The Artists Who Defined Kenyan Music in 2025 | WAKILISHA,Legacy article/page slug has a matching React magazine route.
/the-artists-who-defined-kenyan-music-in-2025/feed/,200,asset_or_non_html,ignore_for_html_cutover,,high,,Not an HTML content route for React cutover.
/the-birth-of-the-visualizer/,200,preserve_or_map,redirect_to_react_route,/magazine/the-birth-of-the-visualizer,high,The Music Video Is Dead. Long Live the Visualizer. | WAKILISHA,Legacy article/page slug has a matching React magazine route.
/the-curious-case-of-the-young-contemporary-african/,200,preserve_or_map,redirect_to_react_route,/magazine/the-curious-case-of-the-young-contemporary-african,high,"The Curious Case of the Young, Contemporary African | WAKILISHA",Legacy article/page slug has a matching React magazine route.
/the-day-kenyans-got-angry-enough-rejectfinancebill2024/,200,preserve_or_map,redirect_to_react_route,/magazine/the-day-kenyans-got-angry-enough-rejectfinancebill2024,high,#RejectFinanceBill2024: The Day Kenyans Got Angry Enough | WAKILISHA,Legacy article/page slug has a matching React magazine route.
/the-day-kenyans-got-angry-enough-rejectfinancebill2024/feed/,200,asset_or_non_html,ignore_for_html_cutover,,high,,Not an HTML content route for React cutover.
/the-era-of-digital-music-spotify-launches-in-kenya/,200,preserve_or_map,redirect_to_react_route,/magazine/the-era-of-digital-music-spotify-launches-in-kenya,high,The Era of Digital Music | Spotify Launches In Kenya | WAKILISHA,Legacy article/page slug has a matching React magazine route.
/the-evolution-of-kikuyu-music/,200,preserve_or_map,redirect_to_react_route,/magazine/the-evolution-of-kikuyu-music,high,The Evolution of Kikuyu Music | WAKILISHA,Legacy article/page slug has a matching React magazine route.
/the-ghost-in-the-algorithm-how-digital-africa-lost-its-moral-compass/,200,preserve_or_map,redirect_to_react_route,/magazine/the-ghost-in-the-algorithm-how-digital-africa-lost-its-moral-compass,high,The Ghost in the Algorithm: How Digital Africa Lost Its Moral Compass | WAKILISHA,Legacy article/page slug has a matching React magazine route.
/the-hound-of-heaven-comes-to-succession/,200,preserve_or_map,redirect_to_react_route,/magazine/the-hound-of-heaven-comes-to-succession,high,The Hound of Heaven Comes to Succession | WAKILISHA,Legacy article/page slug has a matching React magazine route.
/the-hound-of-heaven-comes-to-succession/feed/,200,asset_or_non_html,ignore_for_html_cutover,,high,,Not an HTML content route for React cutover.
/the-kenya-pavilion-at-la-biennale-di-venezia-2022/,200,preserve_or_map,redirect_to_react_route,/magazine/the-kenya-pavilion-at-la-biennale-di-venezia-2022,high,The Kenya Pavilion at La Biennale Di Venezia 2022 | WAKILISHA,Legacy article/page slug has a matching React magazine route.
/the-latest-exhibition-by-syowia-kyambi-explores-the-bold-truth/,200,preserve_or_map,redirect_to_react_route,/magazine/the-latest-exhibition-by-syowia-kyambi-explores-the-bold-truth,high,The Latest Exhibition by Syowia Kyambi Explores the Bold Truth | WAKILISHA,Legacy article/page slug has a matching React magazine route.
/the-power-of-film/,200,preserve_or_map,redirect_to_react_route,/magazine/the-power-of-film,high,The Power of Film | WAKILISHA,Legacy article/page slug has a matching React magazine route.
/the-rise-of-music-playlists/,200,preserve_or_map,redirect_to_react_route,/magazine/the-rise-of-music-playlists,high,The Rise of Music Playlists | WAKILISHA,Legacy article/page slug has a matching React magazine route.
/the-rising-popularity-of-afro-centric-childrens-entertainment/,200,preserve_or_map,redirect_to_react_route,/magazine/the-rising-popularity-of-afro-centric-childrens-entertainment,high,The Rising Popularity of Afro-Centric Children&#039;s Entertainment | WAKILISHA,Legacy article/page slug has a matching React magazine route.
/the-songs-that-marched-with-us/,200,preserve_or_map,redirect_to_react_route,/magazine/the-songs-that-marched-with-us,high,The Songs That Marched With Us | WAKILISHA,Legacy article/page slug has a matching React magazine route.
/the-songs-that-marched-with-us/feed/,200,asset_or_non_html,ignore_for_html_cutover,,high,,Not an HTML content route for React cutover.
/the-three-phases-of-gengetone/,200,preserve_or_map,redirect_to_react_route,/magazine/the-three-phases-of-gengetone,high,The Three Phases Of Gengetone | WAKILISHA,Legacy article/page slug has a matching React magazine route.
/the-truth-still-counts/,200,preserve_or_map,redirect_to_react_route,/magazine/the-truth-still-counts,high,The Truth Still Counts | WAKILISHA,Legacy article/page slug has a matching React magazine route.
/the-water-we-drink-the-food-we-eat-why-we-need-to-trace-the-source/,200,preserve_or_map,redirect_to_react_route,/magazine/the-water-we-drink-the-food-we-eat-why-we-need-to-trace-the-source,high,"The Water We Drink, The Food We Eat: Why We Need to Trace the Source | WAKILISHA",Legacy article/page slug has a matching React magazine route.
/theatre-in-a-vacuum/,200,preserve_or_map,redirect_to_react_route,/magazine/theatre-in-a-vacuum,high,Theatre in a Vacuum | WAKILISHA,Legacy article/page slug has a matching React magazine route.
/this-year/,200,preserve_or_map,redirect_to_react_route,/magazine/this-year,high,This Year | WAKILISHA,Legacy article/page slug has a matching React magazine route.
/this-year/feed/,200,asset_or_non_html,ignore_for_html_cutover,,high,,Not an HTML content route for React cutover.
/too-early-for-birds-rewriting-annals-kenya-history/,200,preserve_or_map,redirect_to_react_route,/magazine/too-early-for-birds-rewriting-annals-kenya-history,high,Too Early For Birds: Rewriting the Annals of Kenya&#039;s History | WAKILISHA,Legacy article/page slug has a matching React magazine route.
/too-early-for-birds-rewriting-annals-kenya-history/feed/,200,asset_or_non_html,ignore_for_html_cutover,,high,,Not an HTML content route for React cutover.
/top-10-femi-one-songs/,200,preserve_or_map,redirect_to_react_route,/magazine/top-10-femi-one-songs,high,Top 10 Femi One Songs | WAKILISHA,Legacy article/page slug has a matching React magazine route.
/top-10-karun-songs/,200,preserve_or_map,redirect_to_react_route,/magazine/top-10-karun-songs,high,Top 10 Karun Songs | WAKILISHA,Legacy article/page slug has a matching React magazine route.
/top-10-kenyan-albums-2025/,200,preserve_or_map,redirect_to_react_route,/magazine/top-10-kenyan-albums-2025,high,Top 10 Kenyan Albums of 2025 | WAKILISHA,Legacy article/page slug has a matching React magazine route.
/top-10-kenyan-albums-2025/feed/,200,asset_or_non_html,ignore_for_html_cutover,,high,,Not an HTML content route for React cutover.
/top-10-kenyan-albums-of-2022/,200,preserve_or_map,redirect_to_react_route,/magazine/top-10-kenyan-albums-of-2022,high,WAKILISHA&#039;s Top 10 Kenyan Albums of 2022 | WAKILISHA,Legacy article/page slug has a matching React magazine route.
/top-10-kenyan-albums-of-2022/feed/,200,asset_or_non_html,ignore_for_html_cutover,,high,,Not an HTML content route for React cutover.
/top-10-otile-brown-songs/,200,preserve_or_map,redirect_to_react_route,/magazine/top-10-otile-brown-songs,high,Top 10 Otile Brown Songs | WAKILISHA,Legacy article/page slug has a matching React magazine route.
/top-10-songs-by-buruklyn-boyz/,200,preserve_or_map,redirect_to_react_route,/magazine/top-10-songs-by-buruklyn-boyz,high,Top 10 BURUKLYN BOYZ Songs | WAKILISHA,Legacy article/page slug has a matching React magazine route.
/top-10-songs-by-kenyan-female-artists-released-in-january-2023/,200,preserve_or_map,redirect_to_react_route,/magazine/top-10-songs-by-kenyan-female-artists-released-in-january-2023,high,Top 10 Songs by Kenyan Female Artists Released in January 2023 | WAKILISHA,Legacy article/page slug has a matching React magazine route.
/top-10-ssaru-songs/,200,preserve_or_map,redirect_to_react_route,/magazine/top-10-ssaru-songs,high,Top 10 Ssaru Songs | WAKILISHA,Legacy article/page slug has a matching React magazine route.
/top-10-trio-mio-songs/,200,preserve_or_map,redirect_to_react_route,/magazine/top-10-trio-mio-songs,high,Top 10 Trio Mio Songs | WAKILISHA,Legacy article/page slug has a matching React magazine route.
/top-15-sauti-sol-songs/,200,preserve_or_map,redirect_to_react_route,/magazine/top-15-sauti-sol-songs,high,Top 15 Sauti Sol Songs | WAKILISHA,Legacy article/page slug has a matching React magazine route.
/top-15-wakadinali-songs/,200,preserve_or_map,redirect_to_react_route,/magazine/top-15-wakadinali-songs,high,Top 15 Wakadinali Songs | WAKILISHA,Legacy article/page slug has a matching React magazine route.
/top-20-kenyan-songs-released-in-february-2023/,200,preserve_or_map,redirect_to_react_route,/magazine/top-20-kenyan-songs-released-in-february-2023,high,Top 20 Kenyan Songs Released in February 2023 | WAKILISHA,Legacy article/page slug has a matching React magazine route.
/top-20-kenyan-songs-released-in-january-2023/,200,preserve_or_map,redirect_to_react_route,/magazine/top-20-kenyan-songs-released-in-january-2023,high,Top 20 Kenyan Songs Released in January 2023 | WAKILISHA,Legacy article/page slug has a matching React magazine route.
/top-20-nyashinski-songs/,200,preserve_or_map,redirect_to_react_route,/magazine/top-20-nyashinski-songs,high,Top 20 Nyashinski Songs | WAKILISHA,Legacy article/page slug has a matching React magazine route.
/top-25-kenyan-songs-released-in-march-2023/,200,preserve_or_map,redirect_to_react_route,/magazine/top-25-kenyan-songs-released-in-march-2023,high,Top 25 Kenyan Songs Released in March 2023 | WAKILISHA,Legacy article/page slug has a matching React magazine route.
/top-5-kenyan-films-on-netflix-writers-pick/,200,preserve_or_map,redirect_to_react_route,/magazine/top-5-kenyan-films-on-netflix-writers-pick,high,Top 5 Kenyan Films on Netflix – Writer&#039;s Picks | WAKILISHA,Legacy article/page slug has a matching React magazine route.
/top-5-kenyan-films-on-netflix-writers-pick/feed/,200,asset_or_non_html,ignore_for_html_cutover,,high,,Not an HTML content route for React cutover.
/top-5-kenyan-films-released-in-2023/,200,preserve_or_map,redirect_to_react_route,/magazine/top-5-kenyan-films-released-in-2023,high,Top 5 Kenyan Films Released In 2023 | WAKILISHA,Legacy article/page slug has a matching React magazine route.
/top-gengetone-songs-of-2022/,200,preserve_or_map,redirect_to_react_route,/magazine/top-gengetone-songs-of-2022,high,Top Gengetone Songs of 2022 | WAKILISHA,Legacy article/page slug has a matching React magazine route.
/top-gengetone-songs-released-in-2023/,200,preserve_or_map,redirect_to_react_route,/magazine/top-gengetone-songs-released-in-2023,high,Top Gengetone Songs Released in 2023 | WAKILISHA,Legacy article/page slug has a matching React magazine route.
/top-gengetone-songs-released-in-2023/feed/,200,asset_or_non_html,ignore_for_html_cutover,,high,,Not an HTML content route for React cutover.
/top-gengetone-songs-released-in-2025/,200,preserve_or_map,redirect_to_react_route,/magazine/top-gengetone-songs-released-in-2025,high,Top 20 Gengetone Songs Released in 2025 | WAKILISHA,Legacy article/page slug has a matching React magazine route.
/top-gengetone-songs-to-include-in-your-party-playlist/,200,preserve_or_map,redirect_to_react_route,/magazine/top-gengetone-songs-to-include-in-your-party-playlist,high,Top Gengetone Songs To Include in Your Party Playlist | WAKILISHA,Legacy article/page slug has a matching React magazine route.
/top-kenyan-albums-released-in-2023/,200,preserve_or_map,redirect_to_react_route,/magazine/top-kenyan-albums-released-in-2023,high,Top 15 Kenyan Albums Released in 2023 | WAKILISHA,Legacy article/page slug has a matching React magazine route.
/top-kenyan-drill-songs-released-in-2023/,200,preserve_or_map,redirect_to_react_route,/magazine/top-kenyan-drill-songs-released-in-2023,high,Top Kenyan Drill Songs Released in 2023 | WAKILISHA,Legacy article/page slug has a matching React magazine route.
/top-kenyan-songs-of-2025/,200,preserve_or_map,redirect_to_react_route,/magazine/top-kenyan-songs-of-2025,high,Top 50 Kenyan Songs Of 2025 | WAKILISHA,Legacy article/page slug has a matching React magazine route.
/top-kenyan-songs-released-in-april-2023/,200,preserve_or_map,redirect_to_react_route,/magazine/top-kenyan-songs-released-in-april-2023,high,Top 25 Kenyan Songs Released in April 2023 | WAKILISHA,Legacy article/page slug has a matching React magazine route.
/top-kenyan-songs-released-in-august-2023/,200,preserve_or_map,redirect_to_react_route,/magazine/top-kenyan-songs-released-in-august-2023,high,Top Kenyan Songs Released in August 2023 | WAKILISHA,Legacy article/page slug has a matching React magazine route.
/top-kenyan-songs-released-in-july-2023/,200,preserve_or_map,redirect_to_react_route,/magazine/top-kenyan-songs-released-in-july-2023,high,Top Kenyan Songs Released in July 2023 | WAKILISHA,Legacy article/page slug has a matching React magazine route.
/top-kenyan-songs-released-in-november-2023/,200,preserve_or_map,redirect_to_react_route,/magazine/top-kenyan-songs-released-in-november-2023,high,Top Kenyan Songs Released in November 2023 | WAKILISHA,Legacy article/page slug has a matching React magazine route.
/toxic-lyrikali-amplifying-the-voice-of-the-streets/,200,preserve_or_map,redirect_to_react_route,/magazine/toxic-lyrikali-amplifying-the-voice-of-the-streets,high,Toxic Lyrikali: Amplifying the Voice of the Streets | WAKILISHA,Legacy article/page slug has a matching React magazine route.
/trio-mio-a-new-hope-for-kenyan-music/,200,preserve_or_map,redirect_to_react_route,/magazine/trio-mio-a-new-hope-for-kenyan-music,high,Trio Mio: A New Hope for Kenyan Music | WAKILISHA,Legacy article/page slug has a matching React magazine route.
/trio-mio-a-new-hope-for-kenyan-music/feed/,200,asset_or_non_html,ignore_for_html_cutover,,high,,Not an HTML content route for React cutover.
/venues/,200,preserve_or_map,manual_review,/venues,medium,Venues | WAKILISHA,Known legacy static/account route needs explicit React route or redirect decision.
/volume-latest-kenyan-offering-on-netflix-asks-a-question/,200,preserve_or_map,redirect_to_react_route,/magazine/volume-latest-kenyan-offering-on-netflix-asks-a-question,high,Volume: Latest Kenyan Offering on Netflix Asks a Question | WAKILISHA,Legacy article/page slug has a matching React magazine route.
/wakilisha-humanistic-approach-covid-19-public-awareness/,200,preserve_or_map,redirect_to_react_route,/magazine/wakilisha-humanistic-approach-covid-19-public-awareness,high,WAKILISHA Adopts Humanistic Approach to Covid-19 Public Awareness | WAKILISHA,Legacy article/page slug has a matching React magazine route.
/want-to-get-out-more-start-a-book-club/,200,preserve_or_map,redirect_to_react_route,/magazine/want-to-get-out-more-start-a-book-club,high,Want to Get Out More? Start a Book Club | WAKILISHA,Legacy article/page slug has a matching React magazine route.
/what-about-selfishness/,200,preserve_or_map,redirect_to_react_route,/magazine/what-about-selfishness,high,What about Selfishness? | WAKILISHA,Legacy article/page slug has a matching React magazine route.
/what-is-amapiano/,200,preserve_or_map,redirect_to_react_route,/magazine/what-is-amapiano,high,What is Amapiano? | WAKILISHA,Legacy article/page slug has a matching React magazine route.
/what-is-it-about-kenyan-events/,200,preserve_or_map,redirect_to_react_route,/magazine/what-is-it-about-kenyan-events,high,What Is It About Kenyan Events? | WAKILISHA,Legacy article/page slug has a matching React magazine route.
/what-is-the-importance-of-music/,200,preserve_or_map,redirect_to_react_route,/magazine/what-is-the-importance-of-music,high,What is the Importance of Music | WAKILISHA,Legacy article/page slug has a matching React magazine route.
/what-to-know-about-the-proposed-copyright-bill/,200,preserve_or_map,redirect_to_react_route,/magazine/what-to-know-about-the-proposed-copyright-bill,high,What to Know About the Proposed Copyright Bill | WAKILISHA,Legacy article/page slug has a matching React magazine route.
/why-love-can-be-so-unsexy/,200,preserve_or_map,redirect_to_react_route,/magazine/why-love-can-be-so-unsexy,high,Why Love Can Be So… Unsexy | WAKILISHA,Legacy article/page slug has a matching React magazine route.
/why-you-need-design-thinking/,200,preserve_or_map,redirect_to_react_route,/magazine/why-you-need-design-thinking,high,Why You Need Design Thinking | WAKILISHA,Legacy article/page slug has a matching React magazine route.
/wp-admin/,404,security_excluded,keep_blocked,,high,Oh no! The page you want is still being created. You could wait here till it&#039;s done or you can do something else… |…,Security-sensitive WordPress endpoint should remain blocked after cutover.
/wp-json/,403,security_excluded,keep_blocked,,high,Attention Required! | Cloudflare,Security-sensitive WordPress endpoint should remain blocked after cutover.
/wp-login.php,404,security_excluded,keep_blocked,,high,Oh no! The page you want is still being created. You could wait here till it&#039;s done or you can do something else… |…,Security-sensitive WordPress endpoint should remain blocked after cutover.
/xmlrpc.php,403,security_excluded,keep_blocked,,high,Attention Required! | Cloudflare,Security-sensitive WordPress endpoint should remain blocked after cutover.
