entity_type,entity_id,entity_slug,full_slug
artist,1,2wentysixx,2wentysixx
artist,10,addi-chokoch,addi-chokoch
artist,100,dans-tunes,dans-tunes
artist,1000,nyashinski-amani,nyashinski-amani
artist,1001,nyashinski-cedo-karun,nyashinski-cedo-karun
artist,1002,nyashinski-sanaipei-tande,nyashinski-sanaipei-tande
artist,1003,nyashinski-femi-one,nyashinski-femi-one
artist,1004,nyashinski-pam-wyre-abbas-kubaff-jua-cali-nameless,nyashinski-pam-wyre-abbas-kubaff-jua-cali-nameless
artist,1005,khaligraph-jones-lamaz-span-k-o-b,khaligraph-jones-lamaz-span-k-o-b
artist,1006,khaligraph-jones-bien,khaligraph-jones-bien
artist,1007,bien-diamond-platnumz,bien-diamond-platnumz
artist,1008,bien-scar-mkadinali,bien-scar-mkadinali
artist,1009,bien-aaron-rimbui,bien-aaron-rimbui
artist,101,davy-waweru,davy-waweru
artist,1010,wakadinali-sirbwoy-sewersydaa-scar-mkadinali,wakadinali-sirbwoy-sewersydaa-scar-mkadinali
artist,1011,wakadinali-andrew-kibe,wakadinali-andrew-kibe
artist,1012,wakadinali-ares-66,wakadinali-ares-66
artist,1013,wakadinali-sewersydaa,wakadinali-sewersydaa
artist,1014,matata-wakadinali,matata-wakadinali
artist,1015,buruklyn-boyz-wakadinali-khaligraph-jones,buruklyn-boyz-wakadinali-khaligraph-jones
artist,1016,kodongklan-ywaya-tajiri,kodongklan-ywaya-tajiri
artist,1017,bridget-blue-toxic-lyrikali,bridget-blue-toxic-lyrikali
artist,1018,j-blessing-bridget-blue,j-blessing-bridget-blue
artist,1019,kotrell-bridget-blue,kotrell-bridget-blue
artist,102,daya,daya
artist,1020,bahati-prince-indah,bahati-prince-indah
artist,1021,bahati-bruce-melodie,bahati-bruce-melodie
artist,1022,bahati-rayvanny,bahati-rayvanny
artist,1023,bahati-jovial,bahati-jovial
artist,1024,jinku-ciano-maimba,jinku-ciano-maimba
artist,1025,ciano-maimba-m%c2%b3,ciano-maimba-m%c2%b3
artist,1026,wanja-wohoro-tetu-shani,wanja-wohoro-tetu-shani
artist,1027,wanja-wohoro-junior-nyongo,wanja-wohoro-junior-nyongo
artist,1028,wanja-wohoro-jinku,wanja-wohoro-jinku
artist,1029,kato-change-wanja-wohoro,kato-change-wanja-wohoro
artist,103,de-papzo,de-papzo
artist,1030,ea-wave-wanja-wohoro,ea-wave-wanja-wohoro
artist,1031,camp-mulla-just-a-band,camp-mulla-just-a-band
artist,1032,just-a-band-childish-gambino,just-a-band-childish-gambino
artist,1033,njerae-bensoul,njerae-bensoul
artist,1034,savinnah-ndovu-kuu,savinnah-ndovu-kuu
artist,1035,nyashinski-chris-kaiga,nyashinski-chris-kaiga
artist,1036,chris-kaiga-mutoriah,chris-kaiga-mutoriah
artist,1037,chris-kaiga-dai-scar-mkadinali,chris-kaiga-dai-scar-mkadinali
artist,1038,chris-kaiga-tezzla,chris-kaiga-tezzla
artist,1039,big-nyagz-nes-mburu,big-nyagz-nes-mburu
artist,104,deco-shazam,deco-shazam
artist,1040,big-nyagz-onedown-zippie-nyumu,big-nyagz-onedown-zippie-nyumu
artist,1041,dj-mura-k-e-big-nyagz-liboi-yah-listen,dj-mura-k-e-big-nyagz-liboi-yah-listen
artist,1042,the-safari-oontz-collective-big-nyagz-djaypaps-braines-kamushez,the-safari-oontz-collective-big-nyagz-djaypaps-braines-kamushez
artist,1043,dj-mura-k-e-big-nyagz-muringi,dj-mura-k-e-big-nyagz-muringi
artist,1044,the-safari-oontz-collective-onedown-braines-big-nyagz,the-safari-oontz-collective-onedown-braines-big-nyagz
artist,1045,dj-mura-k-e-big-nyagz-coster-ojwang-yah-listen,dj-mura-k-e-big-nyagz-coster-ojwang-yah-listen
artist,1046,dj-mura-k-e-big-nyagz-njiru,dj-mura-k-e-big-nyagz-njiru
artist,1047,dj-mura-k-e-big-nyagz-yah-listen-cucu-wakomu,dj-mura-k-e-big-nyagz-yah-listen-cucu-wakomu
artist,1048,dj-mura-k-e-big-nyagz-udulele,dj-mura-k-e-big-nyagz-udulele
artist,1049,nadia-mukami-arrow-bwoy,nadia-mukami-arrow-bwoy
artist,105,deejavu,deejavu
artist,1050,nadia-mukami-okello-max-prince-indah,nadia-mukami-okello-max-prince-indah
artist,1051,nadia-mukami-bien,nadia-mukami-bien
artist,1052,nadia-mukami-darassa,nadia-mukami-darassa
artist,1053,nadia-mukami-fena-gitu-khaligraph-jones,nadia-mukami-fena-gitu-khaligraph-jones
artist,1054,nadia-mukami-sanaipei-tande,nadia-mukami-sanaipei-tande
artist,1055,nadia-mukami-fathermoh,nadia-mukami-fathermoh
artist,1056,matata-mejja,matata-mejja
artist,1057,exray-taniua-mejja,exray-taniua-mejja
artist,1058,ranzscooby-mejja-scar-mkadinali,ranzscooby-mejja-scar-mkadinali
artist,1059,serro-coster-ojwang-anariko,serro-coster-ojwang-anariko
artist,106,dela-cuffy,dela-cuffy
artist,1060,serro-israel-onyach,serro-israel-onyach
artist,1061,serro-coster-ojwang,serro-coster-ojwang
artist,1062,serro-coster-ojwang-patrick-serro,serro-coster-ojwang-patrick-serro
artist,1063,foozak-tina-ardor,foozak-tina-ardor
artist,1064,dj-tomer-ricardo-gi-tina-ardor-kumkani,dj-tomer-ricardo-gi-tina-ardor-kumkani
artist,1065,tina-ardor-atmos-blaq-hendrick-sam,tina-ardor-atmos-blaq-hendrick-sam
artist,1066,breyth-native-p-tina-ardor,breyth-native-p-tina-ardor
artist,1067,lilocox-tina-ardor,lilocox-tina-ardor
artist,1068,dino-and-terry-tina-ardor,dino-and-terry-tina-ardor
artist,1069,tina-ardor-gumz-kgzoo,tina-ardor-gumz-kgzoo
artist,107,deno,deno
artist,1070,gil-bokobza-tina-ardor,gil-bokobza-tina-ardor
artist,1071,ally-fresh-dj-mura-k-e-tina-ardor,ally-fresh-dj-mura-k-e-tina-ardor
artist,1072,maya-amolo-mau-from-nowhere,maya-amolo-mau-from-nowhere
artist,1073,mau-from-nowhere-hihi,mau-from-nowhere-hihi
artist,1074,mau-from-nowhere-hihi-maya-amolo,mau-from-nowhere-hihi-maya-amolo
artist,1075,chxf-barry-mau-from-nowhere-akeine,chxf-barry-mau-from-nowhere-akeine
artist,1076,mau-from-nowhere-jay-james,mau-from-nowhere-jay-james
artist,1077,turunesh-karun-mau-from-nowhere,turunesh-karun-mau-from-nowhere
artist,1078,h_art-the-band-cedo,h_art-the-band-cedo
artist,1079,h_art-the-band-sauti-sol,h_art-the-band-sauti-sol
artist,108,dexter-in-the-newsagent,dexter-in-the-newsagent
artist,1080,h_art-the-band-bensoul,h_art-the-band-bensoul
artist,1081,h_art-the-band-brizy-annechild,h_art-the-band-brizy-annechild
artist,1082,h_art-the-band-nyashinski,h_art-the-band-nyashinski
artist,1083,h_art-the-band-lady-jaydee,h_art-the-band-lady-jaydee
artist,1084,zuchu-h_art-the-band,zuchu-h_art-the-band
artist,1085,hske-muthoni-drummer-queen-mayonde-polaris-pauline,hske-muthoni-drummer-queen-mayonde-polaris-pauline
artist,1086,blinky-bill-muthoni-drummer-queen-mayonde,blinky-bill-muthoni-drummer-queen-mayonde
artist,1087,mayonde-stonee-jiwe,mayonde-stonee-jiwe
artist,1088,blinky-fena-mayonde-kagwe-mdq,blinky-fena-mayonde-kagwe-mdq
artist,1089,elijah-kitaka-bien-savara,elijah-kitaka-bien-savara
artist,109,diamond-platnumz,diamond-platnumz
artist,1090,savara-nyashinski,savara-nyashinski
artist,1091,savara-wakadinali-fathermoh,savara-wakadinali-fathermoh
artist,1092,king-kaka-scar-mkadinali,king-kaka-scar-mkadinali
artist,1093,king-kaka-kristoff,king-kaka-kristoff
artist,1094,king-kaka-scar-mkadinali-njerae,king-kaka-scar-mkadinali-njerae
artist,1095,king-kaka-okello-max,king-kaka-okello-max
artist,1096,king-kaka-rich-mavoko,king-kaka-rich-mavoko
artist,1097,king-kaka-elani,king-kaka-elani
artist,1098,king-kaka-scar-mkadinali-sewersydaa,king-kaka-scar-mkadinali-sewersydaa
artist,1099,lexsil-otile-brown,lexsil-otile-brown
artist,11,adogo,adogo
artist,110,diaso,diaso
artist,1100,otile-brown-sanaipei,otile-brown-sanaipei
artist,1101,otile-brown-meddy,otile-brown-meddy
artist,1102,otile-brown-jovial,otile-brown-jovial
artist,1103,otile-brown-ruby,otile-brown-ruby
artist,1104,otile-brown-jux,otile-brown-jux
artist,1105,otile-brown-harmonize,otile-brown-harmonize
artist,1106,putumayo-flier,putumayo-flier
artist,1107,sauti-sol-burna-boy,sauti-sol-burna-boy
artist,1108,sauti-sol-patoranking,sauti-sol-patoranking
artist,1109,sauti-sol-nyashinski,sauti-sol-nyashinski
artist,111,dillon-francis,dillon-francis
artist,1110,bensoul-zzero-sufuri,bensoul-zzero-sufuri
artist,1111,bensoul-v-be,bensoul-v-be
artist,1112,bensoul-sauti-sol-nviiri-the-storyteller-mejja,bensoul-sauti-sol-nviiri-the-storyteller-mejja
artist,1113,okello-max-bensoul-amlyoto,okello-max-bensoul-amlyoto
artist,1114,bensoul-bien,bensoul-bien
artist,1115,vic-west-brandy-maina-charisma-malosh,vic-west-brandy-maina-charisma-malosh
artist,1116,charisma-okello-max,charisma-okello-max
artist,1117,charisma-bensoul,charisma-bensoul
artist,1118,charisma-mbithi,charisma-mbithi
artist,1119,charisma-watendawili,charisma-watendawili
artist,112,disney,disney
artist,1120,zowie-kengocha-nge-the-producer,zowie-kengocha-nge-the-producer
artist,1121,mauimoon-la-soulchyld-zowie-kengocha,mauimoon-la-soulchyld-zowie-kengocha
artist,1122,zowie-kengocha-colors,zowie-kengocha-colors
artist,1123,tangaza-zowie-kengocha,tangaza-zowie-kengocha
artist,1124,4mr-frank-white-ugyn,4mr-frank-white-ugyn
artist,1125,4mr-frank-white-lilmaina,4mr-frank-white-lilmaina
artist,1126,4mr-frank-white-nigga-shawn,4mr-frank-white-nigga-shawn
artist,1127,4mr-frank-white-lilmaina-ajay,4mr-frank-white-lilmaina-ajay
artist,1128,4mr-frank-white-uncojingjong-deyvion,4mr-frank-white-uncojingjong-deyvion
artist,1129,4mr-frank-white-mr-right,4mr-frank-white-mr-right
artist,113,diversify,diversify
artist,1130,4mr-frank-white-danski-sosatheprodigyy,4mr-frank-white-danski-sosatheprodigyy
artist,1131,maandy-ywaya-tajiri-watendawili,maandy-ywaya-tajiri-watendawili
artist,1132,nameless-maandy,nameless-maandy
artist,1133,maandy-breeder-lw-ndovu-kuu,maandy-breeder-lw-ndovu-kuu
artist,1134,maandy-ssaru,maandy-ssaru
artist,1135,okello-max-bien-bensoul,okello-max-bien-bensoul
artist,1136,watendawili-okello-max,watendawili-okello-max
artist,1137,fena-gitu-okello-max,fena-gitu-okello-max
artist,1138,okello-max-coster-ojwang,okello-max-coster-ojwang
artist,1139,matata-watendawili,matata-watendawili
artist,114,dj-blighty,dj-blighty
artist,1140,kato-change-winyo-da-capo,kato-change-winyo-da-capo
artist,1141,winyo-fancy-fingers-theonlyrosa,winyo-fancy-fingers-theonlyrosa
artist,1142,winyo-fancy-fingers,winyo-fancy-fingers
artist,1143,kato-change-winyo-suraj,kato-change-winyo-suraj
artist,1144,winyo-nina-ogot,winyo-nina-ogot
artist,1145,blinky-bill-lisa-oduor-noah,blinky-bill-lisa-oduor-noah
artist,1146,blinky-bill-goldlink,blinky-bill-goldlink
artist,1147,blinky-bill-fuse-odg,blinky-bill-fuse-odg
artist,1148,blinky-bill-ossie,blinky-bill-ossie
artist,1149,blinky-bill-nature,blinky-bill-nature
artist,115,dj-fkr,dj-fkr
artist,1150,blinky-bill-chemutai-sage-sarah-mitaru-wambura-mitaru-lisa-oduor-noah,blinky-bill-chemutai-sage-sarah-mitaru-wambura-mitaru-lisa-oduor-noah
artist,1151,watendawili-coster-ojwang,watendawili-coster-ojwang
artist,1152,shad-mziki-coster-ojwang,shad-mziki-coster-ojwang
artist,1153,ochiko-coster-ojwang,ochiko-coster-ojwang
artist,1154,vic-west-fathermoh-collo-blue-becky-malosh,vic-west-fathermoh-collo-blue-becky-malosh
artist,1155,bensoul-vic-west-malosh,bensoul-vic-west-malosh
artist,1156,vic-west-fathermoh-savara-brandy-maina-thee-exit-band,vic-west-fathermoh-savara-brandy-maina-thee-exit-band
artist,1157,bensoul-vic-west,bensoul-vic-west
artist,1158,bensoul-vic-west-ndovu-kuu-harry-craze-fathermoh,bensoul-vic-west-ndovu-kuu-harry-craze-fathermoh
artist,1159,bensoul-vic-west-ssaru,bensoul-vic-west-ssaru
artist,116,dj-mac,dj-mac
artist,1160,caleb-awiti-faygos-paradise,caleb-awiti-faygos-paradise
artist,1161,caleb-awiti-zowie-kengocha,caleb-awiti-zowie-kengocha
artist,1162,lilmaina-caleb-awiti,lilmaina-caleb-awiti
artist,1163,mutoriah-the-babaz-hornsphere,mutoriah-the-babaz-hornsphere
artist,1164,hornsphere-mutoriah-aliye-noi,hornsphere-mutoriah-aliye-noi
artist,1165,mutoriah-serro,mutoriah-serro
artist,1166,mutoriah-billy-black,mutoriah-billy-black
artist,1167,mutoriah-bensoul,mutoriah-bensoul
artist,1168,bryan-swazi-scar-mkadinali,bryan-swazi-scar-mkadinali
artist,1169,lilmaina-scar-mkadinali,lilmaina-scar-mkadinali
artist,117,dj-maphorisa,dj-maphorisa
artist,1170,wangechi-scar-mkadinali-domani-mkadinali-sewersydaa,wangechi-scar-mkadinali-domani-mkadinali-sewersydaa
artist,1171,mr-seed-scar-mkadinali,mr-seed-scar-mkadinali
artist,1172,ritzy-scar-mkadinali-wakadinali,ritzy-scar-mkadinali-wakadinali
artist,1173,wyre-gramps-morgan-peetah-morgan,wyre-gramps-morgan-peetah-morgan
artist,1174,wyre-j-b-maina,wyre-j-b-maina
artist,1175,wyre-alaine,wyre-alaine
artist,1176,wyre-luciano,wyre-luciano
artist,1177,wyre-cecile,wyre-cecile
artist,1178,pam-wyre-nyashinski-abass-jua-cali-nameless,pam-wyre-nyashinski-abass-jua-cali-nameless
artist,1179,boutross-juicee-mann,boutross-juicee-mann
artist,118,dj-merv,dj-merv
artist,1180,boutross-1da-banton-konshens-juicee-mann,boutross-1da-banton-konshens-juicee-mann
artist,1181,dtx-fena-gitu-mr-tee-boutross,dtx-fena-gitu-mr-tee-boutross
artist,1182,boutross-lilmaina,boutross-lilmaina
artist,1183,boutross-savara-fathermoh,boutross-savara-fathermoh
artist,1184,boutross-wakadinali,boutross-wakadinali
artist,1185,blaiz-fayah-boutross-mafio-house,blaiz-fayah-boutross-mafio-house
artist,1186,lilmaina-ajay-boutross,lilmaina-ajay-boutross
artist,1187,wangechi-domani-mkadinali,wangechi-domani-mkadinali
artist,1188,wangechi-scar-mkadinali,wangechi-scar-mkadinali
artist,1189,femi-one-wangechi,femi-one-wangechi
artist,119,dj-moon-ke,dj-moon-ke
artist,1190,wangechi-scar-mkadinali-wendy-kay,wangechi-scar-mkadinali-wendy-kay
artist,1191,wangechi-buruklyn-boyz,wangechi-buruklyn-boyz
artist,1192,teslah-king-kaka,teslah-king-kaka
artist,1193,vic-west-teslah,vic-west-teslah
artist,1194,dtx-joefes-teslah-unspoken-salaton,dtx-joefes-teslah-unspoken-salaton
artist,1195,vic-west-brandy-maina-teslah-ssaru,vic-west-brandy-maina-teslah-ssaru
artist,1196,teslah-wanjine,teslah-wanjine
artist,1197,teslah-bensoul,teslah-bensoul
artist,1198,teslah-unspoken-salaton-mordecai-dex,teslah-unspoken-salaton-mordecai-dex
artist,1199,teslah-iyanii-unspoken-salaton,teslah-iyanii-unspoken-salaton
artist,12,afamefuna,afamefuna
artist,120,dj-mura,dj-mura
artist,1200,buruklyn-boyz-big-yasa-double-trouble-young-nc,buruklyn-boyz-big-yasa-double-trouble-young-nc
artist,1201,buruklyn-boyz-ajay,buruklyn-boyz-ajay
artist,1202,buruklyn-boyz-ajay-sewer-sydaa,buruklyn-boyz-ajay-sewer-sydaa
artist,1203,buruklyn-boyz-ajay-mr-right,buruklyn-boyz-ajay-mr-right
artist,1204,lilmaina-buruklyn-boyz,lilmaina-buruklyn-boyz
artist,1205,juliani-mc-l-c,juliani-mc-l-c
artist,1206,willis-chimano-chimano,willis-chimano-chimano
artist,1207,e-sir-big-pin-k-rupt,e-sir-big-pin-k-rupt
artist,1208,e-sir-nameless,e-sir-nameless
artist,1209,e-sir-talia-oyando,e-sir-talia-oyando
artist,121,dj-tunez,dj-tunez
artist,1210,e-sir-mr-lenny,e-sir-mr-lenny
artist,1211,e-sir-brenda,e-sir-brenda
artist,1212,e-sir-big-pin,e-sir-big-pin
artist,1213,kleptomaniax-mr-lenny,kleptomaniax-mr-lenny
artist,1214,kleptomaniax-professor-jay,kleptomaniax-professor-jay
artist,1215,ayub-ogada-trevor-warren,ayub-ogada-trevor-warren
artist,1216,maovete-kitu-sewer,maovete-kitu-sewer
artist,1217,maovete-kitu-sewer-jayhilz,maovete-kitu-sewer-jayhilz
artist,1218,maovete-kitu-sewer-roba-kalamashaka,maovete-kitu-sewer-roba-kalamashaka
artist,1219,unspoken-salaton-joefes,unspoken-salaton-joefes
artist,122,dj-wizzy-254,dj-wizzy-254
artist,1220,joefes-unspoken-salaton-mzagatas-mzagla-pilato-macheda,joefes-unspoken-salaton-mzagatas-mzagla-pilato-macheda
artist,1221,joefes-theluchi-unspoken-salaton-iphoolish,joefes-theluchi-unspoken-salaton-iphoolish
artist,1222,fathermoh-joefes,fathermoh-joefes
artist,1223,joefes-fathermoh-vic-west,joefes-fathermoh-vic-west
artist,1224,sailors-254-joefes,sailors-254-joefes
artist,1225,josephyl-joefes,josephyl-joefes
artist,1226,odi-wa-muranga-joefes-josephyl,odi-wa-muranga-joefes-josephyl
artist,1227,kalamashaka-hardstone-one-ii-moja-na-nnoma-blak-imani,kalamashaka-hardstone-one-ii-moja-na-nnoma-blak-imani
artist,1228,pitson-karura-voices,pitson-karura-voices
artist,1229,june-gachui-khaligraph-jones,june-gachui-khaligraph-jones
artist,123,don-jazzy,don-jazzy
artist,1230,june-gachui-blinky-bill,june-gachui-blinky-bill
artist,1231,mackinlay-june-gachui-dan-sax,mackinlay-june-gachui-dan-sax
artist,1232,june-gachui-angie-gachui,june-gachui-angie-gachui
artist,1233,bensoul-wanavokali,bensoul-wanavokali
artist,1234,kethan-wanavokali,kethan-wanavokali
artist,1235,wanavokali-h_art-the-band,wanavokali-h_art-the-band
artist,1236,wanavokali-brandy-maina,wanavokali-brandy-maina
artist,1237,afamefuna-stacy-kamatu,afamefuna-stacy-kamatu
artist,1238,stacy-kamatu-aare,stacy-kamatu-aare
artist,1239,twan-stacy-kamatu,twan-stacy-kamatu
artist,124,don-toliver,don-toliver
artist,1240,we-are-nubia-zaituni-wambui,we-are-nubia-zaituni-wambui
artist,1241,willy-paul-alaine,willy-paul-alaine
artist,1242,willy-paul-bien-sautisol,willy-paul-bien-sautisol
artist,1243,willy-paul-jzyno,willy-paul-jzyno
artist,1244,willy-paul-miss-p,willy-paul-miss-p
artist,1245,willy-paul-marioo,willy-paul-marioo
artist,1246,willy-paul-nandy,willy-paul-nandy
artist,1247,benzema-kahuh-wakadinali-scar-mkadinali-rojay,benzema-kahuh-wakadinali-scar-mkadinali-rojay
artist,1248,karun-mombru-kahuh,karun-mombru-kahuh
artist,1249,kahuh-chris-kaiga,kahuh-chris-kaiga
artist,125,donna-tella,donna-tella
artist,1250,kahuh-boutross,kahuh-boutross
artist,1251,eladio-carrion-brytiago,eladio-carrion-brytiago
artist,1252,victor-mendivil-eladio-carrion,victor-mendivil-eladio-carrion
artist,1253,eladio-carrion-bad-bunny,eladio-carrion-bad-bunny
artist,1254,bizarrap-eladio-carrion,bizarrap-eladio-carrion
artist,1255,eladio-carrion,eladio-carrion
artist,1256,eladio-carrion-rels-b,eladio-carrion-rels-b
artist,1257,yannc-darkiel-eladio-carrion-brray-myke-towers,yannc-darkiel-eladio-carrion-brray-myke-towers
artist,1258,krg-the-don-daddy-andre-dufla-diligon,krg-the-don-daddy-andre-dufla-diligon
artist,1259,ambassada-pallaso-krg-the-don,ambassada-pallaso-krg-the-don
artist,126,dr-reign,dr-reign
artist,1260,mbogi-genje-krg-the-don-dj-lyta,mbogi-genje-krg-the-don-dj-lyta
artist,1261,mastar-vk-toxic-lyrikali,mastar-vk-toxic-lyrikali
artist,1262,mastar-vk-iano-ranking,mastar-vk-iano-ranking
artist,1263,breeder-lw-maandy-boutross-ssaru-mastar-vk,breeder-lw-maandy-boutross-ssaru-mastar-vk
artist,1264,unspoken-salaton-breeder-lw,unspoken-salaton-breeder-lw
artist,1265,unspoken-salaton-mbuzi-gang-diaso-rahmu,unspoken-salaton-mbuzi-gang-diaso-rahmu
artist,1266,unspoken-salaton-ybw-smith,unspoken-salaton-ybw-smith
artist,1267,fancy-fingers-frya,fancy-fingers-frya
artist,1268,olivetheboy-nature-fancy-fingers,olivetheboy-nature-fancy-fingers
artist,1269,fancy-fingers-lilmaina-harry-craze-ndovu-kuu-fathermoh-johnny-johnny,fancy-fingers-lilmaina-harry-craze-ndovu-kuu-fathermoh-johnny-johnny
artist,127,dtx,dtx
artist,1270,bien-fancy-fingers-nature,bien-fancy-fingers-nature
artist,1271,ochiko-fancy-fingers,ochiko-fancy-fingers
artist,1272,dwin-the-stoic-rhaffy-fancy-fingers,dwin-the-stoic-rhaffy-fancy-fingers
artist,1273,breeder-lw-fena-gitu,breeder-lw-fena-gitu
artist,1274,femi-one-king-kaka-mbithi,femi-one-king-kaka-mbithi
artist,1275,femi-one-nviiri,femi-one-nviiri
artist,1276,femi-one-njerae-brandy-maina,femi-one-njerae-brandy-maina
artist,1277,femi-one-domani-munga,femi-one-domani-munga
artist,1278,iyanii-femi-one-trio-mio,iyanii-femi-one-trio-mio
artist,1279,bigpin-katapilla,bigpin-katapilla
artist,128,dufla,dufla
artist,1280,katapilla-dranj,katapilla-dranj
artist,1281,shekina-karen-katapilla,shekina-karen-katapilla
artist,1282,palmer-1-katapilla,palmer-1-katapilla
artist,1283,just-ken-katapilla-scar-mkadinali,just-ken-katapilla-scar-mkadinali
artist,1284,tuku-kantu-v-be,tuku-kantu-v-be
artist,1285,v-be-gogo-ashley,v-be-gogo-ashley
artist,1286,v-be-ashley-music,v-be-ashley-music
artist,1287,v-be-nandy,v-be-nandy
artist,1288,v-be-vic-west,v-be-vic-west
artist,1289,sewersydaa-scar-sir-bwoy,sewersydaa-scar-sir-bwoy
artist,129,dwson,dwson
artist,1290,sewersydaa-mc-gijo,sewersydaa-mc-gijo
artist,1291,sewersydaa-sir-bwoy,sewersydaa-sir-bwoy
artist,1292,genes1s-soundkraft,genes1s-soundkraft
artist,1293,genes1s-ouma-wa-mafegi,genes1s-ouma-wa-mafegi
artist,1294,genes1s-kinoti-august-iv,genes1s-kinoti-august-iv
artist,1295,genes1s-brandy-maina,genes1s-brandy-maina
artist,1296,genes1s-lilmaina,genes1s-lilmaina
artist,1297,genes1s-ybw-smith-soundkraft,genes1s-ybw-smith-soundkraft
artist,1298,mordecai-dex-skoko,mordecai-dex-skoko
artist,1299,bensoul-mordecai-dex-okello-max,bensoul-mordecai-dex-okello-max
artist,13,ajay,ajay
artist,130,dyana-cods,dyana-cods
artist,1300,jua-cali-bussa-j-mbithi,jua-cali-bussa-j-mbithi
artist,1301,jua-cali-pilipili,jua-cali-pilipili
artist,1302,jua-cali-mahatma-nonini,jua-cali-mahatma-nonini
artist,1303,jua-cali-odi-wa-muranga-swat,jua-cali-odi-wa-muranga-swat
artist,1304,breeder-lw-bien,breeder-lw-bien
artist,1305,breeder-lw-trio-mio-uncojingjong-maandy,breeder-lw-trio-mio-uncojingjong-maandy
artist,1306,breeder-lw-ndovu-kuu-trio-mio,breeder-lw-ndovu-kuu-trio-mio
artist,1307,moroko-kalahari-kitu-sewer-abbas-doobeez-kswiss-gdash,moroko-kalahari-kitu-sewer-abbas-doobeez-kswiss-gdash
artist,1308,djungle-kitu-sewer,djungle-kitu-sewer
artist,1309,djungle-kitu-sewer-inkalamu,djungle-kitu-sewer-inkalamu
artist,131,dynaso-wegoso,dynaso-wegoso
artist,1310,djungle-kitu-sewer-virusi-mbaya,djungle-kitu-sewer-virusi-mbaya
artist,1311,dizasta-vina-kaa-la-moto,dizasta-vina-kaa-la-moto
artist,1312,kaa-la-moto-boutross,kaa-la-moto-boutross
artist,1313,kaa-la-moto-simba-zee-black-mtengwa-tricks-tylo-mi-chibo-dee-survivor-musa-kiama-young-njita-ohms-law-montana-emkay64-reagan-dandy,kaa-la-moto-simba-zee-black-mtengwa-tricks-tylo-mi-chibo-dee-survivor-musa-kiama-young-njita-ohms-law-montana-emkay64-reagan-dandy
artist,1314,kaa-la-moto-kama-k-shaka,kaa-la-moto-kama-k-shaka
artist,1315,kaa-la-moto-songa,kaa-la-moto-songa
artist,1316,kaa-la-moto-okello-max,kaa-la-moto-okello-max
artist,1317,kaa-la-moto-ssaru-boutross,kaa-la-moto-ssaru-boutross
artist,1318,kaa-la-moto-jua-cali-nikki-mbishi,kaa-la-moto-jua-cali-nikki-mbishi
artist,1319,kaa-la-moto-double-gang,kaa-la-moto-double-gang
artist,132,e-sir,e-sir
artist,1320,tangaza-maya-amolo-joshua-baraka,tangaza-maya-amolo-joshua-baraka
artist,1321,maya-amolo-kalibwani,maya-amolo-kalibwani
artist,1322,maya-amolo-aylu00d8,maya-amolo-aylu00d8
artist,1323,sentu00e9-maya-amolo,sentu00e9-maya-amolo
artist,1324,maya-amolo-ywaya-tajiri,maya-amolo-ywaya-tajiri
artist,1325,xavier-omu00e4r-xenia-manasseh,xavier-omu00e4r-xenia-manasseh
artist,1326,xenia-manasseh-karun,xenia-manasseh-karun
artist,1327,bensoul-xenia-manasseh,bensoul-xenia-manasseh
artist,1328,ukweli-xenia-manasseh,ukweli-xenia-manasseh
artist,1329,xenia-manasseh-colors,xenia-manasseh-colors
artist,133,eastboyrap,eastboyrap
artist,1330,afrobeats-central-oladapo-xenia-manasseh,afrobeats-central-oladapo-xenia-manasseh
artist,1331,masauti-khaligraph-jones,masauti-khaligraph-jones
artist,1332,ssaru-tipsy-gee-masauti,ssaru-tipsy-gee-masauti
artist,1333,masauti-nadia-mukami,masauti-nadia-mukami
artist,1334,masauti-arrow-bwoy,masauti-arrow-bwoy
artist,1335,masauti-jay-melody,masauti-jay-melody
artist,1336,exray-taniua-scar-mkadinali,exray-taniua-scar-mkadinali
artist,1337,exray-taniua-rekless-kristoff-zzero-sufuri-scar-mkadinali,exray-taniua-rekless-kristoff-zzero-sufuri-scar-mkadinali
artist,1338,exray-taniua-ajay-buruklynboyz-lilmaina,exray-taniua-ajay-buruklynboyz-lilmaina
artist,1339,exray-taniua-ndovu-kuu-mejja,exray-taniua-ndovu-kuu-mejja
artist,134,ebola-mkuu,ebola-mkuu
artist,1340,exray-taniua-omollo-odi-wa-muranga,exray-taniua-omollo-odi-wa-muranga
artist,1341,exray-taniua-karole-kasita,exray-taniua-karole-kasita
artist,1342,exray-taniua-trio-mio-ssaru,exray-taniua-trio-mio-ssaru
artist,1343,joefes-fathermoh-exray-taniua,joefes-fathermoh-exray-taniua
artist,1344,ally-fresh-dj-mura-k-e-ayrosh,ally-fresh-dj-mura-k-e-ayrosh
artist,1345,dj-mura-k-e-ywaya-tajiri,dj-mura-k-e-ywaya-tajiri
artist,1346,dj-mura-k-e-njerae,dj-mura-k-e-njerae
artist,1347,ally-fresh-dj-mura-k-e-njerae,ally-fresh-dj-mura-k-e-njerae
artist,1348,dyana-cods-femi-one,dyana-cods-femi-one
artist,1349,dyana-cods-wadaglizke,dyana-cods-wadaglizke
artist,135,echelon-beatz,echelon-beatz
artist,1350,dyana-cods-toxic-lyrikali,dyana-cods-toxic-lyrikali
artist,1351,khaligraph-jones-dyana-cods-abbas-kubaff-jakk-quill-ruyonga-fresh-like-uhh-mex-cortez,khaligraph-jones-dyana-cods-abbas-kubaff-jakk-quill-ruyonga-fresh-like-uhh-mex-cortez
artist,1352,dyana-cods-domani-munga,dyana-cods-domani-munga
artist,1353,dyana-cods-sewersydaa,dyana-cods-sewersydaa
artist,1354,dyana-cods-ajay-buruklynboyz,dyana-cods-ajay-buruklynboyz
artist,1355,tipsy-gee-dyana-cods,tipsy-gee-dyana-cods
artist,1356,toxic-lyrikali-countree-hype,toxic-lyrikali-countree-hype
artist,1357,toxic-lyrikali-mr-ree,toxic-lyrikali-mr-ree
artist,1358,thirtyfourbrick-mauru-gwash-toxic-lyrikali,thirtyfourbrick-mauru-gwash-toxic-lyrikali
artist,1359,elsy-wameyo-ywaya-tajiri,elsy-wameyo-ywaya-tajiri
artist,136,edgar-sandoval-jr,edgar-sandoval-jr
artist,1360,motez-elsy-wameyo,motez-elsy-wameyo
artist,1361,elsy-wameyo-mr-right,elsy-wameyo-mr-right
artist,1362,elsy-wameyo-khaligraph-jones,elsy-wameyo-khaligraph-jones
artist,1363,eric-wainaina-crystal-asige-juliani-freshley-mwamburi-gargar-television-mercy-masika-lelele-africa-nikita-kering,eric-wainaina-crystal-asige-juliani-freshley-mwamburi-gargar-television-mercy-masika-lelele-africa-nikita-kering
artist,1364,eric-wainaina-tlvsn-wanavokali,eric-wainaina-tlvsn-wanavokali
artist,1365,eric-wainaina-oliver-mtukudzi,eric-wainaina-oliver-mtukudzi
artist,1366,kethan-charisma,kethan-charisma
artist,1367,kinoti-kethan,kinoti-kethan
artist,1368,kethan-bridget-blue,kethan-bridget-blue
artist,1369,kethan-bensoul,kethan-bensoul
artist,137,ego-slimflow,ego-slimflow
artist,1370,kethan-watendawili,kethan-watendawili
artist,1371,swat-matire-fathermoh-shekina-karen,swat-matire-fathermoh-shekina-karen
artist,1372,swat-matire-shekina-karen,swat-matire-shekina-karen
artist,1373,swat-matire-wakali-wao,swat-matire-wakali-wao
artist,1374,swat-matire-iano-ranking,swat-matire-iano-ranking
artist,1375,fathermoh-swat-matire-harry-craze,fathermoh-swat-matire-harry-craze
artist,1376,africa-unit-swat-matire-ethic-entertainment,africa-unit-swat-matire-ethic-entertainment
artist,1377,swat-matire-band-beca,swat-matire-band-beca
artist,1378,kagwe-mungai-polaris-pauline,kagwe-mungai-polaris-pauline
artist,1379,kagwe-mungai-fena-gitu-mayonde-muthoni-drummer-queen,kagwe-mungai-fena-gitu-mayonde-muthoni-drummer-queen
artist,138,ekbeats,ekbeats
artist,1380,kagwe-mungai-benzema,kagwe-mungai-benzema
artist,1381,kagwe-mungai-naiboi,kagwe-mungai-naiboi
artist,1382,kagwe-mungai-niniola,kagwe-mungai-niniola
artist,1383,muthaka-chemutai-sage,muthaka-chemutai-sage
artist,1384,muthaka-brandy-maina-mbithi,muthaka-brandy-maina-mbithi
artist,1385,muthaka-lavosti,muthaka-lavosti
artist,1386,bensoul-muthaka,bensoul-muthaka
artist,1387,matata-liam-bailey,matata-liam-bailey
artist,1388,matata-sauti-sol,matata-sauti-sol
artist,1389,matata-nviiri-the-storyteller-bensoul,matata-nviiri-the-storyteller-bensoul
artist,139,eko-dydda,eko-dydda
artist,1390,mutoriah-ayrosh-10tonnes,mutoriah-ayrosh-10tonnes
artist,1391,ayrosh-xtatic,ayrosh-xtatic
artist,1392,ayrosh-okello-max-hornsphere,ayrosh-okello-max-hornsphere
artist,1393,suraj-team-distant-ayrosh,suraj-team-distant-ayrosh
artist,1394,ayrosh-muringi,ayrosh-muringi
artist,1395,uncojingjong-keiysha-bibo,uncojingjong-keiysha-bibo
artist,1396,uncojingjong-ndovu-kuu-exray-taniua,uncojingjong-ndovu-kuu-exray-taniua
artist,1397,ochungulo-family-exray-taniua-gwaash,ochungulo-family-exray-taniua-gwaash
artist,1398,ochungulo-family-kansoul,ochungulo-family-kansoul
artist,1399,ochungulo-family-ethic-jh972,ochungulo-family-ethic-jh972
artist,140,elani,elani
artist,1400,octopizzo-vicmass-luodollar,octopizzo-vicmass-luodollar
artist,1401,octopizzo-buruklyn-boyz,octopizzo-buruklyn-boyz
artist,1402,chemutai-sage-octopizzo-sage,chemutai-sage-octopizzo-sage
artist,1403,octopizzo-sailors,octopizzo-sailors
artist,1404,sabi-wu-chiefgeng,sabi-wu-chiefgeng
artist,1405,sabi-wu-lilmaina,sabi-wu-lilmaina
artist,1406,sabi-wu-mrema,sabi-wu-mrema
artist,1407,sabi-wu-djprodluigi-thirtyfourbrick-mauru-gwash,sabi-wu-djprodluigi-thirtyfourbrick-mauru-gwash
artist,1408,sabi-wu-kahuh-korb,sabi-wu-kahuh-korb
artist,1409,sabi-wu-korb-ouma-wa-mafegi,sabi-wu-korb-ouma-wa-mafegi
artist,141,eli-fola,eli-fola
artist,1410,mbuzi-gang-drip-eye-harry-craze,mbuzi-gang-drip-eye-harry-craze
artist,1411,mbuzi-gang-fik-fameica,mbuzi-gang-fik-fameica
artist,1412,mbuzi-gang-mejja,mbuzi-gang-mejja
artist,1413,mbuzi-gang-gabu-naiboi-kristoff-john-blaq-frasha-wyre-felista-di-superstar,mbuzi-gang-gabu-naiboi-kristoff-john-blaq-frasha-wyre-felista-di-superstar
artist,1414,mbuzi-gang-mejja-marty-a,mbuzi-gang-mejja-marty-a
artist,1415,mbuzi-gang-jovial,mbuzi-gang-jovial
artist,1416,mbuzi-gang-lamaz-span-kob,mbuzi-gang-lamaz-span-kob
artist,1417,mbuzi-gang-swat-matire-exray-taniua-ssaru-dullah,mbuzi-gang-swat-matire-exray-taniua-ssaru-dullah
artist,1418,brandy-maina-zaituni-wambui,brandy-maina-zaituni-wambui
artist,1419,brandy-maina-shee,brandy-maina-shee
artist,142,elisha-elai,elisha-elai
artist,1420,brandy-maina-okello-max,brandy-maina-okello-max
artist,1421,brandy-maina-x-o,brandy-maina-x-o
artist,1422,ochiko-okello-max-brandy-maina,ochiko-okello-max-brandy-maina
artist,1423,ethic-khaligraph-jones,ethic-khaligraph-jones
artist,1424,ethic-the-kansoul,ethic-the-kansoul
artist,1425,rudra-kartel-mbogi-genje-jeshi-jinga-nastie-nastie-cosmo-unruly-dog-van-don-ethic,rudra-kartel-mbogi-genje-jeshi-jinga-nastie-nastie-cosmo-unruly-dog-van-don-ethic
artist,1426,ssaru-fathermoh-motif-de-don,ssaru-fathermoh-motif-de-don
artist,1427,fathermoh-ssaru,fathermoh-ssaru
artist,1428,marioo-fathermoh-sean-mmg-ssaru-motif,marioo-fathermoh-sean-mmg-ssaru-motif
artist,1429,iyanii-fathermoh-sarabi,iyanii-fathermoh-sarabi
artist,143,ella-mai,ella-mai
artist,1430,dufla-fathermoh,dufla-fathermoh
artist,1431,garvin-mungai-israel-onyach,garvin-mungai-israel-onyach
artist,1432,ochiko-israel-onyach,ochiko-israel-onyach
artist,1433,musicaljillo-noel-grass-israel-onyach,musicaljillo-noel-grass-israel-onyach
artist,1434,shad-mziki-israel-onyach,shad-mziki-israel-onyach
artist,1435,israel-onyach-kinoti,israel-onyach-kinoti
artist,1436,iyanii-bien,iyanii-bien
artist,1437,dufla-iyanii,dufla-iyanii
artist,1438,mbogi-genje-kushman,mbogi-genje-kushman
artist,1439,fidel-rayd-kushman,fidel-rayd-kushman
artist,144,elsaphan-njora,elsaphan-njora
artist,1440,kushman-mc-rayan-the-dj,kushman-mc-rayan-the-dj
artist,1441,kushman-ochungulo-family-spider-clan-manzi-wa-kibera,kushman-ochungulo-family-spider-clan-manzi-wa-kibera
artist,1442,vinie-chwani-kushman-scar-mkadinali-wakadinali,vinie-chwani-kushman-scar-mkadinali-wakadinali
artist,1443,kushman-ssaru-benzema,kushman-ssaru-benzema
artist,1444,kushman-tipsy-gody-tenor,kushman-tipsy-gody-tenor
artist,1445,4mr-frank-white-ndovu-kuu,4mr-frank-white-ndovu-kuu
artist,1446,ndovu-kuu-vijana-barubaru,ndovu-kuu-vijana-barubaru
artist,1447,ndovu-kuu-bien,ndovu-kuu-bien
artist,1448,ndovu-kuu-lilmaina,ndovu-kuu-lilmaina
artist,1449,ndovu-kuu-khaligraph-jones-boutross-munene,ndovu-kuu-khaligraph-jones-boutross-munene
artist,145,elsy-wameyo,elsy-wameyo
artist,1450,rispek-ngoma-ndovu-kuu-spoiler,rispek-ngoma-ndovu-kuu-spoiler
artist,1451,ally-fresh-polaris-pauline,ally-fresh-polaris-pauline
artist,1452,moeazy-polaris-pauline-drop-boy,moeazy-polaris-pauline-drop-boy
artist,1453,rekles-ssaru-willis-raburu-breederlw-mejja,rekles-ssaru-willis-raburu-breederlw-mejja
artist,1454,breeder-lw-rekles-abbas-kubaff,breeder-lw-rekles-abbas-kubaff
artist,1455,rekles-mejja,rekles-mejja
artist,1456,vinc-on-the-beat-fathermoh-shekinah-karen,vinc-on-the-beat-fathermoh-shekinah-karen
artist,1457,topic-sofiya-nzau,topic-sofiya-nzau
artist,1458,sofiya-nzau-madism-robert-miles,sofiya-nzau-madism-robert-miles
artist,1459,zerb-sofiya-nzau-izzy-bizu,zerb-sofiya-nzau-izzy-bizu
artist,146,eminonso,eminonso
artist,1460,zerb-sofiya-nzau,zerb-sofiya-nzau
artist,1461,zerb-friends-sofiya-nzau,zerb-friends-sofiya-nzau
artist,1462,zerb-timmy-trumpet-sofiya-nzau,zerb-timmy-trumpet-sofiya-nzau
artist,1463,zerb-sofiya-nzau-tiu00ebsto,zerb-sofiya-nzau-tiu00ebsto
artist,1464,avaion-sofiya-nzau,avaion-sofiya-nzau
artist,1465,plsty-sofiya-nzau-antdot,plsty-sofiya-nzau-antdot
artist,1466,breeder-lw-ssaru,breeder-lw-ssaru
artist,1467,ssaru-trio-mio,ssaru-trio-mio
artist,1468,vic-west-fathermoh-ssaru,vic-west-fathermoh-ssaru
artist,1469,tipsy-gee-spoiler-soundkraft,tipsy-gee-spoiler-soundkraft
artist,147,emkay64,emkay64
artist,1470,tugen-finest-souls-tipsy-gee-zzero-sufuri-kiazala-generation,tugen-finest-souls-tipsy-gee-zzero-sufuri-kiazala-generation
artist,1471,tipsy-gee-parroty,tipsy-gee-parroty
artist,1472,tipsy-gee-watendawili-fathermoh,tipsy-gee-watendawili-fathermoh
artist,1473,spoiler-tipsy-gee,spoiler-tipsy-gee
artist,1474,tipsy-gee-malosh,tipsy-gee-malosh
artist,1475,breeder-lw-tipsy-gee-watendawili,breeder-lw-tipsy-gee-watendawili
artist,1476,trio-mio-scar-mkadinali,trio-mio-scar-mkadinali
artist,1477,trio-mio-mejja-exray-nellythegoon,trio-mio-mejja-exray-nellythegoon
artist,1478,trio-mio-savara,trio-mio-savara
artist,1479,trio-mio-breeder-lw,trio-mio-breeder-lw
artist,148,emmy-kosgei,emmy-kosgei
artist,1480,trio-mio-bensoul,trio-mio-bensoul
artist,1481,trio-mio-sean-mmg-ybw-smith,trio-mio-sean-mmg-ybw-smith
artist,1482,kappy-kushman-gody-tennor-trio-mio,kappy-kushman-gody-tennor-trio-mio
artist,1483,ukweli-kasha,ukweli-kasha
artist,1484,manana-lisa-oduor-noah-ukweli,manana-lisa-oduor-noah-ukweli
artist,1485,ochiko-ywaya-tajiri,ochiko-ywaya-tajiri
artist,1486,ywaya-tajiri-wambui-reiah,ywaya-tajiri-wambui-reiah
artist,1487,nameless-ywaya-tajiri,nameless-ywaya-tajiri
artist,1488,zzero-sufuri-femi-one,zzero-sufuri-femi-one
artist,1489,zzero-sufuri-breeder-lw-tipsy-gee-kushman-pedi-wa-magenge,zzero-sufuri-breeder-lw-tipsy-gee-kushman-pedi-wa-magenge
artist,149,eran-hersh,eran-hersh
artist,1490,zzero-sufuri-iyanii,zzero-sufuri-iyanii
artist,1491,zzero-sufuri-kadu,zzero-sufuri-kadu
artist,1492,lilmaina-ybw-smith,lilmaina-ybw-smith
artist,1493,lilmaina-danski,lilmaina-danski
artist,1494,lilmaina-nikita-kering,lilmaina-nikita-kering
artist,1495,lilmaina-mtap3li,lilmaina-mtap3li
artist,1496,soundkraft-lilmaina-mr-berry,soundkraft-lilmaina-mr-berry
artist,1497,lilmaina-sosatheprodigyy,lilmaina-sosatheprodigyy
artist,1498,lilmaina-sean-mmg-ybw-smith-danski,lilmaina-sean-mmg-ybw-smith-danski
artist,1499,itsyaba-coster-ojwang,itsyaba-coster-ojwang
artist,150,eric-wainaina,eric-wainaina
artist,1500,itsyaba,itsyaba
artist,1501,itsyaba-brian-sigu,itsyaba-brian-sigu
artist,1502,itsyaba-bien,itsyaba-bien
artist,1503,itsyaba-h_art-the-band,itsyaba-h_art-the-band
artist,1504,itsyaba-jefflawgan,itsyaba-jefflawgan
artist,1505,nviiri-the-storyteller-sanaipei-tande,nviiri-the-storyteller-sanaipei-tande
artist,1506,nviiri-the-storyteller-ray-gee,nviiri-the-storyteller-ray-gee
artist,1507,nviiri-the-storyteller-bien-bensoul,nviiri-the-storyteller-bien-bensoul
artist,1508,nviiri-the-storyteller-bien,nviiri-the-storyteller-bien
artist,1509,masterpiece-king-scar-mkadinali,masterpiece-king-scar-mkadinali
artist,151,eshconinco,eshconinco
artist,1510,masterpiece-king-lil-maina-ares-66-jaydonga,masterpiece-king-lil-maina-ares-66-jaydonga
artist,1511,masterpiece-king-domani-mkadinali,masterpiece-king-domani-mkadinali
artist,1512,masterpiece-king-kgg-sewersyda-mkadinali,masterpiece-king-kgg-sewersyda-mkadinali
artist,1513,masterpiece-king-wakadinali,masterpiece-king-wakadinali
artist,1514,masterpiece-king-kgg-scar-mkadinali,masterpiece-king-kgg-scar-mkadinali
artist,1515,masterpiece-king-abass-kubaff-scar-mkadinali,masterpiece-king-abass-kubaff-scar-mkadinali
artist,1516,amani,amani
artist,1517,pam,pam
artist,1518,abbas-kubaff,abbas-kubaff
artist,1519,lamaz-span-k-o-b,lamaz-span-k-o-b
artist,152,ethic,ethic
artist,1520,aaron-rimbui,aaron-rimbui
artist,1521,sirbwoy,sirbwoy
artist,1522,andrew-kibe,andrew-kibe
artist,1523,ares-66,ares-66
artist,1524,kotrell,kotrell
artist,1525,prince-indah,prince-indah
artist,1526,rayvanny,rayvanny
artist,1527,jovial,jovial
artist,1528,jinku,jinku
artist,1529,m%c2%b3,m%c2%b3
artist,1530,tetu-shani,tetu-shani
artist,1531,junior-nyongo,junior-nyongo
artist,1532,kato-change,kato-change
artist,1533,ea-wave,ea-wave
artist,1534,camp-mulla,camp-mulla
artist,1535,childish-gambino,childish-gambino
artist,1536,dai,dai
artist,1537,tezzla,tezzla
artist,1538,onedown,onedown
artist,1539,zippie-nyumu,zippie-nyumu
artist,154,euggy,euggy
artist,1540,dj-mura-k-e,dj-mura-k-e
artist,1541,the-safari-oontz-collective,the-safari-oontz-collective
artist,1542,djaypaps,djaypaps
artist,1543,braines,braines
artist,1544,kamushez,kamushez
artist,1545,cucu-wakomu,cucu-wakomu
artist,1546,udulele,udulele
artist,1547,darassa,darassa
artist,1548,anariko,anariko
artist,1549,patrick-serro,patrick-serro
artist,155,ewoton,ewoton
artist,1550,foozak,foozak
artist,1551,dj-tomer,dj-tomer
artist,1552,ricardo-gi,ricardo-gi
artist,1553,kumkani,kumkani
artist,1554,atmos-blaq,atmos-blaq
artist,1555,breyth,breyth
artist,1556,native-p,native-p
artist,1557,lilocox,lilocox
artist,1558,dino-and-terry,dino-and-terry
artist,1559,gumz,gumz
artist,156,exceed042,exceed042
artist,1560,kgzoo,kgzoo
artist,1561,gil-bokobza,gil-bokobza
artist,1562,ally-fresh,ally-fresh
artist,1563,hihi,hihi
artist,1564,akeine,akeine
artist,1565,jay-james,jay-james
artist,1566,turunesh,turunesh
artist,1567,brizy-annechild,brizy-annechild
artist,1568,lady-jaydee,lady-jaydee
artist,1569,zuchu,zuchu
artist,157,exray-taniua,exray-taniua
artist,1570,hske,hske
artist,1571,muthoni-drummer-queen,muthoni-drummer-queen
artist,1572,blinky,blinky
artist,1573,fena,fena
artist,1574,kagwe,kagwe
artist,1575,mdq,mdq
artist,1576,elijah-kitaka,elijah-kitaka
artist,1577,kristoff,kristoff
artist,1578,rich-mavoko,rich-mavoko
artist,1579,lexsil,lexsil
artist,158,faceless,faceless
artist,1580,sanaipei,sanaipei
artist,1581,meddy,meddy
artist,1582,ruby,ruby
artist,1583,jux,jux
artist,1584,putumayo,putumayo
artist,1585,patoranking,patoranking
artist,1586,amlyoto,amlyoto
artist,1587,nge-the-producer,nge-the-producer
artist,1588,mauimoon,mauimoon
artist,1589,la-soulchyld,la-soulchyld
artist,159,fancy-fingers,fancy-fingers
artist,1590,tangaza,tangaza
artist,1591,ugyn,ugyn
artist,1592,nigga-shawn,nigga-shawn
artist,1593,deyvion,deyvion
artist,1594,danski,danski
artist,1595,sosatheprodigyy,sosatheprodigyy
artist,1596,da-capo,da-capo
artist,1597,theonlyrosa,theonlyrosa
artist,1598,nina-ogot,nina-ogot
artist,1599,goldlink,goldlink
artist,16,alikiba,alikiba
artist,160,fathermoh,fathermoh
artist,1600,fuse-odg,fuse-odg
artist,1601,ossie,ossie
artist,1602,nature,nature
artist,1603,sarah-mitaru,sarah-mitaru
artist,1604,wambura-mitaru,wambura-mitaru
artist,1605,becky,becky
artist,1606,faygos-paradise,faygos-paradise
artist,1607,aliye,aliye
artist,1608,noi,noi
artist,1609,bryan-swazi,bryan-swazi
artist,161,fave,fave
artist,1610,domani-mkadinali,domani-mkadinali
artist,1611,ritzy,ritzy
artist,1612,gramps-morgan,gramps-morgan
artist,1613,peetah-morgan,peetah-morgan
artist,1614,j-b-maina,j-b-maina
artist,1615,alaine,alaine
artist,1616,luciano,luciano
artist,1617,cecile,cecile
artist,1618,abass,abass
artist,1619,juicee-mann,juicee-mann
artist,162,feddy-njuki,feddy-njuki
artist,1620,1da-banton,1da-banton
artist,1621,konshens,konshens
artist,1622,blaiz-fayah,blaiz-fayah
artist,1623,mafio-house,mafio-house
artist,1624,double-trouble,double-trouble
artist,1625,young-nc,young-nc
artist,1626,sewer-sydaa,sewer-sydaa
artist,1627,mc-l-c,mc-l-c
artist,1628,big-pin,big-pin
artist,1629,k-rupt,k-rupt
artist,163,femi-one,femi-one
artist,1630,talia-oyando,talia-oyando
artist,1631,mr-lenny,mr-lenny
artist,1632,brenda,brenda
artist,1633,professor-jay,professor-jay
artist,1634,trevor-warren,trevor-warren
artist,1635,jayhilz,jayhilz
artist,1636,roba-kalamashaka,roba-kalamashaka
artist,1637,mzagatas-mzagla,mzagatas-mzagla
artist,1638,pilato-macheda,pilato-macheda
artist,1639,hardstone,hardstone
artist,164,fena-gitu,fena-gitu
artist,1640,one-ii-moja,one-ii-moja
artist,1641,na-nnoma,na-nnoma
artist,1642,blak-imani,blak-imani
artist,1643,pitson,pitson
artist,1644,mackinlay,mackinlay
artist,1645,angie-gachui,angie-gachui
artist,1646,aare,aare
artist,1647,twan,twan
artist,1648,bien-sautisol,bien-sautisol
artist,1649,miss-p,miss-p
artist,165,fidel-rayd,fidel-rayd
artist,1650,nandy,nandy
artist,1651,rojay,rojay
artist,1652,mombru,mombru
artist,1653,brytiago,brytiago
artist,1654,victor-mendivil,victor-mendivil
artist,1655,bad-bunny,bad-bunny
artist,1656,bizarrap,bizarrap
artist,1657,rels-b,rels-b
artist,1658,yannc,yannc
artist,1659,darkiel,darkiel
artist,166,flier,flier
artist,1660,brray,brray
artist,1661,myke-towers,myke-towers
artist,1662,daddy-andre,daddy-andre
artist,1663,dufla-diligon,dufla-diligon
artist,1664,ambassada,ambassada
artist,1665,pallaso,pallaso
artist,1666,mbogi-genje,mbogi-genje
artist,1667,dj-lyta,dj-lyta
artist,1668,iano-ranking,iano-ranking
artist,1669,frya,frya
artist,167,focalistic,focalistic
artist,1670,johnny-johnny,johnny-johnny
artist,1671,dwin,dwin
artist,1672,the-stoic,the-stoic
artist,1673,rhaffy,rhaffy
artist,1674,nviiri,nviiri
artist,1675,domani-munga,domani-munga
artist,1676,bigpin,bigpin
artist,1677,dranj,dranj
artist,1678,palmer-1,palmer-1
artist,1679,just-ken,just-ken
artist,168,fredo,fredo
artist,1680,gogo-ashley,gogo-ashley
artist,1681,ashley-music,ashley-music
artist,1682,scar,scar
artist,1683,sir-bwoy,sir-bwoy
artist,1684,mc-gijo,mc-gijo
artist,1685,ouma-wa-mafegi,ouma-wa-mafegi
artist,1686,august-iv,august-iv
artist,1687,skoko,skoko
artist,1688,bussa-j,bussa-j
artist,1689,pilipili,pilipili
artist,169,fredrick-mulla,fredrick-mulla
artist,1690,mahatma,mahatma
artist,1691,nonini,nonini
artist,1692,swat,swat
artist,1693,moroko-kalahari,moroko-kalahari
artist,1694,abbas-doobeez,abbas-doobeez
artist,1695,kswiss,kswiss
artist,1696,gdash,gdash
artist,1697,djungle,djungle
artist,1698,inkalamu,inkalamu
artist,1699,dizasta-vina,dizasta-vina
artist,17,alkimizta,alkimizta
artist,170,from-the-hood-music,from-the-hood-music
artist,1700,simba-zee,simba-zee
artist,1701,black-mtengwa,black-mtengwa
artist,1702,tricks,tricks
artist,1703,tylo-mi,tylo-mi
artist,1704,chibo-dee,chibo-dee
artist,1705,survivor,survivor
artist,1706,musa-kiama,musa-kiama
artist,1707,young-njita,young-njita
artist,1708,ohms-law-montana,ohms-law-montana
artist,1709,reagan-dandy,reagan-dandy
artist,171,ftears,ftears
artist,1710,kama-k-shaka,kama-k-shaka
artist,1711,songa,songa
artist,1712,nikki-mbishi,nikki-mbishi
artist,1713,double-gang,double-gang
artist,1714,kalibwani,kalibwani
artist,1715,aylu00d8,aylu00d8
artist,1716,sentu00e9,sentu00e9
artist,1717,xavier-omu00e4r,xavier-omu00e4r
artist,1718,afrobeats-central,afrobeats-central
artist,1719,oladapo,oladapo
artist,172,g-herbo,g-herbo
artist,1720,rekless,rekless
artist,1721,omollo,omollo
artist,1722,jakk-quill,jakk-quill
artist,1723,ruyonga,ruyonga
artist,1724,fresh-like-uhh,fresh-like-uhh
artist,1725,mex-cortez,mex-cortez
artist,1726,mr-ree,mr-ree
artist,1727,thirtyfourbrick,thirtyfourbrick
artist,1728,motez,motez
artist,1729,freshley-mwamburi,freshley-mwamburi
artist,173,garvin-muigai,garvin-muigai
artist,1730,gargar,gargar
artist,1731,television,television
artist,1732,mercy-masika,mercy-masika
artist,1733,lelele-africa,lelele-africa
artist,1734,tlvsn,tlvsn
artist,1735,oliver-mtukudzi,oliver-mtukudzi
artist,1736,wakali-wao,wakali-wao
artist,1737,africa-unit,africa-unit
artist,1738,band-beca,band-beca
artist,1739,niniola,niniola
artist,1740,lavosti,lavosti
artist,1741,liam-bailey,liam-bailey
artist,1742,10tonnes,10tonnes
artist,1743,xtatic,xtatic
artist,1744,team-distant,team-distant
artist,1745,keiysha,keiysha
artist,1746,bibo,bibo
artist,1747,kansoul,kansoul
artist,1748,vicmass-luodollar,vicmass-luodollar
artist,1749,sage,sage
artist,175,genes1s,genes1s
artist,1750,sailors,sailors
artist,1751,chiefgeng,chiefgeng
artist,1752,mrema,mrema
artist,1753,djprodluigi,djprodluigi
artist,1754,korb,korb
artist,1755,drip-eye,drip-eye
artist,1756,fik-fameica,fik-fameica
artist,1757,gabu,gabu
artist,1758,john-blaq,john-blaq
artist,1759,frasha,frasha
artist,176,glauko,glauko
artist,1760,felista-di-superstar,felista-di-superstar
artist,1761,marty-a,marty-a
artist,1762,lamaz-span-kob,lamaz-span-kob
artist,1763,dullah,dullah
artist,1764,shee,shee
artist,1765,the-kansoul,the-kansoul
artist,1766,rudra-kartel,rudra-kartel
artist,1767,jeshi-jinga,jeshi-jinga
artist,1768,cosmo,cosmo
artist,1769,unruly-dog,unruly-dog
artist,177,gloria-bugie,gloria-bugie
artist,1770,van-don,van-don
artist,1771,motif-de-don,motif-de-don
artist,1772,motif,motif
artist,1773,sarabi,sarabi
artist,1774,garvin-mungai,garvin-mungai
artist,1775,musicaljillo,musicaljillo
artist,1776,noel-grass,noel-grass
artist,1777,mc-rayan-the-dj,mc-rayan-the-dj
artist,1778,spider-clan,spider-clan
artist,1779,manzi-wa-kibera,manzi-wa-kibera
artist,178,gody-tennor,gody-tennor
artist,1780,vinie-chwani,vinie-chwani
artist,1781,tipsy,tipsy
artist,1782,gody-tenor,gody-tenor
artist,1783,vijana-barubaru,vijana-barubaru
artist,1784,boutross-munene,boutross-munene
artist,1785,moeazy,moeazy
artist,1786,drop-boy,drop-boy
artist,1787,willis-raburu,willis-raburu
artist,1788,breederlw,breederlw
artist,1789,vinc-on-the-beat,vinc-on-the-beat
artist,179,gonga-utat,gonga-utat
artist,1790,topic,topic
artist,1791,madism,madism
artist,1792,robert-miles,robert-miles
artist,1793,zerb,zerb
artist,1794,izzy-bizu,izzy-bizu
artist,1795,friends,friends
artist,1796,timmy-trumpet,timmy-trumpet
artist,1797,tiu00ebsto,tiu00ebsto
artist,1798,avaion,avaion
artist,1799,plsty,plsty
artist,18,alphajiri,alphajiri
artist,180,gwaash,gwaash
artist,1800,antdot,antdot
artist,1801,tugen-finest-souls,tugen-finest-souls
artist,1802,kiazala-generation,kiazala-generation
artist,1803,exray,exray
artist,1804,nellythegoon,nellythegoon
artist,1805,kasha,kasha
artist,1806,manana,manana
artist,1807,wambui-reiah,wambui-reiah
artist,1808,kushman-pedi-wa-magenge,kushman-pedi-wa-magenge
artist,1809,kadu,kadu
artist,181,h_art-the-band,h_art-the-band
artist,1810,mtap3li,mtap3li
artist,1811,mr-berry,mr-berry
artist,1812,brian-sigu,brian-sigu
artist,1813,jefflawgan,jefflawgan
artist,1814,ray-gee,ray-gee
artist,1815,jaydonga,jaydonga
artist,1816,kgg,kgg
artist,1817,sewersyda-mkadinali,sewersyda-mkadinali
artist,1818,abass-kubaff,abass-kubaff
artist,1819,muthaka-timothy-arinaitwe,muthaka-timothy-arinaitwe
artist,182,harry-craze,harry-craze
artist,1820,muthaka-barbara-wangui,muthaka-barbara-wangui
artist,1821,kethan-muthaka,kethan-muthaka
artist,1822,muthaka-emma-cheruto,muthaka-emma-cheruto
artist,1823,muthaka-mordecai-dex,muthaka-mordecai-dex
artist,1824,muthaka-fena-gitu,muthaka-fena-gitu
artist,1825,bensoul-hornsphere,bensoul-hornsphere
artist,1826,bensoul-lavosti,bensoul-lavosti
artist,1827,bensoul-savara-fancy-fingers,bensoul-savara-fancy-fingers
artist,1828,bensoul-bayanni,bensoul-bayanni
artist,1829,bensoul-jux,bensoul-jux
artist,183,heavy-cane,heavy-cane
artist,1830,bensoul-afronautiq,bensoul-afronautiq
artist,1831,muthaka-prayzzz,muthaka-prayzzz
artist,1832,idahams,idahams
artist,1833,idahams-ajebo-hustlers,idahams-ajebo-hustlers
artist,1834,idahams-xenia-manasseh,idahams-xenia-manasseh
artist,1835,idahams-zach-zoya,idahams-zach-zoya
artist,1836,idahams-muthaka,idahams-muthaka
artist,1837,idahams-metha4our-tugga-skii,idahams-metha4our-tugga-skii
artist,1838,barbara-wangui,barbara-wangui
artist,1839,emma-cheruto,emma-cheruto
artist,184,hereafter-us,hereafter-us
artist,1840,afronautiq,afronautiq
artist,1841,prayzzz,prayzzz
artist,1842,ajebo-hustlers,ajebo-hustlers
artist,1843,zach-zoya,zach-zoya
artist,1844,metha4our,metha4our
artist,1845,tugga-skii,tugga-skii
artist,1846,maureen-kunga-elani,maureen-kunga-elani
artist,1847,gufy-kinoti,gufy-kinoti
artist,1848,gufy-coster-ojwang,gufy-coster-ojwang
artist,1849,gufy-mutoriah,gufy-mutoriah
artist,185,hildah-watiri,hildah-watiri
artist,1850,gufy-maureen-kunga,gufy-maureen-kunga
artist,1851,octopizzo-narde,octopizzo-narde
artist,1852,octopizzo-idd-aziz,octopizzo-idd-aziz
artist,1853,maryolive-dakika-official,maryolive-dakika-official
artist,1854,euggy-winyo-idd-aziz,euggy-winyo-idd-aziz
artist,1855,euggy-frigid-armadillo-naak-bongi-silinda-tete,euggy-frigid-armadillo-naak-bongi-silinda-tete
artist,1856,euggy-argento-dust-nyamal-nyang,euggy-argento-dust-nyamal-nyang
artist,1857,euggy-winyo,euggy-winyo
artist,1858,euggy-tekniq-idd-aziz,euggy-tekniq-idd-aziz
artist,1859,euggy-mpho-wav-tina-ardor,euggy-mpho-wav-tina-ardor
artist,186,holly-valance,holly-valance
artist,1860,euggy-suraj-mumba-yachi,euggy-suraj-mumba-yachi
artist,1861,kato-change-winyo-suraj-kenza,kato-change-winyo-suraj-kenza
artist,1862,kato-change-winyo-suraj-euggy-dylan-s,kato-change-winyo-suraj-euggy-dylan-s
artist,1863,kato-change-winyo-suraj-mpho-wav,kato-change-winyo-suraj-mpho-wav
artist,1864,kato-change-winyo-suraj-da-africa-deep,kato-change-winyo-suraj-da-africa-deep
artist,1865,kato-change-winyo-suraj-tefo-foxx,kato-change-winyo-suraj-tefo-foxx
artist,1866,punk-mbedzi-euggy-akoth-jumadi-frigid-armadillo,punk-mbedzi-euggy-akoth-jumadi-frigid-armadillo
artist,1867,punk-mbedzi-rumby-praises,punk-mbedzi-rumby-praises
artist,1868,punk-mbedzi-keys-snow-mj-sings-murphy-cubic,punk-mbedzi-keys-snow-mj-sings-murphy-cubic
artist,1869,punk-mbedzi-vanco-azana,punk-mbedzi-vanco-azana
artist,187,hood-boyz,hood-boyz
artist,1870,punk-mbedzi-da-africa-deep-batundi,punk-mbedzi-da-africa-deep-batundi
artist,1871,punk-mbedzi-bongi-mvuyana,punk-mbedzi-bongi-mvuyana
artist,1872,punk-mbedzi-zikhona,punk-mbedzi-zikhona
artist,1873,punk-mbedzi-jamila,punk-mbedzi-jamila
artist,1874,punk-mbedzi-tazzy,punk-mbedzi-tazzy
artist,1875,punk-mbedzi-euggy-akoth-jumadi,punk-mbedzi-euggy-akoth-jumadi
artist,1876,emmanuel-jal-check-b-da-capo,emmanuel-jal-check-b-da-capo
artist,1877,emmanuel-jal-check-b-fnx-omar,emmanuel-jal-check-b-fnx-omar
artist,1878,emmanuel-jal-check-b-euggy,emmanuel-jal-check-b-euggy
artist,1879,emmanuel-jal-check-b-suraj,emmanuel-jal-check-b-suraj
artist,188,hornsphere,hornsphere
artist,1880,emmanuel-jal-check-b-caiiro,emmanuel-jal-check-b-caiiro
artist,1881,cateran,cateran
artist,1882,cateran-dylan-s,cateran-dylan-s
artist,1883,chris-blum-matt-lee,chris-blum-matt-lee
artist,1884,dat-schaub,dat-schaub
artist,1885,dylan-s-labdi,dylan-s-labdi
artist,1886,e-t-h-italy,e-t-h-italy
artist,1887,euggy-dylan-s-hatha,euggy-dylan-s-hatha
artist,1888,faiyaz-rahemtulla,faiyaz-rahemtulla
artist,1889,finesse-pe,finesse-pe
artist,189,hunxho,hunxho
artist,1890,finesse-pe-alejandro-cuestas,finesse-pe-alejandro-cuestas
artist,1891,jjbeteta,jjbeteta
artist,1892,madness-ba,madness-ba
artist,1893,lukea,lukea
artist,1894,marcelo-cura,marcelo-cura
artist,1895,marco-vinelli-pe-sebastian-poblete,marco-vinelli-pe-sebastian-poblete
artist,1896,mehlor,mehlor
artist,1897,monile,monile
artist,1898,nico_s,nico_s
artist,1899,plastic-vedran-komm,plastic-vedran-komm
artist,19,amaralux,amaralux
artist,190,ijamot,ijamot
artist,1900,radu-mirica,radu-mirica
artist,1901,raj-el-rey,raj-el-rey
artist,1902,rolhay,rolhay
artist,1903,simone-tagliabue,simone-tagliabue
artist,1904,son-of-elita,son-of-elita
artist,1905,tork-pineal,tork-pineal
artist,1906,unknomads,unknomads
artist,1907,unknown-artist,unknown-artist
artist,1908,yateme,yateme
artist,1909,zoux-omar-c,zoux-omar-c
artist,191,innarius,innarius
artist,1910,euggy-freedom-elementz,euggy-freedom-elementz
artist,1911,euggy-dylan-s,euggy-dylan-s
artist,1912,laolu,laolu
artist,1913,armonica,armonica
artist,1914,caiiro,caiiro
artist,1915,sifa,sifa
artist,1916,umami,umami
artist,1917,keene,keene
artist,1918,klement-bonelli,klement-bonelli
artist,1919,shimza,shimza
artist,192,iphoolish,iphoolish
artist,1920,dylan-s,dylan-s
artist,1921,vitu-shenzi,vitu-shenzi
artist,1922,saint-evo,saint-evo
artist,1923,xtetiqsoul,xtetiqsoul
artist,1924,max-doblhoff,max-doblhoff
artist,1925,stefan-obermaier,stefan-obermaier
artist,1926,lawrence-dix,lawrence-dix
artist,1927,makadem-euggy-sebastien-dutch,makadem-euggy-sebastien-dutch
artist,1928,makadem-jackson-brainwave,makadem-jackson-brainwave
artist,1929,makadem-104-bpm,makadem-104-bpm
artist,193,israel-onyach,israel-onyach
artist,1930,euggy-frisky-k,euggy-frisky-k
artist,1931,eleven-euwami-still-hatari-yah-listen,eleven-euwami-still-hatari-yah-listen
artist,1932,nyatelo,nyatelo
artist,1933,nyatelo-yah-listen,nyatelo-yah-listen
artist,1934,nyatelo-emjaay,nyatelo-emjaay
artist,1935,kayrop-yah-listen-jt-bulinda,kayrop-yah-listen-jt-bulinda
artist,1936,dj-mura-k-e-big-nyagz-yah-listen,dj-mura-k-e-big-nyagz-yah-listen
artist,1937,sun-wav-records-yah-listen,sun-wav-records-yah-listen
artist,1938,sun-wav-records-still-hatari-ray-don-drip-yah-listen,sun-wav-records-still-hatari-ray-don-drip-yah-listen
artist,1939,sun-wav-records-ray-don-drip-6ixteen-flow,sun-wav-records-ray-don-drip-6ixteen-flow
artist,194,itsbill,itsbill
artist,1940,sun-wav-records-ray-don-drip-6ixteen-flow-benzo-still-hatari-fraedy,sun-wav-records-ray-don-drip-6ixteen-flow-benzo-still-hatari-fraedy
artist,1941,sun-wav-records-ray-don-drip-sallow-still-hatari,sun-wav-records-ray-don-drip-sallow-still-hatari
artist,1942,sun-wav-records-yah-listen-still-hatari-ray-don-drip-eleven-euwami,sun-wav-records-yah-listen-still-hatari-ray-don-drip-eleven-euwami
artist,1943,sun-wav-records-still-hatari-evangelical-poems-ordain-spirituel-eleven-euwami,sun-wav-records-still-hatari-evangelical-poems-ordain-spirituel-eleven-euwami
artist,1944,sun-wav-records-evangelical-poems-ordain-spirituel-benzo,sun-wav-records-evangelical-poems-ordain-spirituel-benzo
artist,1945,sun-wav-records-yah-listen-ray-don-drip,sun-wav-records-yah-listen-ray-don-drip
artist,1946,sun-wav-records-yah-listen-still-hatari,sun-wav-records-yah-listen-still-hatari
artist,1947,sun-wav-records-yah-listen-eleven-euwami-still-hatari,sun-wav-records-yah-listen-eleven-euwami-still-hatari
artist,1948,sun-wav-records-rvmp-still-hatari-yah-listen-ray-don-drip,sun-wav-records-rvmp-still-hatari-yah-listen-ray-don-drip
artist,1949,brian-muok,brian-muok
artist,195,itsdeco,itsdeco
artist,1950,brian-muok-lb-el-presidente,brian-muok-lb-el-presidente
artist,1951,brian-muok-keit-kare,brian-muok-keit-kare
artist,1952,brian-muok-still-hatari-yah-listen,brian-muok-still-hatari-yah-listen
artist,1953,brian-muok-brandy-maina-ndunda,brian-muok-brandy-maina-ndunda
artist,1954,brian-muok-bars,brian-muok-bars
artist,1955,sun-wav-records-still-hatari-brian-muok-yah-listen-fraedy,sun-wav-records-still-hatari-brian-muok-yah-listen-fraedy
artist,1956,sun-wav-records-yah-listen-still-hatari-salincky-ray-don-drip-jt-bulinda,sun-wav-records-yah-listen-still-hatari-salincky-ray-don-drip-jt-bulinda
artist,1957,razor-man-yah-listen-andyah-maali,razor-man-yah-listen-andyah-maali
artist,1958,yah-listen-ray-don-drip-eleven,yah-listen-ray-don-drip-eleven
artist,1959,yah-listen-eleven,yah-listen-eleven
artist,1960,yah-listen-ray-don-drip-still-hatari-eleven,yah-listen-ray-don-drip-still-hatari-eleven
artist,1961,yah-listen-eleven-hardy,yah-listen-eleven-hardy
artist,1962,yah-listen-eleven-jt-bulinda-still-hatari,yah-listen-eleven-jt-bulinda-still-hatari
artist,1963,yah-listen-kayrop-jt-bulinda-still-hatari,yah-listen-kayrop-jt-bulinda-still-hatari
artist,1964,mejja-shee,mejja-shee
artist,1965,mejja-jay-melody,mejja-jay-melody
artist,1966,mejja-nadia-mukami,mejja-nadia-mukami
artist,1967,mejja-dyana-cods,mejja-dyana-cods
artist,1968,mejja-moha-madeh,mejja-moha-madeh
artist,1969,mejja-fik-fameica,mejja-fik-fameica
artist,197,ivana-wahala,ivana-wahala
artist,1970,mejja-ndovu-kuu-zzero-sufuri,mejja-ndovu-kuu-zzero-sufuri
artist,1971,bien-dj-edu,bien-dj-edu
artist,1972,bridget-blue-nikita-kering,bridget-blue-nikita-kering
artist,1973,khaligraph-jones-dyana-cods-abbas-kubaff,khaligraph-jones-dyana-cods-abbas-kubaff
artist,1974,khaligraph-jones-pozi,khaligraph-jones-pozi
artist,1975,alternate-sound,alternate-sound
artist,1976,mamba,mamba
artist,1977,lafayette-da1,lafayette-da1
artist,1978,bee-thee-artiste,bee-thee-artiste
artist,1979,ish-kevin,ish-kevin
artist,198,iyanah,iyanah
artist,1980,jivu,jivu
artist,1981,bien-alikiba,bien-alikiba
artist,1982,kamaa-kalamashaka,kamaa-kalamashaka
artist,1983,msito,msito
artist,1984,nyawira-alison,nyawira-alison
artist,1985,wenyeji,wenyeji
artist,1986,nem-r,nem-r
artist,1987,shazzy-b,shazzy-b
artist,1988,celine,celine
artist,1989,pain-killa,pain-killa
artist,199,iyanii,iyanii
artist,1990,alphablack,alphablack
artist,1991,biggie-thee-don,biggie-thee-don
artist,1992,dm-the-legend,dm-the-legend
artist,1993,fortune-teller,fortune-teller
artist,1994,tallam-tamzy,tallam-tamzy
artist,1995,p-tah,p-tah
artist,1996,narde,narde
artist,1997,tito-wagithomo,tito-wagithomo
artist,1998,idd-aziz,idd-aziz
artist,1999,maga,maga
artist,2,3n,3n
artist,20,angarita,angarita
artist,200,j-blessing,j-blessing
artist,2000,owino-kitoto,owino-kitoto
artist,2001,suzanna-owiyo,suzanna-owiyo
artist,2002,akoth-jumadi,akoth-jumadi
artist,2003,fanisi-band,fanisi-band
artist,2004,makadem,makadem
artist,2005,ach13ng,ach13ng
artist,2006,brian-simba,brian-simba
artist,2007,lilmaina-ybw-smith-danski,lilmaina-ybw-smith-danski
artist,2008,lilmaina-trio-mio,lilmaina-trio-mio
artist,2009,lilmaina-njeri,lilmaina-njeri
artist,201,j-nana,j-nana
artist,2010,njeri,njeri
artist,2011,lilmaina-spinx-mafia,lilmaina-spinx-mafia
artist,2012,mark-acairasan,mark-acairasan
artist,2013,albeezy,albeezy
artist,2014,don-diablo,don-diablo
artist,2015,ben-pol,ben-pol
artist,2016,thencho,thencho
artist,2017,nexxie-music,nexxie-music
artist,2018,barakah-the-prince,barakah-the-prince
artist,2019,kayvo-kforce,kayvo-kforce
artist,202,j-cole,j-cole
artist,2020,chali-watundu,chali-watundu
artist,2021,soweto-gospel-choir,soweto-gospel-choir
artist,2022,india-arie,india-arie
artist,2023,mortimer,mortimer
artist,2024,xenia,xenia
artist,2025,nhp,nhp
artist,2026,sho-madjozi,sho-madjozi
artist,2027,black-motion,black-motion
artist,2028,dj-mura-big-nyagz,dj-mura-big-nyagz
artist,2029,osanya,osanya
artist,203,j-martins,j-martins
artist,2030,ambasa-mandela,ambasa-mandela
artist,2031,qwiss,qwiss
artist,2032,ywayah,ywayah
artist,2033,matilda-hilda,matilda-hilda
artist,2034,apio-moro,apio-moro
artist,2035,swiga,swiga
artist,2036,domani,domani
artist,2037,juiceman-jinx,juiceman-jinx
artist,2038,daddy-owen,daddy-owen
artist,2039,bire,bire
artist,204,jabidii,jabidii
artist,2040,mwenyehaki,mwenyehaki
artist,2041,slejj,slejj
artist,2042,godson-jawabu,godson-jawabu
artist,2043,susan-wachira,susan-wachira
artist,2044,timeless-noel,timeless-noel
artist,2045,liz-thairu,liz-thairu
artist,2046,bonny-bones,bonny-bones
artist,2047,paul-clement,paul-clement
artist,2048,wakili-muthoni,wakili-muthoni
artist,2049,bugg,bugg
artist,205,jadi,jadi
artist,2050,njoki,njoki
artist,2051,lydia-ndwiga,lydia-ndwiga
artist,2052,joy-janice,joy-janice
artist,2053,karun-bigfootinyourface,karun-bigfootinyourface
artist,2054,hook,hook
artist,2055,redfourth-chorus,redfourth-chorus
artist,2056,collo,collo
artist,2057,hopekid,hopekid
artist,2058,niraj-naik,niraj-naik
artist,2059,muthoni-drummer-queen-blinky-bill,muthoni-drummer-queen-blinky-bill
artist,206,jae5,jae5
artist,2060,sagini,sagini
artist,2061,ycee,ycee
artist,2062,ray-c,ray-c
artist,2063,rostam,rostam
artist,2064,esco,esco
artist,2065,k-o,k-o
artist,2066,ria,ria
artist,2067,ridiq,ridiq
artist,2068,man-njoro,man-njoro
artist,2069,m-y-k,m-y-k
artist,207,janet-otieno,janet-otieno
artist,2070,ares66,ares66
artist,2071,young-haze,young-haze
artist,2072,benvic,benvic
artist,2073,dela,dela
artist,2074,femi-leye,femi-leye
artist,2075,ivy-alexander,ivy-alexander
artist,2076,kattapila,kattapila
artist,2077,donn-j,donn-j
artist,2078,brit-the-ruler,brit-the-ruler
artist,2079,shark-tank,shark-tank
artist,208,jason-derulo,jason-derulo
artist,2080,element-eleeeh,element-eleeeh
artist,2081,cosign-black,cosign-black
artist,2082,jaysoul,jaysoul
artist,2083,dj-wasabi,dj-wasabi
artist,2084,vidha-miseh,vidha-miseh
artist,2085,bobo,bobo
artist,2086,ila-nia,ila-nia
artist,2087,tribe-sessions,tribe-sessions
artist,2088,alpha-queen,alpha-queen
artist,2089,hiribae,hiribae
artist,209,jay-melody,jay-melody
artist,2090,ghedi,ghedi
artist,2091,aahil,aahil
artist,2092,kususa,kususa
artist,2093,barnaba,barnaba
artist,2094,ukweli-hiribae,ukweli-hiribae
artist,2095,blocka-beats-jiggy,blocka-beats-jiggy
artist,2096,blocka-beats,blocka-beats
artist,2097,jiggy,jiggy
artist,2098,blocka-beats-hiribae-ill-gee-jiggy,blocka-beats-hiribae-ill-gee-jiggy
artist,2099,ill-gee,ill-gee
artist,21,arrow-bwoy,arrow-bwoy
artist,210,jayce-cantor,jayce-cantor
artist,2100,suffocate-sa-ghedi-hiribae-ghedibae,suffocate-sa-ghedi-hiribae-ghedibae
artist,2101,suffocate-sa,suffocate-sa
artist,2102,ghedibae,ghedibae
artist,2103,june-on-the-moon,june-on-the-moon
artist,2104,dez,dez
artist,2105,mura-hiribae,mura-hiribae
artist,2106,dipa-konnection,dipa-konnection
artist,211,jaylo,jaylo
artist,212,jh972,jh972
artist,213,jimmy-cornrows,jimmy-cornrows
artist,214,joe-dwet-file,joe-dwet-file
artist,215,joefes,joefes
artist,216,joel-lwaga,joel-lwaga
artist,217,josephyl,josephyl
artist,218,joshua-baraka,joshua-baraka
artist,219,joy-njokey,joy-njokey
artist,22,aston,aston
artist,220,jua-cali,jua-cali
artist,222,juliani,juliani
artist,223,june-gachui,june-gachui
artist,224,just-a-band,just-a-band
artist,225,jzyno,jzyno
artist,226,kaa-la-moto,kaa-la-moto
artist,227,kabeaushe,kabeaushe
artist,228,kagwe-mungai,kagwe-mungai
artist,229,kahuh,kahuh
artist,23,astute-flow,astute-flow
artist,230,kahuti,kahuti
artist,231,kalamashaka,kalamashaka
artist,232,kamo-mphela,kamo-mphela
artist,233,kareem,kareem
artist,234,karole-kasita,karole-kasita
artist,235,karun,karun
artist,236,karura-voices,karura-voices
artist,237,katapilla,katapilla
artist,238,kayrop,kayrop
artist,239,kayumba,kayumba
artist,24,attara,attara
artist,240,keemlyf,keemlyf
artist,241,keith-wamz,keith-wamz
artist,242,kelechi-africana,kelechi-africana
artist,243,kelvin-harrison-jr,kelvin-harrison-jr
artist,244,kelvyn-boy,kelvyn-boy
artist,245,kemuel,kemuel
artist,246,kendi-kiremi,kendi-kiremi
artist,247,kendi-nkonge,kendi-nkonge
artist,248,kendrick-lamar,kendrick-lamar
artist,249,kenrazy,kenrazy
artist,25,audiosonik,audiosonik
artist,250,kethan,kethan
artist,251,keya-nemesis,keya-nemesis
artist,252,khaid,khaid
artist,253,khaligraph-jones,khaligraph-jones
artist,254,kidi,kidi
artist,255,killboy,killboy
artist,256,kilundeezy,kilundeezy
artist,257,king-kaka,king-kaka
artist,258,king-promise,king-promise
artist,259,kingskid,kingskid
artist,26,aylo,aylo
artist,260,kinoti,kinoti
artist,261,kitu-sewer,kitu-sewer
artist,262,kizz-daniel,kizz-daniel
artist,263,kleptomaniax,kleptomaniax
artist,264,kodongklan,kodongklan
artist,265,kojo-blak,kojo-blak
artist,266,kongo-studios,kongo-studios
artist,267,krg-the-don,krg-the-don
artist,27,ayrosh,ayrosh
artist,270,kwesi-arthur,kwesi-arthur
artist,271,lelaika,lelaika
artist,272,lenny,lenny
artist,273,lewis-fitzgerald,lewis-fitzgerald
artist,274,lil-maina,lil-maina
artist,276,lilsccrt,lilsccrt
artist,277,lind,lind
artist,278,linhy,linhy
artist,279,lisa-oduor-noah,lisa-oduor-noah
artist,28,ayub-ogada,ayub-ogada
artist,280,lojo,lojo
artist,281,lorde-sketchy,lorde-sketchy
artist,282,love-or-nothing,love-or-nothing
artist,283,luke-muzzic,luke-muzzic
artist,284,lusanda,lusanda
artist,285,lyonz-d3n,lyonz-d3n
artist,286,m-rumbi,m-rumbi
artist,287,maalaika,maalaika
artist,288,maali,maali
artist,289,maandy,maandy
artist,29,ayuni-nyapolo,ayuni-nyapolo
artist,290,macua,macua
artist,291,mad-clan,mad-clan
artist,292,mad-g,mad-g
artist,293,mad-g-odeya,mad-g-odeya
artist,294,madgaza,madgaza
artist,295,madiko,madiko
artist,296,madishu,madishu
artist,297,mainamind,mainamind
artist,298,malkia-ukweli-the-panopticon,malkia-ukweli-the-panopticon
artist,299,malosh,malosh
artist,3,4mr-frank-white,4mr-frank-white
artist,30,babble-hume,babble-hume
artist,300,mambo-brown,mambo-brown
artist,301,manasseh-shalom,manasseh-shalom
artist,302,maovete,maovete
artist,303,marc-biala,marc-biala
artist,304,marioo,marioo
artist,305,maryolive,maryolive
artist,306,masagara,masagara
artist,307,masauti,masauti
artist,308,mastar-vk,mastar-vk
artist,309,masterpiece-king,masterpiece-king
artist,31,bahati,bahati
artist,310,matata,matata
artist,311,matt-ngesa,matt-ngesa
artist,312,matthew-mole,matthew-mole
artist,313,mau-from-nowhere,mau-from-nowhere
artist,314,maureen-kunga,maureen-kunga
artist,315,mauru-gwash,mauru-gwash
artist,316,mavo-on-the-beat,mavo-on-the-beat
artist,317,maya-amolo,maya-amolo
artist,318,mayonde,mayonde
artist,319,mbali-the-real,mbali-the-real
artist,32,bayanni,bayanni
artist,320,mbithi,mbithi
artist,321,mbosso,mbosso
artist,322,mbuzi-gang,mbuzi-gang
artist,323,mejja,mejja
artist,324,mercer-henderson,mercer-henderson
artist,325,mid9t,mid9t
artist,326,mikeeysmind,mikeeysmind
artist,327,misho,misho
artist,328,mluo,mluo
artist,329,modest-chabari,modest-chabari
artist,33,bella-international,bella-international
artist,330,moji-shortbabaa,moji-shortbabaa
artist,331,moliy,moliy
artist,332,mondichino,mondichino
artist,333,mordecai-dex,mordecai-dex
artist,334,moti-the-nrg,moti-the-nrg
artist,335,mr-eazi,mr-eazi
artist,336,mr-pilato,mr-pilato
artist,337,mr-right,mr-right
artist,338,mr-seed,mr-seed
artist,339,mr-es-de,mr-es-de
artist,34,ben-rodrigues,ben-rodrigues
artist,340,mr-kagame,mr-kagame
artist,341,mr-tee,mr-tee
artist,342,mtv-shuga,mtv-shuga
artist,343,mumbi,mumbi
artist,344,mumo-beats,mumo-beats
artist,345,mura,mura
artist,346,muringi,muringi
artist,347,muruthi-myna,muruthi-myna
artist,348,muthaka,muthaka
artist,349,muthmagic,muthmagic
artist,35,bensoul,bensoul
artist,350,mutoriah,mutoriah
artist,351,mwanaa,mwanaa
artist,352,myztro,myztro
artist,353,njiru,njiru
artist,354,nadia-mukami,nadia-mukami
artist,355,naeku,naeku
artist,356,naffarioh,naffarioh
artist,357,naiboi,naiboi
artist,358,nameless,nameless
artist,359,nasboi,nasboi
artist,36,benzema,benzema
artist,360,nastie-nastie,nastie-nastie
artist,361,ndovu-kuu,ndovu-kuu
artist,362,nebulazz,nebulazz
artist,363,neliah,neliah
artist,364,nes-mburu,nes-mburu
artist,365,new-lore,new-lore
artist,366,ngovo-das,ngovo-das
artist,367,nightcore-to-the-moon,nightcore-to-the-moon
artist,368,nikita-kering,nikita-kering
artist,369,nina-calvert,nina-calvert
artist,37,benzoo,benzoo
artist,370,njerae,njerae
artist,371,njoki-karu,njoki-karu
artist,372,nkatha-muthoni,nkatha-muthoni
artist,373,nonini-mgenge2ru,nonini-mgenge2ru
artist,374,nora-fatehi,nora-fatehi
artist,375,noti-flow,noti-flow
artist,376,nsb,nsb
artist,377,nsg,nsg
artist,378,nviiri-the-storyteller,nviiri-the-storyteller
artist,379,nyashinski,nyashinski
artist,38,bhadboi-oml,bhadboi-oml
artist,380,ochiko,ochiko
artist,381,ochungulo-family,ochungulo-family
artist,382,octopizzo,octopizzo
artist,383,odi-wa-muranga,odi-wa-muranga
artist,384,officixl-rsa,officixl-rsa
artist,385,okello-max,okello-max
artist,386,olivetheboy,olivetheboy
artist,387,olivia,olivia
artist,388,omah-lay,omah-lay
artist,389,onlyonedelo,onlyonedelo
artist,39,bien,bien
artist,390,otile-brown,otile-brown
artist,391,p-square,p-square
artist,392,paige,paige
artist,393,paki-chenzu,paki-chenzu
artist,394,papa-nyosto,papa-nyosto
artist,395,parroty,parroty
artist,396,paska,paska
artist,397,pepela,pepela
artist,398,phix,phix
artist,399,pika-boo,pika-boo
artist,4,4ourton,4ourton
artist,40,big-nyagz,big-nyagz
artist,400,polaris-pauline,polaris-pauline
artist,401,preston-pablo,preston-pablo
artist,402,rafayel,rafayel
artist,403,rahmu,rahmu
artist,404,ranzscooby,ranzscooby
artist,405,ras-amor,ras-amor
artist,406,rastarlone,rastarlone
artist,407,razor-man,razor-man
artist,408,rekles,rekles
artist,409,rema,rema
artist,41,big-yasa,big-yasa
artist,410,rhymes_ab,rhymes_ab
artist,411,rispek-ngoma,rispek-ngoma
artist,412,rose-muhando,rose-muhando
artist,413,rosie-k,rosie-k
artist,414,roy4le,roy4le
artist,415,sabi-wu,sabi-wu
artist,416,sadie-fine,sadie-fine
artist,417,sailors-254,sailors-254
artist,418,salima-chica,salima-chica
artist,419,sanaipei-tande,sanaipei-tande
artist,42,bigfootinyourface,bigfootinyourface
artist,420,sante-svm,sante-svm
artist,421,sarah-ikumu,sarah-ikumu
artist,422,sasha-keable,sasha-keable
artist,423,sasha-shlain,sasha-shlain
artist,424,sauti-sol,sauti-sol
artist,425,savara,savara
artist,426,savinnah,savinnah
artist,427,scar-mkadinali,scar-mkadinali
artist,428,scot-scov,scot-scov
artist,429,scotts-maphuma,scotts-maphuma
artist,43,bigtimzzz,bigtimzzz
artist,430,sean-mmg,sean-mmg
artist,431,senior-maintain,senior-maintain
artist,432,serotonin,serotonin
artist,433,serro,serro
artist,434,sewersydaa,sewersydaa
artist,435,shad-mziki,shad-mziki
artist,436,shallipopi,shallipopi
artist,437,shasha-marley,shasha-marley
artist,438,shaunmusiq,shaunmusiq
artist,44,billie-eilish,billie-eilish
artist,440,shekinah-karen,shekinah-karen
artist,441,shenseea,shenseea
artist,442,shewahdexta,shewahdexta
artist,443,shift-to-abundance,shift-to-abundance
artist,444,shlm,shlm
artist,445,shoday,shoday
artist,446,shudu-musida,shudu-musida
artist,447,sidi,sidi
artist,448,silent-addy,silent-addy
artist,449,silverstone-barz,silverstone-barz
artist,45,billy-black,billy-black
artist,450,sir-lewel,sir-lewel
artist,451,sje-konka,sje-konka
artist,452,skymer-kenya,skymer-kenya
artist,453,socratess,socratess
artist,454,sofiya-nzau,sofiya-nzau
artist,455,sofresh-254,sofresh-254
artist,456,sol-generation,sol-generation
artist,457,sonreal,sonreal
artist,458,sosa-the-prodigy,sosa-the-prodigy
artist,459,soundkraft,soundkraft
artist,46,blacko-sa,blacko-sa
artist,460,spinx-mafia,spinx-mafia
artist,461,spoiler,spoiler
artist,462,ssaru,ssaru
artist,463,sssoundman,sssoundman
artist,464,stacy-kamatu,stacy-kamatu
artist,465,steel-banglez,steel-banglez
artist,466,steph,steph
artist,467,steph-kapela,steph-kapela
artist,468,stephen-felid,stephen-felid
artist,469,stephen-kasolo,stephen-kasolo
artist,47,blinky-bill,blinky-bill
artist,470,stephen-murigi,stephen-murigi
artist,471,suldaan-seeraar,suldaan-seeraar
artist,472,sunrise-alfie,sunrise-alfie
artist,473,suns3t,suns3t
artist,474,suraj,suraj
artist,475,swat-matire,swat-matire
artist,476,synekk,synekk
artist,477,tanasha-donna,tanasha-donna
artist,478,tebogo-g-mashego,tebogo-g-mashego
artist,479,teebagz,teebagz
artist,48,bob-mabena,bob-mabena
artist,480,teni,teni
artist,481,terrianne-iraki,terrianne-iraki
artist,482,teslah,teslah
artist,483,the-babaz,the-babaz
artist,484,the-bush-friends,the-bush-friends
artist,485,the-game,the-game
artist,486,theluchi,theluchi
artist,487,thenco,thenco
artist,488,theo-somolu,theo-somolu
artist,489,time-n-gold,time-n-gold
artist,49,boibizza,boibizza
artist,490,timi-dre,timi-dre
artist,491,timothy-arinaitwe,timothy-arinaitwe
artist,492,tina-ardor,tina-ardor
artist,493,tipsy-gee,tipsy-gee
artist,494,tokyo-sauce,tokyo-sauce
artist,495,tommymuzzic,tommymuzzic
artist,496,tony-tuff,tony-tuff
artist,497,toxic-lyrikali,toxic-lyrikali
artist,498,tracy-melon,tracy-melon
artist,499,trevor-dulla,trevor-dulla
artist,5,a-t,a-t
artist,50,boiblacc,boiblacc
artist,500,trio-mio,trio-mio
artist,501,tugi-ndichu,tugi-ndichu
artist,502,tuku-kantu,tuku-kantu
artist,503,tunjay,tunjay
artist,504,tyla,tyla
artist,505,ugoblvck,ugoblvck
artist,506,ukweli,ukweli
artist,507,umoja-sounds,umoja-sounds
artist,508,uncojingjong,uncojingjong
artist,509,uncool-mc,uncool-mc
artist,51,boondocks-gang,boondocks-gang
artist,510,unjaps,unjaps
artist,511,unspoken-salaton,unspoken-salaton
artist,512,urban-chords,urban-chords
artist,513,v-be,v-be
artist,514,venna,venna
artist,515,vic-west,vic-west
artist,516,victony,victony
artist,517,visita,visita
artist,518,vybz-kartel,vybz-kartel
artist,519,wadaglizke,wadaglizke
artist,52,boutross,boutross
artist,520,wakadinali,wakadinali
artist,521,wakuu,wakuu
artist,522,wakuu-music,wakuu-music
artist,523,wanavokali,wanavokali
artist,524,wangechi,wangechi
artist,525,wanja-wohoro,wanja-wohoro
artist,526,wanjine,wanjine
artist,527,wapendwa-muziki,wapendwa-muziki
artist,528,watendawili,watendawili
artist,529,we-are-nubia,we-are-nubia
artist,53,braelyn-rankins,braelyn-rankins
artist,530,wendy-kay,wendy-kay
artist,531,wendy-kimani,wendy-kimani
artist,532,willie-pake,willie-pake
artist,533,willis-chimano,willis-chimano
artist,534,willy-paul,willy-paul
artist,535,winyo,winyo
artist,536,wyre,wyre
artist,537,x-o,x-o
artist,538,xavier-omar,xavier-omar
artist,539,xduppy,xduppy
artist,54,brandy-maina,brandy-maina
artist,540,xenia-manasseh,xenia-manasseh
artist,541,yaba,yaba
artist,542,yah-listen,yah-listen
artist,543,yanti-niels,yanti-niels
artist,544,ybw-smith,ybw-smith
artist,545,yerba-brava,yerba-brava
artist,546,yogen,yogen
artist,547,young-juju-moonchild,young-juju-moonchild
artist,548,youngboy-never-broke-again,youngboy-never-broke-again
artist,549,yung-pharaoh-bazzu,yung-pharaoh-bazzu
artist,55,breeder-lw,breeder-lw
artist,550,ywaya-tajiri,ywaya-tajiri
artist,552,zawadi-mukami,zawadi-mukami
artist,553,zayn,zayn
artist,554,zero-bandits,zero-bandits
artist,555,zowie-kengocha,zowie-kengocha
artist,556,zuri-blaze,zuri-blaze
artist,557,zzero-sufuri,zzero-sufuri
artist,558,zaituni,zaituni
artist,559,chris-kaiga,chris-kaiga
artist,56,bridget-blue,bridget-blue
artist,560,virusi-mbaya,virusi-mbaya
artist,57,bronzeandmedals,bronzeandmedals
artist,58,brown-joel,brown-joel
artist,582,hitman-kaht,hitman-kaht
artist,583,kappy,kappy
artist,584,kantel,kantel
artist,585,fame-stano,fame-stano
artist,587,shona-prince,shona-prince
artist,588,calvin-mangena,calvin-mangena
artist,589,kudosx,kudosx
artist,59,bruce-melodie,bruce-melodie
artist,590,alwyne-thuggerson,alwyne-thuggerson
artist,591,holy-ten,holy-ten
artist,592,mr-candy,mr-candy
artist,593,chino-kidd,chino-kidd
artist,594,halima,halima
artist,595,ubuntu,ubuntu
artist,596,kupa,kupa
artist,597,harmonize,harmonize
artist,598,atemi-oyungu,atemi-oyungu
artist,599,viola-karuri,viola-karuri
artist,6,aaron-pierre,aaron-pierre
artist,60,burna-boy,burna-boy
artist,600,mugambi-ikiara,mugambi-ikiara
artist,601,44-dugg,44-dugg
artist,602,magaa,magaa
artist,603,konkodi,konkodi
artist,605,timmy-blanco,timmy-blanco
artist,606,brian-nadra,brian-nadra
artist,607,saisa,saisa
artist,608,kush-kush,kush-kush
artist,609,stonee-jiwe,stonee-jiwe
artist,61,buruklyn-boyz,buruklyn-boyz
artist,610,muthoka,muthoka
artist,611,hamzaa,hamzaa
artist,612,nnavy,nnavy
artist,613,msaki,msaki
artist,614,hendrick-sam,hendrick-sam
artist,615,shamzisto,shamzisto
artist,616,chris-clave,chris-clave
artist,618,jay-strings,jay-strings
artist,619,nana-atta,nana-atta
artist,62,busy-signal,busy-signal
artist,620,original-stinger,original-stinger
artist,621,david-acekeyz,david-acekeyz
artist,622,gufy,gufy
artist,623,johnny-vigeti,johnny-vigeti
artist,63,caleb-awiti,caleb-awiti
artist,64,calvo-mistari,calvo-mistari
artist,65,cassper-nyovest,cassper-nyovest
artist,66,cedo,cedo
artist,67,cedz-imagination,cedz-imagination
artist,68,chan-chico,chan-chico
artist,69,charisma,charisma
artist,7,abbas-kubaf,abbas-kubaf
artist,70,charlie-chaplin,charlie-chaplin
artist,71,chella,chella
artist,72,chelsea,chelsea
artist,73,chemutai-sage,chemutai-sage
artist,74,cheruu,cheruu
artist,75,chill77,chill77
artist,76,chillcats-music,chillcats-music
artist,77,chimano,chimano
artist,78,chloe-roze,chloe-roze
artist,79,chris-barr,chris-barr
artist,8,able-heart,able-heart
artist,80,chrissy-meechan,chrissy-meechan
artist,81,chxf-barry,chxf-barry
artist,813,kushman,kushman
artist,82,ciano-maimba,ciano-maimba
artist,83,cityboyz,cityboyz
artist,84,clark-keeng,clark-keeng
artist,85,collo-blue,collo-blue
artist,86,colorado,colorado
artist,87,colors,colors
artist,88,colossal-music,colossal-music
artist,89,concude,concude
artist,9,addeh-prince,addeh-prince
artist,90,coster-ojwang,coster-ojwang
artist,91,countree-hype,countree-hype
artist,92,cowboii,cowboii
artist,93,crashdummy,crashdummy
artist,94,crypto-city,crypto-city
artist,95,crystal-asige,crystal-asige
artist,958,juacali,juacali
artist,959,kush-man,kush-man
artist,96,daecolm,daecolm
artist,960,ajay-buruklynboyz,ajay-buruklynboyz
artist,961,lilmaina,lilmaina
artist,963,steph-kapella,steph-kapella
artist,965,ajay-buruklyn-boyz,ajay-buruklyn-boyz
artist,966,onyach-pala,onyach-pala
artist,97,dami,dami
artist,98,dan-sax,dan-sax
artist,989,shekina-karen,shekina-karen
artist,99,daney-b,daney-b
artist,992,redsan,redsan
artist,993,thee-exit-band,thee-exit-band
artist,994,liboi,liboi
artist,995,kasiva-mutua,kasiva-mutua
artist,996,zaituni-wambui,zaituni-wambui
artist,997,ethic-entertainment,ethic-entertainment
artist,998,nyashinski-fancy-fingers,nyashinski-fancy-fingers
artist,999,artist,artist
label,1,sudah-nation,sudah-nation
label,10,atalia-records,atalia-records
label,100,daney-b,daney-b
label,101,woosahexperience,woosahexperience
label,102,bridge-records-entertainment,bridge-records-entertainment
label,103,fab-n-roll,fab-n-roll
label,104,breeder-lw,breeder-lw
label,105,billy-black,billy-black
label,106,mumbi-njeri,mumbi-njeri
label,107,shadmziki,shadmziki
label,108,deepcore-records-under-exclusive-license-to-onerpm,deepcore-records-under-exclusive-license-to-onerpm
label,109,mikiki-ent,mikiki-ent
label,11,5382939-records-dk,5382939-records-dk
label,110,iyanii-official-onerpm,iyanii-official-onerpm
label,111,sashin-orchester,sashin-orchester
label,112,karun-music,karun-music
label,113,muthaka-music,muthaka-music
label,114,wendy-kay,wendy-kay
label,115,iyanii-official,iyanii-official
label,116,bad-nation,bad-nation
label,117,moves-recordings,moves-recordings
label,118,2wentysixx,2wentysixx
label,119,fena-gitu,fena-gitu
label,12,davy-waweru-music,davy-waweru-music
label,120,soul-hq,soul-hq
label,121,luhya-heat-ent,luhya-heat-ent
label,122,watendawili-onerpm,watendawili-onerpm
label,123,umoja-sounds,umoja-sounds
label,124,caleb-awiti,caleb-awiti
label,125,we-are-nubia,we-are-nubia
label,126,serro-ke,serro-ke
label,127,mtv-staying-alive-foundation,mtv-staying-alive-foundation
label,128,delicious-tunes,delicious-tunes
label,129,sol-generation,sol-generation
label,13,zaituni-music,zaituni-music
label,130,luhya-heat-entertainment,luhya-heat-entertainment
label,131,octopizzo-music,octopizzo-music
label,132,mejja-khadija,mejja-khadija
label,133,five8,five8
label,134,nsg-entertainment,nsg-entertainment
label,135,fnl-records,fnl-records
label,136,rain-records,rain-records
label,137,jivu,jivu
label,138,sevens-creative-hub,sevens-creative-hub
label,139,blu-ink-corp-presents,blu-ink-corp-presents
label,14,platoon,platoon
label,140,fancy-fingers-music,fancy-fingers-music
label,141,gondwana,gondwana
label,142,hood-boyz,hood-boyz
label,143,pinnacle-canvas-records-ltd,pinnacle-canvas-records-ltd
label,144,bafa-music,bafa-music
label,145,team-mistari,team-mistari
label,146,jot-donge,jot-donge
label,147,3407132-records-dk,3407132-records-dk
label,148,thirtyfourbrick-records,thirtyfourbrick-records
label,149,3338945-records-dk,3338945-records-dk
label,15,maya-amolo,maya-amolo
label,150,2109087-records-dk,2109087-records-dk
label,151,elsaphan-njora,elsaphan-njora
label,152,7696901-records-dk,7696901-records-dk
label,153,respekt-entertainment-ltd,respekt-entertainment-ltd
label,154,5242223-records-dk2,5242223-records-dk2
label,155,ethic-entertainment,ethic-entertainment
label,156,buruklynboyz,buruklynboyz
label,157,brandy-maina,brandy-maina
label,158,masauti-under-exclusive-license-to-onerpm,masauti-under-exclusive-license-to-onerpm
label,159,breeder-lw-under-exclusive-license-to-onerpm,breeder-lw-under-exclusive-license-to-onerpm
label,16,palagroove,palagroove
label,160,zzero-sufuri,zzero-sufuri
label,161,nine-inch-records,nine-inch-records
label,162,tamasha-corporation-limited,tamasha-corporation-limited
label,163,siepna-inc,siepna-inc
label,164,soundkraft-under-exclusive-license-to-amuseio-ab,soundkraft-under-exclusive-license-to-amuseio-ab
label,165,canvass-records,canvass-records
label,166,pta,pta
label,167,emc,emc
label,168,bigbeatsafriq,bigbeatsafriq
label,169,phauria-limited,phauria-limited
label,17,colossal-dream-entertainment,colossal-dream-entertainment
label,170,watotowakorofi,watotowakorofi
label,171,muthoni-music-ltd,muthoni-music-ltd
label,172,crystal-asige,crystal-asige
label,173,paraiso,paraiso
label,174,starmind-international,starmind-international
label,175,wyre,wyre
label,176,wanavokali,wanavokali
label,177,moji-shortbabaa-onerpm,moji-shortbabaa-onerpm
label,178,benjamin-otwal,benjamin-otwal
label,179,4750537-records-dk,4750537-records-dk
label,18,universal-music-kenya-limited,universal-music-kenya-limited
label,180,ngoma-studios,ngoma-studios
label,181,shad-mziki,shad-mziki
label,182,iyanii,iyanii
label,183,camouflage-inc,camouflage-inc
label,184,silverstone-barz-onerpm,silverstone-barz-onerpm
label,185,maandy-onerpm,maandy-onerpm
label,186,lafayetteda1-onerpm,lafayetteda1-onerpm
label,187,kethan-onerpm,kethan-onerpm
label,188,trouble-music-inc,trouble-music-inc
label,189,universal-music-pty-ltd,universal-music-pty-ltd
label,19,le-loup-studios,le-loup-studios
label,190,savage-kitchen,savage-kitchen
label,191,utembe,utembe
label,192,dufla-diligon,dufla-diligon
label,193,utembe-world,utembe-world
label,194,onerpm,onerpm
label,195,soundkraft,soundkraft
label,196,amuseio-ab,amuseio-ab
label,197,toxic-lyrikali,toxic-lyrikali
label,198,mboka-doba-ltd,mboka-doba-ltd
label,199,soh-music,soh-music
label,2,3683177-records-dk2,3683177-records-dk2
label,20,ochiko,ochiko
label,200,empire,empire
label,201,3n,3n
label,202,tugi-ndichu,tugi-ndichu
label,203,costerojwang001,costerojwang001
label,204,still-alive,still-alive
label,205,still-alive-production,still-alive-production
label,206,karura-voices,karura-voices
label,207,oby-afrika,oby-afrika
label,208,deepcore-records,deepcore-records
label,209,colloblue,colloblue
label,21,me-n-my-cousin-entertainment,me-n-my-cousin-entertainment
label,210,ochunglo-family,ochunglo-family
label,211,countree-hype-ent,countree-hype-ent
label,212,moji-shortbabaa,moji-shortbabaa
label,213,hopekid,hopekid
label,214,soma-breath,soma-breath
label,215,2026-baxx-entertainment-quaver-music,2026-baxx-entertainment-quaver-music
label,216,maureen-kunga,maureen-kunga
label,217,elsy-wameyo,elsy-wameyo
label,218,music-in-exile,music-in-exile
label,219,ws-records,ws-records
label,22,colorsxstudios,colorsxstudios
label,220,sol-generation-records-with-exclusive-license-to-onerpm,sol-generation-records-with-exclusive-license-to-onerpm
label,221,eleeesphere-music-worldwide,eleeesphere-music-worldwide
label,222,abubilla-music-llp,abubilla-music-llp
label,223,mrabaentertainment-co,mrabaentertainment-co
label,224,buruklynboyz58,buruklynboyz58
label,225,jaysoul-highpitch,jaysoul-highpitch
label,226,sofresh-music-limited,sofresh-music-limited
label,227,4425217-records-dk,4425217-records-dk
label,228,the-future-music,the-future-music
label,229,tribe-sessions,tribe-sessions
label,23,bmg-rights-management-us-llc,bmg-rights-management-us-llc
label,230,elev8,elev8
label,231,alpha-queen,alpha-queen
label,232,ewaso-records,ewaso-records
label,233,east-african-wave-sound-collective,east-african-wave-sound-collective
label,234,blochainsthelabel,blochainsthelabel
label,235,baobab-studios,baobab-studios
label,236,never-die-records,never-die-records
label,237,4th-yard-records,4th-yard-records
label,238,lafayetteda1,lafayetteda1
label,24,flying-radio,flying-radio
label,25,big-b-ent,big-b-ent
label,26,itsbill,itsbill
label,27,ovek-ltd,ovek-ltd
label,28,malobaby-entertainment,malobaby-entertainment
label,29,us-inc,us-inc
label,3,kethan,kethan
label,30,4027713-records-dk,4027713-records-dk
label,31,alamuziki-enterprises,alamuziki-enterprises
label,32,maali,maali
label,33,kaka-empire,kaka-empire
label,34,maandy,maandy
label,35,saldido-international,saldido-international
label,36,soh-music-empire,soh-music-empire
label,37,universal-music-kenya-limited-distributed-labels,universal-music-kenya-limited-distributed-labels
label,38,kambaboy-entertainment,kambaboy-entertainment
label,39,manasseh-entertainment-llc,manasseh-entertainment-llc
label,4,independent,independent
label,40,waruks-productions,waruks-productions
label,41,sony-music-entertainment-east-africa,sony-music-entertainment-east-africa
label,42,5498330-records-dk2,5498330-records-dk2
label,43,nnavy,nnavy
label,44,shamzisto,shamzisto
label,45,2583524-records-dk,2583524-records-dk
label,46,deep-core-records,deep-core-records
label,47,watendawili,watendawili
label,48,the-clan,the-clan
label,49,nikita-kering,nikita-kering
label,5,digitone-music-group,digitone-music-group
label,50,fancy-fingers,fancy-fingers
label,51,frinant-music,frinant-music
label,52,x-o-productions,x-o-productions
label,53,coster-ojwang,coster-ojwang
label,54,kodong-klan,kodong-klan
label,55,3n-tugi-ndichu,3n-tugi-ndichu
label,56,rainlabs,rainlabs
label,57,pinnacle-canvass-records-limited,pinnacle-canvass-records-limited
label,58,bien,bien
label,59,topklass-sounds,topklass-sounds
label,6,tanasha-donna,tanasha-donna
label,60,matata-creatives,matata-creatives
label,61,oneland-music-group,oneland-music-group
label,62,goinggufy,goinggufy
label,63,jpt-donge,jpt-donge
label,64,4reigner-music-group-llc-me-n-my-cousin-entertainment,4reigner-music-group-llc-me-n-my-cousin-entertainment
label,65,benzema,benzema
label,66,ochungulo-family,ochungulo-family
label,67,blu-ink,blu-ink
label,68,boutross-music-ltd,boutross-music-ltd
label,69,steph-kapela,steph-kapela
label,7,sol-generation-publishing-limited,sol-generation-publishing-limited
label,70,black-market-records,black-market-records
label,71,baxx-entertainment-quaver-music,baxx-entertainment-quaver-music
label,72,mejja-music,mejja-music
label,74,digitone-music-group-onerpm,digitone-music-group-onerpm
label,75,we-are-nubia-onerpm,we-are-nubia-onerpm
label,76,warner-music-africa,warner-music-africa
label,77,exodus-records,exodus-records
label,78,khaligraph-jones,khaligraph-jones
label,79,blue-ink,blue-ink
label,8,ahadi-records,ahadi-records
label,80,toxic-lyrikali-mboka-doba-ltd,toxic-lyrikali-mboka-doba-ltd
label,81,2821688-records-dk,2821688-records-dk
label,82,like-a-boss-records,like-a-boss-records
label,83,cd-run,cd-run
label,84,colloblue-onerpm,colloblue-onerpm
label,85,ybw-smith,ybw-smith
label,86,gwaash,gwaash
label,87,ziiki-media,ziiki-media
label,88,zero-bandits,zero-bandits
label,89,ndovu-kuu-studios,ndovu-kuu-studios
label,9,ewoton-music,ewoton-music
label,90,mad-records,mad-records
label,91,vunulu-ent,vunulu-ent
label,92,kilundeezy,kilundeezy
label,93,ochunglo-family-onerpm,ochunglo-family-onerpm
label,94,sainttts,sainttts
label,95,deco-shazam,deco-shazam
label,96,wanati,wanati
label,97,mavo-on-the-beat,mavo-on-the-beat
label,98,dinastia-inc,dinastia-inc
label,99,kushman,kushman
release,1,all-hands-on-dec,bensoul/all-hands-on-dec
release,10,hale,hildah-watiri/hale
release,100,size-yangu,steph-kapela/size-yangu
release,101,grace-ya-god,odi-wa-muranga/grace-ya-god
release,102,your-body,paska/your-body
release,103,off-my-chest,matt-ngesa/off-my-chest
release,104,priceless,matt-ngesa/priceless
release,105,stript-live-at-the-bedroom-edition,matt-ngesa/stript-live-at-the-bedroom-edition
release,106,mapema,matt-ngesa/mapema
release,107,love-bite,matt-ngesa/love-bite
release,108,touching-on-my-baby,matt-ngesa/touching-on-my-baby
release,109,secret-lover,matt-ngesa/secret-lover
release,1095,now-its-experience-talking,muthoni-drummer-queen/now-its-experience-talking
release,1096,nilotic-ep,elsy-wameyo/nilotic-ep
release,1097,high-times,scar-mkadinali/high-times
release,1099,chonjo,wangechi/chonjo
release,11,wakwa-waku,addeh-prince/wakwa-waku
release,1100,potluck,fancy-fingers/potluck
release,1101,k-fancy-fingers-refix-feat-johnny-johnny-fathermoh-ndovu-kuu-harry-craze-lilmaina-single,fancy-fingers/k-fancy-fingers-refix-feat-johnny-johnny-fathermoh-ndovu-kuu-harry-craze-lilmaina-single
release,1102,sipangwingwi-feat-trio-mio-ssaru-single,exray-taniua/sipangwingwi-feat-trio-mio-ssaru-single
release,1103,your-body-single,paska/your-body-single
release,1104,luku-feat-kattapila-donn-j-steph-kapella-brit-the-ruler-ssaru-boutross-lamaz-span-k-o-b-single,khaligraph-jones/luku-feat-kattapila-donn-j-steph-kapella-brit-the-ruler-ssaru-boutross-lamaz-span-k-o-b-single
release,111,go-acoustic,matt-ngesa/go-acoustic
release,112,go,matt-ngesa/go
release,113,thinking-of-you,matt-ngesa/thinking-of-you
release,114,good-to-you,matt-ngesa/good-to-you
release,115,pretty-girl-whine,matt-ngesa/pretty-girl-whine
release,116,truth-love-confessions-tlc,matt-ngesa/truth-love-confessions-tlc
release,117,guitar,matt-ngesa/guitar
release,118,sunshine,matt-ngesa/sunshine
release,119,sorry,matt-ngesa/sorry
release,12,how-do-i-love-you,davy-waweru/how-do-i-love-you
release,120,why-dont-you-love-me,matt-ngesa/why-dont-you-love-me
release,121,yariasu-1,nyashinski/yariasu-1
release,122,lucky-you,nyashinski/lucky-you
release,123,to-whom-it-may-concern-ep-2024,nyashinski/to-whom-it-may-concern-ep-2024
release,124,the-book-of-jones-1st-chapter,khaligraph-jones/the-book-of-jones-1st-chapter
release,125,invisible-currency,khaligraph-jones/invisible-currency
release,126,testimony-1990,khaligraph-jones/testimony-1990
release,127,autograph,khaligraph-jones/autograph
release,128,the-takeover-mixtape-2009,khaligraph-jones/the-takeover-mixtape-2009
release,129,alusa-why-are-you-topless,bien/alusa-why-are-you-topless
release,13,labor-of-love,zaituni/labor-of-love
release,130,bald-men-love-better-ep-2021,bien/bald-men-love-better-ep-2021
release,131,salama-from-kito-soundtrack,maureen-kunga/salama-from-kito-soundtrack
release,132,nalia,maureen-kunga/nalia
release,133,majaliwa,maureen-kunga/majaliwa
release,134,black-boy-love,maureen-kunga/black-boy-love
release,135,black-boy-joy,maureen-kunga/black-boy-joy
release,136,in-the-meantime,maryolive/in-the-meantime
release,137,running-to-you,maryolive/running-to-you
release,138,still-the-one,maryolive/still-the-one
release,139,i-do,maryolive/i-do
release,14,rudia,ukweli/rudia
release,140,maryolive,maryolive/maryolive
release,141,with-you,maryolive/with-you
release,142,ask-me-anything,maryolive/ask-me-anything
release,143,i-remember,maryolive/i-remember
release,144,proud-to-be-live,maryolive/proud-to-be-live
release,145,waiting-for-you,maryolive/waiting-for-you
release,146,you-are,maryolive/you-are
release,147,free,maryolive/free
release,148,yuapi,euggy/yuapi
release,149,dhurman,euggy/dhurman
release,15,look-the-other-way,maya-amolo/look-the-other-way
release,150,chuki,euggy/chuki
release,151,sazile-remixes,euggy/sazile-remixes
release,152,weche-radio-edit,euggy/weche-radio-edit
release,153,seasons,euggy/seasons
release,154,hey-mama-remixes,euggy/hey-mama-remixes
release,155,sound-selections,euggy/sound-selections
release,156,conversations-ep,euggy/conversations-ep
release,157,sikasso,euggy/sikasso
release,158,sounds-of-sasaab,euggy/sounds-of-sasaab
release,159,salaam-remixes,euggy/salaam-remixes
release,16,freak-show,iyanah/freak-show
release,160,kaskazi,euggy/kaskazi
release,161,far,yah-listen/far
release,162,si-usare,yah-listen/si-usare
release,163,sambaratika,yah-listen/sambaratika
release,164,tides,yah-listen/tides
release,165,sawa,yah-listen/sawa
release,167,sunwavmania,yah-listen/sunwavmania
release,168,rejea,yah-listen/rejea
release,169,rasta-yah-original-version,yah-listen/rasta-yah-original-version
release,17,dont-call-me-live,colossal-music/dont-call-me-live
release,170,maswali,yah-listen/maswali
release,171,makosa,yah-listen/makosa
release,172,leap-of-faith,yah-listen/leap-of-faith
release,173,tujinice,yah-listen/tujinice
release,174,millions,yah-listen/millions
release,175,yahatari,yah-listen/yahatari
release,1751,potion-feat-xenia-manasseh-single,ukweli/potion-feat-xenia-manasseh-single
release,1752,why-you-rude-feat-hiribae-single,blocka-beats/why-you-rude-feat-hiribae-single
release,1753,nice-nice-single,blocka-beats/nice-nice-single
release,1754,i-found-it-single,suffocate-sa/i-found-it-single
release,1755,thao-moja-feat-dez-single,hiribae/thao-moja-feat-dez-single
release,1756,my-lover-feat-ayrosh-single,mura/my-lover-feat-ayrosh-single
release,1757,upepo-feat-dipa-konnection-single,mura/upepo-feat-dipa-konnection-single
release,176,the-graduation-a-remastered-project,yah-listen/the-graduation-a-remastered-project
release,177,yah,yah-listen/yah
release,178,masaa-ya-kazi,yah-listen/masaa-ya-kazi
release,179,amua,yah-listen/amua
release,18,pewa,cheruu/pewa
release,180,badda-dan-most,yah-listen/badda-dan-most
release,181,yariasu-2025,nyashinski/yariasu-2025
release,183,to-whom-it-may-concern-ep-2024-1,nyashinski/to-whom-it-may-concern-ep-2024-1
release,184,the-book-of-jones-1st-chapter-2025,khaligraph-jones/the-book-of-jones-1st-chapter-2025
release,186,testimony-1990-1,khaligraph-jones/testimony-1990-1
release,188,the-takeover-mixtape,khaligraph-jones/the-takeover-mixtape
release,19,beg-for-it,njerae/beg-for-it
release,191,victims-of-madness-2-0,wakadinali/victims-of-madness-2-0
release,192,ndani-ya-cockpit-2023,wakadinali/ndani-ya-cockpit-2023
release,193,ndani-ya-cockpit-2021,wakadinali/ndani-ya-cockpit-2021
release,194,victims-of-madness,wakadinali/victims-of-madness
release,195,ndani-ya-cockpit-2-2018,wakadinali/ndani-ya-cockpit-2-2018
release,197,colours-2022,bridget-blue/colours-2022
release,198,24-2024,bridget-blue/24-2024
release,199,kesho-2023,bridget-blue/kesho-2023
release,2,tamu,zaituni/tamu
release,20,four-letter-word,njerae/four-letter-word
release,200,grateful-2022,bridget-blue/grateful-2022
release,201,mash-up-ep,bridget-blue/mash-up-ep
release,202,mwihoko-utheri-wa-ngoro-2025,njoki-karu/mwihoko-utheri-wa-ngoro-2025
release,203,anchor-2021,njoki-karu/anchor-2021
release,204,tawasifu-ya-moyo-2020,njoki-karu/tawasifu-ya-moyo-2020
release,205,village-love-2024,bahati/village-love-2024
release,206,love-like-this-2021,bahati/love-like-this-2021
release,207,barua-za-bahati-2018,bahati/barua-za-bahati-2018
release,208,bestf-covers-parody-2022,bahati/bestf-covers-parody-2022
release,209,bahati-singles-2016,bahati/bahati-singles-2016
release,21,gone,njerae/gone
release,210,bubbling-under-2022,ciano-maimba/bubbling-under-2022
release,211,serve-chilled-2018,ciano-maimba/serve-chilled-2018
release,212,matriarch-2019,wanja-wohoro/matriarch-2019
release,213,dawa-2023,wanja-wohoro/dawa-2023
release,214,honey-2020,wanja-wohoro/honey-2020
release,215,dust-ep-2018,wanja-wohoro/dust-ep-2018
release,216,sorry-for-the-delay-2012,just-a-band/sorry-for-the-delay-2012
release,217,82-2009,just-a-band/82-2009
release,218,scratch-to-reveal-2008,just-a-band/scratch-to-reveal-2008
release,219,echo-dawn-2023,just-a-band/echo-dawn-2023
release,22,i-r-l,afamefuna/i-r-l
release,220,four-letter-word-deluxe-2025,njerae/four-letter-word-deluxe-2025
release,221,unintentional-2022,njerae/unintentional-2022
release,222,far-away-2025,njerae/far-away-2025
release,223,four-letter-word-2025,njerae/four-letter-word-2025
release,224,aki-sioni-2024,njerae/aki-sioni-2024
release,225,out-with-the-old-2024,njerae/out-with-the-old-2024
release,226,hakika-2025,savinnah/hakika-2025
release,227,pardon-me-2023,savinnah/pardon-me-2023
release,228,adventures-of-chris-kaiga-2022,chris-kaiga/adventures-of-chris-kaiga-2022
release,229,kengele-2021,chris-kaiga/kengele-2021
release,23,the-world,ochiko/the-world
release,230,kwa-ceiling-2021,chris-kaiga/kwa-ceiling-2021
release,231,likizo,yah-listen/likizo
release,232,kilengeta-original-mix-instrumental-mix-2025,big-nyagz/kilengeta-original-mix-instrumental-mix-2025
release,233,queen-of-the-east-2024,nadia-mukami/queen-of-the-east-2024
release,234,african-popstar-2020,nadia-mukami/african-popstar-2020
release,235,love-vibes-2023,nadia-mukami/love-vibes-2023
release,236,bundle-of-joy-2022,nadia-mukami/bundle-of-joy-2022
release,237,mejja-2021,mejja/mejja-2021
release,238,dusk-to-dawn-2025,serro/dusk-to-dawn-2025
release,239,kuwe-2020,serro/kuwe-2020
release,24,we-dont-need-money-to-be-rich,mutoriah/we-dont-need-money-to-be-rich
release,240,misimu-2022,serro/misimu-2022
release,241,nitunogete-we-are-tired-2025,tina-ardor/nitunogete-we-are-tired-2025
release,242,waiting-2025,tina-ardor/waiting-2025
release,243,kamweretho-2025,tina-ardor/kamweretho-2025
release,244,natafuta-2025,tina-ardor/natafuta-2025
release,245,create-2024,tina-ardor/create-2024
release,246,constant-pressure-ep-2023,tina-ardor/constant-pressure-ep-2023
release,247,ill-be-there-original-2023,tina-ardor/ill-be-there-original-2023
release,248,kamweretho-2023,tina-ardor/kamweretho-2023
release,249,kamweretho-2022,tina-ardor/kamweretho-2022
release,25,take-two-grey,joy-njokey/take-two-grey
release,250,thaai-ep-2021,tina-ardor/thaai-ep-2021
release,251,omwana-2021,tina-ardor/omwana-2021
release,252,omwana-2020,tina-ardor/omwana-2020
release,253,jahera-na-2020,tina-ardor/jahera-na-2020
release,254,pressure-2025,mau-from-nowhere/pressure-2025
release,255,soft-steps-2024,mau-from-nowhere/soft-steps-2024
release,256,the-universe-is-holding-you-2023,mau-from-nowhere/the-universe-is-holding-you-2023
release,257,pre-pack-2025,mau-from-nowhere/pre-pack-2025
release,258,mfn-2020,mau-from-nowhere/mfn-2020
release,259,phase-ii-interlude-2018,mau-from-nowhere/phase-ii-interlude-2018
release,26,special-a-colors-show,dexter-in-the-newsagent/special-a-colors-show
release,260,rem-me-2020,matt-ngesa/rem-me-2020
release,261,time-2023,h_art-the-band/time-2023
release,262,party-time-2022,h_art-the-band/party-time-2022
release,263,made-in-the-streets-2019,h_art-the-band/made-in-the-streets-2019
release,264,simple-man-2021,h_art-the-band/simple-man-2021
release,265,magic-in-the-air-2015,mayonde/magic-in-the-air-2015
release,266,start-again-2024,mayonde/start-again-2024
release,267,project-purple-2018,mayonde/project-purple-2018
release,268,no-overthinking-2024,savara/no-overthinking-2024
release,269,savage-level-2022,savara/savage-level-2022
release,27,june-10th,matt-ngesa/june-10th
release,270,story-za-jaba-2025,savara/story-za-jaba-2025
release,271,nothing-to-lie-2023,savara/nothing-to-lie-2023
release,272,rhymebook-ya-nutcase-2023,king-kaka/rhymebook-ya-nutcase-2023
release,273,2nd-life-2023,king-kaka/2nd-life-2023
release,274,asante-2022,king-kaka/asante-2022
release,275,diana-2022,king-kaka/diana-2022
release,276,happy-hour-2021,king-kaka/happy-hour-2021
release,277,its-the-king-2020,king-kaka/its-the-king-2020
release,278,the-servant-the-king-2020,king-kaka/the-servant-the-king-2020
release,279,before-the-success-success-begins-now-2020,king-kaka/before-the-success-success-begins-now-2020
release,28,afraid-pt-2-feat-xenia-manasseh,xavier-omar/afraid-pt-2-feat-xenia-manasseh
release,280,eastlando-royalty-2018,king-kaka/eastlando-royalty-2018
release,281,orutu-ya-masudi-2018,king-kaka/orutu-ya-masudi-2018
release,282,legend-of-kaka-2016,king-kaka/legend-of-kaka-2016
release,283,tales-of-kaka-sungura-2008,king-kaka/tales-of-kaka-sungura-2008
release,284,swahili-shake-spear-2022,king-kaka/swahili-shake-spear-2022
release,285,kamtupe-the-soundtrack-2022,king-kaka/kamtupe-the-soundtrack-2022
release,286,grace-2024,otile-brown/grace-2024
release,287,just-in-love-2020,otile-brown/just-in-love-2020
release,288,otile-brown-singles-2016,otile-brown/otile-brown-singles-2016
release,289,the-real-king-of-the-east-2025,otile-brown/the-real-king-of-the-east-2025
release,29,chill-kiasi,flier/chill-kiasi
release,290,love-vibes-2023,otile-brown/love-vibes-2023
release,291,uptown-flex-ep-2022,otile-brown/uptown-flex-ep-2022
release,292,sticky-venus-fly-paper-trap-2023,flier/sticky-venus-fly-paper-trap-2023
release,293,the-world-is-spinning-and-everyones-dizzy-2023,flier/the-world-is-spinning-and-everyones-dizzy-2023
release,294,your-loving-remixes-2022,sauti-sol/your-loving-remixes-2022
release,295,midnight-train-2020,sauti-sol/midnight-train-2020
release,296,afrikan-sauce-2019,sauti-sol/afrikan-sauce-2019
release,297,live-and-die-in-afrika-2015,sauti-sol/live-and-die-in-afrika-2015
release,298,sol-filosofia-2011,sauti-sol/sol-filosofia-2011
release,299,mwanzo-2009,sauti-sol/mwanzo-2009
release,3,dr-flow-will-see-you-now,kethan/dr-flow-will-see-you-now
release,30,navigate,brandy-maina/navigate
release,300,tujiangalie-ep-2023,sauti-sol/tujiangalie-ep-2023
release,301,sauti-sol-2012,sauti-sol/sauti-sol-2012
release,303,the-party-the-after-party,bensoul/the-party-the-after-party
release,304,the-lion-of-sudah,bensoul/the-lion-of-sudah
release,306,the-motions,charisma/the-motions
release,307,qwarantunes-2020,bensoul/qwarantunes-2020
release,309,with-love-charisma-2020,charisma/with-love-charisma-2020
release,31,punguza-kasi,itsbill/punguza-kasi
release,310,spiral-tape-2024,zowie-kengocha/spiral-tape-2024
release,311,you-never-learn-2023,zowie-kengocha/you-never-learn-2023
release,312,nightshot-2022,zowie-kengocha/nightshot-2022
release,313,wazi-wraps-2025,4mr-frank-white/wazi-wraps-2025
release,314,taigwa-goma-the-lost-files-2025,4mr-frank-white/taigwa-goma-the-lost-files-2025
release,315,taigwa-goma-2025,4mr-frank-white/taigwa-goma-2025
release,316,too-good-to-be-true-pregame-2024,4mr-frank-white/too-good-to-be-true-pregame-2024
release,317,mziza-kwa-dimanga-2024,4mr-frank-white/mziza-kwa-dimanga-2024
release,318,definition-real-one-2023,4mr-frank-white/definition-real-one-2023
release,319,44-affair-2026,4mr-frank-white/44-affair-2026
release,32,february,mainamind/february
release,320,mchezo-wa-jiji-2025,4mr-frank-white/mchezo-wa-jiji-2025
release,321,my-23rd-birthday-2025,4mr-frank-white/my-23rd-birthday-2025
release,322,diligent-flow-2025,4mr-frank-white/diligent-flow-2025
release,323,ma-lovers-rock-2024,4mr-frank-white/ma-lovers-rock-2024
release,324,afroswing-sundays-freestyles-2024,4mr-frank-white/afroswing-sundays-freestyles-2024
release,325,day-ones-2024,4mr-frank-white/day-ones-2024
release,326,road-mans-feelings-2023,4mr-frank-white/road-mans-feelings-2023
release,327,alicia-keys-remix-feat-lil-maina-2023,4mr-frank-white/alicia-keys-remix-feat-lil-maina-2023
release,328,flavour-2023,maandy/flavour-2023
release,329,frisky-2021,maandy/frisky-2021
release,33,stay-with-me,malosh/stay-with-me
release,330,kabaya-2019,maandy/kabaya-2019
release,331,baddies-need-love-2025,maandy/baddies-need-love-2025
release,332,healing-2025,okello-max/healing-2025
release,333,boss-2022,okello-max/boss-2022
release,334,cuffed-in-love-2024,okello-max/cuffed-in-love-2024
release,335,christmas-kolor-2021,okello-max/christmas-kolor-2021
release,336,en-route-2024,watendawili/en-route-2024
release,337,double-treble-2023,watendawili/double-treble-2023
release,339,yote-yote-2014,winyo/yote-yote-2014
release,34,mwihoko-utheri-wa-ngoro,njoki-karu/mwihoko-utheri-wa-ngoro
release,340,benga-blues-2012,winyo/benga-blues-2012
release,341,heaven-2024,winyo/heaven-2024
release,342,sazile-remixes-2023,winyo/sazile-remixes-2023
release,343,suna-da-africa-deep-remixes-2022,winyo/suna-da-africa-deep-remixes-2022
release,344,sazile-2020,winyo/sazile-2020
release,345,abiro-da-capo-remix-pack-2018,winyo/abiro-da-capo-remix-pack-2018
release,346,we-cut-keys-2-2024,blinky-bill/we-cut-keys-2-2024
release,347,everyones-just-winging-it-and-other-fly-tales-2018,blinky-bill/everyones-just-winging-it-and-other-fly-tales-2018
release,348,its-alright-2025,blinky-bill/its-alright-2025
release,349,you-got-me-blinky-bill-remix-2018,blinky-bill/you-got-me-blinky-bill-remix-2018
release,35,mbuzi,bridget-blue/mbuzi
release,350,we-cut-keys-while-you-wait-2017,blinky-bill/we-cut-keys-while-you-wait-2017
release,352,fweny-revelations-2022,coster-ojwang/fweny-revelations-2022
release,353,tales-of-the-fisherman-2021,coster-ojwang/tales-of-the-fisherman-2021
release,354,mbak-ndalo-2025,coster-ojwang/mbak-ndalo-2025
release,356,men-can-lie-acapella-instrumental-2023,vic-west/men-can-lie-acapella-instrumental-2023
release,358,i-wish-i-was-honest-2025,caleb-awiti/i-wish-i-was-honest-2025
release,359,love-letters-iii-2025,caleb-awiti/love-letters-iii-2025
release,36,karibia-kidogo,muthoka/karibia-kidogo
release,360,mombasas-lover-boy-2024,caleb-awiti/mombasas-lover-boy-2024
release,361,love-letters-ii-2022,caleb-awiti/love-letters-ii-2022
release,362,made-for-love-2021,caleb-awiti/made-for-love-2021
release,363,ex-tape-2020,caleb-awiti/ex-tape-2020
release,364,things-i-shouldve-said-2024,caleb-awiti/things-i-shouldve-said-2024
release,365,feeling-lonely-slowed-down-2024,caleb-awiti/feeling-lonely-slowed-down-2024
release,366,mutoriah-the-orchestra-2024-2025,mutoriah/mutoriah-the-orchestra-2024-2025
release,367,happiness-2022,mutoriah/happiness-2022
release,368,dive-in-2019,mutoriah/dive-in-2019
release,369,tipati-2025,mutoriah/tipati-2025
release,37,ukitulia,venna/ukitulia
release,370,nakuombea-2025,mutoriah/nakuombea-2025
release,371,presha-acoustic-2023,mutoriah/presha-acoustic-2023
release,372,presha-2023,mutoriah/presha-2023
release,373,high-times-2023,scar-mkadinali/high-times-2023
release,376,hoes-and-girls-2024,scar-mkadinali/hoes-and-girls-2024
release,377,lion-2015,wyre/lion-2015
release,378,10-years-wiser-2009,wyre/10-years-wiser-2009
release,379,definition-of-a-lovechild-2006,wyre/definition-of-a-lovechild-2006
release,38,safari-journey-of-1000-songs,mordecai-dex/safari-journey-of-1000-songs
release,380,untitled-2025,wyre/untitled-2025
release,381,the-romance-riddim-extended-2013,wyre/the-romance-riddim-extended-2013
release,382,mtindo-2024,boutross/mtindo-2024
release,383,mawingu-2022,boutross/mawingu-2022
release,384,kabla-mtindo-2022,boutross/kabla-mtindo-2022
release,385,6ixviewsii8k-deluxe-2020,boutross/6ixviewsii8k-deluxe-2020
release,386,6ixviewsii8k-2020,boutross/6ixviewsii8k-2020
release,387,vaite-2025,boutross/vaite-2025
release,388,save-man-2024,boutross/save-man-2024
release,389,turn-a-hobby-to-a-job-2018,boutross/turn-a-hobby-to-a-job-2018
release,39,place-time,maali/place-time
release,390,billy-jean-2018,boutross/billy-jean-2018
release,391,emotional-gangster-2023,wangechi/emotional-gangster-2023
release,393,dont-consume-if-seal-is-broken-2017,wangechi/dont-consume-if-seal-is-broken-2017
release,394,what-the-funk-2017,wangechi/what-the-funk-2017
release,395,wangechi-2015,wangechi/wangechi-2015
release,396,situationships-2024,teslah/situationships-2024
release,397,whine-fi-me-2025,teslah/whine-fi-me-2025
release,398,1-nyt-stand-acapella-instrumental-2024,teslah/1-nyt-stand-acapella-instrumental-2024
release,4,subira,cheruu/subira
release,40,i-miss-you,jadi/i-miss-you
release,400,sensual-2022,teslah/sensual-2022
release,401,turn-me-on-remix-2021,teslah/turn-me-on-remix-2021
release,402,now-you-know-2021,teslah/now-you-know-2021
release,403,58-flava-2025,buruklyn-boyz/58-flava-2025
release,404,bboy-settingz-2023,buruklyn-boyz/bboy-settingz-2023
release,405,east-mpaka-london-2022,buruklyn-boyz/east-mpaka-london-2022
release,406,exponential-potential-2024,juliani/exponential-potential-2024
release,407,masterpiece-2023,juliani/masterpiece-2023
release,408,pulpit-kwa-street-2011,juliani/pulpit-kwa-street-2011
release,409,mtaa-mentality-2008,juliani/mtaa-mentality-2008
release,41,sweetest-time,maya-amolo/sweetest-time
release,410,heavy-is-the-crown-2022,chimano/heavy-is-the-crown-2022
release,411,nimefika-2001,e-sir/nimefika-2001
release,412,nitt-now-is-the-time-2009,kleptomaniax/nitt-now-is-the-time-2009
release,413,m4e-maniax-4-ever-2005,kleptomaniax/m4e-maniax-4-ever-2005
release,414,omera-trevor-warrens-further-adventures-with-2022,ayub-ogada/omera-trevor-warrens-further-adventures-with-2022
release,415,kodhi-2015,ayub-ogada/kodhi-2015
release,416,en-mana-kuoyo-1993,ayub-ogada/en-mana-kuoyo-1993
release,417,shamba-la-mawe-2024,maovete/shamba-la-mawe-2024
release,418,kiswahealing-ii-2023,maovete/kiswahealing-ii-2023
release,42,guidance,maya-amolo/guidance
release,420,the-art-of-gengetone-2025,joefes/the-art-of-gengetone-2025
release,421,toxic-2023,joefes/toxic-2023
release,422,n-m-n-m-2022,joefes/n-m-n-m-2022
release,423,his-addiction-2021,joefes/his-addiction-2021
release,424,mbuzi-2019,joefes/mbuzi-2019
release,425,stolen-merchandise-2018,joefes/stolen-merchandise-2018
release,426,the-millennium-chapter-feat-hardstone-one-ii-moja-na-nnoma-blak-imani,kalamashaka/the-millennium-chapter-feat-hardstone-one-ii-moja-na-nnoma-blak-imani
release,427,there-is-a-fire-2023,karura-voices/there-is-a-fire-2023
release,428,momentum-2022,karura-voices/momentum-2022
release,429,wimbo-wa-sifa-2022,karura-voices/wimbo-wa-sifa-2022
release,43,baddies-need-love,maandy/baddies-need-love
release,430,twenty-years-2017,june-gachui/twenty-years-2017
release,431,vibes-vokals-2025,wanavokali/vibes-vokals-2025
release,432,wanavokali-the-album-2021,wanavokali/wanavokali-the-album-2021
release,433,beyond-gifted-2024,willy-paul/beyond-gifted-2024
release,434,the-african-experience-2021,willy-paul/the-african-experience-2021
release,435,kitanzi-you-never-know-2014,willy-paul/kitanzi-you-never-know-2014
release,436,songs-of-solomon-2020,willy-paul/songs-of-solomon-2020
release,437,uptown-chokoraa-2023,kahush/uptown-chokoraa-2023
release,438,if-we-do-not-give-up-2021,kahush/if-we-do-not-give-up-2021
release,439,wanted-in-nairobi-2020,kahush/wanted-in-nairobi-2020
release,44,pumua,bridget-blue/pumua
release,440,niko-2020,kahush/niko-2020
release,441,colours-of-love-2019,elani/colours-of-love-2019
release,442,elani-instrumentals-2019,elani/elani-instrumentals-2019
release,443,barua-ya-dunia-2013,elani/barua-ya-dunia-2013
release,444,birthmark-2021,krg-the-don/birthmark-2021
release,445,e-syd-luv-2025,mastar-vk/e-syd-luv-2025
release,446,walking-with-elephants-2024,unspoken-salaton/walking-with-elephants-2024
release,447,the-audacity-2022,unspoken-salaton/the-audacity-2022
release,448,eye-came-2022,unspoken-salaton/eye-came-2022
release,45,keki,willy-paul/keki
release,450,love-language-1,fancy-fingers/love-language-1
release,451,potluck-2022,fancy-fingers/potluck-2022
release,452,father-studies,fancy-fingers/father-studies
release,453,we-will-never-forget-2024,fancy-fingers/we-will-never-forget-2024
release,454,skukuu-christmas-marwa-2023,fancy-fingers/skukuu-christmas-marwa-2023
release,455,love-art-lust-electric-deluxe-mike-muema-remix-2024,fena-gitu/love-art-lust-electric-deluxe-mike-muema-remix-2024
release,456,love-art-lust-2023,fena-gitu/love-art-lust-2023
release,457,unleashed-2019,fena-gitu/unleashed-2019
release,458,fenamenon-2014,fena-gitu/fenamenon-2014
release,459,fenergy-2025,fena-gitu/fenergy-2025
release,46,hujawahi-nipenda,nviiri-the-storyteller/hujawahi-nipenda
release,460,the-gitu-girls-christmas-special-2021,fena-gitu/the-gitu-girls-christmas-special-2021
release,461,black-gold-ep-2021,fena-gitu/black-gold-ep-2021
release,462,dem-kutoka-mwiki,femi-one/dem-kutoka-mwiki
release,463,greatness,femi-one/greatness
release,464,xxv-2019,femi-one/xxv-2019
release,465,l-a-b-lost-files-2024,katapilla/l-a-b-lost-files-2024
release,466,infamous-gangsta-2023,katapilla/infamous-gangsta-2023
release,467,nairobi-in-love-2025,v-be/nairobi-in-love-2025
release,468,passionate-pages-2024,v-be/passionate-pages-2024
release,469,is-kionjo-2022,v-be/is-kionjo-2022
release,47,mwana-wa-mubi,nviiri-the-storyteller/mwana-wa-mubi
release,470,three-strokes-2024,v-be/three-strokes-2024
release,471,an-acoustic-christmas-2023,v-be/an-acoustic-christmas-2023
release,472,so-christmas-of-us-2022,v-be/so-christmas-of-us-2022
release,473,jeshi-ya-katululu-2023,sewersydaa/jeshi-ya-katululu-2023
release,474,almost-there-2025,genes1s/almost-there-2025
release,475,neighborhood-heroes-2024,genes1s/neighborhood-heroes-2024
release,476,moments-2023,genes1s/moments-2023
release,477,journey-2022,genes1s/journey-2022
release,478,fine-by-me-2025,genes1s/fine-by-me-2025
release,479,controlla-2024,genes1s/controlla-2024
release,48,unintentional,njerae/unintentional
release,480,journey-of-1000-songs-2024,mordecai-dex/journey-of-1000-songs-2024
release,481,safari-journey-of-1000-songs-2025,mordecai-dex/safari-journey-of-1000-songs-2025
release,482,utu-uzima-2023,jua-cali/utu-uzima-2023
release,483,juacalisekta-2007,jua-cali/juacalisekta-2007
release,484,mali-ya-umma-2019,jua-cali/mali-ya-umma-2019
release,485,mdogolo-2025,breeder-lw/mdogolo-2025
release,486,midas-touch-2023,breeder-lw/midas-touch-2023
release,487,vibes-ting-2022,breeder-lw/vibes-ting-2022
release,488,bazenga-mentality-2021,breeder-lw/bazenga-mentality-2021
release,489,kabla-kuosa-2018,breeder-lw/kabla-kuosa-2018
release,49,niko-hapa,mbithi/niko-hapa
release,490,kaunenge-2021,kitu-sewer/kaunenge-2021
release,491,mkanda-mweusi-2022,kaa-la-moto/mkanda-mweusi-2022
release,492,leso-ya-mekatilili-2022,kaa-la-moto/leso-ya-mekatilili-2022
release,493,kesi-2019,kaa-la-moto/kesi-2019
release,494,the-sweetest-time-2025,maya-amolo/the-sweetest-time-2025
release,495,asali-sweeter-2023,maya-amolo/asali-sweeter-2023
release,496,asali-2022,maya-amolo/asali-2022
release,497,leave-me-at-the-pregame-2020,maya-amolo/leave-me-at-the-pregame-2020
release,498,take-it-remixes-2024,maya-amolo/take-it-remixes-2024
release,499,what-a-feeling-2024,maya-amolo/what-a-feeling-2024
release,5,mapenzi,bridget-blue/mapenzi
release,50,nyumbani,njerae/nyumbani
release,500,love-hate-pt-2-2024,xenia-manasseh/love-hate-pt-2-2024
release,501,love-hate-pt-1-2023,xenia-manasseh/love-hate-pt-1-2023
release,503,blessings-feat-xenia-manasseh-2024,xenia-manasseh/blessings-feat-xenia-manasseh-2024
release,504,i-lay-feat-xenia-manasseh-2023,xenia-manasseh/i-lay-feat-xenia-manasseh-2023
release,506,fallin-apart-2019,xenia-manasseh/fallin-apart-2019
release,507,this-is-me-2023,masauti/this-is-me-2023
release,508,masauti-2020,masauti/masauti-2020
release,509,001-2020,masauti/001-2020
release,51,love-hate-pt-2,xenia-manasseh/love-hate-pt-2
release,510,movement-vol-1-2021,exray-taniua/movement-vol-1-2021
release,511,monika-2023,exray-taniua/monika-2023
release,512,wameyo-ep,elsy-wameyo/wameyo-ep
release,513,na-sijanona-acapella-2022,exray-taniua/na-sijanona-acapella-2022
release,515,nyumbani-2024,dj-mura/nyumbani-2024
release,517,murastar-vol-2-2023,dj-mura/murastar-vol-2-2023
release,518,murastar-vol-1-2022,dj-mura/murastar-vol-1-2022
release,519,saint-sinner,elsy-wameyo/saint-sinner
release,52,back-to-basics,muringi/back-to-basics
release,520,ghetto-girl-2026,dyana-cods/ghetto-girl-2026
release,521,rong-manners-2024,dyana-cods/rong-manners-2024
release,522,river-lake-nilote-2023,dyana-cods/river-lake-nilote-2023
release,523,roteen,toxic-lyrikali/roteen
release,524,saint-sinner-2024,elsy-wameyo/saint-sinner-2024
release,525,wameyo-2025,elsy-wameyo/wameyo-2025
release,526,northside-kid-2025,elsy-wameyo/northside-kid-2025
release,527,nilotic-2022,elsy-wameyo/nilotic-2022
release,528,blazing-the-trail-original-music-score-for-podcast-2024,eric-wainaina/blazing-the-trail-original-music-score-for-podcast-2024
release,529,lusala-original-motion-picture-soundtrack-2019,eric-wainaina/lusala-original-motion-picture-soundtrack-2019
release,53,good-old-days,nyashinski/good-old-days
release,530,dreams-in-stereo-2018,eric-wainaina/dreams-in-stereo-2018
release,531,love-protest-2011,eric-wainaina/love-protest-2011
release,532,twende-twende-2006,eric-wainaina/twende-twende-2006
release,533,sawa-sawa-2001,eric-wainaina/sawa-sawa-2001
release,534,dr-flow-will-see-you-now-2025,kethan/dr-flow-will-see-you-now-2025
release,535,ethanal-fire-2022,kethan/ethanal-fire-2022
release,536,love-language-2021,kethan/love-language-2021
release,537,short-versions-long-stories-2020,kethan/short-versions-long-stories-2020
release,538,dira-short-film-2025,kethan/dira-short-film-2025
release,539,healing-2024,kethan/healing-2024
release,54,too-young-to-go,flier/too-young-to-go
release,540,blink-2023,kethan/blink-2023
release,541,silalishi-2022,swat-matire/silalishi-2022
release,542,whine-take-it-down-acapella-2022,swat-matire/whine-take-it-down-acapella-2022
release,543,mratish-2021,swat-matire/mratish-2021
release,544,mapema-2021,swat-matire/mapema-2021
release,545,zogo-2021,swat-matire/zogo-2021
release,546,rada,kagwe-mungai/rada
release,547,spectrum-2019,kagwe-mungai/spectrum-2019
release,548,colors-2024,kagwe-mungai/colors-2024
release,55,niko-sawa,we-are-nubia/niko-sawa
release,552,mpishi-2025,matata/mpishi-2025
release,553,super-morio-2022,matata/super-morio-2022
release,555,superstar-2024,ayrosh/superstar-2024
release,556,fire-2020,ayrosh/fire-2020
release,557,murasta-ep-2019,ayrosh/murasta-ep-2019
release,558,tafakari-ya-unco-2023,uncojingjong/tafakari-ya-unco-2023
release,559,vosti-akatii-oti-2023,uncojingjong/vosti-akatii-oti-2023
release,56,closer,nnavy/closer
release,560,spend-2023,uncojingjong/spend-2023
release,561,unco-2021,uncojingjong/unco-2021
release,562,book-1-2023,ochungulo-family/book-1-2023
release,563,tamasha-2023,ochungulo-family/tamasha-2023
release,565,dudu-2023,ochungulo-family/dudu-2023
release,566,kich-ka-liech-2024,octopizzo/kich-ka-liech-2024
release,567,lamu-nights-2022,octopizzo/lamu-nights-2022
release,568,live-band-vol-2-2022,octopizzo/live-band-vol-2-2022
release,569,fuego-2021,octopizzo/fuego-2021
release,57,thandiwe,shamzisto/thandiwe
release,570,jungle-fever-2020,octopizzo/jungle-fever-2020
release,571,live-band-experience-vol-1-2020,octopizzo/live-band-experience-vol-1-2020
release,572,next-year-2018,octopizzo/next-year-2018
release,573,refugeenius-2016,octopizzo/refugeenius-2016
release,574,l-d-p-c-2015,octopizzo/l-d-p-c-2015
release,575,el-classico-2014,octopizzo/el-classico-2014
release,576,the-come-up-vol-1-2008,octopizzo/the-come-up-vol-1-2008
release,577,chocolate-city-2014,octopizzo/chocolate-city-2014
release,578,freedom-2023,sabi-wu/freedom-2023
release,579,bed-of-roses-vol-2-2022,sabi-wu/bed-of-roses-vol-2-2022
release,58,love-struck,hildah-watiri/love-struck
release,580,bed-of-roses-2022,sabi-wu/bed-of-roses-2022
release,581,trapstation-2021,sabi-wu/trapstation-2021
release,582,the-one-2020,sabi-wu/the-one-2020
release,583,boombox-2024,sabi-wu/boombox-2024
release,584,most-wanted-2024,sabi-wu/most-wanted-2024
release,585,mi-na-wewe-2023,sabi-wu/mi-na-wewe-2023
release,586,99-2021,sabi-wu/99-2021
release,587,the-one-vol-2-2020,sabi-wu/the-one-vol-2-2020
release,588,losing-my-emotions-2-2020,sabi-wu/losing-my-emotions-2-2020
release,589,losing-my-emotions-2020,sabi-wu/losing-my-emotions-2020
release,59,ningeweza,we-are-nubia/ningeweza
release,590,kelele-2022,mbuzi-gang/kelele-2022
release,591,three-wise-goats-2022,mbuzi-gang/three-wise-goats-2022
release,592,tulewe-2023,mbuzi-gang/tulewe-2023
release,593,mchecheto-2021,mbuzi-gang/mchecheto-2021
release,595,chaos-poa-2023,brandy-maina/chaos-poa-2023
release,596,upset-the-setup-2021,brandy-maina/upset-the-setup-2021
release,597,big-man-bado-odinare-2020,ethic/big-man-bado-odinare-2020
release,598,dai-dai-acapella-instrumental-2022,fathermoh/dai-dai-acapella-instrumental-2022
release,599,timestamp-2024,israel-onyach/timestamp-2024
release,6,poison,tanasha-donna/poison
release,60,out-with-the-old,njerae/out-with-the-old
release,601,tufanye-2024,polaris-pauline/tufanye-2024
release,602,rhrn-2025,rekles/rhrn-2025
release,603,kamwana-2026,sofiya-nzau/kamwana-2026
release,604,higher-love-remixes-2025,sofiya-nzau/higher-love-remixes-2025
release,605,kumbaya-dubdogz-remix-2025,sofiya-nzau/kumbaya-dubdogz-remix-2025
release,606,shauku-bana-2025,sofiya-nzau/shauku-bana-2025
release,607,meta-feat-fireboy-dml-2024,sofiya-nzau/meta-feat-fireboy-dml-2024
release,608,maneye-2024,sofiya-nzau/maneye-2024
release,609,digane-2024,sofiya-nzau/digane-2024
release,61,heartbreak-song,hildah-watiri/heartbreak-song
release,610,karima-afro-house-mixes-2024,sofiya-nzau/karima-afro-house-mixes-2024
release,611,sondans-2024,sofiya-nzau/sondans-2024
release,612,walking-on-water-afropiano-mix-2024,sofiya-nzau/walking-on-water-afropiano-mix-2024
release,613,niuka-2024,sofiya-nzau/niuka-2024
release,614,mationaga-2024,sofiya-nzau/mationaga-2024
release,615,na-wose-afro-mixes-2024,sofiya-nzau/na-wose-afro-mixes-2024
release,616,jamuke-2024,sofiya-nzau/jamuke-2024
release,617,mwaki-major-lazer-remix-2024,sofiya-nzau/mwaki-major-lazer-remix-2024
release,618,queen-of-genge-2024,ssaru/queen-of-genge-2024
release,62,wuiru,wanjine/wuiru
release,620,to-whom-it-may-concern-2024,trio-mio/to-whom-it-may-concern-2024
release,622,maybe-2022,ukweli/maybe-2022
release,625,maisha-ya-stunna-2023,lil-maina/maisha-ya-stunna-2023
release,626,wakorofi-settingz-2024,lil-maina/wakorofi-settingz-2024
release,628,lele-remix-2023,lil-maina/lele-remix-2023
release,63,ni-sawa,v-be/ni-sawa
release,630,zitakazopendwa-2024,yaba/zitakazopendwa-2024
release,631,rhumbacane-2021,yaba/rhumbacane-2021
release,632,ningeweza-feat-chris-clave-single,we-are-nubia/ningeweza-feat-chris-clave-single
release,633,inside-out-2023,nviiri-the-storyteller/inside-out-2023
release,635,kitenge-2021,nviiri-the-storyteller/kitenge-2021
release,636,labor-of-love-2025,zaituni/labor-of-love-2025
release,637,ananipenda-2022,zaituni/ananipenda-2022
release,638,escobar-2024,masterpiece-king/escobar-2024
release,639,24-the-ep-2021,masterpiece-king/24-the-ep-2021
release,64,haikuanza-like-this,mutoriah/haikuanza-like-this
release,640,sunshine-2021,muthaka/sunshine-2021
release,641,stript-live-at-the-bedroom-edition-2024,muthoka/stript-live-at-the-bedroom-edition-2024
release,642,love-bite-ep,muthaka/love-bite-ep
release,645,invisible-currency-2022,khaligraph-jones/invisible-currency-2022
release,647,alusa-why-are-you-topless-1,bien/alusa-why-are-you-topless-1
release,648,bald-men-love-better-ep,bien/bald-men-love-better-ep
release,65,timestamp,onyach-pala/timestamp
release,650,all-hands-on-dec-2025,vic-west/all-hands-on-dec-2025
release,651,chonjo-2022,wangechi/chonjo-2022
release,653,jawaya-jathum,winyo/jawaya-jathum
release,657,kaveve-kazoze-2023,kushman/kaveve-kazoze-2023
release,659,day-ones-2024,lil-maina/day-ones-2024
release,66,healing,kethan/healing
release,660,alicia-keys-remix-feat-lil-maina-2023,lil-maina/alicia-keys-remix-feat-lil-maina-2023
release,661,unaware-2021,nviiri-the-storyteller/unaware-2021
release,662,autograph-2014,khaligraph-jones/autograph-2014
release,663,isnm-imposter-syndrome-no-more-2024,coster-ojwang/isnm-imposter-syndrome-no-more-2024
release,666,men-can-lie-acapella-instrumental-2023,brandy-maina/men-can-lie-acapella-instrumental-2023
release,667,men-can-lie-acapella-instrumental-2023,ssaru/men-can-lie-acapella-instrumental-2023
release,669,mtoto-wa-khadija,mejja/mtoto-wa-khadija
release,67,okra-water,kodongklan/okra-water
release,672,needs-ep,we-are-nubia/needs-ep
release,673,black-gold-ep-2021-1,fena-gitu/black-gold-ep-2021-1
release,674,rnb,bridget-blue/rnb
release,68,nairobi-streets-remix,bridget-blue/nairobi-streets-remix
release,69,tonight,nikita-kering/tonight
release,7,boy-lover,kahuti/boy-lover
release,70,love-ballad-no-6,matt-ngesa/love-ballad-no-6
release,701,angabanga,abbas-doobeez/angabanga
release,702,xxv-ep,femi-one/xxv-ep
release,703,en-route,watendawili/en-route
release,704,hekaya-ep,watendawili/hekaya-ep
release,705,finale-single,bien/finale-single
release,706,kiswahealing,maovete/kiswahealing
release,707,kiswahealing-ii,maovete/kiswahealing-ii
release,708,lamu-nights,octopizzo/lamu-nights
release,709,in-the-meantime,octopizzo/in-the-meantime
release,71,love-language,fancy-fingers/love-language
release,710,jungle-fever,octopizzo/jungle-fever
release,711,kich-ka-liech,octopizzo/kich-ka-liech
release,712,pia-mi-nataka-feat-watendawili-fathermoh-single,tipsy-gee/pia-mi-nataka-feat-watendawili-fathermoh-single
release,713,wajue-feat-malosh-single,tipsy-gee/wajue-feat-malosh-single
release,714,taki-nakati-single,tipsy-gee/taki-nakati-single
release,715,kuja-ivo-feat-ybw-smith-sean-mmg-tipsy-gee-single,gody-tennor/kuja-ivo-feat-ybw-smith-sean-mmg-tipsy-gee-single
release,716,hii-ndo-inabamba-feat-tipsy-gee-kushman-kappy-single,gody-tennor/hii-ndo-inabamba-feat-tipsy-gee-kushman-kappy-single
release,717,wasupa-single,breeder-lw/wasupa-single
release,718,finish-kumalo-feat-spoiler-soundkraft-single,tipsy-gee/finish-kumalo-feat-spoiler-soundkraft-single
release,719,shumpele-single,spoiler/shumpele-single
release,72,pieces-of-me,lelaika/pieces-of-me
release,720,tiktoker-feat-gody-tennor-tipsy-gee-kappy-single,soundkraft/tiktoker-feat-gody-tennor-tipsy-gee-kappy-single
release,721,slithering-single,tipsy-gee/slithering-single
release,722,mi-nataka-tu-mkale-remix-single,tugen-finest-souls/mi-nataka-tu-mkale-remix-single
release,723,plumber-single,bensoul/plumber-single
release,724,rong-manners,dyana-cods/rong-manners
release,725,river-lake-nilote,dyana-cods/river-lake-nilote
release,726,ghetto-girl,dyana-cods/ghetto-girl
release,727,chude-genje-feat-femi-one-single,dyana-cods/chude-genje-feat-femi-one-single
release,728,maisha-ya-stunna,lilmaina__trashed-2/maisha-ya-stunna
release,729,maisha-ya-stunna,lil-maina/maisha-ya-stunna
release,73,addicted,brandy-maina/addicted
release,731,a-side-of-me,nikita-kering/a-side-of-me
release,732,chai-ya-saa-kumi-single,ywaya-tajiri/chai-ya-saa-kumi-single
release,734,sumbua,lil-maina/sumbua
release,735,savage-level,savara/savage-level
release,736,midnight-train,sauti-sol/midnight-train
release,737,no-overthinking,savara/no-overthinking
release,738,lucky-summer-single,dj-mura/lucky-summer-single
release,739,lucky-summer-2025,dj-mura/lucky-summer-2025
release,74,pretty-women,x-o/pretty-women
release,740,likizo,dj-mura/likizo
release,741,utaambia-nini-watu-single,iyanii/utaambia-nini-watu-single
release,742,donjo-maber-single,iyanii/donjo-maber-single
release,743,good-vibes-inshallah-feat-bien-single,iyanii/good-vibes-inshallah-feat-bien-single
release,744,rumours-single,dufla/rumours-single
release,745,pombe-single,iyanii/pombe-single
release,746,kifo-cha-mende-single,iyanii/kifo-cha-mende-single
release,747,stage-ya-mwisho-feat-watendawili-iyanii-single,vic-west/stage-ya-mwisho-feat-watendawili-iyanii-single
release,748,bazu-single,muthoni-drummer-queen/bazu-single
release,749,unanifaa-single,iyanii/unanifaa-single
release,75,i-choose-you,bridget-blue/i-choose-you
release,750,katam-feat-bien-single,diamond-platnumz/katam-feat-bien-single
release,751,dusk-to-dawn,serro/dusk-to-dawn
release,752,fweny-revelations,coster-ojwang/fweny-revelations
release,753,mbak-ndalo-ep,coster-ojwang/mbak-ndalo-ep
release,754,tales-of-the-fisherman,coster-ojwang/tales-of-the-fisherman
release,755,raila-odinga-single,coster-ojwang/raila-odinga-single
release,756,labor-of-love-1,zaituni/labor-of-love-1
release,757,jeshi-ya-katululu,sewersydaa/jeshi-ya-katululu
release,758,momentum,karura-voices/momentum
release,759,there-is-a-fire,karura-voices/there-is-a-fire
release,76,isnm-imposter-syndrome-no-more,coster-ojwang/isnm-imposter-syndrome-no-more
release,760,wimbo-wa-sifa,karura-voices/wimbo-wa-sifa
release,761,usikubali-single,karura-voices/usikubali-single
release,762,hakuna-jambo-single,karura-voices/hakuna-jambo-single
release,763,makubwa-single,karura-voices/makubwa-single
release,764,nimekubali-single,karura-voices/nimekubali-single
release,765,brand-new-me,pitson/brand-new-me
release,766,lingala-ya-yesu-single,pitson/lingala-ya-yesu-single
release,767,maneno-ya-uzima,pitson/maneno-ya-uzima
release,768,eternal-ep,karun/eternal-ep
release,769,catch-a-vibe-ep,karun/catch-a-vibe-ep
release,77,im-here,bridget-blue/im-here
release,770,only-you-a-colors-show-single,karun/only-you-a-colors-show-single
release,771,make-believe-feat-blinky-bill-single,karun/make-believe-feat-blinky-bill-single
release,772,glow-up-single,karun/glow-up-single
release,773,anticipate-single,xenia-manasseh/anticipate-single
release,774,pen-paper-feat-hook-single,karun/pen-paper-feat-hook-single
release,79,mwanzo,kethan/mwanzo
release,8,9,njiru/9
release,80,disko,kodongklan/disko
release,81,slow-burning,3n/slow-burning
release,82,eternal,karun/eternal
release,83,wajue,tipsy-gee/wajue
release,84,ghetto-loving,ywaya-tajiri/ghetto-loving
release,85,all-my-enemies-are-suffering-remix,bien/all-my-enemies-are-suffering-remix
release,86,yariasu,nyashinski/yariasu
release,87,waridi,mura/waridi
release,88,mpishi,matata/mpishi
release,89,show-you-off-acoustic,savara/show-you-off-acoustic
release,9,rombosa,ewoton/rombosa
release,90,love-is-forever,bensoul/love-is-forever
release,91,the-kids-are-alive,gufy/the-kids-are-alive
release,92,healing,okello-max/healing
release,93,oliveia,mutoriah/oliveia
release,94,teveva,ochungulo-family/teveva
release,95,weko,ochungulo-family/weko
release,96,datway,ochungulo-family/datway
release,97,running-late,boiblacc/running-late
release,98,case-mbaya,khaligraph-jones/case-mbaya
release,99,walahi,boutross/walahi
track,1,up-burukanga,collo-blue/up-burukanga
track,10,game,buruklyn-boyz/game
track,100,ainame,brandy-maina/ainame
track,1000,come-my-way-1,fena-gitu/come-my-way-1
track,1001,kaende,fena-gitu/kaende
track,1002,let-me-go-acoustic,fena-gitu/let-me-go-acoustic
track,1003,mali-safi,fena-gitu/mali-safi
track,1004,pretty-girl,fena-gitu/pretty-girl
track,1005,real-ones,breeder-lw/real-ones
track,1006,steam,fena-gitu/steam
track,1007,d-day,femi-one/d-day
track,1008,hepi,femi-one/hepi
track,1009,kipetero-kiyesu,femi-one/kipetero-kiyesu
track,101,ingia-ndani,njerae/ingia-ndani
track,1010,pewa,femi-one/pewa
track,1011,sema,femi-one/sema
track,1012,staki,femi-one/staki
track,1013,tunaweza,iyanii/tunaweza
track,1014,under-the-influence,femi-one/under-the-influence
track,1015,utawezana,femi-one/utawezana
track,1016,fullest-potential,katapilla/fullest-potential
track,1017,gonga,bigpin/gonga
track,1018,good-time,katapilla/good-time
track,1019,kill-me-with-the-vibe,shekina-karen/kill-me-with-the-vibe
track,102,kale-ka-uoga,mejja/kale-ka-uoga
track,1020,king,katapilla/king
track,1021,not-sorry,palmer-1/not-sorry
track,1022,siogopi,katapilla/siogopi
track,1023,surebet-ft-katapilla-scar-mkadinali,just-ken/surebet-ft-katapilla-scar-mkadinali
track,1024,training-day,katapilla/training-day
track,1025,vurugu,katapilla/vurugu
track,1026,forever-amen,tuku-kantu/forever-amen
track,1027,kale-kadance,v-be/kale-kadance
track,1028,mpenzi-new-year,v-be/mpenzi-new-year
track,1029,nakupenda,v-be/nakupenda
track,103,mental,mejja/mental
track,1030,romantic-call,v-be/romantic-call
track,1031,sasa-hivi-stripped-down,v-be/sasa-hivi-stripped-down
track,1032,sasa-hivi-refix,v-be/sasa-hivi-refix
track,1033,slow-whine-1,v-be/slow-whine-1
track,1034,arif-mangaa,sewersydaa/arif-mangaa
track,1035,diehatsu-1,sewersydaa/diehatsu-1
track,1036,drako,sewersydaa/drako
track,1037,hakuna-kitu,sewersydaa/hakuna-kitu
track,1038,jeshi-ya-katululu,sewersydaa/jeshi-ya-katululu
track,1039,napenda-kenya,sewersydaa/napenda-kenya
track,104,njia,billy-black/njia
track,1040,network-free,sewersydaa/network-free
track,1041,pon-di-road,sewersydaa/pon-di-road
track,1042,rong-turn,sewersydaa/rong-turn
track,1043,wi-fi,sewersydaa/wi-fi
track,1044,caliente-1,genes1s/caliente-1
track,1045,controlla,genes1s/controlla
track,1046,fine-by-me,genes1s/fine-by-me
track,1047,ikitoka,genes1s/ikitoka
track,1048,karibia,genes1s/karibia
track,1049,nakumiss-missing-you,genes1s/nakumiss-missing-you
track,105,side-hii,maandy/side-hii
track,1050,ongeza-kiasi,genes1s/ongeza-kiasi
track,1051,pretty-girl,genes1s/pretty-girl
track,1052,tupo-site,genes1s/tupo-site
track,1053,ukileta,genes1s/ukileta
track,1054,bila-wewe-acoustic,mordecai-dex/bila-wewe-acoustic
track,1055,busy,mordecai-dex/busy
track,1056,extra-ordinary,mordecai-dex/extra-ordinary
track,1057,human-nature,mordecai-dex/human-nature
track,1058,mema-acoustic,mordecai-dex/mema-acoustic
track,1059,row,bensoul/row
track,106,zanabe,unspoken-salaton/zanabe
track,1060,safari,mordecai-dex/safari
track,1061,bidii-yangu,jua-cali/bidii-yangu
track,1062,cheza-ki-wewe,jua-cali/cheza-ki-wewe
track,1063,kamata-dame,jua-cali/kamata-dame
track,1064,karibu-nairobi,jua-cali/karibu-nairobi
track,1065,kiasi,jua-cali/kiasi
track,1066,mtu-saba,jua-cali/mtu-saba
track,1067,nakuroga,jua-cali/nakuroga
track,1068,ruka,jua-cali/ruka
track,1069,wale-mangaa,jua-cali/wale-mangaa
track,107,habibi,odi-wa-muranga/habibi
track,1070,big-fat-cheque,breeder-lw/big-fat-cheque
track,1071,bio-na-chem,breeder-lw/bio-na-chem
track,1072,dedi-dedilee,breeder-lw/dedi-dedilee
track,1073,fika-by-800,breeder-lw/fika-by-800
track,1074,maandamano,breeder-lw/maandamano
track,1075,naipenda-remix,breeder-lw/naipenda-remix
track,1076,pattern,breeder-lw/pattern
track,1077,pon-mi-radar,breeder-lw/pon-mi-radar
track,1078,rampage,breeder-lw/rampage
track,1079,blunder,moroko-kalahari/blunder
track,108,maua,dtx/maua
track,1080,boss-utii,djungle/boss-utii
track,1081,designated-driver,djungle/designated-driver
track,1082,intro,djungle/intro
track,1083,kangura,djungle/kangura
track,1084,kaunenge,djungle/kaunenge
track,1085,kitu-sure,djungle/kitu-sure
track,1086,same-again,djungle/same-again
track,1087,skit,djungle/skit
track,1088,staai-omoka,djungle/staai-omoka
track,1089,achia-jala,dizasta-vina/achia-jala
track,109,petite,mad-g/petite
track,1090,chachisha,kaa-la-moto/chachisha
track,1091,funga-file-cypher,kaa-la-moto/funga-file-cypher
track,1092,kenda,kaa-la-moto/kenda
track,1093,kumbukumbu,kaa-la-moto/kumbukumbu
track,1094,manipulate,kaa-la-moto/manipulate
track,1095,msafiri,kaa-la-moto/msafiri
track,1096,nakam,kaa-la-moto/nakam
track,1097,prime-time,kaa-la-moto/prime-time
track,1098,shamba,kaa-la-moto/shamba
track,1099,bend-it,tangaza/bend-it
track,11,uspimee,khaligraph-jones/uspimee
track,110,akimbo,harry-craze/akimbo
track,1100,cant-get-enough,maya-amolo/cant-get-enough
track,1101,foundry,maya-amolo/foundry
track,1102,guidance-1,maya-amolo/guidance-1
track,1103,hollon,maya-amolo/hollon
track,1104,i-like-it-1,maya-amolo/i-like-it-1
track,1105,let-it-play,senté/let-it-play
track,1106,look-the-other-way-1,maya-amolo/look-the-other-way-1
track,1107,skipping-pleasantries,maya-amolo/skipping-pleasantries
track,1108,sweetest-time-1,maya-amolo/sweetest-time-1
track,1109,afraid-pt-2-feat-xenia-manasseh,xavier-omu00e4r/afraid-pt-2-feat-xenia-manasseh
track,111,umebant,rispek-ngoma/umebant
track,1110,anticipate,xenia-manasseh/anticipate
track,1111,chizi,bensoul/chizi
track,1112,east2hwood-1,ukweli/east2hwood-1
track,1113,options-1,ukweli/options-1
track,1114,phases,xenia-manasseh/phases
track,1115,rudia-1,ukweli/rudia-1
track,1116,wild-ride-a-colors-show,xenia-manasseh/wild-ride-a-colors-show
track,1117,yes-i-do,afrobeats-central/yes-i-do
track,1118,assurance,masauti/assurance
track,1119,bad-feat-tipsy-gee-masauti,ssaru/bad-feat-tipsy-gee-masauti
track,112,hii-imeenda-refix,parroty/hii-imeenda-refix
track,1120,huu-mwaka,masauti/huu-mwaka
track,1121,ipepete,masauti/ipepete
track,1122,kesho,masauti/kesho
track,1123,kiboko,masauti/kiboko
track,1124,kiboko-remix,masauti/kiboko-remix
track,1125,kilimani,masauti/kilimani
track,1126,shule,masauti/shule
track,1127,sokote,masauti/sokote
track,1128,big-mama,exray-taniua/big-mama
track,1129,disco-matanga,exray-taniua/disco-matanga
track,113,that-gyal,kilundeezy/that-gyal
track,1130,felicity-1,exray-taniua/felicity-1
track,1131,jibambez,exray-taniua/jibambez
track,1132,makofi,exray-taniua/makofi
track,1133,normally-1,exray-taniua/normally-1
track,1134,sipangwingwi,exray-taniua/sipangwingwi
track,1135,tipsy,joefes/tipsy
track,1136,usherati,exray-taniua/usherati
track,1137,hutia,ally-fresh/hutia
track,1138,katika,dj-mura-k-e/katika
track,1139,loving,dj-mura-k-e/loving
track,114,physical,ochungulo-family/physical
track,1140,tena,ally-fresh/tena
track,1141,tycoon,dj-mura-k-e/tycoon
track,1142,waridi,dj-mura-k-e/waridi
track,1143,chude-genje,dyana-cods/chude-genje
track,1144,dont-delay-1,dyana-cods/dont-delay-1
track,1145,every-gala,dyana-cods/every-gala
track,1146,get-busy,dyana-cods/get-busy
track,1147,khali-cartel-5,khaligraph-jones/khali-cartel-5
track,1148,mtu-wa-shughuli,dyana-cods/mtu-wa-shughuli
track,1149,riswa-4,dyana-cods/riswa-4
track,115,take-it-easy,odi-wa-muranga/take-it-easy
track,1150,riswa-five-ft-sewersydaa,dyana-cods/riswa-five-ft-sewersydaa
track,1151,set-it,dyana-cods/set-it
track,1152,slithering,tipsy-gee/slithering
track,1153,backbencher,toxic-lyrikali/backbencher
track,1154,bud-flowers,toxic-lyrikali/bud-flowers
track,1155,chinje,toxic-lyrikali/chinje
track,1156,confirmation,toxic-lyrikali/confirmation
track,1157,hood,toxic-lyrikali/hood
track,1158,mfisadi,toxic-lyrikali/mfisadi
track,1159,packe-remix,thirtyfourbrick/packe-remix
track,116,sexy,joefes/sexy
track,1160,sick,toxic-lyrikali/sick
track,1161,thugnificent,toxic-lyrikali/thugnificent
track,1162,conquer,elsy-wameyo/conquer
track,1163,make-way,motez/make-way
track,1164,meant-to-be,elsy-wameyo/meant-to-be
track,1165,on-me,elsy-wameyo/on-me
track,1166,river-nile,elsy-wameyo/river-nile
track,1167,size-four,elsy-wameyo/size-four
track,1168,wameyo-1,elsy-wameyo/wameyo-1
track,1169,umva,elsy-wameyo/umva
track,117,gaggle-wapi-msupa,joefes/gaggle-wapi-msupa
track,1170,daima,eric-wainaina/daima
track,1171,daima-chanjokwawote,eric-wainaina/daima-chanjokwawote
track,1172,mabawa,eric-wainaina/mabawa
track,1173,mama-luka,eric-wainaina/mama-luka
track,1174,mariana,eric-wainaina/mariana
track,1175,nchi-ya-kitu-kidogo,eric-wainaina/nchi-ya-kitu-kidogo
track,1176,ritwa-riaku,eric-wainaina/ritwa-riaku
track,1177,selina-re-mix,eric-wainaina/selina-re-mix
track,1178,twende-twende,eric-wainaina/twende-twende
track,1179,dawa,kethan/dawa
track,118,normally,exray-taniua/normally
track,1180,homabay,kethan/homabay
track,1181,jioni,kinoti/jioni
track,1182,kesho-kutwa,kethan/kesho-kutwa
track,1183,sema,kethan/sema
track,1184,summer,kethan/summer
track,1185,sweet-matunda,kethan/sweet-matunda
track,1186,waza-1,kethan/waza-1
track,1187,wimbo-wetu,kethan/wimbo-wetu
track,1188,bad-girl,swat-matire/bad-girl
track,1189,ex,swat-matire/ex
track,119,pambana,sailors-254/pambana
track,1190,finyo,swat-matire/finyo
track,1191,gari-kubwa,swat-matire/gari-kubwa
track,1192,kanairo,swat-matire/kanairo
track,1193,konyolo,swat-matire/konyolo
track,1194,magallis,swat-matire/magallis
track,1195,share,fathermoh/share
track,1196,sugua,africa-unit/sugua
track,1197,whine-take-it-down,swat-matire/whine-take-it-down
track,1198,chay-chay,kagwe-mungai/chay-chay
track,1199,east-african-girls,kagwe-mungai/east-african-girls
track,12,animal,umoja-sounds/animal
track,120,bam-bigi,naffarioh/bam-bigi
track,1200,ghostika,kagwe-mungai/ghostika
track,1201,idk,kagwe-mungai/idk
track,1202,kama-kawaida,kagwe-mungai/kama-kawaida
track,1203,mbogi-ya-madenge,kagwe-mungai/mbogi-ya-madenge
track,1204,miss-obi,kagwe-mungai/miss-obi
track,1205,nakulike,kagwe-mungai/nakulike
track,1206,till-the-end,kagwe-mungai/till-the-end
track,1207,go,muthaka/go
track,1208,june-10th-1,muthaka/june-10th-1
track,1209,love-ballad-no-3,muthaka/love-ballad-no-3
track,121,mwazzara,chris-kaiga/mwazzara
track,1210,pretty-girl-whine,muthaka/pretty-girl-whine
track,1211,priceless,muthaka/priceless
track,1212,same-page,bensoul/same-page
track,1213,secret-lover,muthaka/secret-lover
track,1214,sunshine,muthaka/sunshine
track,1215,why-dont-you-love-me,muthaka/why-dont-you-love-me
track,1216,not-today,matata/not-today
track,1217,oversized-t-shirt,matata/oversized-t-shirt
track,1218,siko-fiti,matata/siko-fiti
track,1219,tulia-nikupange,matata/tulia-nikupange
track,122,tikitaka,theluchi/tikitaka
track,1220,coffee-and-bread,mutoriah/coffee-and-bread
track,1221,githambutha,ayrosh/githambutha
track,1222,jangwani,ayrosh/jangwani
track,1223,kirinyaga,ayrosh/kirinyaga
track,1224,maheni,ayrosh/maheni
track,1225,ningwendete,ayrosh/ningwendete
track,1226,njamba,suraj/njamba
track,1227,nuu,ayrosh/nuu
track,1228,superstar,ayrosh/superstar
track,1229,wendo,ayrosh/wendo
track,123,felicity,exray-taniua/felicity
track,1230,breaking-news,uncojingjong/breaking-news
track,1231,dancehalling,uncojingjong/dancehalling
track,1232,gwethe,uncojingjong/gwethe
track,1233,kadede,uncojingjong/kadede
track,1234,kichaa,uncojingjong/kichaa
track,1235,shida-za-kidosi,uncojingjong/shida-za-kidosi
track,1236,shoka,uncojingjong/shoka
track,1237,wanjapi,uncojingjong/wanjapi
track,1238,wanjapi-2,uncojingjong/wanjapi-2
track,1239,aluta,ochungulo-family/aluta
track,124,nyadundo,fathermoh/nyadundo
track,1240,bora-uhai,ochungulo-family/bora-uhai
track,1241,dudu,ochungulo-family/dudu
track,1242,mbingijiii-imekulwa-na-ndogi,ochungulo-family/mbingijiii-imekulwa-na-ndogi
track,1243,na-iwake-remix,ochungulo-family/na-iwake-remix
track,1244,ngwaii,ochungulo-family/ngwaii
track,1245,pandemik,ochungulo-family/pandemik
track,1246,physical-1,ochungulo-family/physical-1
track,1247,wanjiku,ochungulo-family/wanjiku
track,1248,zero-distance,ochungulo-family/zero-distance
track,1249,bank-otuch,octopizzo/bank-otuch
track,125,mazone-wamejaa,ochungulo-family/mazone-wamejaa
track,1250,june-25th,octopizzo/june-25th
track,1251,kadi,octopizzo/kadi
track,1252,no-signal,octopizzo/no-signal
track,1253,noma-ni,octopizzo/noma-ni
track,1254,oliel,octopizzo/oliel
track,1255,so-alive-remix,chemutai-sage/so-alive-remix
track,1256,something-for-you,octopizzo/something-for-you
track,1257,wakiritho,octopizzo/wakiritho
track,1258,young-puffy,octopizzo/young-puffy
track,1259,fanya-like-this,sabi-wu/fanya-like-this
track,126,njia,maandy/njia
track,1260,kitu-true,sabi-wu/kitu-true
track,1261,mi-na-wewe,sabi-wu/mi-na-wewe
track,1262,niko-rada,sabi-wu/niko-rada
track,1263,nisho,sabi-wu/nisho
track,1264,pale-pale,sabi-wu/pale-pale
track,1265,rass-life,sabi-wu/rass-life
track,1266,wacha-nirest,sabi-wu/wacha-nirest
track,1267,waistline,sabi-wu/waistline
track,1268,wueh,sabi-wu/wueh
track,1269,abdala,mbuzi-gang/abdala
track,127,ya-mwisho,mejja/ya-mwisho
track,1270,baikoko,mbuzi-gang/baikoko
track,1271,bambi,mbuzi-gang/bambi
track,1272,shamra-shamra,mbuzi-gang/shamra-shamra
track,1273,shamra-shamra-remix,mbuzi-gang/shamra-shamra-remix
track,1274,shamra-shamra-amapiano-remix,mbuzi-gang/shamra-shamra-amapiano-remix
track,1275,sherehe-sheria,mbuzi-gang/sherehe-sheria
track,1276,taki-taki,mbuzi-gang/taki-taki
track,1277,wagithomo,mbuzi-gang/wagithomo
track,1278,alini-block,brandy-maina/alini-block
track,1279,crash-out,brandy-maina/crash-out
track,128,1-times-3,itsdeco/1-times-3
track,1280,dark-skin,brandy-maina/dark-skin
track,1281,kubali-acoustic,brandy-maina/kubali-acoustic
track,1282,power-cable-feat-okello-max,brandy-maina/power-cable-feat-okello-max
track,1283,trust-no-1,brandy-maina/trust-no-1
track,1284,utamu,ochiko/utamu
track,1285,fyeka,ethic/fyeka
track,1286,gwara,ethic/gwara
track,1287,katika,ethic/katika
track,1288,lamba-lolo,ethic/lamba-lolo
track,1289,new-position,ethic/new-position
track,129,sioni-nikimake,parroty/sioni-nikimake
track,1290,quarantei,ethic/quarantei
track,1291,staga-niki-medi,ethic/staga-niki-medi
track,1292,stray-dancehall-cypher,rudra-kartel/stray-dancehall-cypher
track,1293,zigizaga,ethic/zigizaga
track,1294,gongewa-feat-fathermoh-motif-de-don,ssaru/gongewa-feat-fathermoh-motif-de-don
track,1295,kaskie-vibaya,fathermoh/kaskie-vibaya
track,1296,marafiki,fathermoh/marafiki
track,1297,statue-feat-ssaru-motif,marioo/statue-feat-ssaru-motif
track,1298,uongo-gani,iyanii/uongo-gani
track,1299,zoza,dufla/zoza
track,13,kichapo,mordecai-dex/kichapo
track,130,mambo-ni-marefu,mavo-on-the-beat/mambo-ni-marefu
track,1300,chance,israel-onyach/chance
track,1301,fly,garvin-mungai/fly
track,1302,good-for-me,ochiko/good-for-me
track,1303,haiwahusu,israel-onyach/haiwahusu
track,1304,karma,israel-onyach/karma
track,1305,maji,musicaljillo/maji
track,1306,ntakutunza-hadi-umsahau,israel-onyach/ntakutunza-hadi-umsahau
track,1307,rahisi,shad-mziki/rahisi
track,1308,songea,israel-onyach/songea
track,1309,tuwe-pamoja,israel-onyach/tuwe-pamoja
track,131,masupuu,ethic-entertainment/masupuu
track,1310,furaha,iyanii/furaha
track,1311,good-vibes-inshallah,iyanii/good-vibes-inshallah
track,1312,pombe,iyanii/pombe
track,1313,rumours,dufla/rumours
track,1314,tamu-1,iyanii/tamu-1
track,1315,unanifaa,iyanii/unanifaa
track,1316,drunk-n-disorderly,kushman/drunk-n-disorderly
track,1317,fukuru,mbogi-genje/fukuru
track,1318,good-genes,fidel-rayd/good-genes
track,1319,kata-simu-tupo-site,kushman/kata-simu-tupo-site
track,132,nganya,tipsy-gee/nganya
track,1320,kaveve-kazoze-remix,kushman/kaveve-kazoze-remix
track,1321,maandamano,kushman/maandamano
track,1322,maji,vinie-chwani/maji
track,1323,nawacha-pombe-remix-feat-ssaru-benzema,kushman/nawacha-pombe-remix-feat-ssaru-benzema
track,1324,sijazoea-kuteteshwa-si-lazima-tuolewe,kushman/sijazoea-kuteteshwa-si-lazima-tuolewe
track,1325,tit-for-tat,kushman/tit-for-tat
track,1326,back-pain,4mr-frank-white/back-pain
track,1327,khadija-feat-vijana-barubaru,ndovu-kuu/khadija-feat-vijana-barubaru
track,1328,maggie-wa-nyumbani,ndovu-kuu/maggie-wa-nyumbani
track,1329,my-work-is-to-party,ndovu-kuu/my-work-is-to-party
track,133,baraka-zitaniua,kushman/baraka-zitaniua
track,1330,ndovu-ni-kuu,ndovu-kuu/ndovu-ni-kuu
track,1331,pretty-girls-twerk,ndovu-kuu/pretty-girls-twerk
track,1332,tetanus,ndovu-kuu/tetanus
track,1333,umebant-1,rispek-ngoma/umebant-1
track,1334,baba,ally-fresh/baba
track,1335,complicated,moeazy/complicated
track,1336,me-you,polaris-pauline/me-you
track,1337,omera,polaris-pauline/omera
track,1338,sitaki,polaris-pauline/sitaki
track,1339,tufanye,polaris-pauline/tufanye
track,134,chill-guy,joefes/chill-guy
track,1340,una-do,polaris-pauline/una-do
track,1341,wallahi,polaris-pauline/wallahi
track,1342,kalale,rekles/kalale
track,1343,kanyagia,rekles/kanyagia
track,1344,makanga,breeder-lw/makanga
track,1345,mapenzi-ya-nairobi,rekles/mapenzi-ya-nairobi
track,1346,me-ndo-najua-story-book-riddim,rekles/me-ndo-najua-story-book-riddim
track,1347,nki-kucheki,rekles/nki-kucheki
track,1348,so-fine,rekles/so-fine
track,1349,sota,rekles/sota
track,135,kafyat,boondocks-gang/kafyat
track,1350,weka-piano,rekles/weka-piano
track,1351,zamani,rekles/zamani
track,1352,mambo-imechemka,vinc-on-the-beat/mambo-imechemka
track,1353,away,topic/away
track,1354,hutia,sofiya-nzau/hutia
track,1355,kumbaya,zerb/kumbaya
track,1356,mwaki,zerb/mwaki
track,1357,mwaki-friends-remix,zerb/mwaki-friends-remix
track,1358,mwaki-sped-up,zerb/mwaki-sped-up
track,1359,mwaki-timmy-trumpet-remix,zerb/mwaki-timmy-trumpet-remix
track,136,siri,heavy-cane/siri
track,1360,mwaki-tiëstos-vip-mix,zerb/mwaki-tiëstos-vip-mix
track,1361,wacuka,avaion/wacuka
track,1362,your-love-antdot-remix,plsty/your-love-antdot-remix
track,1363,bei-imepanda,breeder-lw/bei-imepanda
track,1364,maintain-ivo-ivo,ssaru/maintain-ivo-ivo
track,1365,pesa,ssaru/pesa
track,1366,tumerudiana,vic-west/tumerudiana
track,1367,zungushiwa,ssaru/zungushiwa
track,1368,finish-kumalo,tipsy-gee/finish-kumalo
track,1369,mi-nataka-tu-mkale-remix,tugen-finest-souls/mi-nataka-tu-mkale-remix
track,137,jana,joefes/jana
track,1370,nganya-1,tipsy-gee/nganya-1
track,1371,pia-mi-nataka-1,tipsy-gee/pia-mi-nataka-1
track,1372,shumpele,spoiler/shumpele
track,1373,taki-nakati,tipsy-gee/taki-nakati
track,1374,wajue-1,tipsy-gee/wajue-1
track,1375,wasupa,breeder-lw/wasupa
track,1376,buda,trio-mio/buda
track,1377,cheza-kama-wewe,trio-mio/cheza-kama-wewe
track,1378,everyday,trio-mio/everyday
track,1379,hazardous-remix,trio-mio/hazardous-remix
track,138,tena-na-tena,odi-wa-muranga/tena-na-tena
track,1380,kontrola,trio-mio/kontrola
track,1381,makosa,trio-mio/makosa
track,1382,shiro-remix,kappy/shiro-remix
track,1383,back2me,ukweli/back2me
track,1384,dunia,ukweli/dunia
track,1385,hamna-aibu,ukweli/hamna-aibu
track,1386,it-always-ends-with-you,manana/it-always-ends-with-you
track,1387,love-me-or-leave-me,ukweli/love-me-or-leave-me
track,1388,maybe,ukweli/maybe
track,1389,silaha,ukweli/silaha
track,139,jiji-la-makata,joefes/jiji-la-makata
track,1390,billion-reasons,ochiko/billion-reasons
track,1391,ghetto-loving-1,ywaya-tajiri/ghetto-loving-1
track,1392,lonely,ywaya-tajiri/lonely
track,1393,mazuri-mabaya,ywaya-tajiri/mazuri-mabaya
track,1394,money-over-love,ywaya-tajiri/money-over-love
track,1395,nî-we,ywaya-tajiri/nî-we
track,1396,out-again-feat-ywaya-tajiri,nameless/out-again-feat-ywaya-tajiri
track,1397,bounce,zzero-sufuri/bounce
track,1398,bwana-wa-mabwana,zzero-sufuri/bwana-wa-mabwana
track,1399,kudonjo-kudunda,zzero-sufuri/kudonjo-kudunda
track,14,heal,mumbi/heal
track,140,hupangi-kuolewa,unspoken-salaton/hupangi-kuolewa
track,1400,mapangale,zzero-sufuri/mapangale
track,1401,matiati,zzero-sufuri/matiati
track,1402,shake-your-body,zzero-sufuri/shake-your-body
track,1403,vuva,zzero-sufuri/vuva
track,1404,wase-wase,zzero-sufuri/wase-wase
track,1405,zimenishika,zzero-sufuri/zimenishika
track,1406,calypso,lilmaina__trashed-2/calypso
track,1407,cocoa-butter,lil-maina/cocoa-butter
track,1408,desire,lilmaina__trashed-2/desire
track,1409,kinare,lilmaina__trashed-2/kinare
track,141,sabina-joy,joefes/sabina-joy
track,1410,medulla,soundkraft/medulla
track,1411,nakam-sai,lilmaina__trashed-2/nakam-sai
track,1412,ni-nani,lilmaina__trashed-2/ni-nani
track,1413,sumbua,lilmaina__trashed-2/sumbua
track,1414,tonight-remix,nikita-kering/tonight-remix
track,1415,atieno,itsyaba/atieno
track,1416,baby-momma,itsyaba/baby-momma
track,1417,dala,itsyaba/dala
track,1418,jaber,itsyaba/jaber
track,1419,kuna-vile,itsyaba/kuna-vile
track,142,girl-toto,mbuzi-gang/girl-toto
track,1420,mashujaa,itsyaba/mashujaa
track,1421,nashangaa,itsyaba/nashangaa
track,1422,rhumbacane,itsyaba/rhumbacane
track,1423,sabuni-ya-roho,itsyaba/sabuni-ya-roho
track,1424,side-chick,itsyaba/side-chick
track,1425,baridi-feat-sanaipei-tande,nviiri-the-storyteller/baridi-feat-sanaipei-tande
track,1426,kitenge,nviiri-the-storyteller/kitenge
track,1427,lesotho-feat-ray-gee,nviiri-the-storyteller/lesotho-feat-ray-gee
track,1428,mae-wendi,nviiri-the-storyteller/mae-wendi
track,1429,nikilewa,nviiri-the-storyteller/nikilewa
track,143,eterera,odi-wa-muranga/eterera
track,1430,nikita,nviiri-the-storyteller/nikita
track,1431,niko-sawa-feat-bien,nviiri-the-storyteller/niko-sawa-feat-bien
track,1432,overdose,nviiri-the-storyteller/overdose
track,1433,pombe-sigara,nviiri-the-storyteller/pombe-sigara
track,1434,ananipenda,zaituni/ananipenda
track,1435,ananipenda-acoustic-version,zaituni/ananipenda-acoustic-version
track,1436,huyo-1,zaituni/huyo-1
track,1437,inakuuma,zaituni/inakuuma
track,1438,naenda,zaituni/naenda
track,1439,nipende,zaituni/nipende
track,144,tumia-kichwa,fathermoh/tumia-kichwa
track,1440,pressure,zaituni/pressure
track,1441,sasa-hivi,zaituni/sasa-hivi
track,1442,tamu-1,zaituni/tamu-1
track,1443,tick-tock,zaituni/tick-tock
track,1444,air-bnb,masterpiece-king/air-bnb
track,1445,airbnb,masterpiece-king/airbnb
track,1446,bestie,masterpiece-king/bestie
track,1447,guza-umbwa,masterpiece-king/guza-umbwa
track,1448,huanga-must,masterpiece-king/huanga-must
track,1449,jug-on-jug,masterpiece-king/jug-on-jug
track,145,zama,ethic-entertainment/zama
track,1450,kichwa-mbaya,masterpiece-king/kichwa-mbaya
track,1451,tululu,masterpiece-king/tululu
track,1452,utaniget,masterpiece-king/utaniget
track,1453,vile-inafaa,masterpiece-king/vile-inafaa
track,1454,hard-innerlude,muthaka/hard-innerlude
track,1455,2019,muthaka/2019
track,1456,song-in-a-major,muthaka/song-in-a-major
track,1457,sitaki-mwingine-with-arinaitwe,muthaka/sitaki-mwingine-with-arinaitwe
track,1458,frame-with-barbara-wangui,muthaka/frame-with-barbara-wangui
track,1459,sunday-skin,muthaka/sunday-skin
track,146,cheza-na-topa,breeder-lw/cheza-na-topa
track,1460,honey-hour,muthaka/honey-hour
track,1461,broken-heart-live,muthaka/broken-heart-live
track,1462,let-you-go-live,muthaka/let-you-go-live
track,1463,wewe-live,muthaka/wewe-live
track,1464,mapema,kethan/mapema
track,1465,quicksand,muthaka/quicksand
track,1466,touching-on-my-baby,muthaka/touching-on-my-baby
track,1467,driveway,muthaka/driveway
track,1468,songa,muthaka/songa
track,1469,napepea,bensoul/napepea
track,147,starehe,unspoken-salaton/starehe
track,1470,somebody-new,bensoul/somebody-new
track,1471,mida-ya-420,bensoul/mida-ya-420
track,1472,legalization,bensoul/legalization
track,1473,melody-interlude,bensoul/melody-interlude
track,1474,my-boo,bensoul/my-boo
track,1475,dondosa,bensoul/dondosa
track,1476,hatujachelewa,bensoul/hatujachelewa
track,1477,viva-la-vida,bensoul/viva-la-vida
track,1478,miracles-outro,bensoul/miracles-outro
track,1479,go-acoustic,muthaka/go-acoustic
track,148,milayas,boondocks-gang/milayas
track,1480,thinking-of-you,muthaka/thinking-of-you
track,1481,good-to-you,muthaka/good-to-you
track,1482,gratitude,idahams/gratitude
track,1483,che-che,idahams/che-che
track,1484,bad-girl,idahams/bad-girl
track,1485,hate-that-i-love,idahams/hate-that-i-love
track,1486,odeshi,idahams/odeshi
track,1487,lovina-remix,idahams/lovina-remix
track,1488,kpofire,idahams/kpofire
track,1489,go-again,idahams/go-again
track,149,denda,mbuzi-gang/denda
track,1490,oyeh,idahams/oyeh
track,1491,somebodys-daughter,idahams/somebodys-daughter
track,1492,pressure,idahams/pressure
track,1493,rapid-love,idahams/rapid-love
track,1494,where-im-from,idahams/where-im-from
track,1495,guitar,muthaka/guitar
track,1496,sunshine-intro,muthaka/sunshine-intro
track,1497,sorry,muthaka/sorry
track,1498,too-young,muthaka/too-young
track,1499,lion,wyre/lion
track,15,lowkey,toxic-lyrikali/lowkey
track,150,khartoum,ochungulo-family/khartoum
track,1500,guarantee-1,wyre/guarantee-1
track,1501,we-dont-stop,wyre/we-dont-stop
track,1502,cece,wyre/cece
track,1503,mr-selekta,wyre/mr-selekta
track,1504,no-more,wyre/no-more
track,1505,hotter-ft-khaligraph-jones,wyre/hotter-ft-khaligraph-jones
track,1506,light-it-up,wyre/light-it-up
track,1507,monie,wyre/monie
track,1508,never-let-me-go,wyre/never-let-me-go
track,1509,no-one,wyre/no-one
track,151,nyweta,madgaza/nyweta
track,1510,tired-of-the-fighting,wyre/tired-of-the-fighting
track,1511,what-you-want,wyre/what-you-want
track,1512,talk-to-you,wyre/talk-to-you
track,1513,thank-you,wyre/thank-you
track,1514,some-girls-do,wyre/some-girls-do
track,1515,barua-ya-mwisho,wyre/barua-ya-mwisho
track,1516,intro,wyre/intro
track,1517,everyday,wyre/everyday
track,1518,usiniache,wyre/usiniache
track,1519,without-you,wyre/without-you
track,152,danger-zone,deco-shazam/danger-zone
track,1520,top-of-the-game,wyre/top-of-the-game
track,1521,sina-makosa,wyre/sina-makosa
track,1522,bringing-it-home,wyre/bringing-it-home
track,1523,bigga-tune,wyre/bigga-tune
track,1524,njoo-nami,wyre/njoo-nami
track,1525,cant-change-we,wyre/cant-change-we
track,1526,good-man,wyre/good-man
track,1527,all-for-you,wyre/all-for-you
track,1528,run-dem,wyre/run-dem
track,1529,dont-get-enough,wyre/dont-get-enough
track,153,denge,daney-b/denge
track,1530,track-like-what,wyre/track-like-what
track,1531,kolo,wyre/kolo
track,1532,what-do-they-know,wyre/what-do-they-know
track,1533,over-protective,wyre/over-protective
track,1534,protect-me,wyre/protect-me
track,1535,sababu-yako,wyre/sababu-yako
track,1536,make-a-choice,wyre/make-a-choice
track,1537,definition-of-a-lovechild,wyre/definition-of-a-lovechild
track,1538,nafasi,wyre/nafasi
track,1539,gimme-the-musiq,wyre/gimme-the-musiq
track,154,kongo-remastered,hitman-kaht/kongo-remastered
track,1540,mi-bila-wewe,wyre/mi-bila-wewe
track,1541,she-say-dat,wyre/she-say-dat
track,1542,10-usuhuba,wyre/10-usuhuba
track,1543,sikiza-remix,wyre/sikiza-remix
track,1544,drift-apart,wyre/drift-apart
track,1545,khadija,wyre/khadija
track,1546,wema,wyre/wema
track,1547,jewel,wyre/jewel
track,1548,exclusive,wyre/exclusive
track,1549,zaidi,wyre/zaidi
track,155,hit-poa-2-0-remix,kappy/hit-poa-2-0-remix
track,1550,be-wise,wyre/be-wise
track,1551,change-your-ways,wyre/change-your-ways
track,1552,me-like-it,wyre/me-like-it
track,1553,am-in-love-with-you,wyre/am-in-love-with-you
track,1554,legendary-1,nyashinski/legendary-1
track,1555,dont-play-with-my-money-dpwmm,nyashinski/dont-play-with-my-money-dpwmm
track,1556,grateful-1,nyashinski/grateful-1
track,1557,dubai,nyashinski/dubai
track,1558,elegance-1,nyashinski/elegance-1
track,1559,p-i-c-partner-in-crime-1,nyashinski/p-i-c-partner-in-crime-1
track,156,physically-fiit,mr-tee/physically-fiit
track,1560,tai-chi-1,nyashinski/tai-chi-1
track,1561,m-i-a-missing-in-action-1,nyashinski/m-i-a-missing-in-action-1
track,1562,celebrate-life,nyashinski/celebrate-life
track,1563,good-massage,nyashinski/good-massage
track,1564,wine-1,nyashinski/wine-1
track,1565,fresh-1,nyashinski/fresh-1
track,1566,becoming,nyashinski/becoming
track,1567,greener,nyashinski/greener
track,1568,sweet-aroma,nyashinski/sweet-aroma
track,1569,traveler,nyashinski/traveler
track,157,vile-napenda,bensoul/vile-napenda
track,1570,g-o-a-t,nyashinski/g-o-a-t
track,1571,time,nyashinski/time
track,1572,everyday,nyashinski/everyday
track,1573,wach-wach,nyashinski/wach-wach
track,1574,fathela,nyashinski/fathela
track,1575,flowers,nyashinski/flowers
track,1576,1-of-1,nyashinski/1-of-1
track,1577,jitu-feat-khaligraph-jones-savara,nyashinski/jitu-feat-khaligraph-jones-savara
track,1578,bluff,nyashinski/bluff
track,1579,dopamine,nyashinski/dopamine
track,158,tamu,zaituni/tamu
track,1580,silencer-remastered,nyashinski/silencer-remastered
track,1581,busy,nyashinski/busy
track,1582,crashout-feat-teya-ticasso,khaligraph-jones/crashout-feat-teya-ticasso
track,1583,the-purge,khaligraph-jones/the-purge
track,1584,risk-feat-nyashinski,khaligraph-jones/risk-feat-nyashinski
track,1585,halfway-feat-mordecai-dex,khaligraph-jones/halfway-feat-mordecai-dex
track,1586,favour-feat-falz,khaligraph-jones/favour-feat-falz
track,1587,khali-cartel-5-feat-dyana-cods-abbas-k%eb%ab%bf-jakk-quill-ruyonga-fresh-like-uhh-mex-cortez,khaligraph-jones/khali-cartel-5-feat-dyana-cods-abbas-k%eb%ab%bf-jakk-quill-ruyonga-fresh-like-uhh-mex-cortez
track,1588,gotta-be-wrong-feat-silverstone-barz,khaligraph-jones/gotta-be-wrong-feat-silverstone-barz
track,1589,family-feat-timmy-blanco,khaligraph-jones/family-feat-timmy-blanco
track,159,sianda,savara/sianda
track,1590,on-the-real,khaligraph-jones/on-the-real
track,1591,og-status,khaligraph-jones/og-status
track,1592,invisible-currency,khaligraph-jones/invisible-currency
track,1593,all-i-need,khaligraph-jones/all-i-need
track,1594,ikechukwu,khaligraph-jones/ikechukwu
track,1595,rada-safi,khaligraph-jones/rada-safi
track,1596,ateri-dala-feat-prince-indah,khaligraph-jones/ateri-dala-feat-prince-indah
track,1597,am-on-the-move-feat-blackway,khaligraph-jones/am-on-the-move-feat-blackway
track,1598,maombi-ya-mama-feat-adasa,khaligraph-jones/maombi-ya-mama-feat-adasa
track,1599,kamnyweso-feat-mejja,khaligraph-jones/kamnyweso-feat-mejja
track,16,mali-safi,iyanii/mali-safi
track,160,disko,kodongklan/disko
track,1600,wanguvu-feat-ali-kiba,khaligraph-jones/wanguvu-feat-ali-kiba
track,1601,inner-peace-feat-kev-the-topic,khaligraph-jones/inner-peace-feat-kev-the-topic
track,1602,tsunami-feat-scar-mkadinali,khaligraph-jones/tsunami-feat-scar-mkadinali
track,1603,how-we-do-feat-xenia-manasseh,khaligraph-jones/how-we-do-feat-xenia-manasseh
track,1604,ride-for-you-feat-rudeboy,khaligraph-jones/ride-for-you-feat-rudeboy
track,1605,bad-dreams,khaligraph-jones/bad-dreams
track,1606,flee,khaligraph-jones/flee
track,1607,hiroshima-feat-dax,khaligraph-jones/hiroshima-feat-dax
track,1608,the-khali-chronicles,khaligraph-jones/the-khali-chronicles
track,1609,testimony,khaligraph-jones/testimony
track,161,wickedest-gurl,njiru/wickedest-gurl
track,1610,blessings,khaligraph-jones/blessings
track,1611,for-life,khaligraph-jones/for-life
track,1612,g-like-that,khaligraph-jones/g-like-that
track,1613,gwala-feat-ycee,khaligraph-jones/gwala-feat-ycee
track,1614,make-babies,khaligraph-jones/make-babies
track,1615,taking-it-all-feat-timmy-blanco,khaligraph-jones/taking-it-all-feat-timmy-blanco
track,1616,no-change-feat-fena,khaligraph-jones/no-change-feat-fena
track,1617,aisee-feat-ray-c,khaligraph-jones/aisee-feat-ray-c
track,1618,superwoman-feat-mr-eazi,khaligraph-jones/superwoman-feat-mr-eazi
track,1619,all-the-way-up,khaligraph-jones/all-the-way-up
track,162,colors,njerae/colors
track,1620,now-you-know-feat-rostam,khaligraph-jones/now-you-know-feat-rostam
track,1621,beat-it,khaligraph-jones/beat-it
track,1622,go-hard-feat-esco,khaligraph-jones/go-hard-feat-esco
track,1623,don-know-feat-ko,khaligraph-jones/don-know-feat-ko
track,1624,complicated-feat-ria,khaligraph-jones/complicated-feat-ria
track,1625,put-god-first,khaligraph-jones/put-god-first
track,1626,men-of-steel,khaligraph-jones/men-of-steel
track,1627,faslame,khaligraph-jones/faslame
track,1628,autograph,khaligraph-jones/autograph
track,1629,asante-sana-a-song-for-mama-2,khaligraph-jones/asante-sana-a-song-for-mama-2
track,163,mayoo,fathermoh/mayoo
track,1630,find-your-way,khaligraph-jones/find-your-way
track,1631,dedication-–-we-are-one,khaligraph-jones/dedication-–-we-are-one
track,1632,the-takeover,khaligraph-jones/the-takeover
track,1633,me-nitakupa,khaligraph-jones/me-nitakupa
track,1634,make-it-work,khaligraph-jones/make-it-work
track,1635,take-it-to-the-top,khaligraph-jones/take-it-to-the-top
track,1636,put-god-1st,khaligraph-jones/put-god-1st
track,1637,ni-wakati,khaligraph-jones/ni-wakati
track,1638,simon-sez-freestyle,khaligraph-jones/simon-sez-freestyle
track,1639,check-this,khaligraph-jones/check-this
track,164,server,fathermoh/server
track,1640,times-are-hard,khaligraph-jones/times-are-hard
track,1641,legendintro,bien/legendintro
track,1642,lost-found,bien/lost-found
track,1643,sex-marijuana,bien/sex-marijuana
track,1644,my-baby-feat-ayra-starr,bien/my-baby-feat-ayra-starr
track,1645,chikwere,bien/chikwere
track,1646,ma-cherie,bien/ma-cherie
track,1647,i-want-you,bien/i-want-you
track,1648,true-love,bien/true-love
track,1649,stay,bien/stay
track,165,inakubalika,matata/inakubalika
track,1650,a-student,bien/a-student
track,1651,time,bien/time
track,1652,time-alone-feat-tay-iwar,bien/time-alone-feat-tay-iwar
track,1653,lifestyle-feat-scar-mkadinali,bien/lifestyle-feat-scar-mkadinali
track,1654,too-easy-feat-dj-edu,bien/too-easy-feat-dj-edu
track,1655,kwama,bien/kwama
track,1656,annointed-feat-sarah-ikumu-outro,bien/annointed-feat-sarah-ikumu-outro
track,1657,bald-men-anthem,bien/bald-men-anthem
track,1658,stamina,bien/stamina
track,1659,coming-home,bien/coming-home
track,166,catchi-yoh-whine,shad-mziki/catchi-yoh-whine
track,1660,reset-rewind,bien/reset-rewind
track,1661,mbwe-mbwe-1,bien/mbwe-mbwe-1
track,1662,intro-kitu-sewer,wakadinali/intro-kitu-sewer
track,1663,chizi-feat-kitu-sewer,wakadinali/chizi-feat-kitu-sewer
track,1664,dream-team,wakadinali/dream-team
track,1665,mjanja-mjini,wakadinali/mjanja-mjini
track,1666,no-money-no-job-feat-sudough-doss,wakadinali/no-money-no-job-feat-sudough-doss
track,1667,nyuria,wakadinali/nyuria
track,1668,story-ya-life,wakadinali/story-ya-life
track,1669,vile-nawawasha,wakadinali/vile-nawawasha
track,167,tamu,iyanii/tamu
track,1670,hizi-stance,wakadinali/hizi-stance
track,1671,za-kimotho,wakadinali/za-kimotho
track,1672,skit-kitu-sewer,wakadinali/skit-kitu-sewer
track,1673,disco-sugar-feat-skillo,wakadinali/disco-sugar-feat-skillo
track,1674,rong-cypher-3-0,wakadinali/rong-cypher-3-0
track,1675,mamacita,wakadinali/mamacita
track,1676,anataka-tu-nimpende,wakadinali/anataka-tu-nimpende
track,1677,denge-dingo-2,wakadinali/denge-dingo-2
track,1678,si-tulikosana,wakadinali/si-tulikosana
track,1679,maproso-feat-suzanna-owiyo,wakadinali/maproso-feat-suzanna-owiyo
track,168,come-my-way,fena-gitu/come-my-way
track,1680,long-distance,wakadinali/long-distance
track,1681,kum-baba-feat-abbas-k%eb%ab%bf-wakuu-pepela-masterpiece-king,wakadinali/kum-baba-feat-abbas-k%eb%ab%bf-wakuu-pepela-masterpiece-king
track,1682,heartbreaker,wakadinali/heartbreaker
track,1683,tamashani-feat-skillo-sudough-doss-katapilla,wakadinali/tamashani-feat-skillo-sudough-doss-katapilla
track,1684,singefanikiwa,wakadinali/singefanikiwa
track,1685,interlude,wakadinali/interlude
track,1686,mariwana,wakadinali/mariwana
track,1687,king-size-scar,wakadinali/king-size-scar
track,1688,huu-kijana,wakadinali/huu-kijana
track,1689,shit-yangu,wakadinali/shit-yangu
track,169,niangalie,kethan/niangalie
track,1690,zoea,wakadinali/zoea
track,1691,tourist,wakadinali/tourist
track,1692,aroma,wakadinali/aroma
track,1693,chunga,wakadinali/chunga
track,1694,case-closed,wakadinali/case-closed
track,1695,rong-reggae,wakadinali/rong-reggae
track,1696,rong-cypher-vol-2-0,wakadinali/rong-cypher-vol-2-0
track,1697,battery-low,wakadinali/battery-low
track,1698,usini-udhii,wakadinali/usini-udhii
track,1699,ohh-lord,wakadinali/ohh-lord
track,17,slow-whine,v-be/slow-whine
track,170,grateful,nyashinski/grateful
track,1700,toka-mapema,wakadinali/toka-mapema
track,1701,until-the-a-m,wakadinali/until-the-a-m
track,1702,hallelujah,wakadinali/hallelujah
track,1703,my-woman,wakadinali/my-woman
track,1704,ujinga-ujinga,wakadinali/ujinga-ujinga
track,1705,regret,wakadinali/regret
track,1706,staki-rafiki,wakadinali/staki-rafiki
track,1707,chachisha,wakadinali/chachisha
track,1708,intro,wakadinali/intro
track,1709,chesswoh,wakadinali/chesswoh
track,171,p-i-c-partner-in-crime,nyashinski/p-i-c-partner-in-crime
track,1710,triple-xl,wakadinali/triple-xl
track,1711,love-song,wakadinali/love-song
track,1712,extra-pressure,wakadinali/extra-pressure
track,1713,dilated,wakadinali/dilated
track,1714,njege-sanse,wakadinali/njege-sanse
track,1715,wapi-na-nani-feat-sir-bwoy,wakadinali/wapi-na-nani-feat-sir-bwoy
track,1716,nyaranyara,wakadinali/nyaranyara
track,1717,pima-poa,wakadinali/pima-poa
track,1718,kim-jong-un,wakadinali/kim-jong-un
track,1719,avoid-those-people-feat-boutross-breeder-lw-abbas-k뫿-elisha-elai-dyana-cods,wakadinali/avoid-those-people-feat-boutross-breeder-lw-abbas-k뫿-elisha-elai-dyana-cods
track,172,stage-ya-mwisho,vic-west/stage-ya-mwisho
track,1720,n-y-c-2-intro,wakadinali/n-y-c-2-intro
track,1721,better-days-dyana-cods,wakadinali/better-days-dyana-cods
track,1722,like-uuuh,wakadinali/like-uuuh
track,1723,moja-safi-feat-timmy-blanco-twenny-eights-khaligraph-jones,wakadinali/moja-safi-feat-timmy-blanco-twenny-eights-khaligraph-jones
track,1724,mtoto-ni-mrembo-feat-timmy-blanco-twenny-eights,wakadinali/mtoto-ni-mrembo-feat-timmy-blanco-twenny-eights
track,1725,mangana-manangos,wakadinali/mangana-manangos
track,1726,starehe-ndani-ya-roho,wakadinali/starehe-ndani-ya-roho
track,1727,ume-tii,wakadinali/ume-tii
track,1728,zoza-zoza,wakadinali/zoza-zoza
track,1729,sitafadhali,wakadinali/sitafadhali
track,173,nawaza,zaituni-wambui/nawaza
track,1730,eastlando,wakadinali/eastlando
track,1731,n-y-c-2-outro,wakadinali/n-y-c-2-outro
track,1732,disko-1,kodongklan/disko-1
track,1733,tonight-1,kodongklan/tonight-1
track,1734,kumbaya,kodongklan/kumbaya
track,1735,jaba,kodongklan/jaba
track,1736,okra-water-1,kodongklan/okra-water-1
track,1737,morning,kodongklan/morning
track,1738,finally,kodongklan/finally
track,1739,kodong,kodongklan/kodong
track,174,donjo-maber,iyanii/donjo-maber
track,1740,if-i-really-love-you,kodongklan/if-i-really-love-you
track,1741,against-the-world,kodongklan/against-the-world
track,1742,jahera-na,kodongklan/jahera-na
track,1743,window-red,bridget-blue/window-red
track,1744,burnt-orange,bridget-blue/burnt-orange
track,1745,ticking-yellow,bridget-blue/ticking-yellow
track,1746,colours,bridget-blue/colours
track,1747,woman-green,bridget-blue/woman-green
track,1748,gimmi-your-love-blue,bridget-blue/gimmi-your-love-blue
track,1749,times-indigo,bridget-blue/times-indigo
track,175,ilomba,serro/ilomba
track,1750,goodbye-violet,bridget-blue/goodbye-violet
track,1751,cup-of-tea,bridget-blue/cup-of-tea
track,1752,alone,bridget-blue/alone
track,1753,kijana,bridget-blue/kijana
track,1754,weapon,bridget-blue/weapon
track,1755,kesho-verse-one-acoustic,bridget-blue/kesho-verse-one-acoustic
track,1756,kesho-open-verse,bridget-blue/kesho-open-verse
track,1757,kesho-reggae,bridget-blue/kesho-reggae
track,1758,kesho-instrumental,bridget-blue/kesho-instrumental
track,1759,kesho-open-verses,bridget-blue/kesho-open-verses
track,176,anyango,coster-ojwang/anyango
track,1760,praise-your-name,bridget-blue/praise-your-name
track,1761,grateful,bridget-blue/grateful
track,1762,hills-and-valleys,bridget-blue/hills-and-valleys
track,1763,easy-on-me,bridget-blue/easy-on-me
track,1764,oxygen-o2,bridget-blue/oxygen-o2
track,1765,kumama,bridget-blue/kumama
track,1766,panapo-pendo,njoki-karu/panapo-pendo
track,1767,dance,njoki-karu/dance
track,1768,anchor,njoki-karu/anchor
track,1769,heaven-1,njoki-karu/heaven-1
track,177,i-like-it,maya-amolo/i-like-it
track,1770,interlude,njoki-karu/interlude
track,1771,njokis-prayer,njoki-karu/njokis-prayer
track,1772,hinya,njoki-karu/hinya
track,1773,god-only-knows,njoki-karu/god-only-knows
track,1774,reprise,njoki-karu/reprise
track,1775,tender,njoki-karu/tender
track,1776,simama-imara,njoki-karu/simama-imara
track,1777,mama-says,njoki-karu/mama-says
track,1778,mwikali-feat-maima,bahati/mwikali-feat-maima
track,1779,chimama-feat-musa-jakadalla,bahati/chimama-feat-musa-jakadalla
track,178,pokunena,winyo/pokunena
track,1780,i-feel-you-feat-kareh-b,bahati/i-feel-you-feat-kareh-b
track,1781,yaweh,bahati/yaweh
track,1782,neshipai-feat-leshao-leshao,bahati/neshipai-feat-leshao-leshao
track,1783,bado-feat-sweetstar-harry-richie,bahati/bado-feat-sweetstar-harry-richie
track,1784,messiah-feat-dj-fatxo,bahati/messiah-feat-dj-fatxo
track,1785,kiss-1,bahati/kiss-1
track,1786,take-it-slow,bahati/take-it-slow
track,1787,pete-yangu,bahati/pete-yangu
track,1788,caro,bahati/caro
track,1789,julie,bahati/julie
track,179,dnd,we-are-nubia/dnd
track,1790,sweet-darling,bahati/sweet-darling
track,1791,the-one,bahati/the-one
track,1792,size-yangu-1,bahati/size-yangu-1
track,1793,fikra-za-bahati,bahati/fikra-za-bahati
track,1794,barua,bahati/barua
track,1795,mama,bahati/mama
track,1796,wangu,bahati/wangu
track,1797,kuchu-kuchu,bahati/kuchu-kuchu
track,1798,story-yangu,bahati/story-yangu
track,1799,lover,bahati/lover
track,18,lie-to-me-home-session,karun/lie-to-me-home-session
track,180,haina-pressure,nikita-kering/haina-pressure
track,1800,siku-ya-kwanza,bahati/siku-ya-kwanza
track,1801,machozi,bahati/machozi
track,1802,itakuwa-sawa,bahati/itakuwa-sawa
track,1803,visa,bahati/visa
track,1804,fire-cover,bahati/fire-cover
track,1805,fire-parody-audio,bahati/fire-parody-audio
track,1806,mapenzi,bahati/mapenzi
track,1807,bubbling,ciano-maimba/bubbling
track,1808,under,ciano-maimba/under
track,1809,peace-like-a-river-flows-1,ciano-maimba/peace-like-a-river-flows-1
track,181,kautamu-flani,bensoul/kautamu-flani
track,1810,dreamscapes-1,ciano-maimba/dreamscapes-1
track,1811,dunia-1,ciano-maimba/dunia-1
track,1812,singing-the-blues-1,ciano-maimba/singing-the-blues-1
track,1813,uhai-1,ciano-maimba/uhai-1
track,1814,earned-it-1,ciano-maimba/earned-it-1
track,1815,youth-1,wanja-wohoro/youth-1
track,1816,mumbi,wanja-wohoro/mumbi
track,1817,home,wanja-wohoro/home
track,1818,mine,wanja-wohoro/mine
track,1819,you,wanja-wohoro/you
track,182,kifo-cha-mende,iyanii/kifo-cha-mende
track,1820,voices,wanja-wohoro/voices
track,1821,matriarch,wanja-wohoro/matriarch
track,1822,binti-1,wanja-wohoro/binti-1
track,1823,persist,wanja-wohoro/persist
track,1824,work-of-art,wanja-wohoro/work-of-art
track,1825,dawa-1,wanja-wohoro/dawa-1
track,1826,honey-bee,wanja-wohoro/honey-bee
track,1827,honeydew,wanja-wohoro/honeydew
track,1828,dust,wanja-wohoro/dust
track,1829,poison,wanja-wohoro/poison
track,183,hadi-kesho,watendawili/hadi-kesho
track,1830,life-of-the-party,just-a-band/life-of-the-party
track,1831,thank-you-rebel-and-a-cause,just-a-band/thank-you-rebel-and-a-cause
track,1832,till-we-try,just-a-band/till-we-try
track,1833,doot-doot,just-a-band/doot-doot
track,1834,family-ties,just-a-band/family-ties
track,1835,another-chance,just-a-band/another-chance
track,1836,get-down,just-a-band/get-down
track,1837,bush-baby-disco,just-a-band/bush-baby-disco
track,1838,looking-for-home,just-a-band/looking-for-home
track,1839,twende-kazi-apocalypse-mix,just-a-band/twende-kazi-apocalypse-mix
track,184,truth-or-dare,shad-mziki/truth-or-dare
track,1840,s-w-e-e-t,just-a-band/s-w-e-e-t
track,1841,a-while,just-a-band/a-while
track,1842,save-my-soul,just-a-band/save-my-soul
track,1843,extra,just-a-band/extra
track,1844,kaa-ridho,just-a-band/kaa-ridho
track,1845,migingo-express,just-a-band/migingo-express
track,1846,usinibore,just-a-band/usinibore
track,1847,sunrise,just-a-band/sunrise
track,1848,uko-mbele,just-a-band/uko-mbele
track,1849,forever-people-do-it-so-delicious,just-a-band/forever-people-do-it-so-delicious
track,185,extra-pressure,bensoul/extra-pressure
track,1850,stay,just-a-band/stay
track,1851,boogiedeebweet,just-a-band/boogiedeebweet
track,1852,tingiza-kichwa,just-a-band/tingiza-kichwa
track,1853,fly,just-a-band/fly
track,1854,oh-ndio,just-a-band/oh-ndio
track,1855,maro-pa-more,just-a-band/maro-pa-more
track,1856,funkyfinebeautiful,just-a-band/funkyfinebeautiful
track,1857,do-you-mind,just-a-band/do-you-mind
track,1858,hey,just-a-band/hey
track,1859,bye-bye,just-a-band/bye-bye
track,186,sina-noma,charisma/sina-noma
track,1860,if-i-could,just-a-band/if-i-could
track,1861,twende-kazi-no-jokes,just-a-band/twende-kazi-no-jokes
track,1862,have-you-seen-her,just-a-band/have-you-seen-her
track,1863,lights-music-stars,just-a-band/lights-music-stars
track,1864,iwinyo-piny,just-a-band/iwinyo-piny
track,1865,beba-na-finje,just-a-band/beba-na-finje
track,1866,hey-from-ech0,just-a-band/hey-from-ech0
track,1867,if-i-could-from-ech0,just-a-band/if-i-could-from-ech0
track,1868,watasema,just-a-band/watasema
track,1869,watu-from-ech0,just-a-band/watu-from-ech0
track,187,vendor,shona-prince/vendor
track,1870,fight-for-you-1,njerae/fight-for-you-1
track,1871,decide-1,njerae/decide-1
track,1872,hypnotize,njerae/hypnotize
track,1873,gone-1,njerae/gone-1
track,1874,colors-2,njerae/colors-2
track,1875,decide-kimob-remix,njerae/decide-kimob-remix
track,1876,fight-for-you-kobby-worldwide-remix,njerae/fight-for-you-kobby-worldwide-remix
track,1877,intro-tired,njerae/intro-tired
track,1878,the-one,njerae/the-one
track,1879,give-it-up,njerae/give-it-up
track,188,recap,kudosx/recap
track,1880,interlude-siwezi-mind,njerae/interlude-siwezi-mind
track,1881,anything-for-you,njerae/anything-for-you
track,1882,ndani-ya-gari,njerae/ndani-ya-gari
track,1883,cut-me-down,njerae/cut-me-down
track,1884,sherehe,njerae/sherehe
track,1885,go-away,njerae/go-away
track,1886,far-away,njerae/far-away
track,1887,send-wave,njerae/send-wave
track,1888,baki-pekee-yako-1,njerae/baki-pekee-yako-1
track,1889,friendzone,njerae/friendzone
track,189,catch-22,alwyne-thuggerson/catch-22
track,1890,kweli,njerae/kweli
track,1891,vibez-on-vibez,njerae/vibez-on-vibez
track,1892,mtamu,njerae/mtamu
track,1893,hakika-extended,savinnah/hakika-extended
track,1894,bad-mamacita-1,savinnah/bad-mamacita-1
track,1895,kengele,chris-kaiga/kengele
track,1896,kanyagia,chris-kaiga/kanyagia
track,1897,i-want-1,chris-kaiga/i-want-1
track,1898,ongeza-debe-1,chris-kaiga/ongeza-debe-1
track,1899,majaliwa,chris-kaiga/majaliwa
track,19,malia,tuku-kantu/malia
track,190,nzvenga,holy-ten/nzvenga
track,1900,weekendi,chris-kaiga/weekendi
track,1901,likizo,big-nyagz/likizo
track,1902,tucheze,big-nyagz/tucheze
track,1903,nawe,big-nyagz/nawe
track,1904,rejea,big-nyagz/rejea
track,1905,rejea-instrumental,big-nyagz/rejea-instrumental
track,1906,running,big-nyagz/running
track,1907,tough-love-outro,big-nyagz/tough-love-outro
track,1908,kilengeta-original-mix-1,big-nyagz/kilengeta-original-mix-1
track,1909,kilengeta-instrumental-mix,big-nyagz/kilengeta-instrumental-mix
track,191,sema,feddy-njuki/sema
track,1910,kipepeo,nadia-mukami/kipepeo
track,1911,what-have-you-done-to-me,nadia-mukami/what-have-you-done-to-me
track,1912,nikupende-1,nadia-mukami/nikupende-1
track,1913,mofire,nadia-mukami/mofire
track,1914,bye-bye,nadia-mukami/bye-bye
track,1915,work,nadia-mukami/work
track,1916,mali-safi-1,nadia-mukami/mali-safi-1
track,1917,amen,nadia-mukami/amen
track,1918,lonely,nadia-mukami/lonely
track,1919,kamasutra,nadia-mukami/kamasutra
track,192,ningelijua,j-blessing/ningelijua
track,1920,pole,nadia-mukami/pole
track,1921,siko-sure-1,nadia-mukami/siko-sure-1
track,1922,pesa,nadia-mukami/pesa
track,1923,criminal-lover,nadia-mukami/criminal-lover
track,1924,tesa-1,nadia-mukami/tesa-1
track,1925,jipe,nadia-mukami/jipe
track,1926,wangu-1,nadia-mukami/wangu-1
track,1927,zungushie,nadia-mukami/zungushie
track,1928,dozele,nadia-mukami/dozele
track,1929,million-dollar,nadia-mukami/million-dollar
track,193,za-mabuda,v-be/za-mabuda
track,1930,mi-na-we-1,nadia-mukami/mi-na-we-1
track,1931,sosa,nadia-mukami/sosa
track,1932,bebe,nadia-mukami/bebe
track,1933,dawa,nadia-mukami/dawa
track,1934,your-body,nadia-mukami/your-body
track,1935,tonight,nadia-mukami/tonight
track,1936,dont-give-up,nadia-mukami/dont-give-up
track,1937,everybody,nadia-mukami/everybody
track,1938,away,nadia-mukami/away
track,1939,born-killers,nadia-mukami/born-killers
track,194,bailando,kelechi-africana/bailando
track,1940,zawadi,nadia-mukami/zawadi
track,1941,acheni-mungu-aitwe-mungu,nadia-mukami/acheni-mungu-aitwe-mungu
track,1942,saluti-kwa-mama,nadia-mukami/saluti-kwa-mama
track,1943,kai-wangu-1,nadia-mukami/kai-wangu-1
track,1944,ulimi-yangu,mejja/ulimi-yangu
track,1945,intro-giza-imefunika,serro/intro-giza-imefunika
track,1946,chizi-1,serro/chizi-1
track,1947,a-mourners-cry-1,serro/a-mourners-cry-1
track,1948,ngulu-refix,serro/ngulu-refix
track,1949,interlude-jua-imechomoza,serro/interlude-jua-imechomoza
track,195,pembe,chino-kidd/pembe
track,1950,find-a-feeling-1,serro/find-a-feeling-1
track,1951,body,serro/body
track,1952,ilomba-2,serro/ilomba-2
track,1953,imora,serro/imora
track,1954,nitakua-na-wewe,serro/nitakua-na-wewe
track,1955,tayas-letter,serro/tayas-letter
track,1956,taya,serro/taya
track,1957,nakuombea-not-alone,serro/nakuombea-not-alone
track,1958,okello,serro/okello
track,1959,aheri,serro/aheri
track,196,pom-pom,bruce-melodie/pom-pom
track,1960,mtumwa,serro/mtumwa
track,1961,hey-baby,serro/hey-baby
track,1962,nind,serro/nind
track,1963,mama,serro/mama
track,1964,ya-dunia,serro/ya-dunia
track,1965,ahiko,serro/ahiko
track,1966,niuradukania,serro/niuradukania
track,1967,kasyoki-wa-mitumba,serro/kasyoki-wa-mitumba
track,1968,asante,serro/asante
track,1969,kasyoki-wa-mitumba-bonus-track-soft-version,serro/kasyoki-wa-mitumba-bonus-track-soft-version
track,197,apocalypse,ubuntu/apocalypse
track,1970,rongai-bonus-track,serro/rongai-bonus-track
track,1971,misimu,serro/misimu
track,1972,abiro-loyo,serro/abiro-loyo
track,1973,ngulo,serro/ngulo
track,1974,ole-interlude-1,serro/ole-interlude-1
track,1975,impilo-yami,serro/impilo-yami
track,1976,hold-on-to-the-faith,serro/hold-on-to-the-faith
track,1977,nitunogete-we-are-tired,tina-ardor/nitunogete-we-are-tired
track,1978,waiting-radio-edit,tina-ardor/waiting-radio-edit
track,1979,waiting-instrumental,tina-ardor/waiting-instrumental
track,198,beautiful-disaster,mad-g/beautiful-disaster
track,1980,kamweretho-soultronixx-remix,tina-ardor/kamweretho-soultronixx-remix
track,1981,kamweretho-soultronixx-instrumental-remix,tina-ardor/kamweretho-soultronixx-instrumental-remix
track,1982,natafuta-radio-edit,tina-ardor/natafuta-radio-edit
track,1983,natafuta-extended-version,tina-ardor/natafuta-extended-version
track,1984,natafuta-instrumental,tina-ardor/natafuta-instrumental
track,1985,create-radio-edit,tina-ardor/create-radio-edit
track,1986,create-extended-mix,tina-ardor/create-extended-mix
track,1987,constant-pressure-rui-radio-edit,tina-ardor/constant-pressure-rui-radio-edit
track,1988,kuraya-radio-edit,tina-ardor/kuraya-radio-edit
track,1989,ill-be-there-original,tina-ardor/ill-be-there-original
track,199,toka-dm,mad-g/toka-dm
track,1990,ill-be-there-instrumental,tina-ardor/ill-be-there-instrumental
track,1991,kamweretho-manoo-remix,tina-ardor/kamweretho-manoo-remix
track,1992,kamweretho-manoo-instrumental-remix,tina-ardor/kamweretho-manoo-instrumental-remix
track,1993,kamweretho-coflo-soulful-remix,tina-ardor/kamweretho-coflo-soulful-remix
track,1994,kamweretho-coflo-deep-remix,tina-ardor/kamweretho-coflo-deep-remix
track,1995,kamweretho-1,tina-ardor/kamweretho-1
track,1996,kamweretho-soul-reprise-1,tina-ardor/kamweretho-soul-reprise-1
track,1997,thaai-atmospheric-mix,tina-ardor/thaai-atmospheric-mix
track,1998,thaai-dj-tomer-ricardos-voodoo-tribe-remix,tina-ardor/thaai-dj-tomer-ricardos-voodoo-tribe-remix
track,1999,omwana-oscar-p-remix,tina-ardor/omwana-oscar-p-remix
track,2,farova-forever,savara/farova-forever
track,20,tumia-pesa,watendawili/tumia-pesa
track,200,katika,mura/katika
track,2000,omwana-oscar-p-dub,tina-ardor/omwana-oscar-p-dub
track,2001,omwana,tina-ardor/omwana
track,2002,omwana-instrumental,tina-ardor/omwana-instrumental
track,2003,jahera-na-realm-of-house-remix,tina-ardor/jahera-na-realm-of-house-remix
track,2004,jahera-na-thab-de-souls-mkhulungwe-mix,tina-ardor/jahera-na-thab-de-souls-mkhulungwe-mix
track,2005,jahera-na-da-africa-deep-remix,tina-ardor/jahera-na-da-africa-deep-remix
track,2006,jahera-na-thab-de-souls-mkhulungwe-reprise-mix,tina-ardor/jahera-na-thab-de-souls-mkhulungwe-reprise-mix
track,2007,here-we-are-again,mau-from-nowhere/here-we-are-again
track,2008,peace-war,mau-from-nowhere/peace-war
track,2009,whats-all-this-then-1,mau-from-nowhere/whats-all-this-then-1
track,201,tycoon,dj-mura/tycoon
track,2010,let-it-pass-1,mau-from-nowhere/let-it-pass-1
track,2011,portals,mau-from-nowhere/portals
track,2012,e6,mau-from-nowhere/e6
track,2013,a_m_h,mau-from-nowhere/a_m_h
track,2014,green-hill-zone,mau-from-nowhere/green-hill-zone
track,2015,miss-you,mau-from-nowhere/miss-you
track,2016,silly,mau-from-nowhere/silly
track,2017,fly-1,mau-from-nowhere/fly-1
track,2018,remindher,mau-from-nowhere/remindher
track,2019,crooked,mau-from-nowhere/crooked
track,202,macho-tu,nviiri-the-storyteller/macho-tu
track,2020,dont-pick-up,mau-from-nowhere/dont-pick-up
track,2021,by-your-side,mau-from-nowhere/by-your-side
track,2022,restore-1,mau-from-nowhere/restore-1
track,2023,my-love,mau-from-nowhere/my-love
track,2024,here-if-u-need,mau-from-nowhere/here-if-u-need
track,2025,dogtail,mau-from-nowhere/dogtail
track,2026,s_t_l-1,mau-from-nowhere/s_t_l-1
track,2027,robot-heart,mau-from-nowhere/robot-heart
track,2028,i_d_k,mau-from-nowhere/i_d_k
track,2029,ghost,mau-from-nowhere/ghost
track,203,leo-feat-mbosso,harmonize/leo-feat-mbosso
track,2030,realign,mau-from-nowhere/realign
track,2031,s_t_h,mau-from-nowhere/s_t_h
track,2032,water-boys,mau-from-nowhere/water-boys
track,2033,refuse-refuge,mau-from-nowhere/refuse-refuge
track,2034,haba-na-haba,mau-from-nowhere/haba-na-haba
track,2035,try,mau-from-nowhere/try
track,2036,i-would-hope,mau-from-nowhere/i-would-hope
track,2037,the-universe-is-holding-you,mau-from-nowhere/the-universe-is-holding-you
track,2038,elements,mau-from-nowhere/elements
track,2039,last-name,mau-from-nowhere/last-name
track,204,petals-in-the-breeze-feat-mayonde-viola-karuri,atemi-oyungu/petals-in-the-breeze-feat-mayonde-viola-karuri
track,2040,slowly-fast-1,mau-from-nowhere/slowly-fast-1
track,2041,unspoken,mau-from-nowhere/unspoken
track,2042,mfn,mau-from-nowhere/mfn
track,2043,maybe,mau-from-nowhere/maybe
track,2044,habits,mau-from-nowhere/habits
track,2045,flickr,mau-from-nowhere/flickr
track,2046,dawn,mau-from-nowhere/dawn
track,2047,get-on-up,matt-ngesa/get-on-up
track,2048,time,h_art-the-band/time
track,2049,habibty-feat-phyl-the-kangogo,h_art-the-band/habibty-feat-phyl-the-kangogo
track,205,oh-come,colossal-music/oh-come
track,2050,mada-dada,h_art-the-band/mada-dada
track,2051,kipenda-roho,h_art-the-band/kipenda-roho
track,2052,w-y-l-m,h_art-the-band/w-y-l-m
track,2053,umenikosea,h_art-the-band/umenikosea
track,2054,waenda,h_art-the-band/waenda
track,2055,barua,h_art-the-band/barua
track,2056,karma,h_art-the-band/karma
track,2057,mbio-feat-eric-wainaina,h_art-the-band/mbio-feat-eric-wainaina
track,2058,never-seen,h_art-the-band/never-seen
track,2059,on-my-mind,h_art-the-band/on-my-mind
track,206,massage,savara/massage
track,2060,kelele-feat-phyl-the-kangogo-ndonji-and-gudah-man,h_art-the-band/kelele-feat-phyl-the-kangogo-ndonji-and-gudah-man
track,2061,party-time-interlude,h_art-the-band/party-time-interlude
track,2062,buss-down-party-time,h_art-the-band/buss-down-party-time
track,2063,easy-like-abc-feat-alika,h_art-the-band/easy-like-abc-feat-alika
track,2064,jienjoy-birthday-party,h_art-the-band/jienjoy-birthday-party
track,2065,sitaki-mapressure,h_art-the-band/sitaki-mapressure
track,2066,na-bado-feat-nyashinski,h_art-the-band/na-bado-feat-nyashinski
track,2067,mystical,h_art-the-band/mystical
track,2068,linda-moyo-feat-nyota-ndogo,h_art-the-band/linda-moyo-feat-nyota-ndogo
track,2069,p-d-a-feat-kaskazini,h_art-the-band/p-d-a-feat-kaskazini
track,207,wrong-places,joshua-baraka/wrong-places
track,2070,usiseme-no,h_art-the-band/usiseme-no
track,2071,number-wan-feat-seyi-shay,h_art-the-band/number-wan-feat-seyi-shay
track,2072,lover-lover-feat-bensoul,h_art-the-band/lover-lover-feat-bensoul
track,2073,bad-manners-feat-victoria-kimani,h_art-the-band/bad-manners-feat-victoria-kimani
track,2074,issa-vibe-feat-sauti-sol-1,h_art-the-band/issa-vibe-feat-sauti-sol-1
track,2075,papaya-family,h_art-the-band/papaya-family
track,2076,for-you-feat-cindy-sanyu-remix,h_art-the-band/for-you-feat-cindy-sanyu-remix
track,2077,golden-chances-feat-randy-valentine,h_art-the-band/golden-chances-feat-randy-valentine
track,2078,el-shaddai-feat-cedo-1,h_art-the-band/el-shaddai-feat-cedo-1
track,2079,simple-man-monday,h_art-the-band/simple-man-monday
track,208,%e2%81%a0state-of-my-heart,joshua-baraka/%e2%81%a0state-of-my-heart
track,2080,wait-for-you-tuesday-feat-matt-owegi,h_art-the-band/wait-for-you-tuesday-feat-matt-owegi
track,2081,everyday-wednesday,h_art-the-band/everyday-wednesday
track,2082,na-bado-thursday-feat-nyashinski-1,h_art-the-band/na-bado-thursday-feat-nyashinski-1
track,2083,my-jaber-friday-feat-brizy-annechild-1,h_art-the-band/my-jaber-friday-feat-brizy-annechild-1
track,2084,milele-saturday-sunday,h_art-the-band/milele-saturday-sunday
track,2085,better-than-other-lovers,mayonde/better-than-other-lovers
track,2086,isuni-yilu,mayonde/isuni-yilu
track,2087,angels,mayonde/angels
track,2088,closer-to-the-sun-interlude,mayonde/closer-to-the-sun-interlude
track,2089,find-us-a-way,mayonde/find-us-a-way
track,209,sara-hasara,cedz-imagination/sara-hasara
track,2090,soundtrack,mayonde/soundtrack
track,2091,ajabu-ya-musa,mayonde/ajabu-ya-musa
track,2092,garden,mayonde/garden
track,2093,my-insanity,mayonde/my-insanity
track,2094,goodbye,mayonde/goodbye
track,2095,start-again,mayonde/start-again
track,2096,cruising,mayonde/cruising
track,2097,my-blessing,mayonde/my-blessing
track,2098,more-more,mayonde/more-more
track,2099,celebration,mayonde/celebration
track,21,we-dont-need-money-to-be-rich,mutoriah/we-dont-need-money-to-be-rich
track,210,na-btw-slatt-odyssey-mode,kareem/na-btw-slatt-odyssey-mode
track,2100,nairobi-feat-stonee-jiwe-1,mayonde/nairobi-feat-stonee-jiwe-1
track,2101,daily,mayonde/daily
track,2102,kwisha,mayonde/kwisha
track,2103,tetemesha,mayonde/tetemesha
track,2104,milele-feat-proff,mayonde/milele-feat-proff
track,2105,bossa-vibes,savara/bossa-vibes
track,2106,roxanna,savara/roxanna
track,2107,wewe-ni-fire,savara/wewe-ni-fire
track,2108,life-on-the-road,savara/life-on-the-road
track,2109,euphoria,savara/euphoria
track,211,run-nairobi,hitman-kaht/run-nairobi
track,2110,smile,savara/smile
track,2111,tequila,savara/tequila
track,2112,3-step,savara/3-step
track,2113,sababisha,savara/sababisha
track,2114,more-than-a-friend-1,savara/more-than-a-friend-1
track,2115,in-my-heart,savara/in-my-heart
track,2116,reggae-ya-kinyozi,savara/reggae-ya-kinyozi
track,2117,hallo,savara/hallo
track,2118,anxiety,savara/anxiety
track,2119,savage-level,savara/savage-level
track,212,plumber,bensoul/plumber
track,2120,vibration,savara/vibration
track,2121,fashionista,savara/fashionista
track,2122,killem-everyday,savara/killem-everyday
track,2123,beng-beng-beng-beng-benge-benge,savara/beng-beng-beng-beng-benge-benge
track,2124,oasis,savara/oasis
track,2125,story-za-jaba-radio-edit,savara/story-za-jaba-radio-edit
track,2126,story-za-jaba-extended,savara/story-za-jaba-extended
track,2127,nothing-to-lie,savara/nothing-to-lie
track,2128,nothing-to-lie-extended-mix,savara/nothing-to-lie-extended-mix
track,2129,nothing-to-lie-instrumental,savara/nothing-to-lie-instrumental
track,213,her-bills,bensoul/her-bills
track,2130,nutcase,king-kaka/nutcase
track,2131,nairobi,king-kaka/nairobi
track,2132,mi-na-weh,king-kaka/mi-na-weh
track,2133,leo,king-kaka/leo
track,2134,baraka-zangu,king-kaka/baraka-zangu
track,2135,nice,king-kaka/nice
track,2136,ulikotoka,king-kaka/ulikotoka
track,2137,mtu-like-this,king-kaka/mtu-like-this
track,2138,fail,king-kaka/fail
track,2139,asante,king-kaka/asante
track,214,money-maker,bensoul/money-maker
track,2140,mapenzi-yako,king-kaka/mapenzi-yako
track,2141,explain,king-kaka/explain
track,2142,wajionee,king-kaka/wajionee
track,2143,umenibariki,king-kaka/umenibariki
track,2144,atanishindia,king-kaka/atanishindia
track,2145,worry-not,king-kaka/worry-not
track,2146,nakimbilia-kwako,king-kaka/nakimbilia-kwako
track,2147,praise-you,king-kaka/praise-you
track,2148,mwana-mpotevu,king-kaka/mwana-mpotevu
track,2149,bless-my-way,king-kaka/bless-my-way
track,215,hamwezi-nikataa,ndovu-kuu/hamwezi-nikataa
track,2150,mungu-baba,king-kaka/mungu-baba
track,2151,manifest,king-kaka/manifest
track,2152,nitume,king-kaka/nitume
track,2153,hutaniacha,king-kaka/hutaniacha
track,2154,ray-chapter-1,king-kaka/ray-chapter-1
track,2155,hold-on,king-kaka/hold-on
track,2156,diana-1,king-kaka/diana-1
track,2157,diana-2,king-kaka/diana-2
track,2158,diana-3,king-kaka/diana-3
track,2159,diana-4,king-kaka/diana-4
track,216,pia-mi-nataka,tipsy-gee/pia-mi-nataka
track,2160,diana-5,king-kaka/diana-5
track,2161,diana-6,king-kaka/diana-6
track,2162,diana-7,king-kaka/diana-7
track,2163,diana-8,king-kaka/diana-8
track,2164,diana-9,king-kaka/diana-9
track,2165,get-paid,king-kaka/get-paid
track,2166,ingine,king-kaka/ingine
track,2167,hera-onge-1,king-kaka/hera-onge-1
track,2168,ndae,king-kaka/ndae
track,2169,noma,king-kaka/noma
track,217,i-hated-your-relationship,caleb-awiti/i-hated-your-relationship
track,2170,kuzitoka,king-kaka/kuzitoka
track,2171,zungusha,king-kaka/zungusha
track,2172,pull-up,king-kaka/pull-up
track,2173,nyonge,king-kaka/nyonge
track,2174,mali-safi,king-kaka/mali-safi
track,2175,rusha,king-kaka/rusha
track,2176,thug-love,king-kaka/thug-love
track,2177,ghetto,king-kaka/ghetto
track,2178,mama,king-kaka/mama
track,2179,kalamu,king-kaka/kalamu
track,218,northside-kid,elsy-wameyo/northside-kid
track,2180,rail-on,king-kaka/rail-on
track,2181,nisamehe,king-kaka/nisamehe
track,2182,lazima-kuhappen,king-kaka/lazima-kuhappen
track,2183,hatutoki,king-kaka/hatutoki
track,2184,gerrarahia,king-kaka/gerrarahia
track,2185,twende-kazi,king-kaka/twende-kazi
track,2186,kionjo,king-kaka/kionjo
track,2187,wajinga-nyinyi,king-kaka/wajinga-nyinyi
track,2188,mtaani,king-kaka/mtaani
track,2189,dear-stranger,king-kaka/dear-stranger
track,219,crash-out,elsy-wameyo/crash-out
track,2190,iko-sawa,king-kaka/iko-sawa
track,2191,stupid,king-kaka/stupid
track,2192,zarika,king-kaka/zarika
track,2193,barsically,king-kaka/barsically
track,2194,acknowledge,king-kaka/acknowledge
track,2195,servant,king-kaka/servant
track,2196,sitoweza,king-kaka/sitoweza
track,2197,runway-paris,king-kaka/runway-paris
track,2198,benchi,king-kaka/benchi
track,2199,bundah,king-kaka/bundah
track,22,not-letting-go,bensoul/not-letting-go
track,220,sleep-over,mad-g/sleep-over
track,2200,money,king-kaka/money
track,2201,to-you,king-kaka/to-you
track,2202,kesi,king-kaka/kesi
track,2203,uko,king-kaka/uko
track,2204,nataka,king-kaka/nataka
track,2205,ladies,king-kaka/ladies
track,2206,say-it-loud,king-kaka/say-it-loud
track,2207,mpenzi-wangu,king-kaka/mpenzi-wangu
track,2208,mpaka-kifo,king-kaka/mpaka-kifo
track,2209,genesis,king-kaka/genesis
track,221,na-flex-stingo,44-dugg/na-flex-stingo
track,2210,nishazoea,king-kaka/nishazoea
track,2211,koth-biro,king-kaka/koth-biro
track,2212,destiny,king-kaka/destiny
track,2213,listen-to-my-song,king-kaka/listen-to-my-song
track,2214,twende,king-kaka/twende
track,2215,tulia-tu,king-kaka/tulia-tu
track,2216,back-home,king-kaka/back-home
track,2217,an-eyoo,king-kaka/an-eyoo
track,2218,miaka-kadhaa,king-kaka/miaka-kadhaa
track,2219,kafiri,king-kaka/kafiri
track,222,ingine-remix,calvo-mistari/ingine-remix
track,2220,njiani,king-kaka/njiani
track,2221,bado-nakupenda,king-kaka/bado-nakupenda
track,2222,dodoma-2,king-kaka/dodoma-2
track,2223,uko-tu-sawa,king-kaka/uko-tu-sawa
track,2224,weekend,king-kaka/weekend
track,2225,east-kwa-mabeast,king-kaka/east-kwa-mabeast
track,2226,royalty,king-kaka/royalty
track,2227,cest-la-vie,king-kaka/cest-la-vie
track,2228,dodoma-3,king-kaka/dodoma-3
track,2229,counter-attack,king-kaka/counter-attack
track,223,just-for-you,wendy-kimani/just-for-you
track,2230,poison,king-kaka/poison
track,2231,njia,king-kaka/njia
track,2232,soma-lebo,king-kaka/soma-lebo
track,2233,one-and-only,king-kaka/one-and-only
track,2234,blessings,king-kaka/blessings
track,2235,purple-dust,king-kaka/purple-dust
track,2236,beba-ndogo,king-kaka/beba-ndogo
track,2237,sinema,king-kaka/sinema
track,2238,regula,king-kaka/regula
track,2239,lullaby,king-kaka/lullaby
track,224,wewe-ni-wangu,2wentysixx/wewe-ni-wangu
track,2240,mr-nice,king-kaka/mr-nice
track,2241,dundaing-1,king-kaka/dundaing-1
track,2242,urumutima-wanjye,king-kaka/urumutima-wanjye
track,2243,salome,king-kaka/salome
track,2244,mbesa,king-kaka/mbesa
track,2245,ni-wewe-tu,king-kaka/ni-wewe-tu
track,2246,masudi,king-kaka/masudi
track,2247,better-days,king-kaka/better-days
track,2248,punguza,king-kaka/punguza
track,2249,yesterdays,king-kaka/yesterdays
track,225,glitter-freestyle,toxic-lyrikali/glitter-freestyle
track,2250,twisti,king-kaka/twisti
track,2251,bangaiza,king-kaka/bangaiza
track,2252,kiwewe,king-kaka/kiwewe
track,2253,take-ova,king-kaka/take-ova
track,2254,kata-na-shoka,king-kaka/kata-na-shoka
track,2255,taxi-driver,king-kaka/taxi-driver
track,2256,kaza-moyo,king-kaka/kaza-moyo
track,2257,staki-kukuona,king-kaka/staki-kukuona
track,2258,salam-aleikum,king-kaka/salam-aleikum
track,2259,freedom,king-kaka/freedom
track,226,pure-hate,x-o/pure-hate
track,2260,credo-ya-mkopo,king-kaka/credo-ya-mkopo
track,2261,promised-land-feat-amos-josh,king-kaka/promised-land-feat-amos-josh
track,2262,eastlando,king-kaka/eastlando
track,2263,lini-feat-rich-mavoko-1,king-kaka/lini-feat-rich-mavoko-1
track,2264,mpango-gani-leo,king-kaka/mpango-gani-leo
track,2265,mr-president-feat-shamir-victoria-gichora,king-kaka/mr-president-feat-shamir-victoria-gichora
track,2266,ride-or-die-feat-nai-boi,king-kaka/ride-or-die-feat-nai-boi
track,2267,jibambe-feat-wyre,king-kaka/jibambe-feat-wyre
track,2268,asali-feat-shaa,king-kaka/asali-feat-shaa
track,2269,ndio-kusema-feat-femi-one-avril,king-kaka/ndio-kusema-feat-femi-one-avril
track,227,mpishi,matata/mpishi
track,2270,leta,king-kaka/leta
track,2271,kichinjio,king-kaka/kichinjio
track,2272,najipendelea-feat-joh-makini-g-nako,king-kaka/najipendelea-feat-joh-makini-g-nako
track,2273,piga,king-kaka/piga
track,2274,stop-feat-rosso,king-kaka/stop-feat-rosso
track,2275,surprise-feat-masauti,king-kaka/surprise-feat-masauti
track,2276,2060-feat-abbas-chiwawa,king-kaka/2060-feat-abbas-chiwawa
track,2277,wa-feat-amos-josh,king-kaka/wa-feat-amos-josh
track,2278,ugali-feat-frasha-kristoff,king-kaka/ugali-feat-frasha-kristoff
track,2279,hainipendi,king-kaka/hainipendi
track,228,rich-or-broke,buruklyn-boyz/rich-or-broke
track,2280,dodoma-1,king-kaka/dodoma-1
track,2281,moto,king-kaka/moto
track,2282,prodigal-son,king-kaka/prodigal-son
track,2283,jam-nakam,king-kaka/jam-nakam
track,2284,hustla-1,king-kaka/hustla-1
track,2285,dreams,king-kaka/dreams
track,2286,spy,king-kaka/spy
track,2287,relax,king-kaka/relax
track,2288,ka-unajitrust,king-kaka/ka-unajitrust
track,2289,tap-tap,king-kaka/tap-tap
track,229,hamba,willis-chimano/hamba
track,2290,struggle,king-kaka/struggle
track,2291,wanasay,king-kaka/wanasay
track,2292,an-ordinary-rabbit,king-kaka/an-ordinary-rabbit
track,2293,kazi-flani,king-kaka/kazi-flani
track,2294,ati,king-kaka/ati
track,2295,nakuchukia,king-kaka/nakuchukia
track,2296,swahili-shake-spear,king-kaka/swahili-shake-spear
track,2297,sherehe,king-kaka/sherehe
track,2298,pigwa-bare,king-kaka/pigwa-bare
track,2299,changia-story,king-kaka/changia-story
track,23,headbad,mad-g/headbad
track,230,only-you,tuku-kantu/only-you
track,2300,mangotole,king-kaka/mangotole
track,2301,asante,otile-brown/asante
track,2302,african-woman-feat-eddy-kenzo,otile-brown/african-woman-feat-eddy-kenzo
track,2303,umenipendea-nini-feat-barakah-the-prince,otile-brown/umenipendea-nini-feat-barakah-the-prince
track,2304,na-enjoy,otile-brown/na-enjoy
track,2305,buss-it-feat-boutross,otile-brown/buss-it-feat-boutross
track,2306,tonight,otile-brown/tonight
track,2307,loving-you-feat-femi-one,otile-brown/loving-you-feat-femi-one
track,2308,balling,otile-brown/balling
track,2309,dear-x,otile-brown/dear-x
track,231,keletu,shad-mziki/keletu
track,2310,wickedi-feat-nameless,otile-brown/wickedi-feat-nameless
track,2311,some-fun-feat-morgan-heritage,otile-brown/some-fun-feat-morgan-heritage
track,2312,hallelujah,otile-brown/hallelujah
track,2313,like-that,otile-brown/like-that
track,2314,cake-feat-reekado-banks,otile-brown/cake-feat-reekado-banks
track,2315,grace-bonus-track-feat-gb,otile-brown/grace-bonus-track-feat-gb
track,2316,regina-1,otile-brown/regina-1
track,2317,dede,otile-brown/dede
track,2318,hit-and-run,otile-brown/hit-and-run
track,2319,leila,otile-brown/leila
track,232,kelele,breeder-lw/kelele
track,2320,kosea,otile-brown/kosea
track,2321,umedamshi,otile-brown/umedamshi
track,2322,dusuma-1,otile-brown/dusuma-1
track,2323,watoto-na-pombe,otile-brown/watoto-na-pombe
track,2324,zaidi-yako,otile-brown/zaidi-yako
track,2325,pretty-gal,otile-brown/pretty-gal
track,2326,dejavu,otile-brown/dejavu
track,2327,alivyonipenda,otile-brown/alivyonipenda
track,2328,imaginary-love,otile-brown/imaginary-love
track,2329,adelle-hello-cover,otile-brown/adelle-hello-cover
track,233,weyuat,khaligraph-jones/weyuat
track,2330,everything,otile-brown/everything
track,2331,shujaa-wako,otile-brown/shujaa-wako
track,2332,for-life-feat-the-ben,otile-brown/for-life-feat-the-ben
track,2333,miss-the-water,otile-brown/miss-the-water
track,2334,i-choose-you-feat-jovial,otile-brown/i-choose-you-feat-jovial
track,2335,i-love-you-feat-okello-max,otile-brown/i-love-you-feat-okello-max
track,2336,lala-salama-baba-tribute-song,otile-brown/lala-salama-baba-tribute-song
track,2337,your-body,otile-brown/your-body
track,2338,dont-give-up,otile-brown/dont-give-up
track,2339,everybody,otile-brown/everybody
track,234,sway,we-are-nubia/sway
track,2340,away,otile-brown/away
track,2341,born-killers,otile-brown/born-killers
track,2342,double-up,otile-brown/double-up
track,2343,realer,otile-brown/realer
track,2344,fine-by-me,otile-brown/fine-by-me
track,2345,run-up,otile-brown/run-up
track,2346,sempre,otile-brown/sempre
track,2347,higher,flier/higher
track,2348,ramen,flier/ramen
track,2349,yamimatoi-jigengiri,flier/yamimatoi-jigengiri
track,235,waza,kethan/waza
track,2350,cheer,flier/cheer
track,2351,bushido,flier/bushido
track,2352,dolo,flier/dolo
track,2353,sticky-venus-fly-paper-trap,flier/sticky-venus-fly-paper-trap
track,2354,sou-ryu-sen,flier/sou-ryu-sen
track,2355,youre-not-here,flier/youre-not-here
track,2356,there-there-woman,flier/there-there-woman
track,2357,jesus-in-africa,flier/jesus-in-africa
track,2358,real-world-internet,flier/real-world-internet
track,2359,the-world-is-spinning-and-everyones-dizzy,flier/the-world-is-spinning-and-everyones-dizzy
track,236,options,ukweli/options
track,2360,your-loving,sauti-sol/your-loving
track,2361,your-loving-dj-paparazzi-remix,sauti-sol/your-loving-dj-paparazzi-remix
track,2362,your-loving-boddhi-satva-ancestral-soul-mix,sauti-sol/your-loving-boddhi-satva-ancestral-soul-mix
track,2363,your-loving-michelson-bossa-nova-remix,sauti-sol/your-loving-michelson-bossa-nova-remix
track,2364,your-loving-nckondabeat-afro-tech-remix,sauti-sol/your-loving-nckondabeat-afro-tech-remix
track,2365,your-loving-lil-maro-michelson-afrobeats-remix,sauti-sol/your-loving-lil-maro-michelson-afrobeats-remix
track,2366,your-loving-mk-prod-rb-remix,sauti-sol/your-loving-mk-prod-rb-remix
track,2367,your-loving-makita-remix,sauti-sol/your-loving-makita-remix
track,2368,your-loving-waithaka-remix,sauti-sol/your-loving-waithaka-remix
track,2369,your-loving-magic-pro-remix,sauti-sol/your-loving-magic-pro-remix
track,237,east2hwood,ukweli/east2hwood
track,2370,your-loving-dj-ary-remix,sauti-sol/your-loving-dj-ary-remix
track,2371,your-loving-tawala-remix,sauti-sol/your-loving-tawala-remix
track,2372,your-loving-gadoz-remix,sauti-sol/your-loving-gadoz-remix
track,2373,your-loving-lil-maro-trapsoul-remix,sauti-sol/your-loving-lil-maro-trapsoul-remix
track,2374,your-loving-dj-paparazzi-remix-reprise,sauti-sol/your-loving-dj-paparazzi-remix-reprise
track,2375,your-loving-lil-maro-michelson-afrobeats-remix-instrumental,sauti-sol/your-loving-lil-maro-michelson-afrobeats-remix-instrumental
track,2376,your-loving-boddhi-satva-ancestrumental-mix,sauti-sol/your-loving-boddhi-satva-ancestrumental-mix
track,2377,intro,sauti-sol/intro
track,2378,brighter-days,sauti-sol/brighter-days
track,2379,set-me-free-interlude,sauti-sol/set-me-free-interlude
track,238,stories-untold,xenia-manasseh/stories-untold
track,2380,my-everything,sauti-sol/my-everything
track,2381,wake-up,sauti-sol/wake-up
track,2382,sober,sauti-sol/sober
track,2383,rhumba-japani,sauti-sol/rhumba-japani
track,2384,disco-matanga-yambakhana,sauti-sol/disco-matanga-yambakhana
track,2385,melanin-1,sauti-sol/melanin-1
track,2386,girl-next-door,sauti-sol/girl-next-door
track,2387,afrikan-star-1,sauti-sol/afrikan-star-1
track,2388,rewind,sauti-sol/rewind
track,2389,short-n-sweet-1,sauti-sol/short-n-sweet-1
track,239,tumewaka-feat-watendawili,arrow-bwoy/tumewaka-feat-watendawili
track,2390,tujiangalie,sauti-sol/tujiangalie
track,2391,special-somebody,sauti-sol/special-somebody
track,2392,love-again,sauti-sol/love-again
track,2393,tulale-fofofo,sauti-sol/tulale-fofofo
track,2394,kamasutra,sauti-sol/kamasutra
track,2395,love-on-the-dance-floor,sauti-sol/love-on-the-dance-floor
track,2396,africa,sauti-sol/africa
track,2397,sura-yako,sauti-sol/sura-yako
track,2398,live-and-die-in-afrika,sauti-sol/live-and-die-in-afrika
track,2399,say-yeah,sauti-sol/say-yeah
track,24,dream,nastie-nastie/dream
track,240,urao,charisma/urao
track,2400,isabella,sauti-sol/isabella
track,2401,its-okay,sauti-sol/its-okay
track,2402,nishike,sauti-sol/nishike
track,2403,dollar-dollar,sauti-sol/dollar-dollar
track,2404,kiss-me,sauti-sol/kiss-me
track,2405,nerea,sauti-sol/nerea
track,2406,kuliko-jana,sauti-sol/kuliko-jana
track,2407,sambo-party,sauti-sol/sambo-party
track,2408,nipe-nikupe,sauti-sol/nipe-nikupe
track,2409,shake-yo-bam-bam,sauti-sol/shake-yo-bam-bam
track,241,mama-we-made-it,dr-reign/mama-we-made-it
track,2410,relax,sauti-sol/relax
track,2411,mbinguni,sauti-sol/mbinguni
track,2412,malikia,sauti-sol/malikia
track,2413,coming-home,sauti-sol/coming-home
track,2414,soma-kijana,sauti-sol/soma-kijana
track,2415,awinja,sauti-sol/awinja
track,2416,bowane-lelisu,sauti-sol/bowane-lelisu
track,2417,nambee,sauti-sol/nambee
track,2418,l-a-d-y,sauti-sol/l-a-d-y
track,2419,row-your-boat,sauti-sol/row-your-boat
track,242,zakasa,trevor-dulla/zakasa
track,2420,sofia,sauti-sol/sofia
track,2421,private-spice,sauti-sol/private-spice
track,2422,sol-generation,sauti-sol/sol-generation
track,2423,asubuhi,sauti-sol/asubuhi
track,2424,lazizi,sauti-sol/lazizi
track,2425,mafunzo-ya-dunia,sauti-sol/mafunzo-ya-dunia
track,2426,sunny-days,sauti-sol/sunny-days
track,2427,zosi,sauti-sol/zosi
track,2428,wera,sauti-sol/wera
track,2429,mama-papa,sauti-sol/mama-papa
track,243,no-love-in-lagos,ugoblvck/no-love-in-lagos
track,2430,blue-uniform,sauti-sol/blue-uniform
track,2431,interlude,sauti-sol/interlude
track,2432,subira,sauti-sol/subira
track,2433,mapacha,sauti-sol/mapacha
track,2434,mushivala,sauti-sol/mushivala
track,2435,nairobi,sauti-sol/nairobi
track,2436,asante-sana-baba,sauti-sol/asante-sana-baba
track,2437,in-my-head,sauti-sol/in-my-head
track,2438,girls-on-top,sauti-sol/girls-on-top
track,2439,tano-tena,sauti-sol/tano-tena
track,244,na-so,eastboyrap/na-so
track,2440,love-or-leave,sauti-sol/love-or-leave
track,2441,range-rover,sauti-sol/range-rover
track,2442,summer-love,sauti-sol/summer-love
track,2443,slow,sauti-sol/slow
track,2444,disco-lover,sauti-sol/disco-lover
track,2445,mr-money,sauti-sol/mr-money
track,2446,vile-napenda-2,bensoul/vile-napenda-2
track,2447,plumber-1,bensoul/plumber-1
track,2448,ladies-only-1,bensoul/ladies-only-1
track,2449,hameni-1,bensoul/hameni-1
track,245,ifaranga,mr-kagame/ifaranga
track,2450,zawadi-1,bensoul/zawadi-1
track,2451,her-bills-1,bensoul/her-bills-1
track,2452,money-maker-2,bensoul/money-maker-2
track,2453,the-after-party,bensoul/the-after-party
track,2454,kesha-feat-ywaya-tajiri,bensoul/kesha-feat-ywaya-tajiri
track,2455,extra-pressure-1,bensoul/extra-pressure-1
track,2456,uno,bensoul/uno
track,2457,send-it-feat-ywaya-tajiri-namasaka,bensoul/send-it-feat-ywaya-tajiri-namasaka
track,2458,interlude-poetry-by-mainamind,bensoul/interlude-poetry-by-mainamind
track,2459,pooh-nanny-nyumbani,bensoul/pooh-nanny-nyumbani
track,246,amen-hallelujah,emmy-kosgei/amen-hallelujah
track,2460,dancing-in-daylight,bensoul/dancing-in-daylight
track,2461,maombi-ya-peddi,bensoul/maombi-ya-peddi
track,2462,forget-you-moms-tribute,bensoul/forget-you-moms-tribute
track,2463,namanga,bensoul/namanga
track,2464,mpaka-che,bensoul/mpaka-che
track,2465,chupa-kwa-chupa,bensoul/chupa-kwa-chupa
track,2466,holiday,bensoul/holiday
track,2467,finally-feat-hendrick-sam,bensoul/finally-feat-hendrick-sam
track,2468,dreams-intro-1,bensoul/dreams-intro-1
track,2469,row-1,bensoul/row-1
track,247,slow-burning,3n/slow-burning
track,2470,mida-ya-420-1,bensoul/mida-ya-420-1
track,2471,legalization-1,bensoul/legalization-1
track,2472,navutishwa-1,bensoul/navutishwa-1
track,2473,my-boo-1,bensoul/my-boo-1
track,2474,chizi-1,bensoul/chizi-1
track,2475,same-page-1,bensoul/same-page-1
track,2476,dondosa-1,bensoul/dondosa-1
track,2477,hatujachelewa-1,bensoul/hatujachelewa-1
track,2478,miracles-outro-1,bensoul/miracles-outro-1
track,2479,tulia-nikupange,bensoul/tulia-nikupange
track,248,i-dare-you,umoja-sounds/i-dare-you
track,2480,matatu,bensoul/matatu
track,2481,unaware,bensoul/unaware
track,2482,pombe-na-kizungu-mingi,bensoul/pombe-na-kizungu-mingi
track,2483,stereo,bensoul/stereo
track,2484,sugar-rush,bensoul/sugar-rush
track,2485,medicine,bensoul/medicine
track,2486,ntala-nawe,bensoul/ntala-nawe
track,2487,forget-you,bensoul/forget-you
track,2488,no-kisses,bensoul/no-kisses
track,2489,salama,bensoul/salama
track,249,match-made-in-heaven,mutoriah/match-made-in-heaven
track,2490,sherehe-feat-okello-max-1,charisma/sherehe-feat-okello-max-1
track,2491,tonight,charisma/tonight
track,2492,form-feat-trio-mio,charisma/form-feat-trio-mio
track,2493,liar,charisma/liar
track,2494,trust-issues-feat-bensoul-1,charisma/trust-issues-feat-bensoul-1
track,2495,away-omale-feat-ywaya-tajiri-coster-ojwang,charisma/away-omale-feat-ywaya-tajiri-coster-ojwang
track,2496,sina-noma-1,charisma/sina-noma-1
track,2497,ona-feat-watendawili-mutoriah,charisma/ona-feat-watendawili-mutoriah
track,2498,nikumbatie,charisma/nikumbatie
track,2499,betty,charisma/betty
track,25,your-body,paska/your-body
track,250,higher-love,kush-kush/higher-love
track,2500,nisife-moyo,charisma/nisife-moyo
track,2501,how-do-you,zowie-kengocha/how-do-you
track,2502,taboo,zowie-kengocha/taboo
track,2503,floodbank,zowie-kengocha/floodbank
track,2504,dead-wrong,zowie-kengocha/dead-wrong
track,2505,hell-pit,zowie-kengocha/hell-pit
track,2506,last-one-i-promise,zowie-kengocha/last-one-i-promise
track,2507,fleeting-20s,zowie-kengocha/fleeting-20s
track,2508,soft-eyes,zowie-kengocha/soft-eyes
track,2509,untitled-z,zowie-kengocha/untitled-z
track,251,alright,chris-kaiga/alright
track,2510,chokehold-1,zowie-kengocha/chokehold-1
track,2511,faq,zowie-kengocha/faq
track,2512,who-is-that-gurl,4mr-frank-white/who-is-that-gurl
track,2513,intentions,4mr-frank-white/intentions
track,2514,wrong-places,4mr-frank-white/wrong-places
track,2515,all-my-enemies-are-suffering,4mr-frank-white/all-my-enemies-are-suffering
track,2516,okay,4mr-frank-white/okay
track,2517,common-mwananchi,4mr-frank-white/common-mwananchi
track,2518,diligent-flow-ii-ginseng-strip-version,4mr-frank-white/diligent-flow-ii-ginseng-strip-version
track,2519,jorja-smith-1,4mr-frank-white/jorja-smith-1
track,252,elegance,nyashinski/elegance
track,2520,mohammed-ali,4mr-frank-white/mohammed-ali
track,2521,armed-dangerous,4mr-frank-white/armed-dangerous
track,2522,hii-side-uncut-version,4mr-frank-white/hii-side-uncut-version
track,2523,professional-interlude,4mr-frank-white/professional-interlude
track,2524,pole-pole,4mr-frank-white/pole-pole
track,2525,star,4mr-frank-white/star
track,2526,dynamite,4mr-frank-white/dynamite
track,2527,penny-wise,4mr-frank-white/penny-wise
track,2528,taigwa-goma,4mr-frank-white/taigwa-goma
track,2529,last-time,4mr-frank-white/last-time
track,253,tai-chi,nyashinski/tai-chi
track,2530,back-pain-1,4mr-frank-white/back-pain-1
track,2531,diligent-flow-ii,4mr-frank-white/diligent-flow-ii
track,2532,ones-n-twos,4mr-frank-white/ones-n-twos
track,2533,mikono-juu,4mr-frank-white/mikono-juu
track,2534,ndani-ya-9-to-5,4mr-frank-white/ndani-ya-9-to-5
track,2535,rema,4mr-frank-white/rema
track,2536,tuko-na-show,4mr-frank-white/tuko-na-show
track,2537,tempt-1,4mr-frank-white/tempt-1
track,2538,glory,4mr-frank-white/glory
track,2539,more-time,4mr-frank-white/more-time
track,254,m-i-a-missing-in-action,nyashinski/m-i-a-missing-in-action
track,2540,try,4mr-frank-white/try
track,2541,sometimes,4mr-frank-white/sometimes
track,2542,cruising,4mr-frank-white/cruising
track,2543,my-boo,4mr-frank-white/my-boo
track,2544,type,4mr-frank-white/type
track,2545,manifest,4mr-frank-white/manifest
track,2546,100-miles-1,4mr-frank-white/100-miles-1
track,2547,smooth-operator-pepeta-freestyle,4mr-frank-white/smooth-operator-pepeta-freestyle
track,2548,reasons,4mr-frank-white/reasons
track,2549,daily-duppy,4mr-frank-white/daily-duppy
track,255,wine,nyashinski/wine
track,2550,raise-a-toast,4mr-frank-white/raise-a-toast
track,2551,kicks-kama-shoulin,4mr-frank-white/kicks-kama-shoulin
track,2552,who-is-that-nia-long-freestyle,4mr-frank-white/who-is-that-nia-long-freestyle
track,2553,super-hard-freestyle,4mr-frank-white/super-hard-freestyle
track,2554,my-22nd-birthday,4mr-frank-white/my-22nd-birthday
track,2555,8am-in-charlotte-freestyle,4mr-frank-white/8am-in-charlotte-freestyle
track,2556,goku,4mr-frank-white/goku
track,2557,diligent-flow-1,4mr-frank-white/diligent-flow-1
track,2558,frankwhite-is-the-illest,4mr-frank-white/frankwhite-is-the-illest
track,2559,ring-ring,4mr-frank-white/ring-ring
track,256,fresh,nyashinski/fresh
track,2560,dream,4mr-frank-white/dream
track,2561,pull-up-1,4mr-frank-white/pull-up-1
track,2562,no-new-members,4mr-frank-white/no-new-members
track,2563,endorsement-ya-nasa,4mr-frank-white/endorsement-ya-nasa
track,2564,dope-ass-rapper,4mr-frank-white/dope-ass-rapper
track,2565,interlude,4mr-frank-white/interlude
track,2566,hatutachoka,4mr-frank-white/hatutachoka
track,2567,day-ones,4mr-frank-white/day-ones
track,2568,top-tier-1,4mr-frank-white/top-tier-1
track,2569,bad-boyz-1,4mr-frank-white/bad-boyz-1
track,257,left-right,boutross/left-right
track,2570,issues,4mr-frank-white/issues
track,2571,booze,4mr-frank-white/booze
track,2572,best,4mr-frank-white/best
track,2573,stand-by-me,4mr-frank-white/stand-by-me
track,2574,intro,4mr-frank-white/intro
track,2575,4am-in-kwest,4mr-frank-white/4am-in-kwest
track,2576,one2three,4mr-frank-white/one2three
track,2577,commercial,4mr-frank-white/commercial
track,2578,my-family,4mr-frank-white/my-family
track,2579,again,4mr-frank-white/again
track,258,bella,blinky-bill/bella
track,2580,greatness-is-coming,4mr-frank-white/greatness-is-coming
track,2581,hands-in-the-air,4mr-frank-white/hands-in-the-air
track,2582,high-fashion-1,4mr-frank-white/high-fashion-1
track,2583,lemme-cook,4mr-frank-white/lemme-cook
track,2584,smile,4mr-frank-white/smile
track,2585,test-me,4mr-frank-white/test-me
track,2586,toy,4mr-frank-white/toy
track,2587,sorry-not-sorry,4mr-frank-white/sorry-not-sorry
track,2588,searching-for-you,4mr-frank-white/searching-for-you
track,2589,lawrence-tribute,4mr-frank-white/lawrence-tribute
track,259,chunga,4mr-frank-white/chunga
track,2590,zero-mistakes,4mr-frank-white/zero-mistakes
track,2591,outro,4mr-frank-white/outro
track,2592,kalibar,4mr-frank-white/kalibar
track,2593,44-affair,4mr-frank-white/44-affair
track,2594,leo-leo,4mr-frank-white/leo-leo
track,2595,tiki-taka,4mr-frank-white/tiki-taka
track,2596,mchezo-wa-jiji,4mr-frank-white/mchezo-wa-jiji
track,2597,area-natoka,4mr-frank-white/area-natoka
track,2598,believe-pray,4mr-frank-white/believe-pray
track,2599,toa,4mr-frank-white/toa
track,26,dilly-darling,nikita-kering/dilly-darling
track,260,death-do-us-part,caleb-awiti/death-do-us-part
track,2600,my-23rd-birthday,4mr-frank-white/my-23rd-birthday
track,2601,hard-to-find,4mr-frank-white/hard-to-find
track,2602,pinacolada,4mr-frank-white/pinacolada
track,2603,day-ones-ii,4mr-frank-white/day-ones-ii
track,2604,anadai-boy-wa-west,4mr-frank-white/anadai-boy-wa-west
track,2605,forget-you,4mr-frank-white/forget-you
track,2606,good-vibes,4mr-frank-white/good-vibes
track,2607,alicia-keys-remix-feat-lil-maina-1,4mr-frank-white/alicia-keys-remix-feat-lil-maina-1
track,2608,alicia-keys,4mr-frank-white/alicia-keys
track,2609,sita-sita,maandy/sita-sita
track,261,hujaniacha,ndovu-kuu/hujaniacha
track,2610,flavour,maandy/flavour
track,2611,tena,maandy/tena
track,2612,the-same,maandy/the-same
track,2613,dame-ka-mimi,maandy/dame-ka-mimi
track,2614,please,maandy/please
track,2615,ni-sawa,maandy/ni-sawa
track,2616,spoil,maandy/spoil
track,2617,b4-i-go,maandy/b4-i-go
track,2618,nitarudi,maandy/nitarudi
track,2619,ni-wetu,maandy/ni-wetu
track,262,masupuu-1,ethic-entertainment/masupuu-1
track,2620,relax,maandy/relax
track,2621,shash-na-lipgloss,maandy/shash-na-lipgloss
track,2622,moneyback-freestyle,maandy/moneyback-freestyle
track,2623,magizani,maandy/magizani
track,2624,badgal-anthem,maandy/badgal-anthem
track,2625,forbiden-fruit,maandy/forbiden-fruit
track,2626,hivi-na-hivo,maandy/hivi-na-hivo
track,2627,uongo,maandy/uongo
track,2628,money-man,maandy/money-man
track,2629,sirudi-home-1,maandy/sirudi-home-1
track,263,nature-ya-binadamu,khaligraph-jones/nature-ya-binadamu
track,2630,one-day,maandy/one-day
track,2631,wikipedia,maandy/wikipedia
track,2632,watiaji,maandy/watiaji
track,2633,ride,maandy/ride
track,2634,kabaya,maandy/kabaya
track,2635,energy,maandy/energy
track,2636,taste,maandy/taste
track,2637,sema-nami,maandy/sema-nami
track,2638,amini,maandy/amini
track,2639,baddies-need-love-1,maandy/baddies-need-love-1
track,264,subira,cheruu/subira
track,2640,si-kawaida,maandy/si-kawaida
track,2641,ficha-1,maandy/ficha-1
track,2642,decide,maandy/decide
track,2643,mnoma,maandy/mnoma
track,2644,healing,okello-max/healing
track,2645,demons-in-my-head,okello-max/demons-in-my-head
track,2646,time-travel,okello-max/time-travel
track,2647,international-foreigner-1,okello-max/international-foreigner-1
track,2648,taya-1,okello-max/taya-1
track,2649,avec-moi,okello-max/avec-moi
track,265,heri,kethan/heri
track,2650,colorblind,okello-max/colorblind
track,2651,baila-conmigo,okello-max/baila-conmigo
track,2652,call-police,okello-max/call-police
track,2653,no-other,okello-max/no-other
track,2654,hakuna-matata,okello-max/hakuna-matata
track,2655,confuse-me,okello-max/confuse-me
track,2656,joluo-malo,okello-max/joluo-malo
track,2657,chop-life,okello-max/chop-life
track,2658,bosslady,okello-max/bosslady
track,2659,boss,okello-max/boss
track,266,mapenzi,bridget-blue/mapenzi
track,2660,hera-kakaheri,okello-max/hera-kakaheri
track,2661,balance,okello-max/balance
track,2662,kuwa-nawe,okello-max/kuwa-nawe
track,2663,okinyal-elewa,okello-max/okinyal-elewa
track,2664,weche-hera,okello-max/weche-hera
track,2665,kung-fu-1,okello-max/kung-fu-1
track,2666,nipe-nafasi,okello-max/nipe-nafasi
track,2667,kinda-piny,okello-max/kinda-piny
track,2668,oreo,okello-max/oreo
track,2669,pull-up,okello-max/pull-up
track,267,poison,tanasha-donna/poison
track,2670,sembo-1,okello-max/sembo-1
track,2671,sude-ka-1,okello-max/sude-ka-1
track,2672,okello-wa,okello-max/okello-wa
track,2673,wale-wale,okello-max/wale-wale
track,2674,sunset,okello-max/sunset
track,2675,im-in-love,okello-max/im-in-love
track,2676,amezaliwa,okello-max/amezaliwa
track,2677,emmanuel,okello-max/emmanuel
track,2678,santa-para,okello-max/santa-para
track,2679,safari,watendawili/safari
track,268,feel-the-love,kahuti/feel-the-love
track,2680,i-love-my-life-1,watendawili/i-love-my-life-1
track,2681,maovu,watendawili/maovu
track,2682,mapenzi-yako,watendawili/mapenzi-yako
track,2683,beba-1,watendawili/beba-1
track,2684,sianda-1,watendawili/sianda-1
track,2685,bariki-wengine,watendawili/bariki-wengine
track,2686,international,watendawili/international
track,2687,nyamama-1,watendawili/nyamama-1
track,2688,ayaya-1,watendawili/ayaya-1
track,2689,hadi-kesho-1,watendawili/hadi-kesho-1
track,269,hooptie-dreaming,njiru/hooptie-dreaming
track,2690,zitunice,watendawili/zitunice
track,2691,rest-of-my-life,watendawili/rest-of-my-life
track,2692,maiyee-intro,winyo/maiyee-intro
track,2693,jawaya-jathum,winyo/jawaya-jathum
track,2694,maria-1,winyo/maria-1
track,2695,pokunena-1,winyo/pokunena-1
track,2696,jowo-1,winyo/jowo-1
track,2697,nyar-alego,winyo/nyar-alego
track,2698,akinyi-1,winyo/akinyi-1
track,2699,angang,winyo/angang
track,27,mr-mrs,v-be/mr-mrs
track,270,rombosa,ewoton/rombosa
track,2700,duog-dala,winyo/duog-dala
track,2701,rombe-interlude,winyo/rombe-interlude
track,2702,dala,winyo/dala
track,2703,wan-wadhii,winyo/wan-wadhii
track,2704,inemara,winyo/inemara
track,2705,yote-yote-1,winyo/yote-yote-1
track,2706,utima-nadi,winyo/utima-nadi
track,2707,lala-mtoto,winyo/lala-mtoto
track,2708,oriti,winyo/oriti
track,2709,mimi-na-wewe,winyo/mimi-na-wewe
track,271,hale,hildah-watiri/hale
track,2710,lucy-ja-kagak,winyo/lucy-ja-kagak
track,2711,polo,winyo/polo
track,2712,salama,winyo/salama
track,2713,betty,winyo/betty
track,2714,gari-teri,winyo/gari-teri
track,2715,gikalo,winyo/gikalo
track,2716,kimani,winyo/kimani
track,2717,nakupenda,winyo/nakupenda
track,2718,nam-chumbi,winyo/nam-chumbi
track,2719,njoo,winyo/njoo
track,272,wakwa-waku,addeh-prince/wakwa-waku
track,2720,nyachula,winyo/nyachula
track,2721,singo,winyo/singo
track,2722,twabishana,winyo/twabishana
track,2723,wololo,winyo/wololo
track,2724,yaona-yoo,winyo/yaona-yoo
track,2725,heaven-radio-edit,winyo/heaven-radio-edit
track,2726,oriti-kenza-remix,winyo/oriti-kenza-remix
track,2727,neuru-euggy-dylan-s-remix,winyo/neuru-euggy-dylan-s-remix
track,2728,nyoro-mpho-wav-remix,winyo/nyoro-mpho-wav-remix
track,2729,suna-da-africa-deep-afrikan-remix,winyo/suna-da-africa-deep-afrikan-remix
track,273,how-do-i-love-you,davy-waweru/how-do-i-love-you
track,2730,oriti-tefo-foxx-remix,winyo/oriti-tefo-foxx-remix
track,2731,suna-da-africa-deep-dub,winyo/suna-da-africa-deep-dub
track,2732,sazile,winyo/sazile
track,2733,nyoro,winyo/nyoro
track,2734,neuru,winyo/neuru
track,2735,suna,winyo/suna
track,2736,abiro-da-capos-touch,winyo/abiro-da-capos-touch
track,2737,abiro-da-capos-african-mix,winyo/abiro-da-capos-african-mix
track,2738,abiro-da-capos-dub-mix,winyo/abiro-da-capos-dub-mix
track,2739,black-on-the-keyboard-intro,blinky-bill/black-on-the-keyboard-intro
track,274,huyo,zaituni/huyo
track,2740,mtaona-nikipaa,blinky-bill/mtaona-nikipaa
track,2741,dracula,blinky-bill/dracula
track,2742,remedy,blinky-bill/remedy
track,2743,get-that-paper,blinky-bill/get-that-paper
track,2744,ajigo-township-funk,blinky-bill/ajigo-township-funk
track,2745,bon-voyage,blinky-bill/bon-voyage
track,2746,constant-k-1,blinky-bill/constant-k-1
track,2747,gangster-des-iles-not-if-or-maybe,blinky-bill/gangster-des-iles-not-if-or-maybe
track,2748,kiberit,blinky-bill/kiberit
track,2749,boss,blinky-bill/boss
track,275,rudia,ukweli/rudia
track,2750,compare-1,blinky-bill/compare-1
track,2751,gong-gong,blinky-bill/gong-gong
track,2752,fanikishe,blinky-bill/fanikishe
track,2753,jam-now-simmer-down-bonus-track-1,blinky-bill/jam-now-simmer-down-bonus-track-1
track,2754,voice-of-kenya-outro,blinky-bill/voice-of-kenya-outro
track,2755,lwanda-magere,blinky-bill/lwanda-magere
track,2756,bills-to-pay,blinky-bill/bills-to-pay
track,2757,dont-worry,blinky-bill/dont-worry
track,2758,winner,blinky-bill/winner
track,2759,feeling-it,blinky-bill/feeling-it
track,276,look-the-other-way,maya-amolo/look-the-other-way
track,2760,ill-care-more-next-time,blinky-bill/ill-care-more-next-time
track,2761,mungu-halali-1,blinky-bill/mungu-halali-1
track,2762,let-that-go,blinky-bill/let-that-go
track,2763,showdown,blinky-bill/showdown
track,2764,oh-wah,blinky-bill/oh-wah
track,2765,happy,blinky-bill/happy
track,2766,its-alright-blinky-vocal-edit,blinky-bill/its-alright-blinky-vocal-edit
track,2767,its-alright-radio-edit,blinky-bill/its-alright-radio-edit
track,2768,you-got-me-blinky-bill-remix,blinky-bill/you-got-me-blinky-bill-remix
track,2769,you-got-me,blinky-bill/you-got-me
track,277,freak-show,iyanah/freak-show
track,2770,intro,blinky-bill/intro
track,2771,dont-doubt,blinky-bill/dont-doubt
track,2772,rise,blinky-bill/rise
track,2773,wacha-maneno,blinky-bill/wacha-maneno
track,2774,kwani-iko-nini,blinky-bill/kwani-iko-nini
track,2775,i-should-have-learnt-kung-fu,blinky-bill/i-should-have-learnt-kung-fu
track,2776,aheri,coster-ojwang/aheri
track,2777,dance,coster-ojwang/dance
track,2778,live-my-life,coster-ojwang/live-my-life
track,2779,60-years,coster-ojwang/60-years
track,278,dont-call-me-live,colossal-music/dont-call-me-live
track,2780,i-know,coster-ojwang/i-know
track,2781,haaye,coster-ojwang/haaye
track,2782,mora,coster-ojwang/mora
track,2783,nyachula-1,coster-ojwang/nyachula-1
track,2784,iyana,coster-ojwang/iyana
track,2785,okongo,coster-ojwang/okongo
track,2786,jathum,coster-ojwang/jathum
track,2787,traveller,coster-ojwang/traveller
track,2788,purpose,coster-ojwang/purpose
track,2789,fly-away,coster-ojwang/fly-away
track,279,pewa,cheruu/pewa
track,2790,olemona,coster-ojwang/olemona
track,2791,intro,coster-ojwang/intro
track,2792,kionge,coster-ojwang/kionge
track,2793,thotinda,coster-ojwang/thotinda
track,2794,tingamalo,coster-ojwang/tingamalo
track,2795,manyopesa-1,coster-ojwang/manyopesa-1
track,2796,furahia,coster-ojwang/furahia
track,2797,magoro,coster-ojwang/magoro
track,2798,maayoo,coster-ojwang/maayoo
track,2799,sitaki,coster-ojwang/sitaki
track,28,shillings,mr-right/shillings
track,280,beg-for-it,njerae/beg-for-it
track,2800,ojoga,coster-ojwang/ojoga
track,2801,hera-1,coster-ojwang/hera-1
track,2802,running,coster-ojwang/running
track,2803,pacha,coster-ojwang/pacha
track,2804,nyakachieng,coster-ojwang/nyakachieng
track,2805,kipenda-roho,coster-ojwang/kipenda-roho
track,2806,herani,coster-ojwang/herani
track,2807,oriore,coster-ojwang/oriore
track,2808,hono,coster-ojwang/hono
track,2809,delilah,coster-ojwang/delilah
track,281,fight-for-you,njerae/fight-for-you
track,2810,auma,coster-ojwang/auma
track,2811,gogo,coster-ojwang/gogo
track,2812,nifunze,coster-ojwang/nifunze
track,2813,woman,coster-ojwang/woman
track,2814,chieng-opodho,coster-ojwang/chieng-opodho
track,2815,jambaka,coster-ojwang/jambaka
track,2816,ohera,coster-ojwang/ohera
track,2817,osiepe,coster-ojwang/osiepe
track,2818,nyiego,coster-ojwang/nyiego
track,2819,salama-from-kito-soundtrack,maureen-kunga/salama-from-kito-soundtrack
track,282,decide,njerae/decide
track,2820,nalia,maureen-kunga/nalia
track,2821,majaliwa,maureen-kunga/majaliwa
track,2822,love-intro,gufy/love-intro
track,2823,wicf,gufy/wicf
track,2824,wangu,gufy/wangu
track,2825,unedited-poetry,gufy/unedited-poetry
track,2826,easy-loving-you,gufy/easy-loving-you
track,2827,freedom-poetry-color,gufy/freedom-poetry-color
track,2828,black-boy-joy,gufy/black-boy-joy
track,2829,this-is-not-a-love-poem-outro,gufy/this-is-not-a-love-poem-outro
track,283,gone,njerae/gone
track,2830,bed-bugs,octopizzo/bed-bugs
track,2831,the-best,octopizzo/the-best
track,2832,pupa,octopizzo/pupa
track,2833,hustle,octopizzo/hustle
track,2834,international,octopizzo/international
track,2835,no-oscars,octopizzo/no-oscars
track,2836,oliver-khan,octopizzo/oliver-khan
track,2837,running-to-you,maryolive/running-to-you
track,2838,still-the-one-remix,maryolive/still-the-one-remix
track,2839,still-the-one,maryolive/still-the-one
track,284,top,afamefuna/top
track,2840,i-do,maryolive/i-do
track,2841,september,maryolive/september
track,2842,crush,maryolive/crush
track,2843,with-you,maryolive/with-you
track,2844,nyamwathi,maryolive/nyamwathi
track,2845,ask-me-anything,maryolive/ask-me-anything
track,2846,i-remember,maryolive/i-remember
track,2847,proud-to-be-live,maryolive/proud-to-be-live
track,2848,waiting-for-you,maryolive/waiting-for-you
track,2849,you-are,maryolive/you-are
track,285,raindrops,afamefuna/raindrops
track,2850,free,maryolive/free
track,2851,yuapi,euggy/yuapi
track,2852,we-mfo,euggy/we-mfo
track,2853,room-ii,euggy/room-ii
track,2854,dhurman,euggy/dhurman
track,2855,lamo,euggy/lamo
track,2856,chuki,euggy/chuki
track,2857,samaria,euggy/samaria
track,2858,kolwa,euggy/kolwa
track,2859,dwana-days,euggy/dwana-days
track,286,better,afamefuna/better
track,2860,lamo-extended-mix,euggy-winyo/lamo-extended-mix
track,2861,oriti-kenza-remix,kato-change/oriti-kenza-remix
track,2862,neuru-euggy-dylan-s-remix,kato-change/neuru-euggy-dylan-s-remix
track,2863,nyoro-mpho-wav-remix,kato-change/nyoro-mpho-wav-remix
track,2864,suna-da-africa-deep-afrikan-remix,kato-change/suna-da-africa-deep-afrikan-remix
track,2865,oriti-tefo-foxx-remix,kato-change/oriti-tefo-foxx-remix
track,2866,weche-frigid-armadillo-remix,punk-mbedzi/weche-frigid-armadillo-remix
track,2867,seasons-feat-rumby-praises,punk-mbedzi/seasons-feat-rumby-praises
track,2868,changes-feat-mj-sings-murphy-cubic,punk-mbedzi/changes-feat-mj-sings-murphy-cubic
track,2869,sabela,punk-mbedzi/sabela
track,287,the-world,ochiko/the-world
track,2870,nipe-penzi-feat-batundi,punk-mbedzi/nipe-penzi-feat-batundi
track,2871,fly-on-feat-bongi-mvuyana,punk-mbedzi/fly-on-feat-bongi-mvuyana
track,2872,nakupenda-feat-zikhona,punk-mbedzi/nakupenda-feat-zikhona
track,2873,dance-the-night-away-feat-jamila,punk-mbedzi/dance-the-night-away-feat-jamila
track,2874,celebration-feat-tazzy-extended-mix,punk-mbedzi/celebration-feat-tazzy-extended-mix
track,2875,weche-extended-mix,punk-mbedzi/weche-extended-mix
track,2876,hey-mama-da-capos-touch,emmanuel-jal/hey-mama-da-capos-touch
track,2877,hey-mama-fnx-omar-remix,emmanuel-jal/hey-mama-fnx-omar-remix
track,2878,hey-mama-euggy-remix,emmanuel-jal/hey-mama-euggy-remix
track,2879,hey-mama-suraj-guitar-mix,emmanuel-jal/hey-mama-suraj-guitar-mix
track,288,nipe-nafasi,joy-njokey/nipe-nafasi
track,2880,hey-mama-caiiro-remix,emmanuel-jal/hey-mama-caiiro-remix
track,2881,tidings,cateran/tidings
track,2882,newfound-enthusiasm,cateran/newfound-enthusiasm
track,2883,running-tribe-matt-lee-remix,chris-blum/running-tribe-matt-lee-remix
track,2884,relay-dubb,dat-schaub/relay-dubb
track,2885,retake,dylan-s/retake
track,2886,jambo,e-t-h-italy/jambo
track,2887,sikasso-hatha-remix,euggy/sikasso-hatha-remix
track,2888,mirror,faiyaz-rahemtulla/mirror
track,2889,lower,finesse-pe/lower
track,289,special-a-colors-show,dexter-in-the-newsagent/special-a-colors-show
track,2890,druzhu,finesse-pe/druzhu
track,2891,obstacles-alejandro-cuestas-introspectivo-remix,finesse-pe/obstacles-alejandro-cuestas-introspectivo-remix
track,2892,dendofilia,jjbeteta/dendofilia
track,2893,those-good-days,madness-ba/those-good-days
track,2894,maple-pt-2,lukea/maple-pt-2
track,2895,sava-nah,marcelo-cura/sava-nah
track,2896,primera-estacion,marco-vinelli-pe/primera-estacion
track,2897,street-life,mehlor/street-life
track,2898,ondo,monile/ondo
track,2899,alive-church,nico_s/alive-church
track,29,tout-ira-bien,mutoriah/tout-ira-bien
track,290,june-10th,muthaka/june-10th
track,2900,business,plastic/business
track,2901,povesti-pe-frecvente,radu-mirica/povesti-pe-frecvente
track,2902,dove-tales,raj-el-rey/dove-tales
track,2903,cheated-antique,rolhay/cheated-antique
track,2904,eastern,simone-tagliabue/eastern
track,2905,mantra,son-of-elita/mantra
track,2906,cut-2,tork/cut-2
track,2907,en-la-orilla,unknomads/en-la-orilla
track,2908,bein-fonde,unknown-artist/bein-fonde
track,2909,silhouette,yateme/silhouette
track,291,afraid-pt-2-feat-xenia-manasseh,xavier-omar/afraid-pt-2-feat-xenia-manasseh
track,2910,heavenly,zoux/heavenly
track,2911,weche-radio-edit,punk-mbedzi-euggy-akoth-jumadi/weche-radio-edit
track,2912,conversation-feat-freedom-elementz,euggy/conversation-feat-freedom-elementz
track,2913,sunday,euggy/sunday
track,2914,westside-warriors-original-mix,euggy/westside-warriors-original-mix
track,2915,westside-warriors-hypaphonik-derived,euggy/westside-warriors-hypaphonik-derived
track,2916,westside-warriors-ed-ward-remix,euggy/westside-warriors-ed-ward-remix
track,2917,sikasso,euggy/sikasso
track,2918,many-faces,laolu/many-faces
track,2919,samburu,armonica/samburu
track,292,chill-kiasi,flier/chill-kiasi
track,2920,land-of-cush,da-capo/land-of-cush
track,2921,the-sapiens,caiiro/the-sapiens
track,2922,madela,sifa/madela
track,2923,warrior,umami/warrior
track,2924,rift-valley,keene/rift-valley
track,2925,archipel,klement-bonelli/archipel
track,2926,two-steps-in-kenya,shimza/two-steps-in-kenya
track,2927,baragoi-boys,suraj/baragoi-boys
track,2928,lakira,dylan-s/lakira
track,2929,ngutuk,foozak/ngutuk
track,293,navigate,brandy-maina/navigate
track,2930,im-going-home-abhi-dala,vitu-shenzi/im-going-home-abhi-dala
track,2931,maralal,saint-evo/maralal
track,2932,ngai,xtetiqsoul/ngai
track,2933,ena,max-doblhoff/ena
track,2934,na-nah,stefan-obermaier/na-nah
track,2935,eco-buru,lawrence-dix/eco-buru
track,2936,voices,euggy/voices
track,2937,salaam-euggy-sebastien-dutch-remix,makadem/salaam-euggy-sebastien-dutch-remix
track,2938,salaam-jackson-brainwave-rub,makadem/salaam-jackson-brainwave-rub
track,2939,salaam-104-bpms-interpretation,makadem/salaam-104-bpms-interpretation
track,294,punguza-kasi,itsbill/punguza-kasi
track,2940,kaskazi,euggy/kaskazi
track,2941,ground-soul,euggy/ground-soul
track,2942,si-usare,eleven-euwami/si-usare
track,2943,sambaratika,yah-listen/sambaratika
track,2944,sandy-beaches,nyatelo/sandy-beaches
track,2945,spine,nyatelo/spine
track,2946,free-throw,nyatelo/free-throw
track,2947,amua,nyatelo/amua
track,2948,kila-mara,nyatelo/kila-mara
track,2949,wishing-on-a-star,nyatelo/wishing-on-a-star
track,295,february,mainamind/february
track,2950,love-or-die,nyatelo/love-or-die
track,2951,sawa,kayrop/sawa
track,2952,rejea-instrumental,dj-mura-k-e/rejea-instrumental
track,2953,karibuni-sunwavmania,sun-wav-records/karibuni-sunwavmania
track,2954,hujalipa-rent,sun-wav-records/hujalipa-rent
track,2955,doba-za-manganya,sun-wav-records-still-hatari-ray-don-drip-yah-listen/doba-za-manganya
track,2956,military-mind,sun-wav-records/military-mind
track,2957,shida,sun-wav-records/shida
track,2958,music-ya-soul,sun-wav-records/music-ya-soul
track,2959,kumaintain,sun-wav-records/kumaintain
track,296,stay-with-me,malosh/stay-with-me
track,2960,survival,sun-wav-records/survival
track,2961,do-what-it-takes,sun-wav-records/do-what-it-takes
track,2962,circles-original-version,sun-wav-records-yah-listen/circles-original-version
track,2963,guardian-angel-original-version,sun-wav-records/guardian-angel-original-version
track,2964,balance-ya-life-original-version,sun-wav-records/balance-ya-life-original-version
track,2965,mwaka-mpya-original-version,sun-wav-records/mwaka-mpya-original-version
track,2966,maswali,sun-wav-records/maswali
track,2967,makosa,sun-wav-records-still-hatari-ray-don-drip-yah-listen/makosa
track,2968,intro-the-climb,brian-muok/intro-the-climb
track,2969,go-slo,brian-muok/go-slo
track,297,heaven,njoki-karu/heaven
track,2970,expectations,brian-muok/expectations
track,2971,all-day,brian-muok/all-day
track,2972,the-one,brian-muok/the-one
track,2973,juice,brian-muok/juice
track,2974,hamnipati,brian-muok/hamnipati
track,2975,wataona,brian-muok/wataona
track,2976,if-i-ever-stop,brian-muok/if-i-ever-stop
track,2977,fire,brian-muok/fire
track,2978,addicted,brian-muok/addicted
track,2979,when-i-can,brian-muok/when-i-can
track,298,mbuzi,bridget-blue/mbuzi
track,2980,better-mornings,brian-muok/better-mornings
track,2981,wavy,brian-muok/wavy
track,2982,come-find-me,brian-muok/come-find-me
track,2983,sometimes,brian-muok/sometimes
track,2984,last-quarter,brian-muok/last-quarter
track,2985,machiavelli,brian-muok/machiavelli
track,2986,say-less,brian-muok/say-less
track,2987,ten-toes,brian-muok/ten-toes
track,2988,my-pleasure,brian-muok/my-pleasure
track,2989,outro-leap-of-faith,brian-muok/outro-leap-of-faith
track,299,karibia-kidogo,muthoka/karibia-kidogo
track,2990,tujinice,sun-wav-records/tujinice
track,2991,millions,sun-wav-records/millions
track,2992,desert-flower-season,sun-wav-records-yah-listen-still-hatari/desert-flower-season
track,2993,danger,sun-wav-records-yah-listen-still-hatari/danger
track,2994,virtual-hugs,sun-wav-records-yah-listen-still-hatari/virtual-hugs
track,2995,feeling-ya-weekend,sun-wav-records-yah-listen-still-hatari/feeling-ya-weekend
track,2996,intro,yah-listen/intro
track,2997,goons-remastered,yah-listen/goons-remastered
track,2998,city-nights-remastered,razor-man-yah-listen-andyah-maali/city-nights-remastered
track,2999,coast-raha-remastered,yah-listen/coast-raha-remastered
track,3,4l,nsg/4l
track,30,murimu-wa-wendo,mutoriah/murimu-wa-wendo
track,300,ukitulia,venna/ukitulia
track,3000,rollin-remastered,yah-listen/rollin-remastered
track,3001,majini,yah-listen/majini
track,3002,old-skool,yah-listen/old-skool
track,3003,rudeboi,yah-listen/rudeboi
track,3004,kuna-biz-ina-come,yah-listen/kuna-biz-ina-come
track,3005,badda-dan-most,yah-listen/badda-dan-most
track,3006,focus,kayrop-yah-listen-jt-bulinda/focus
track,3007,majaja,kayrop-yah-listen-jt-bulinda/majaja
track,3008,nifungulie,yah-listen/nifungulie
track,3009,panda,kayrop-yah-listen-jt-bulinda/panda
track,301,mema,mordecai-dex/mema
track,3010,ni-kazi,kayrop-yah-listen-jt-bulinda/ni-kazi
track,3011,swahili,kayrop-yah-listen-jt-bulinda/swahili
track,3012,day-shift,kayrop-yah-listen-jt-bulinda/day-shift
track,3013,vile-napenda,vic-west/vile-napenda
track,3014,plumber,vic-west/plumber
track,3015,ladies-only,vic-west/ladies-only
track,3016,hameni,vic-west/hameni
track,3017,zawadi,vic-west/zawadi
track,3018,her-bills,vic-west/her-bills
track,3019,money-maker,vic-west/money-maker
track,302,place-time,maali/place-time
track,3020,men-can-lie-acapella,vic-west/men-can-lie-acapella
track,3021,men-can-lie-instrumental,vic-west/men-can-lie-instrumental
track,3022,now-you-know,vic-west/now-you-know
track,3023,now-you-know-acapella,vic-west/now-you-know-acapella
track,3024,now-you-know-dubb,vic-west/now-you-know-dubb
track,3025,a-sinners-intro,caleb-awiti/a-sinners-intro
track,3026,howd-ya,caleb-awiti/howd-ya
track,3027,i-hated-your-relationship-1,caleb-awiti/i-hated-your-relationship-1
track,3028,finesse,caleb-awiti/finesse
track,3029,test-my-patience,caleb-awiti/test-my-patience
track,303,i-miss-you,jadi/i-miss-you
track,3030,going-too-deep,caleb-awiti/going-too-deep
track,3031,im-dreamin,caleb-awiti/im-dreamin
track,3032,sexy-in-chanel,caleb-awiti/sexy-in-chanel
track,3033,nobody-else,caleb-awiti/nobody-else
track,3034,friends,caleb-awiti/friends
track,3035,lullaby,caleb-awiti/lullaby
track,3036,mpenzi-tulia,caleb-awiti/mpenzi-tulia
track,3037,hit-my-line,caleb-awiti/hit-my-line
track,3038,dnd,caleb-awiti/dnd
track,3039,sweet-thing,caleb-awiti/sweet-thing
track,304,sweetest-time,maya-amolo/sweetest-time
track,3040,friendly-fire,caleb-awiti/friendly-fire
track,3041,i-wish-i-met-your-therapist,caleb-awiti/i-wish-i-met-your-therapist
track,3042,trip-to-nirvana,caleb-awiti/trip-to-nirvana
track,3043,so-far-away,caleb-awiti/so-far-away
track,3044,i-know-you-still,caleb-awiti/i-know-you-still
track,3045,die-in-your-arms,caleb-awiti/die-in-your-arms
track,3046,failing-together-1,caleb-awiti/failing-together-1
track,3047,dont-call-anymore,caleb-awiti/dont-call-anymore
track,3048,college-lovers,caleb-awiti/college-lovers
track,3049,heated,caleb-awiti/heated
track,305,guidance,maya-amolo/guidance
track,3050,test-me,caleb-awiti/test-me
track,3051,swahili-baby,caleb-awiti/swahili-baby
track,3052,sbltla,caleb-awiti/sbltla
track,3053,dreams-about-u,caleb-awiti/dreams-about-u
track,3054,another-man,caleb-awiti/another-man
track,3055,care-for-me,caleb-awiti/care-for-me
track,3056,question-god,caleb-awiti/question-god
track,3057,jaafaris-19th,caleb-awiti/jaafaris-19th
track,3058,lets-be-dead-together,caleb-awiti/lets-be-dead-together
track,3059,sashas-interlude,caleb-awiti/sashas-interlude
track,306,ficha,maandy/ficha
track,3060,make-up-off,caleb-awiti/make-up-off
track,3061,ease-your-mind,caleb-awiti/ease-your-mind
track,3062,tifloeen,caleb-awiti/tifloeen
track,3063,i-want-you-here,caleb-awiti/i-want-you-here
track,3064,tell-your-friends,caleb-awiti/tell-your-friends
track,3065,psycho-girls,caleb-awiti/psycho-girls
track,3066,ladies-love-me,caleb-awiti/ladies-love-me
track,3067,girls-wanna-be-you,caleb-awiti/girls-wanna-be-you
track,3068,girls-like-t,caleb-awiti/girls-like-t
track,3069,south-coast-diva,caleb-awiti/south-coast-diva
track,307,pumua,bridget-blue/pumua
track,3070,yes-i-do,caleb-awiti/yes-i-do
track,3071,my-chargie-ii,caleb-awiti/my-chargie-ii
track,3072,she-dont-know-ii,caleb-awiti/she-dont-know-ii
track,3073,stargirl-dance,caleb-awiti/stargirl-dance
track,3074,natalie-im-sorry,caleb-awiti/natalie-im-sorry
track,3075,temptations,caleb-awiti/temptations
track,3076,good-intentions,caleb-awiti/good-intentions
track,3077,chances,caleb-awiti/chances
track,3078,come-closer,caleb-awiti/come-closer
track,3079,bad-shawty,caleb-awiti/bad-shawty
track,308,keki,willy-paul/keki
track,3080,desires,caleb-awiti/desires
track,3081,mind-games,caleb-awiti/mind-games
track,3082,over-my-exes,caleb-awiti/over-my-exes
track,3083,dear-young-shawty,caleb-awiti/dear-young-shawty
track,3084,dancefloor,caleb-awiti/dancefloor
track,3085,until-i-die,caleb-awiti/until-i-die
track,3086,love-and-affection,caleb-awiti/love-and-affection
track,3087,were-changing,caleb-awiti/were-changing
track,3088,broken-child,caleb-awiti/broken-child
track,3089,rescue-me,caleb-awiti/rescue-me
track,309,hujawahi-nipenda,nviiri-the-storyteller/hujawahi-nipenda
track,3090,superhuman,caleb-awiti/superhuman
track,3091,till-were-halos,caleb-awiti/till-were-halos
track,3092,digestives-story-1,caleb-awiti/digestives-story-1
track,3093,feeling-lonely,caleb-awiti/feeling-lonely
track,3094,feeling-lonely-slowed-down,caleb-awiti/feeling-lonely-slowed-down
track,3095,end-of-summer,caleb-awiti/end-of-summer
track,3096,intro-live,mutoriah/intro-live
track,3097,dive-in-live,mutoriah/dive-in-live
track,3098,made-up-of-love-live,mutoriah/made-up-of-love-live
track,3099,happiness-live,mutoriah/happiness-live
track,31,dont-wanna-lose-you-from-kito-the-soundtrack,watendawili/dont-wanna-lose-you-from-kito-the-soundtrack
track,310,mwana-wa-mubi,nviiri-the-storyteller/mwana-wa-mubi
track,3100,tosheka-live,mutoriah/tosheka-live
track,3101,for-lovers-live,mutoriah/for-lovers-live
track,3102,wangoro-live,mutoriah/wangoro-live
track,3103,presha-1,mutoriah/presha-1
track,3104,when-i-wake-up-intro,mutoriah/when-i-wake-up-intro
track,3105,coffee-and-bread-1,mutoriah/coffee-and-bread-1
track,3106,superwoman-remix,mutoriah/superwoman-remix
track,3107,new-vibration,mutoriah/new-vibration
track,3108,uko-poa,mutoriah/uko-poa
track,3109,outro,mutoriah/outro
track,311,aki-sioni,njerae/aki-sioni
track,3110,love-song-acoustic,mutoriah/love-song-acoustic
track,3111,wewe,mutoriah/wewe
track,3112,go,mutoriah/go
track,3113,mumbis-interlude,mutoriah/mumbis-interlude
track,3114,nielewe,mutoriah/nielewe
track,3115,maasai-power-trap,mutoriah/maasai-power-trap
track,3116,usiniringie,mutoriah/usiniringie
track,3117,hotm-hold-on-to-me,mutoriah/hotm-hold-on-to-me
track,3118,mwanake-millennial,mutoriah/mwanake-millennial
track,3119,match-made-in-heaven-1,mutoriah/match-made-in-heaven-1
track,312,niko-hapa,mbithi/niko-hapa
track,3120,mahanjumati,mutoriah/mahanjumati
track,3121,pretoria,mutoriah/pretoria
track,3122,hatutaki-advice,mutoriah/hatutaki-advice
track,3123,sheesha,mutoriah/sheesha
track,3124,nakuombea-main,mutoriah/nakuombea-main
track,3125,nakuombea-alt,mutoriah/nakuombea-alt
track,3126,nakuombea-stripped,mutoriah/nakuombea-stripped
track,3127,nakuombea-instrumental,mutoriah/nakuombea-instrumental
track,3128,presha-acoustic,mutoriah/presha-acoustic
track,3129,sawa-acoustic,mutoriah/sawa-acoustic
track,313,nyumbani,njerae/nyumbani
track,3130,find-your-way-acoustic,mutoriah/find-your-way-acoustic
track,3131,sawa-1,mutoriah/sawa-1
track,3132,find-your-way,mutoriah/find-your-way
track,3133,everyday,scar-mkadinali/everyday
track,3134,get-em,scar-mkadinali/get-em
track,3135,like-that,scar-mkadinali/like-that
track,3136,l-y-f,scar-mkadinali/l-y-f
track,3137,mama,scar-mkadinali/mama
track,3138,nikishika-mic,scar-mkadinali/nikishika-mic
track,3139,niko-so-fine,scar-mkadinali/niko-so-fine
track,314,chxmistry,xenia-manasseh/chxmistry
track,3140,nimfiti,scar-mkadinali/nimfiti
track,3141,push,scar-mkadinali/push
track,3142,talking-about,scar-mkadinali/talking-about
track,3143,mahaba,scar-mkadinali/mahaba
track,3144,hush-hush,scar-mkadinali/hush-hush
track,3145,tuko-on,scar-mkadinali/tuko-on
track,3146,nairobi-pengz,scar-mkadinali/nairobi-pengz
track,3147,romantic-rivals,scar-mkadinali/romantic-rivals
track,3148,we-wega,scar-mkadinali/we-wega
track,3149,rada,scar-mkadinali/rada
track,315,still-lose,xenia-manasseh/still-lose
track,3150,pray,scar-mkadinali/pray
track,3151,donjo,scar-mkadinali/donjo
track,3152,inshallah-n-vibes,scar-mkadinali/inshallah-n-vibes
track,3153,to-whom-it-may-concern,scar-mkadinali/to-whom-it-may-concern
track,3154,to-whom-it-may-concern-instrumental,scar-mkadinali/to-whom-it-may-concern-instrumental
track,3155,girls-radio-edit,scar-mkadinali/girls-radio-edit
track,3156,girls-instrumental,scar-mkadinali/girls-instrumental
track,3157,nyash,boutross/nyash
track,3158,baby-love,boutross/baby-love
track,3159,mannerless,boutross/mannerless
track,316,mwaniki,muringi/mwaniki
track,3160,huwezi,boutross/huwezi
track,3161,bad-habit,boutross/bad-habit
track,3162,blocks-hot,boutross/blocks-hot
track,3163,fire,boutross/fire
track,3164,gangster,boutross/gangster
track,3165,bounce,boutross/bounce
track,3166,gemini,boutross/gemini
track,3167,miss-behavior-1,boutross/miss-behavior-1
track,3168,tujiachilie,boutross/tujiachilie
track,3169,darling,boutross/darling
track,317,fly,nyashinski/fly
track,3170,intro-freestyle,boutross/intro-freestyle
track,3171,too-lit,boutross/too-lit
track,3172,formula-1,boutross/formula-1
track,3173,next,boutross/next
track,3174,dera,boutross/dera
track,3175,one-two,boutross/one-two
track,3176,business-mind,boutross/business-mind
track,3177,ithaa,boutross/ithaa
track,3178,wizo-man,boutross/wizo-man
track,3179,fahak-it,boutross/fahak-it
track,318,too-young-to-go,flier/too-young-to-go
track,3180,demand,boutross/demand
track,3181,rich-rich-man,boutross/rich-rich-man
track,3182,angela-1,boutross/angela-1
track,3183,cant-wait,boutross/cant-wait
track,3184,dapa-dapa,boutross/dapa-dapa
track,3185,natural-feeling,boutross/natural-feeling
track,3186,peter-marangi,boutross/peter-marangi
track,3187,mteja,boutross/mteja
track,3188,move,boutross/move
track,3189,confuse-me,boutross/confuse-me
track,319,niko-sawa,we-are-nubia/niko-sawa
track,3190,sweety,boutross/sweety
track,3191,mwanangu,boutross/mwanangu
track,3192,uchi-wale,boutross/uchi-wale
track,3193,toa,boutross/toa
track,3194,pendeka,boutross/pendeka
track,3195,fell-in-love,boutross/fell-in-love
track,3196,chorea,boutross/chorea
track,3197,friend-zone,boutross/friend-zone
track,3198,sin-thea,boutross/sin-thea
track,3199,juju,boutross/juju
track,32,show-you-off-remix,savara/show-you-off-remix
track,320,feel,nnavy/feel
track,3200,soul,boutross/soul
track,3201,us,boutross/us
track,3202,tiga-urimu,boutross/tiga-urimu
track,3203,band-wagon,boutross/band-wagon
track,3204,take-me-whole,boutross/take-me-whole
track,3205,omoka-1,boutross/omoka-1
track,3206,wasoro,boutross/wasoro
track,3207,rieng,boutross/rieng
track,3208,bank,boutross/bank
track,3209,coca-na-medica,boutross/coca-na-medica
track,321,thandiwe,shamzisto/thandiwe
track,3210,hit-that-whoa,boutross/hit-that-whoa
track,3211,safi,boutross/safi
track,3212,cute,boutross/cute
track,3213,mbona,boutross/mbona
track,3214,yengs,boutross/yengs
track,3215,chase,boutross/chase
track,3216,mangaa,boutross/mangaa
track,3217,tevega,boutross/tevega
track,3218,siezi-tense,boutross/siezi-tense
track,3219,mbaya,boutross/mbaya
track,322,amini,hildah-watiri/amini
track,3220,local,boutross/local
track,3221,siku-hizi,boutross/siku-hizi
track,3222,gonga,boutross/gonga
track,3223,left-right-1,boutross/left-right-1
track,3224,ting-ting,boutross/ting-ting
track,3225,kionjo-1,boutross/kionjo-1
track,3226,streets-manners,boutross/streets-manners
track,3227,kiki,boutross/kiki
track,3228,save-man,boutross/save-man
track,3229,save-man-tugi-remix,boutross/save-man-tugi-remix
track,323,ningeweza,we-are-nubia/ningeweza
track,3230,turn-a-hobby-to-a-job,boutross/turn-a-hobby-to-a-job
track,3231,juice-man,boutross/juice-man
track,3232,fast,boutross/fast
track,3233,bonoko,boutross/bonoko
track,3234,winner,boutross/winner
track,3235,billy-jean,boutross/billy-jean
track,3236,faith,boutross/faith
track,3237,wave,boutross/wave
track,3238,im-here,boutross/im-here
track,3239,rada,boutross/rada
track,324,baki-pekee-yako,njerae/baki-pekee-yako
track,3240,crime-scene,boutross/crime-scene
track,3241,kiki-2,wangechi/kiki-2
track,3242,chachisha-1,wangechi/chachisha-1
track,3243,msichana-mrembo,wangechi/msichana-mrembo
track,3244,zile-zile,wangechi/zile-zile
track,3245,mzigo-1,wangechi/mzigo-1
track,3246,edible-interlude,wangechi/edible-interlude
track,3247,wanitaka,wangechi/wanitaka
track,3248,kidogo,wangechi/kidogo
track,3249,distance-in-between,wangechi/distance-in-between
track,325,heartbreak-song,hildah-watiri/heartbreak-song
track,3250,sema-nami,wangechi/sema-nami
track,3251,mahaba-1,wangechi/mahaba-1
track,3252,hush-hush-1,wangechi/hush-hush-1
track,3253,tuko-on,wangechi/tuko-on
track,3254,nairobi-pengz-1,wangechi/nairobi-pengz-1
track,3255,romantic-rivals-1,wangechi/romantic-rivals-1
track,3256,we-wega,wangechi/we-wega
track,3257,rada-1,wangechi/rada-1
track,3258,pray,wangechi/pray
track,3259,donjo,wangechi/donjo
track,326,wuiru,wanjine/wuiru
track,3260,inshallah-n-vibes-1,wangechi/inshallah-n-vibes-1
track,3261,slow,wangechi/slow
track,3262,not,wangechi/not
track,3263,alright-feat-didge-125,wangechi/alright-feat-didge-125
track,3264,memories,wangechi/memories
track,3265,home,wangechi/home
track,3266,aint-it-funny-feat-taio,wangechi/aint-it-funny-feat-taio
track,3267,helium,wangechi/helium
track,3268,off-beat-feat-kevin-provoke,wangechi/off-beat-feat-kevin-provoke
track,3269,silver-linning,wangechi/silver-linning
track,327,ni-sawa,v-be/ni-sawa
track,3270,x2,wangechi/x2
track,3271,above-the-bass,wangechi/above-the-bass
track,3272,cardiac-arrest,wangechi/cardiac-arrest
track,3273,play,wangechi/play
track,3274,analogue-dreams-feat-karun,wangechi/analogue-dreams-feat-karun
track,3275,fastlane,wangechi/fastlane
track,3276,situationships,teslah/situationships
track,3277,talk-to-me,teslah/talk-to-me
track,3278,on-me,teslah/on-me
track,3279,kiss-n-tell,teslah/kiss-n-tell
track,328,haikuanza-like-this,mutoriah/haikuanza-like-this
track,3280,running-to-you,teslah/running-to-you
track,3281,tenda,teslah/tenda
track,3282,whine-fi-me,teslah/whine-fi-me
track,3283,whine-fi-me-solo,teslah/whine-fi-me-solo
track,3284,1-nyt-stand-acapella,teslah/1-nyt-stand-acapella
track,3285,1-nyt-stand-instrumental,teslah/1-nyt-stand-instrumental
track,3286,men-can-lie-acapella,teslah/men-can-lie-acapella
track,3287,men-can-lie-instrumental,teslah/men-can-lie-instrumental
track,3288,good-time,teslah/good-time
track,3289,nyege,teslah/nyege
track,329,tuwe-pamoja,onyach-pala/tuwe-pamoja
track,3290,bado,teslah/bado
track,3291,memo,teslah/memo
track,3292,gad-daym,teslah/gad-daym
track,3293,whine,teslah/whine
track,3294,turn-me-on-remix,teslah/turn-me-on-remix
track,3295,turn-me-on-remix-acapella,teslah/turn-me-on-remix-acapella
track,3296,turn-me-on-remix-dubb,teslah/turn-me-on-remix-dubb
track,3297,now-you-know,teslah/now-you-know
track,3298,now-you-know-acapella,teslah/now-you-know-acapella
track,3299,now-you-know-dubb,teslah/now-you-know-dubb
track,33,out-of-time,lelaika/out-of-time
track,330,dont,kethan/dont
track,3300,rich-or-broke-1,buruklyn-boyz/rich-or-broke-1
track,3301,digida,buruklyn-boyz/digida
track,3302,chapaa,buruklyn-boyz/chapaa
track,3303,exposure,buruklyn-boyz/exposure
track,3304,usicheze-na-biz,buruklyn-boyz/usicheze-na-biz
track,3305,mashida,buruklyn-boyz/mashida
track,3306,nataka,buruklyn-boyz/nataka
track,3307,kenyan-rap,buruklyn-boyz/kenyan-rap
track,3308,clean-shit,buruklyn-boyz/clean-shit
track,3309,slow-motion,buruklyn-boyz/slow-motion
track,331,okra-water,kodongklan/okra-water
track,3310,nimpee-nani,buruklyn-boyz/nimpee-nani
track,3311,magarita,buruklyn-boyz/magarita
track,3312,twende-nayo,buruklyn-boyz/twende-nayo
track,3313,confession,buruklyn-boyz/confession
track,3314,mecca,buruklyn-boyz/mecca
track,3315,christmas,buruklyn-boyz/christmas
track,3316,gear-five,buruklyn-boyz/gear-five
track,3317,patient,buruklyn-boyz/patient
track,3318,charlie-chaplin,buruklyn-boyz/charlie-chaplin
track,3319,kill-opp,buruklyn-boyz/kill-opp
track,332,nairobi-streets-remix,bridget-blue/nairobi-streets-remix
track,3320,germany,buruklyn-boyz/germany
track,3321,vertical,buruklyn-boyz/vertical
track,3322,strange-faces,buruklyn-boyz/strange-faces
track,3323,intro,buruklyn-boyz/intro
track,3324,niskize,buruklyn-boyz/niskize
track,3325,catalyst,buruklyn-boyz/catalyst
track,3326,pree,buruklyn-boyz/pree
track,3327,blicky,buruklyn-boyz/blicky
track,3328,last-air-bender,buruklyn-boyz/last-air-bender
track,3329,coins,buruklyn-boyz/coins
track,333,tonight,nikita-kering/tonight
track,3330,ex,buruklyn-boyz/ex
track,3331,nothing-but-love,buruklyn-boyz/nothing-but-love
track,3332,taliban,buruklyn-boyz/taliban
track,3333,cellie,buruklyn-boyz/cellie
track,3334,23,buruklyn-boyz/23
track,3335,butterfly,juliani/butterfly
track,3336,do-that,juliani/do-that
track,3337,i-do-it,juliani/i-do-it
track,3338,intro-isaiah-58-juliani-edition,juliani/intro-isaiah-58-juliani-edition
track,3339,masterpiece,juliani/masterpiece
track,334,love-ballad-no-6,muthaka/love-ballad-no-6
track,3340,mh-370,juliani/mh-370
track,3341,morio-na-juliet,juliani/morio-na-juliet
track,3342,move,juliani/move
track,3343,pararira,juliani/pararira
track,3344,shuka-roho,juliani/shuka-roho
track,3345,samaki-baharini,juliani/samaki-baharini
track,3346,snobbish-old-man,juliani/snobbish-old-man
track,3347,simultaneously,juliani/simultaneously
track,3348,blah-blah-blah,juliani/blah-blah-blah
track,3349,better-dan-dem,juliani/better-dan-dem
track,335,its-you,fancy-fingers/its-you
track,3350,story-za-tene,juliani/story-za-tene
track,3351,just-another-tuesday,juliani/just-another-tuesday
track,3352,cest-la-vie,juliani/cest-la-vie
track,3353,inheritance-ya-kamba,juliani/inheritance-ya-kamba
track,3354,tumbo-2-tombstone,juliani/tumbo-2-tombstone
track,3355,locks-to-my-socks,juliani/locks-to-my-socks
track,3356,ndani-ama-nje,juliani/ndani-ama-nje
track,3357,masikio,juliani/masikio
track,3358,new-year,juliani/new-year
track,3359,friends-request,juliani/friends-request
track,336,niunyonaga-you-see-me,lelaika/niunyonaga-you-see-me
track,3360,red-black-and-green,juliani/red-black-and-green
track,3361,kitanda-yangu-four-by-six,juliani/kitanda-yangu-four-by-six
track,3362,na-umia,juliani/na-umia
track,3363,niko-juu,juliani/niko-juu
track,3364,mimi-na-wewe,juliani/mimi-na-wewe
track,3365,kilami,juliani/kilami
track,3366,hio-ndio-swagga,juliani/hio-ndio-swagga
track,3367,you-ear,juliani/you-ear
track,3368,hela-1,juliani/hela-1
track,3369,mahewa,juliani/mahewa
track,337,addicted,brandy-maina/addicted
track,3370,church-on-monday,juliani/church-on-monday
track,3371,damu-ya-yesu,juliani/damu-ya-yesu
track,3372,mtaa-mentality,juliani/mtaa-mentality
track,3373,who-is-to-blame,juliani/who-is-to-blame
track,3374,pendo-kweli,juliani/pendo-kweli
track,3375,stori-hii,juliani/stori-hii
track,3376,rimz-timz,juliani/rimz-timz
track,3377,something-more,juliani/something-more
track,3378,loser,chimano/loser
track,3379,jobless-corner-1,e-sir/jobless-corner-1
track,338,pretty-women,x-o/pretty-women
track,3380,kamata-feat-mr-lenny-1,e-sir/kamata-feat-mr-lenny-1
track,3381,bamba-feat-big-pin-and-k-rupt-1,e-sir/bamba-feat-big-pin-and-k-rupt-1
track,3382,moss-moss-feat-brenda-1,e-sir/moss-moss-feat-brenda-1
track,3383,jobless-corner-2,e-sir/jobless-corner-2
track,3384,hamnitishi-feat-talia-oyando-1,e-sir/hamnitishi-feat-talia-oyando-1
track,3385,boomba-train-feat-nameless-1,e-sir/boomba-train-feat-nameless-1
track,3386,nimefika-jo-feat-big-pin-1,e-sir/nimefika-jo-feat-big-pin-1
track,3387,saree-2,e-sir/saree-2
track,3388,kiamaiko,e-sir/kiamaiko
track,3389,intro,kleptomaniax/intro
track,339,i-choose-you,bridget-blue/i-choose-you
track,3390,untouchable,kleptomaniax/untouchable
track,3391,closer,kleptomaniax/closer
track,3392,interlude,kleptomaniax/interlude
track,3393,lugha,kleptomaniax/lugha
track,3394,one-night-stand,kleptomaniax/one-night-stand
track,3395,psycho,kleptomaniax/psycho
track,3396,interlude-2,kleptomaniax/interlude-2
track,3397,stand-up,kleptomaniax/stand-up
track,3398,tamaa,kleptomaniax/tamaa
track,3399,fyeka,kleptomaniax/fyeka
track,34,manifest,mejja/manifest
track,340,nyachula,coster-ojwang/nyachula
track,3400,skit,kleptomaniax/skit
track,3401,hauwess-make,kleptomaniax/hauwess-make
track,3402,offer,kleptomaniax/offer
track,3403,follow-me,kleptomaniax/follow-me
track,3404,outro,kleptomaniax/outro
track,3405,njoo-1,kleptomaniax/njoo-1
track,3406,haileweki,kleptomaniax/haileweki
track,3407,freak-it,kleptomaniax/freak-it
track,3408,kabeibe,kleptomaniax/kabeibe
track,3409,lets-party,kleptomaniax/lets-party
track,341,im-here,bridget-blue/im-here
track,3410,belly-naach-di,kleptomaniax/belly-naach-di
track,3411,what-is-kapuka,kleptomaniax/what-is-kapuka
track,3412,au-sio-feat-mr-lenny-1,kleptomaniax/au-sio-feat-mr-lenny-1
track,3413,mareality,kleptomaniax/mareality
track,3414,sichimbiki-feat-big-pin,kleptomaniax/sichimbiki-feat-big-pin
track,3415,kothbiro-live,ayub-ogada/kothbiro-live
track,3416,granary,ayub-ogada/granary
track,3417,omera,ayub-ogada/omera
track,3418,45,ayub-ogada/45
track,3419,tamuru,ayub-ogada/tamuru
track,342,beba,watendawili/beba
track,3420,seed,ayub-ogada/seed
track,3421,ali-farka-touru00e9,ayub-ogada/ali-farka-touru00e9
track,3422,job,ayub-ogada/job
track,3423,we-are-just-waiting,ayub-ogada/we-are-just-waiting
track,3424,mbira,ayub-ogada/mbira
track,3425,its-raining,ayub-ogada/its-raining
track,3426,on-the-fly,ayub-ogada/on-the-fly
track,3427,dero-1,ayub-ogada/dero-1
track,3428,i-para-ango-yawa,ayub-ogada/i-para-ango-yawa
track,3429,kodhi-1,ayub-ogada/kodhi-1
track,343,sianda,watendawili/sianda
track,3430,otenga-1,ayub-ogada/otenga-1
track,3431,waritarita,ayub-ogada/waritarita
track,3432,harmonic,ayub-ogada/harmonic
track,3433,conversation,ayub-ogada/conversation
track,3434,funeral,ayub-ogada/funeral
track,3435,extreme,ayub-ogada/extreme
track,3436,traditional,ayub-ogada/traditional
track,3437,a-prayer,ayub-ogada/a-prayer
track,3438,thum-nyatiti,ayub-ogada/thum-nyatiti
track,3439,kronkronhinko,ayub-ogada/kronkronhinko
track,344,ayaya,watendawili/ayaya
track,3440,chiro,ayub-ogada/chiro
track,3441,0-1,ayub-ogada/0-1
track,3442,en-mana-kuoyo,ayub-ogada/en-mana-kuoyo
track,3443,shamba-la-mawe,maovete/shamba-la-mawe
track,3444,jah-we-trust,maovete/jah-we-trust
track,3445,kazi-ni-kazi,maovete/kazi-ni-kazi
track,3446,haijadedi,maovete/haijadedi
track,3447,usigive-up,maovete/usigive-up
track,3448,kiongozi,maovete/kiongozi
track,3449,mama,maovete/mama
track,345,mwanzo,kethan/mwanzo
track,3450,mziki,maovete/mziki
track,3451,rudi-kundini,maovete/rudi-kundini
track,3452,intro,maovete/intro
track,3453,cheki-looku,maovete/cheki-looku
track,3454,hii-nairobi,maovete/hii-nairobi
track,3455,tunavumilia,maovete/tunavumilia
track,3456,elevated,maovete/elevated
track,3457,togetherness-i-come-closer,maovete/togetherness-i-come-closer
track,3458,wapi-mapenzi,maovete/wapi-mapenzi
track,3459,togetherness-ii-chap-chap,maovete/togetherness-ii-chap-chap
track,346,tonight,kodongklan/tonight
track,3460,cbd-cannabidiol-1,maovete/cbd-cannabidiol-1
track,3461,october-sky,maovete/october-sky
track,3462,interlude,maovete/interlude
track,3463,mangeta,maovete/mangeta
track,3464,togetherness-iii-baridi,maovete/togetherness-iii-baridi
track,3465,cha-kati,maovete/cha-kati
track,3466,togetherness-iv-ngori,maovete/togetherness-iv-ngori
track,3467,amka-kumekucha,maovete/amka-kumekucha
track,3468,kun-faya-kun-1,maovete/kun-faya-kun-1
track,3469,uta-kwenda-wapi-1,maovete/uta-kwenda-wapi-1
track,347,treasure,karun/treasure
track,3470,endelezi-1,maovete/endelezi-1
track,3471,committee-ya-maovete-1,maovete/committee-ya-maovete-1
track,3472,drunken-master-barua-1,maovete/drunken-master-barua-1
track,3473,pandemic-remix-1,maovete/pandemic-remix-1
track,3474,weh-ongea-1,maovete/weh-ongea-1
track,3475,haina-makelele-1,maovete/haina-makelele-1
track,3476,cheki-number-1,maovete/cheki-number-1
track,3477,nayo-nayo,maovete/nayo-nayo
track,3478,outro,maovete/outro
track,3479,pandemic-pt-2-bonus,maovete/pandemic-pt-2-bonus
track,348,hold-me,karun/hold-me
track,3480,million-dollar-ndoto,joefes/million-dollar-ndoto
track,3481,kuona-dust,joefes/kuona-dust
track,3482,tools,joefes/tools
track,3483,mali-safi,joefes/mali-safi
track,3484,kienyeji,joefes/kienyeji
track,3485,za-lunch,joefes/za-lunch
track,3486,fyam,joefes/fyam
track,3487,gideon-boots,joefes/gideon-boots
track,3488,gondi-open-verse,joefes/gondi-open-verse
track,3489,dunda,joefes/dunda
track,349,wajue,tipsy-gee/wajue
track,3490,kataa,joefes/kataa
track,3491,chorea-madawa-interlude,joefes/chorea-madawa-interlude
track,3492,features,joefes/features
track,3493,mnataka-nini,joefes/mnataka-nini
track,3494,sexy-1,joefes/sexy-1
track,3495,pupupu,joefes/pupupu
track,3496,mchele,joefes/mchele
track,3497,kitchen-cook,joefes/kitchen-cook
track,3498,bad,joefes/bad
track,3499,pengka-wanairo,joefes/pengka-wanairo
track,35,ni-wewe,bridget-blue/ni-wewe
track,350,ghetto-loving,ywaya-tajiri/ghetto-loving
track,3500,no-diddy,joefes/no-diddy
track,3501,aki-ya-nani-outro,joefes/aki-ya-nani-outro
track,3502,blueticks,joefes/blueticks
track,3503,flex,joefes/flex
track,3504,disconnect,joefes/disconnect
track,3505,morning-glory,joefes/morning-glory
track,3506,chargy,joefes/chargy
track,3507,pere,joefes/pere
track,3508,mochability,joefes/mochability
track,3509,snakes,joefes/snakes
track,351,all-my-enemies-are-suffering-ix,bien/all-my-enemies-are-suffering-ix
track,3510,is-it-just-me,joefes/is-it-just-me
track,3511,water,joefes/water
track,3512,selfish,joefes/selfish
track,3513,confirmed,joefes/confirmed
track,3514,outro,joefes/outro
track,3515,winner,joefes/winner
track,3516,uber-na-chupa,joefes/uber-na-chupa
track,3517,hit-me-up,joefes/hit-me-up
track,3518,critics,joefes/critics
track,3519,love-no-matter,joefes/love-no-matter
track,352,legendary,nyashinski/legendary
track,3520,ukicheat,joefes/ukicheat
track,3521,amor,joefes/amor
track,3522,fadhela,joefes/fadhela
track,3523,aroma-ya-pesa,joefes/aroma-ya-pesa
track,3524,che-che,joefes/che-che
track,3525,charming,joefes/charming
track,3526,kadenge,joefes/kadenge
track,3527,weekend,joefes/weekend
track,3528,hudai-diss,joefes/hudai-diss
track,3529,netflix,joefes/netflix
track,353,waridi,mura/waridi
track,3530,pills-n-drugs,joefes/pills-n-drugs
track,3531,ruhusa,joefes/ruhusa
track,3532,vela,joefes/vela
track,3533,advise,joefes/advise
track,3534,all-sides,joefes/all-sides
track,3535,berry,joefes/berry
track,3536,bless,joefes/bless
track,3537,coup-de-tat,joefes/coup-de-tat
track,3538,loud-thoughts,joefes/loud-thoughts
track,3539,outspoken-part-1,joefes/outspoken-part-1
track,354,ki-design,matata/ki-design
track,3540,pray-for-us,joefes/pray-for-us
track,3541,respect,joefes/respect
track,3542,spolit-goods,joefes/spolit-goods
track,3543,swali,joefes/swali
track,3544,take-time,joefes/take-time
track,3545,the-pihphos-interlude,joefes/the-pihphos-interlude
track,3546,the-sermon,joefes/the-sermon
track,3547,zone,joefes/zone
track,3548,baby-you,joefes/baby-you
track,3549,daces-birthday,joefes/daces-birthday
track,355,show-you-off-acoustic,savara/show-you-off-acoustic
track,3550,the-sauce,joefes/the-sauce
track,3551,excapades,joefes/excapades
track,3552,gangster,joefes/gangster
track,3553,groovie,joefes/groovie
track,3554,heartbeat,joefes/heartbeat
track,3555,intro-irie-pt-1,joefes/intro-irie-pt-1
track,3556,killbees,joefes/killbees
track,3557,kilometers,joefes/kilometers
track,3558,love-8,joefes/love-8
track,3559,most-times,joefes/most-times
track,356,love-is-forever,bensoul/love-is-forever
track,3560,mpasho,joefes/mpasho
track,3561,phone-call,joefes/phone-call
track,3562,rada,joefes/rada
track,3563,show-me-sign,joefes/show-me-sign
track,3564,stolen-merchandise,joefes/stolen-merchandise
track,3565,the-lesson,joefes/the-lesson
track,3566,the-vine,joefes/the-vine
track,3567,mkhana-1,kalamashaka/mkhana-1
track,3568,gals-anthem,kalamashaka/gals-anthem
track,3569,tafsiri-jam-mix-1,kalamashaka/tafsiri-jam-mix-1
track,357,dreams,gufy/dreams
track,3570,tafsirir-1,kalamashaka/tafsirir-1
track,3571,kila-saa-1,kalamashaka/kila-saa-1
track,3572,dail-nnoma-1,kalamashaka/dail-nnoma-1
track,3573,wanajipa-1,kalamashaka/wanajipa-1
track,3574,thaayi,kalamashaka/thaayi
track,3575,masaa,kalamashaka/masaa
track,3576,yule-yule,kalamashaka/yule-yule
track,3577,hands-up-1,kalamashaka/hands-up-1
track,3578,mabeste-1,kalamashaka/mabeste-1
track,3579,t-m-1,kalamashaka/t-m-1
track,358,international-foreigner,okello-max/international-foreigner
track,3580,intro,karura-voices/intro
track,3581,there-is-a-fire,karura-voices/there-is-a-fire
track,3582,furahia,karura-voices/furahia
track,3583,mwaminifu,karura-voices/mwaminifu
track,3584,deni-ya-dhambi,karura-voices/deni-ya-dhambi
track,3585,msalaba-unajibu,karura-voices/msalaba-unajibu
track,3586,njoo,karura-voices/njoo
track,3587,yu-pekee,karura-voices/yu-pekee
track,3588,kalivari,karura-voices/kalivari
track,3589,kwako,karura-voices/kwako
track,359,oliveia,mutoriah/oliveia
track,3590,maneno-ya-uzima,karura-voices/maneno-ya-uzima
track,3591,unayejali,karura-voices/unayejali
track,3592,heshima,karura-voices/heshima
track,3593,wimbo-wa-sifa,karura-voices/wimbo-wa-sifa
track,3594,i-praise-you,karura-voices/i-praise-you
track,3595,kwako-yesu,karura-voices/kwako-yesu
track,3596,nisamehe,karura-voices/nisamehe
track,3597,eh-bwana-uniinue,karura-voices/eh-bwana-uniinue
track,3598,baba-mwema,karura-voices/baba-mwema
track,3599,lilete,karura-voices/lilete
track,36,day-one,mutoriah/day-one
track,360,teveva,ochungulo-family/teveva
track,3600,ulisema,karura-voices/ulisema
track,3601,safari,karura-voices/safari
track,3602,hata-chelewa,karura-voices/hata-chelewa
track,3603,more-than-a-conqueror,karura-voices/more-than-a-conqueror
track,3604,mistaken-identity,june-gachui/mistaken-identity
track,3605,holla-1,june-gachui/holla-1
track,3606,you-should-love-me,june-gachui/you-should-love-me
track,3607,right-direction,june-gachui/right-direction
track,3608,everybody-1,june-gachui/everybody-1
track,3609,no-end-my-forever-song-1,june-gachui/no-end-my-forever-song-1
track,361,weko,ochungulo-family/weko
track,3610,intro,wanavokali/intro
track,3611,this-love,wanavokali/this-love
track,3612,thirsty,wanavokali/thirsty
track,3613,supa-dupa-1,wanavokali/supa-dupa-1
track,3614,selina,wanavokali/selina
track,3615,meet-me-at-the-altar,wanavokali/meet-me-at-the-altar
track,3616,50-50,wanavokali/50-50
track,3617,whine-selekta,wanavokali/whine-selekta
track,3618,i-wonder,wanavokali/i-wonder
track,3619,hela,wanavokali/hela
track,362,datway,ochungulo-family/datway
track,3620,reasons-1,wanavokali/reasons-1
track,3621,trying,wanavokali/trying
track,3622,you,wanavokali/you
track,3623,revolution,wanavokali/revolution
track,3624,gratitude-song,wanavokali/gratitude-song
track,3625,love-is-in-the-air,wanavokali/love-is-in-the-air
track,3626,amani,wanavokali/amani
track,3627,what-a-time,wanavokali/what-a-time
track,3628,cheza-ngoma,willy-paul/cheza-ngoma
track,3629,hello,willy-paul/hello
track,363,running-late,boiblacc/running-late
track,3630,umeme,willy-paul/umeme
track,3631,kata-kataa,willy-paul/kata-kataa
track,3632,my-child-my-love,willy-paul/my-child-my-love
track,3633,kuu-kuu-1,willy-paul/kuu-kuu-1
track,3634,higher,willy-paul/higher
track,3635,isabella,willy-paul/isabella
track,3636,na-na-na-1,willy-paul/na-na-na-1
track,3637,im-single,willy-paul/im-single
track,3638,put-it-in,willy-paul/put-it-in
track,3639,teleza,willy-paul/teleza
track,364,case-mbaya,khaligraph-jones/case-mbaya
track,3640,you,willy-paul/you
track,3641,big-ting,willy-paul/big-ting
track,3642,aheri-mama,willy-paul/aheri-mama
track,3643,nimelewa,willy-paul/nimelewa
track,3644,my-woman,willy-paul/my-woman
track,3645,i-love-you,willy-paul/i-love-you
track,3646,meremeta,willy-paul/meremeta
track,3647,unusual,willy-paul/unusual
track,3648,poromoka,willy-paul/poromoka
track,3649,competition,willy-paul/competition
track,365,walahi,boutross/walahi
track,3650,ile-ile,willy-paul/ile-ile
track,3651,sorora,willy-paul/sorora
track,3652,ogopa-wasanii,willy-paul/ogopa-wasanii
track,3653,polisi,willy-paul/polisi
track,3654,nikupe,willy-paul/nikupe
track,3655,ayaya,willy-paul/ayaya
track,3656,thirty-bob-30-bob,willy-paul/thirty-bob-30-bob
track,3657,tupewe-pombe,willy-paul/tupewe-pombe
track,3658,diana,willy-paul/diana
track,3659,rich-merry,willy-paul/rich-merry
track,366,size-yangu,steph-kapela/size-yangu
track,3660,kitanzi,willy-paul/kitanzi
track,3661,lala-salama,willy-paul/lala-salama
track,3662,you-never-know,willy-paul/you-never-know
track,3663,mpenzi,willy-paul/mpenzi
track,3664,rabuka-god,willy-paul/rabuka-god
track,3665,sitolia,willy-paul/sitolia
track,3666,missi,willy-paul/missi
track,3667,kidogo,willy-paul/kidogo
track,3668,nikumbate,willy-paul/nikumbate
track,3669,something,willy-paul/something
track,367,grace-ya-god,odi-wa-muranga/grace-ya-god
track,3670,tired,willy-paul/tired
track,3671,collabo,willy-paul/collabo
track,3672,nye,willy-paul/nye
track,3673,nomare,willy-paul/nomare
track,3674,solomon,willy-paul/solomon
track,3675,uptown-chokoraa,kahush/uptown-chokoraa
track,3676,kurudi,kahush/kurudi
track,3677,stoned-1,kahush/stoned-1
track,3678,sue-me,kahush/sue-me
track,3679,chama,kahush/chama
track,368,taya,okello-max/taya
track,3680,energy,kahush/energy
track,3681,fucked-up,kahush/fucked-up
track,3682,the-feeling,kahush/the-feeling
track,3683,in-a-rush,kahush/in-a-rush
track,3684,used-to,kahush/used-to
track,3685,ngori-szn,kahush/ngori-szn
track,3686,shenzi-type,kahush/shenzi-type
track,3687,sad-sad-sad,kahush/sad-sad-sad
track,3688,knock-knock,kahush/knock-knock
track,3689,kiasi-kidogo,kahush/kiasi-kidogo
track,369,amanda-pressure-feat-fancy-fingers,nyashinski/amanda-pressure-feat-fancy-fingers
track,3690,wacha-stress-wacha-kuvex,kahush/wacha-stress-wacha-kuvex
track,3691,suchabeautifuldeath-bye,kahush/suchabeautifuldeath-bye
track,3692,wanjiku,kahush/wanjiku
track,3693,intro,kahush/intro
track,3694,hercules,kahush/hercules
track,3695,came-to-me,kahush/came-to-me
track,3696,outstanding,kahush/outstanding
track,3697,dont-speak,kahush/dont-speak
track,3698,when-i-rap,kahush/when-i-rap
track,3699,what-is-love,kahush/what-is-love
track,37,jangili,brandy-maina/jangili
track,370,aminia,nyashinski/aminia
track,3700,fika,kahush/fika
track,3701,nyoka,kahush/nyoka
track,3702,from-the-east,kahush/from-the-east
track,3703,fine-cool,kahush/fine-cool
track,3704,symptoms,kahush/symptoms
track,3705,maisha,kahush/maisha
track,3706,sippin,kahush/sippin
track,3707,mixtape,kahush/mixtape
track,3708,selfish,kahush/selfish
track,3709,hatelove,kahush/hatelove
track,371,bad-boy-feat-amani,nyashinski/bad-boy-feat-amani
track,3710,underpressure,kahush/underpressure
track,3711,double-double,kahush/double-double
track,3712,miss-me,kahush/miss-me
track,3713,that-i-know,kahush/that-i-know
track,3714,no-pressure,kahush/no-pressure
track,3715,nimejaribu,elani/nimejaribu
track,3716,yule,elani/yule
track,3717,mara-mia,elani/mara-mia
track,3718,maua,elani/maua
track,3719,joto,elani/joto
track,372,balance,nyashinski/balance
track,3720,only-you,elani/only-you
track,3721,nangoja,elani/nangoja
track,3722,kaa-mbali,elani/kaa-mbali
track,3723,majaliwa,elani/majaliwa
track,3724,forgive-me,elani/forgive-me
track,3725,jinsi,elani/jinsi
track,3726,heart-beat,elani/heart-beat
track,3727,heartbeat,elani/heartbeat
track,3728,love-you,elani/love-you
track,3729,my-darling-slow,elani/my-darling-slow
track,373,bebi-bebi,nyashinski/bebi-bebi
track,3730,milele,elani/milele
track,3731,my-darling,elani/my-darling
track,3732,jana-usiku,elani/jana-usiku
track,3733,kookoo,elani/kookoo
track,3734,barua,elani/barua
track,3735,nikupende,elani/nikupende
track,3736,mahindi,elani/mahindi
track,3737,hapo-zamani,elani/hapo-zamani
track,3738,zuzu,elani/zuzu
track,3739,uko-wapi,elani/uko-wapi
track,374,free,nyashinski/free
track,3740,hatua,elani/hatua
track,3741,peperuka,elani/peperuka
track,3742,barua-ya-dunia,elani/barua-ya-dunia
track,3743,sirudi,elani/sirudi
track,3744,intro,krg-the-don/intro
track,3745,giddem,krg-the-don/giddem
track,3746,i-like-it,krg-the-don/i-like-it
track,3747,kameshika,krg-the-don/kameshika
track,3748,waka,krg-the-don/waka
track,3749,kata,krg-the-don/kata
track,375,glory,nyashinski/glory
track,3750,full-kisunzi,krg-the-don/full-kisunzi
track,3751,back-it-up,krg-the-don/back-it-up
track,3752,every-gal,krg-the-don/every-gal
track,3753,poz-pan,krg-the-don/poz-pan
track,3754,antidote,krg-the-don/antidote
track,3755,if-you-never-know,krg-the-don/if-you-never-know
track,3756,im-moving-on,krg-the-don/im-moving-on
track,3757,if-you-love-jah,krg-the-don/if-you-love-jah
track,3758,saucy,krg-the-don/saucy
track,3759,outro,krg-the-don/outro
track,376,hayawani,nyashinski/hayawani
track,3760,toxic,mastar-vk/toxic
track,3761,birthday,mastar-vk/birthday
track,3762,hawawezi,mastar-vk/hawawezi
track,3763,comeback,mastar-vk/comeback
track,3764,nilidoo,mastar-vk/nilidoo
track,3765,lightskin,mastar-vk/lightskin
track,3766,bila-doubts,mastar-vk/bila-doubts
track,3767,give-it,mastar-vk/give-it
track,3768,88-bars,unspoken-salaton/88-bars
track,3769,best-my-age,unspoken-salaton/best-my-age
track,377,imagination-feat-cedo-karun,nyashinski/imagination-feat-cedo-karun
track,3770,hatutainama,unspoken-salaton/hatutainama
track,3771,4-kitu-nimebakisha,unspoken-salaton/4-kitu-nimebakisha
track,3772,kule,unspoken-salaton/kule
track,3773,mi-nakumbuka,unspoken-salaton/mi-nakumbuka
track,3774,reggae-genje,unspoken-salaton/reggae-genje
track,3775,sio-mimi,unspoken-salaton/sio-mimi
track,3776,sipatikani,unspoken-salaton/sipatikani
track,3777,understand,unspoken-salaton/understand
track,3778,ukipewa-perform,unspoken-salaton/ukipewa-perform
track,3779,hujawai-ona,unspoken-salaton/hujawai-ona
track,378,jali-feat-sanaipei-tande,nyashinski/jali-feat-sanaipei-tande
track,3780,yes-sir,unspoken-salaton/yes-sir
track,3781,audacity,unspoken-salaton/audacity
track,3782,katika,unspoken-salaton/katika
track,3783,remind-me,unspoken-salaton/remind-me
track,3784,you,unspoken-salaton/you
track,3785,love-me,unspoken-salaton/love-me
track,3786,control,unspoken-salaton/control
track,3787,mbona-unashout,unspoken-salaton/mbona-unashout
track,3788,mambo-ni-mengi,unspoken-salaton/mambo-ni-mengi
track,3789,fyatt,unspoken-salaton/fyatt
track,379,lucky-you,nyashinski/lucky-you
track,3790,steppa,unspoken-salaton/steppa
track,3791,shuka,unspoken-salaton/shuka
track,3792,blacka,unspoken-salaton/blacka
track,3793,for-real,unspoken-salaton/for-real
track,3794,too-loud,unspoken-salaton/too-loud
track,3795,whoa-fin,unspoken-salaton/whoa-fin
track,3796,zogo,unspoken-salaton/zogo
track,3797,subtraction,unspoken-salaton/subtraction
track,3798,unasema,unspoken-salaton/unasema
track,3799,maiyee-intro,fancy-fingers/maiyee-intro
track,38,on-time-kito-soundtrack,nikita-kering/on-time-kito-soundtrack
track,380,malaika,nyashinski/malaika
track,3800,jawaya-jathum-1,winyo/jawaya-jathum-1
track,3801,maria,fancy-fingers/maria
track,3802,pokunena,fancy-fingers/pokunena
track,3803,jowo,fancy-fingers/jowo
track,3804,nyar-alego,fancy-fingers/nyar-alego
track,3805,akinyi-2,winyo/akinyi-2
track,3806,angang,fancy-fingers/angang
track,3807,duog-dala-1,winyo/duog-dala-1
track,3808,rombe-interlude,fancy-fingers/rombe-interlude
track,3809,dala-1,winyo/dala-1
track,381,marathon-runner,nyashinski/marathon-runner
track,3810,wan-wadhii-1,winyo/wan-wadhii-1
track,3811,inemara-1,winyo/inemara-1
track,3812,one-in-a-million,fancy-fingers/one-in-a-million
track,3813,love-language,fancy-fingers/love-language
track,3814,nyathii-dala,fancy-fingers/nyathii-dala
track,3815,my-fave,fancy-fingers/my-fave
track,3816,mechi,fancy-fingers/mechi
track,3817,far-away,fancy-fingers/far-away
track,3818,show-me-love,fancy-fingers/show-me-love
track,3819,ego,fancy-fingers/ego
track,382,mungu-pekee,nyashinski/mungu-pekee
track,3820,all-over-me,fancy-fingers/all-over-me
track,3821,set-me-free,fancy-fingers/set-me-free
track,3822,be-my-lover-1,fancy-fingers/be-my-lover-1
track,3823,its-you-1,fancy-fingers/its-you-1
track,3824,pots-and-pans,fancy-fingers/pots-and-pans
track,3825,kienyeji,fancy-fingers/kienyeji
track,3826,salt-shaker,fancy-fingers/salt-shaker
track,3827,them-mushrooms,fancy-fingers/them-mushrooms
track,3828,coconut-water,fancy-fingers/coconut-water
track,3829,macadamia,fancy-fingers/macadamia
track,383,night-school,nyashinski/night-school
track,3830,braai,fancy-fingers/braai
track,3831,wine-and-dine,fancy-fingers/wine-and-dine
track,3832,intro-a-child-is-born,fancy-fingers/intro-a-child-is-born
track,3833,how-i-met-your-mama,fancy-fingers/how-i-met-your-mama
track,3834,daddy-issues,fancy-fingers/daddy-issues
track,3835,lala-land,fancy-fingers/lala-land
track,3836,love-me-for-free,fancy-fingers/love-me-for-free
track,3837,amanda-pressure,fancy-fingers/amanda-pressure
track,3838,rhumba-toto,fancy-fingers/rhumba-toto
track,3839,papa-loving,fancy-fingers/papa-loving
track,384,perfect-design,nyashinski/perfect-design
track,3840,nitarudi,fancy-fingers/nitarudi
track,3841,tuko-wengi,fancy-fingers/tuko-wengi
track,3842,say-their-names,fancy-fingers/say-their-names
track,3843,washa-mishuma,fancy-fingers/washa-mishuma
track,3844,lala-toto-lala,fancy-fingers/lala-toto-lala
track,3845,whips-za-zakayo,fancy-fingers/whips-za-zakayo
track,3846,otieno-mokwe,fancy-fingers/otieno-mokwe
track,3847,mor-ni-jopiny,fancy-fingers/mor-ni-jopiny
track,3848,otieno-maler,fancy-fingers/otieno-maler
track,3849,bi-unee,fancy-fingers/bi-unee
track,385,properly-feat-femi-one,nyashinski/properly-feat-femi-one
track,3850,discombobulate-electric-deluxe-mike-muema-remix,fena-gitu/discombobulate-electric-deluxe-mike-muema-remix
track,3851,love-is-electric-deluxe-mike-muema-remix,fena-gitu/love-is-electric-deluxe-mike-muema-remix
track,3852,spirit-electric-deluxe-mike-muema-remix,fena-gitu/spirit-electric-deluxe-mike-muema-remix
track,3853,mali-safi-electric-deluxe-mike-muema-remix,fena-gitu/mali-safi-electric-deluxe-mike-muema-remix
track,3854,sina-bae-electric-deluxe-mike-muema-remix,fena-gitu/sina-bae-electric-deluxe-mike-muema-remix
track,3855,let-me-go-electric-deluxe-mike-muema-remix,fena-gitu/let-me-go-electric-deluxe-mike-muema-remix
track,3856,guns-roses-electric-deluxe-mike-muema-remix,fena-gitu/guns-roses-electric-deluxe-mike-muema-remix
track,3857,whats-love-intro,fena-gitu/whats-love-intro
track,3858,spirit,fena-gitu/spirit
track,3859,regular,fena-gitu/regular
track,386,too-much,nyashinski/too-much
track,3860,guns-roses-yeye,fena-gitu/guns-roses-yeye
track,3861,let-me-go,fena-gitu/let-me-go
track,3862,bado-sina-interlude,fena-gitu/bado-sina-interlude
track,3863,sina-bae,fena-gitu/sina-bae
track,3864,ankulapo,fena-gitu/ankulapo
track,3865,living-legends,fena-gitu/living-legends
track,3866,discombobulate,fena-gitu/discombobulate
track,3867,rise-up,fena-gitu/rise-up
track,3868,vaccine-mike-muema-future-house-remix,fena-gitu/vaccine-mike-muema-future-house-remix
track,3869,love-is,fena-gitu/love-is
track,387,usimpe-roho-feat-pam-wyre-abbas-k%eb%ab%bf-jua-cali-nameless,nyashinski/usimpe-roho-feat-pam-wyre-abbas-k%eb%ab%bf-jua-cali-nameless
track,3870,monday-blues,fena-gitu/monday-blues
track,3871,doing-her-thing-tho-extended-play,fena-gitu/doing-her-thing-tho-extended-play
track,3872,unleashed,fena-gitu/unleashed
track,3873,siri,fena-gitu/siri
track,3874,zing-zong,fena-gitu/zing-zong
track,3875,karibia,fena-gitu/karibia
track,3876,chai-moto,fena-gitu/chai-moto
track,3877,save-the-world,fena-gitu/save-the-world
track,3878,ndigithia,fena-gitu/ndigithia
track,3879,sema-ngwe-remix,fena-gitu/sema-ngwe-remix
track,388,whoopty-freestyle,nyashinski/whoopty-freestyle
track,3880,sijaskia-vibaya,fena-gitu/sijaskia-vibaya
track,3881,empress,fena-gitu/empress
track,3882,trouble,fena-gitu/trouble
track,3883,nairobology,fena-gitu/nairobology
track,3884,found-your-love,fena-gitu/found-your-love
track,3885,black-african-proud,fena-gitu/black-african-proud
track,3886,feels-good,fena-gitu/feels-good
track,3887,get-loose,fena-gitu/get-loose
track,3888,fenamenal-woman,fena-gitu/fenamenal-woman
track,3889,dutch,fena-gitu/dutch
track,389,hao,khaligraph-jones/hao
track,3890,interlude,fena-gitu/interlude
track,3891,all-i-think-about-you,fena-gitu/all-i-think-about-you
track,3892,jabulani,fena-gitu/jabulani
track,3893,africa-massive,fena-gitu/africa-massive
track,3894,my-city,fena-gitu/my-city
track,3895,brikicho,fena-gitu/brikicho
track,3896,streets-of-love,fena-gitu/streets-of-love
track,3897,that-sound,fena-gitu/that-sound
track,3898,down-bonus-track,fena-gitu/down-bonus-track
track,3899,vibration-higher,fena-gitu/vibration-higher
track,39,feel-you,karun/feel-you
track,390,instagram-girls,khaligraph-jones/instagram-girls
track,3900,repeat,fena-gitu/repeat
track,3901,risk-it-all,fena-gitu/risk-it-all
track,3902,amazing-grace,fena-gitu/amazing-grace
track,3903,jehova-ngai-niwe-muriithi-wakwa,fena-gitu/jehova-ngai-niwe-muriithi-wakwa
track,3904,nii-ningwenda-ngai-umenyage,fena-gitu/nii-ningwenda-ngai-umenyage
track,3905,o-holy-night,fena-gitu/o-holy-night
track,3906,silent-night,fena-gitu/silent-night
track,3907,ngoma,fena-gitu/ngoma
track,3908,pussy-power,fena-gitu/pussy-power
track,3909,17b-intro,femi-one/17b-intro
track,391,juu-ya-ngori,khaligraph-jones/juu-ya-ngori
track,3910,kulia-kushoto,femi-one/kulia-kushoto
track,3911,queens-speech,femi-one/queens-speech
track,3912,heshma,femi-one/heshma
track,3913,suspect,femi-one/suspect
track,3914,do-pia,femi-one/do-pia
track,3915,rahisi,femi-one/rahisi
track,3916,excuse-my-french,femi-one/excuse-my-french
track,3917,staki-1,femi-one/staki-1
track,3918,adonai,femi-one/adonai
track,3919,mgongo,femi-one/mgongo
track,392,khali-cartel-3,khaligraph-jones/khali-cartel-3
track,3920,greatness,femi-one/greatness
track,3921,feelanga-free,femi-one/feelanga-free
track,3922,balance,femi-one/balance
track,3923,sina-haja,femi-one/sina-haja
track,3924,duru,femi-one/duru
track,3925,100-bob,femi-one/100-bob
track,3926,selekta,femi-one/selekta
track,3927,vako,femi-one/vako
track,3928,jiongeleshe,femi-one/jiongeleshe
track,3929,wapewe,femi-one/wapewe
track,393,leave-me-alone,khaligraph-jones/leave-me-alone
track,3930,kuzina-nawe,femi-one/kuzina-nawe
track,3931,diva,femi-one/diva
track,3932,hiyo-one,femi-one/hiyo-one
track,3933,ovyo,femi-one/ovyo
track,3934,mkali-wao,femi-one/mkali-wao
track,3935,baddest,femi-one/baddest
track,3936,moto,femi-one/moto
track,3937,entertainer,femi-one/entertainer
track,3938,spoken,katapilla/spoken
track,3939,word-play,katapilla/word-play
track,394,mazishi,khaligraph-jones/mazishi
track,3940,motivation,katapilla/motivation
track,3941,dreams,katapilla/dreams
track,3942,she-knows,katapilla/she-knows
track,3943,wealthy,katapilla/wealthy
track,3944,waiting,katapilla/waiting
track,3945,mos-mos,katapilla/mos-mos
track,3946,culture,katapilla/culture
track,3947,i-need-my-money-long,katapilla/i-need-my-money-long
track,3948,another-one,katapilla/another-one
track,3949,sawa,katapilla/sawa
track,395,mbona,khaligraph-jones/mbona
track,3950,stima,katapilla/stima
track,3951,dont-panic,katapilla/dont-panic
track,3952,happy,katapilla/happy
track,3953,hot,katapilla/hot
track,3954,hope-ill-never-be-forgotten,katapilla/hope-ill-never-be-forgotten
track,3955,go-harder,katapilla/go-harder
track,3956,wacha-ika,katapilla/wacha-ika
track,3957,chini-ya-waba-kalman,katapilla/chini-ya-waba-kalman
track,3958,wagwan,katapilla/wagwan
track,3959,jangili-kamili,katapilla/jangili-kamili
track,396,me-siogopi-feat-lamaz-span-k-o-b,khaligraph-jones/me-siogopi-feat-lamaz-span-k-o-b
track,3960,chachisha,katapilla/chachisha
track,3961,ufala-hatutaki,katapilla/ufala-hatutaki
track,3962,mabega,katapilla/mabega
track,3963,brick,katapilla/brick
track,3964,hit-it-again,katapilla/hit-it-again
track,3965,12345-8,katapilla/12345-8
track,3966,sumbua,katapilla/sumbua
track,3967,taxpayer-anablee,katapilla/taxpayer-anablee
track,3968,amanda,v-be/amanda
track,3969,if-you-dont-know,v-be/if-you-dont-know
track,397,nataka-iyo-doh,khaligraph-jones/nataka-iyo-doh
track,3970,imba-imba,v-be/imba-imba
track,3971,huyu-akisema,v-be/huyu-akisema
track,3972,liwe-liwalo-remix,v-be/liwe-liwalo-remix
track,3973,look-where-we-are,v-be/look-where-we-are
track,3974,ololufe-sheki-mama,v-be/ololufe-sheki-mama
track,3975,pedeje,v-be/pedeje
track,3976,nakupenda-1,v-be/nakupenda-1
track,3977,watangoja-sana,v-be/watangoja-sana
track,3978,hide-from-you,v-be/hide-from-you
track,3979,if-wishes-were-horses,v-be/if-wishes-were-horses
track,398,omollo,khaligraph-jones/omollo
track,3980,butterflies,v-be/butterflies
track,3981,nowe,v-be/nowe
track,3982,african-empress,v-be/african-empress
track,3983,if-wishes-were-horses-raw-version,v-be/if-wishes-were-horses-raw-version
track,3984,ipo-siku-acoustic-version,v-be/ipo-siku-acoustic-version
track,3985,kudara-ngombe-raw-version,v-be/kudara-ngombe-raw-version
track,3986,liwe-liwalo-acoustic-version,v-be/liwe-liwalo-acoustic-version
track,3987,romantic-call-raw-version,v-be/romantic-call-raw-version
track,3988,sasa-hivi-acoustic-version,v-be/sasa-hivi-acoustic-version
track,3989,sasa-hivi-re-up-acoustic-version,v-be/sasa-hivi-re-up-acoustic-version
track,399,punguza-kesheshe,khaligraph-jones/punguza-kesheshe
track,3990,newcomer,v-be/newcomer
track,3991,naimanya,v-be/naimanya
track,3992,take-a-snap,v-be/take-a-snap
track,3993,nakupenda-acoustic,v-be/nakupenda-acoustic
track,3994,jingle-bells,v-be/jingle-bells
track,3995,sasa-hivi-acoustic,v-be/sasa-hivi-acoustic
track,3996,feliz-navidad,v-be/feliz-navidad
track,3997,mary-did-you-know,v-be/mary-did-you-know
track,3998,jeshi-ya-katululu-1,sewersydaa/jeshi-ya-katululu-1
track,3999,arif-mangaa-1,sewersydaa/arif-mangaa-1
track,4,clapp,hood-boyz/clapp
track,40,mia-mor,octopizzo/mia-mor
track,400,superman,khaligraph-jones/superman
track,4000,4-na-kambao,sewersydaa/4-na-kambao
track,4001,glock,sewersydaa/glock
track,4002,wi-fi-1,sewersydaa/wi-fi-1
track,4003,napenda-kenya-1,sewersydaa/napenda-kenya-1
track,4004,wacha-kujifanya,sewersydaa/wacha-kujifanya
track,4005,rockstar,genes1s/rockstar
track,4006,controlla-1,genes1s/controlla-1
track,4007,karibia-1,genes1s/karibia-1
track,4008,nakumiss-missing-you-1,genes1s/nakumiss-missing-you-1
track,4009,a-little,genes1s/a-little
track,401,tuma-kitu,khaligraph-jones/tuma-kitu
track,4010,chizi,genes1s/chizi
track,4011,fine-by-me-1,genes1s/fine-by-me-1
track,4012,ikitoka-1,genes1s/ikitoka-1
track,4013,ukileta-1,genes1s/ukileta-1
track,4014,closer-to-you,genes1s/closer-to-you
track,4015,believe-in-me,genes1s/believe-in-me
track,4016,niko-bizz,genes1s/niko-bizz
track,4017,itabidi-umeiza,genes1s/itabidi-umeiza
track,4018,panda,genes1s/panda
track,4019,tingisha,genes1s/tingisha
track,402,yes-bana-feat-bien,khaligraph-jones/yes-bana-feat-bien
track,4020,badgyal,genes1s/badgyal
track,4021,land-it,genes1s/land-it
track,4022,wasiwasi,genes1s/wasiwasi
track,4023,kawasaki,genes1s/kawasaki
track,4024,monalisa,genes1s/monalisa
track,4025,feeling-nice,genes1s/feeling-nice
track,4026,lonely,genes1s/lonely
track,4027,party,genes1s/party
track,4028,raha,genes1s/raha
track,4029,nights-like-these,genes1s/nights-like-these
track,403,inauma,bien/inauma
track,4030,wild,genes1s/wild
track,4031,tupo-site-1,genes1s/tupo-site-1
track,4032,sitaki,genes1s/sitaki
track,4033,shaking,genes1s/shaking
track,4034,golden,genes1s/golden
track,4035,drop-it-low,genes1s/drop-it-low
track,4036,anything-for-love,genes1s/anything-for-love
track,4037,with-me,genes1s/with-me
track,4038,lies,genes1s/lies
track,4039,lessons,genes1s/lessons
track,404,katam,bien/katam
track,4040,one-day,genes1s/one-day
track,4041,juu,genes1s/juu
track,4042,kuna-fom,genes1s/kuna-fom
track,4043,acha,genes1s/acha
track,4044,sijashiba,genes1s/sijashiba
track,4045,vibe,genes1s/vibe
track,4046,nataka,genes1s/nataka
track,4047,hold-me,genes1s/hold-me
track,4048,feel,genes1s/feel
track,4049,high-and-low,genes1s/high-and-low
track,405,lifestyle,bien/lifestyle
track,4050,priceless,genes1s/priceless
track,4051,introspective-thoughts,genes1s/introspective-thoughts
track,4052,great,genes1s/great
track,4053,wishlist-bonus,genes1s/wishlist-bonus
track,4054,nimeweza-bonus,genes1s/nimeweza-bonus
track,4055,safari-acoustic,mordecai-dex/safari-acoustic
track,4056,all-around-acoustic,mordecai-dex/all-around-acoustic
track,4057,human-nature-acoustic,mordecai-dex/human-nature-acoustic
track,4058,said-and-done-acoustic,mordecai-dex/said-and-done-acoustic
track,4059,ring-di-alarm-acoustic,mordecai-dex/ring-di-alarm-acoustic
track,406,mbwe-mbwe,bien/mbwe-mbwe
track,4060,as-far-as-i-can-see-acoustic,mordecai-dex/as-far-as-i-can-see-acoustic
track,4061,leo-ni-leo-acoustic,mordecai-dex/leo-ni-leo-acoustic
track,4062,lay-down-your-weapon-acoustic,mordecai-dex/lay-down-your-weapon-acoustic
track,4063,mema-1,mordecai-dex/mema-1
track,4064,ring-di-alarm,mordecai-dex/ring-di-alarm
track,4065,as-far-as-i-can-see,mordecai-dex/as-far-as-i-can-see
track,4066,wajakoya,jua-cali/wajakoya
track,4067,mambo-shwari,jua-cali/mambo-shwari
track,4068,cheza-ki-wewe-1,jua-cali/cheza-ki-wewe-1
track,4069,habibi,jua-cali/habibi
track,407,bachelor-degree,wakadinali/bachelor-degree
track,4070,nipe-mkono,jua-cali/nipe-mkono
track,4071,hio-feeling,jua-cali/hio-feeling
track,4072,paradise,jua-cali/paradise
track,4073,nachoma,jua-cali/nachoma
track,4074,vunja-kiuno,jua-cali/vunja-kiuno
track,4075,tarantela,jua-cali/tarantela
track,4076,malkia,jua-cali/malkia
track,4077,mdogo-mdogo,jua-cali/mdogo-mdogo
track,4078,amka,jua-cali/amka
track,4079,vile-iko,jua-cali/vile-iko
track,408,balalu,wakadinali/balalu
track,4080,sumbua,jua-cali/sumbua
track,4081,nachoma-extended,jua-cali/nachoma-extended
track,4082,intro,jua-cali/intro
track,4083,mtu-saba-1,jua-cali/mtu-saba-1
track,4084,kamata-dame-1,jua-cali/kamata-dame-1
track,4085,nipe-asali,jua-cali/nipe-asali
track,4086,viletafanya,jua-cali/viletafanya
track,4087,wanakimbia,jua-cali/wanakimbia
track,4088,nikipotea-tena,jua-cali/nikipotea-tena
track,4089,safsana,jua-cali/safsana
track,409,geri-inengi,wakadinali/geri-inengi
track,4090,vile-naskia,jua-cali/vile-naskia
track,4091,interlude,jua-cali/interlude
track,4092,bongo-la-biashara-pt-2,jua-cali/bongo-la-biashara-pt-2
track,4093,fiti-hivi,jua-cali/fiti-hivi
track,4094,mwoto-sana,jua-cali/mwoto-sana
track,4095,rrrrrrrrr,jua-cali/rrrrrrrrr
track,4096,interlude-maswali,jua-cali/interlude-maswali
track,4097,maswali-kibao,jua-cali/maswali-kibao
track,4098,anaheri,jua-cali/anaheri
track,4099,wale-mangaa-1,jua-cali/wale-mangaa-1
track,41,hatupost-ku-floss-remix,nebulazz/hatupost-ku-floss-remix
track,410,graduation,wakadinali/graduation
track,4100,najitoa,jua-cali/najitoa
track,4101,mdogolo,breeder-lw/mdogolo
track,4102,rada-g,breeder-lw/rada-g
track,4103,kwa-mirror,breeder-lw/kwa-mirror
track,4104,vulai,breeder-lw/vulai
track,4105,company,breeder-lw/company
track,4106,nisha-land,breeder-lw/nisha-land
track,4107,maziwa,breeder-lw/maziwa
track,4108,zero-shapre,breeder-lw/zero-shapre
track,4109,full-tank,breeder-lw/full-tank
track,411,legit-wakuu,wakadinali/legit-wakuu
track,4110,demons,breeder-lw/demons
track,4111,midas-touch,breeder-lw/midas-touch
track,4112,king-midas-interlude,breeder-lw/king-midas-interlude
track,4113,rising,breeder-lw/rising
track,4114,niko-blessed,breeder-lw/niko-blessed
track,4115,big-baba,breeder-lw/big-baba
track,4116,pesa,breeder-lw/pesa
track,4117,stilleto,breeder-lw/stilleto
track,4118,wambo,breeder-lw/wambo
track,4119,abiro,breeder-lw/abiro
track,412,mc-mca,wakadinali/mc-mca
track,4120,once-again,breeder-lw/once-again
track,4121,apewe,breeder-lw/apewe
track,4122,you,breeder-lw/you
track,4123,ama,breeder-lw/ama
track,4124,mungu-ni-nani,breeder-lw/mungu-ni-nani
track,4125,we-acha,breeder-lw/we-acha
track,4126,violence,breeder-lw/violence
track,4127,shifre,breeder-lw/shifre
track,4128,floss,breeder-lw/floss
track,4129,korogana,breeder-lw/korogana
track,413,morio-anzenza,wakadinali/morio-anzenza
track,4130,nakulola,breeder-lw/nakulola
track,4131,tulifanya-nini-jana,breeder-lw/tulifanya-nini-jana
track,4132,ndani-ya-benzo,breeder-lw/ndani-ya-benzo
track,4133,janta-ya-gwalla,breeder-lw/janta-ya-gwalla
track,4134,bado-tunasonga-intro,breeder-lw/bado-tunasonga-intro
track,4135,boss-ofkos,breeder-lw/boss-ofkos
track,4136,hakuna-chorus,breeder-lw/hakuna-chorus
track,4137,makanga-1,breeder-lw/makanga-1
track,4138,down-4-real,breeder-lw/down-4-real
track,4139,real-ones-1,breeder-lw/real-ones-1
track,414,mrenga,wakadinali/mrenga
track,4140,hey-miss,breeder-lw/hey-miss
track,4141,drop-zone,breeder-lw/drop-zone
track,4142,bei-imepanda-1,breeder-lw/bei-imepanda-1
track,4143,up-deh,breeder-lw/up-deh
track,4144,anza-kudance,breeder-lw/anza-kudance
track,4145,nipe-love,breeder-lw/nipe-love
track,4146,si-ni-tk,breeder-lw/si-ni-tk
track,4147,one-only,breeder-lw/one-only
track,4148,last-hope,breeder-lw/last-hope
track,4149,tuko-mbioni,breeder-lw/tuko-mbioni
track,415,ni-hivi-ama-ni-hivi,wakadinali/ni-hivi-ama-ni-hivi
track,4150,si-tafadhali,breeder-lw/si-tafadhali
track,4151,ukishindwa-kuwinda-subiri-mzoga,breeder-lw/ukishindwa-kuwinda-subiri-mzoga
track,4152,mzoga,breeder-lw/mzoga
track,4153,inshllah-inshallah,breeder-lw/inshllah-inshallah
track,4154,twende-sana,breeder-lw/twende-sana
track,4155,para-ni,breeder-lw/para-ni
track,4156,dance-na-doido,breeder-lw/dance-na-doido
track,4157,haraka-upesi,breeder-lw/haraka-upesi
track,4158,intro,kitu-sewer/intro
track,4159,designated-driver,kitu-sewer/designated-driver
track,416,nipeleke-na-rada,wakadinali/nipeleke-na-rada
track,4160,boss-utii,kitu-sewer/boss-utii
track,4161,kitu-sure,kitu-sewer/kitu-sure
track,4162,staai-omoka,kitu-sewer/staai-omoka
track,4163,interlude,kitu-sewer/interlude
track,4164,kaunenge,kitu-sewer/kaunenge
track,4165,kangura,kitu-sewer/kangura
track,4166,skit,kitu-sewer/skit
track,4167,same-again,kitu-sewer/same-again
track,4168,outro,kitu-sewer/outro
track,4169,enenda,kaa-la-moto/enenda
track,417,rong-cypher,wakadinali/rong-cypher
track,4170,addiction,kaa-la-moto/addiction
track,4171,hoi,kaa-la-moto/hoi
track,4172,nitafanyaje,kaa-la-moto/nitafanyaje
track,4173,yumba,kaa-la-moto/yumba
track,4174,dont-know,kaa-la-moto/dont-know
track,4175,chafu,kaa-la-moto/chafu
track,4176,prime-time-1,kaa-la-moto/prime-time-1
track,4177,darasa,kaa-la-moto/darasa
track,4178,shadi,kaa-la-moto/shadi
track,4179,mtaa-manifesto,kaa-la-moto/mtaa-manifesto
track,418,rymgym-cypher,wakadinali/rymgym-cypher
track,4180,tena,kaa-la-moto/tena
track,4181,kijana-mwafrika,kaa-la-moto/kijana-mwafrika
track,4182,salama,kaa-la-moto/salama
track,4183,nataka-kusema,kaa-la-moto/nataka-kusema
track,4184,intro,kaa-la-moto/intro
track,4185,nipe-mji,kaa-la-moto/nipe-mji
track,4186,loyo,kaa-la-moto/loyo
track,4187,too-late,kaa-la-moto/too-late
track,4188,sitaki-tena,kaa-la-moto/sitaki-tena
track,4189,chamboo,kaa-la-moto/chamboo
track,419,shosh-gwangi,wakadinali/shosh-gwangi
track,4190,mapenzi,kaa-la-moto/mapenzi
track,4191,ushachelewa,kaa-la-moto/ushachelewa
track,4192,disko-vumbi,kaa-la-moto/disko-vumbi
track,4193,siskii-sauti,kaa-la-moto/siskii-sauti
track,4194,nyara-nyara,kaa-la-moto/nyara-nyara
track,4195,karibu-mwanangu,kaa-la-moto/karibu-mwanangu
track,4196,hands-up,kaa-la-moto/hands-up
track,4197,mtoto-wa-mama-saumu,kaa-la-moto/mtoto-wa-mama-saumu
track,4198,kijiweni,kaa-la-moto/kijiweni
track,4199,kesi-interlude,kaa-la-moto/kesi-interlude
track,42,kuja-udoe,ssaru/kuja-udoe
track,420,sikutambui,wakadinali/sikutambui
track,4200,kenda-1,kaa-la-moto/kenda-1
track,4201,malenga,kaa-la-moto/malenga
track,4202,kesi,kaa-la-moto/kesi
track,4203,kidogo,kaa-la-moto/kidogo
track,4204,freestyle-interlude,kaa-la-moto/freestyle-interlude
track,4205,mungu-saidia,kaa-la-moto/mungu-saidia
track,4206,old-vs-new,kaa-la-moto/old-vs-new
track,4207,kumbukumbu-1,kaa-la-moto/kumbukumbu-1
track,4208,sawa,kaa-la-moto/sawa
track,4209,maniggaz-hip-hop,kaa-la-moto/maniggaz-hip-hop
track,421,top-scorer,wakadinali/top-scorer
track,4210,october-16th,maya-amolo/october-16th
track,4211,sweetest-time-2,maya-amolo/sweetest-time-2
track,4212,i-like-it-2,maya-amolo/i-like-it-2
track,4213,truth-be-told,maya-amolo/truth-be-told
track,4214,miss-me,maya-amolo/miss-me
track,4215,flawless,maya-amolo/flawless
track,4216,hocus-pocus,maya-amolo/hocus-pocus
track,4217,last-time,maya-amolo/last-time
track,4218,about-time-voice-memo-16,maya-amolo/about-time-voice-memo-16
track,4219,asali,maya-amolo/asali
track,422,uhh-uhh,matata/uhh-uhh
track,4220,amazing-1,maya-amolo/amazing-1
track,4221,drama-kwa-base,maya-amolo/drama-kwa-base
track,4222,hse-no-6-freestyle,maya-amolo/hse-no-6-freestyle
track,4223,foundry-1,maya-amolo/foundry-1
track,4224,like-that,maya-amolo/like-that
track,4225,fuego,maya-amolo/fuego
track,4226,all-night-9-5,maya-amolo/all-night-9-5
track,4227,movin-2-me,maya-amolo/movin-2-me
track,4228,where-ya-been,maya-amolo/where-ya-been
track,4229,cotton-candy,maya-amolo/cotton-candy
track,423,umoroto,wakadinali/umoroto
track,4230,wildin,maya-amolo/wildin
track,4231,kila-tukionana,maya-amolo/kila-tukionana
track,4232,love-letters,maya-amolo/love-letters
track,4233,fuego-hotter-remix,maya-amolo/fuego-hotter-remix
track,4234,champagne-bubbles,maya-amolo/champagne-bubbles
track,4235,puddles,maya-amolo/puddles
track,4236,i-know,maya-amolo/i-know
track,4237,grwth,maya-amolo/grwth
track,4238,lush-green,maya-amolo/lush-green
track,4239,crashing,maya-amolo/crashing
track,424,vunja-magoti,wakadinali/vunja-magoti
track,4240,place-and-time,maya-amolo/place-and-time
track,4241,jokes,maya-amolo/jokes
track,4242,take-it-soundlykbb-remix,maya-amolo/take-it-soundlykbb-remix
track,4243,take-it-sgawd-remix,maya-amolo/take-it-sgawd-remix
track,4244,the-moment,maya-amolo/the-moment
track,4245,let-it-flow,maya-amolo/let-it-flow
track,4246,take-it,maya-amolo/take-it
track,4247,taste,maya-amolo/taste
track,4248,what-a-feeling,maya-amolo/what-a-feeling
track,4249,sober,xenia-manasseh/sober
track,425,zoza,buruklyn-boyz/zoza
track,4250,asali,xenia-manasseh/asali
track,4251,dare-you,xenia-manasseh/dare-you
track,4252,longer,xenia-manasseh/longer
track,4253,hush,xenia-manasseh/hush
track,4254,chxmistry-1,xenia-manasseh/chxmistry-1
track,4255,fire,xenia-manasseh/fire
track,4256,bad-side,xenia-manasseh/bad-side
track,4257,fight-for-you,xenia-manasseh/fight-for-you
track,4258,act-a-fool,xenia-manasseh/act-a-fool
track,4259,still-lose-1,xenia-manasseh/still-lose-1
track,426,better-days,kodongklan/better-days
track,4260,g-is-intro,xenia-manasseh/g-is-intro
track,4261,soul-lovers,xenia-manasseh/soul-lovers
track,4262,late-night-check-up,xenia-manasseh/late-night-check-up
track,4263,southwards,xenia-manasseh/southwards
track,4264,anticipate-1,xenia-manasseh/anticipate-1
track,4265,temporary-love,xenia-manasseh/temporary-love
track,4266,cheza-chini,xenia-manasseh/cheza-chini
track,4267,lowkey,xenia-manasseh/lowkey
track,4268,niambie,xenia-manasseh/niambie
track,4269,precious,xenia-manasseh/precious
track,427,ma-fans,kodongklan/ma-fans
track,4270,love-hate,xenia-manasseh/love-hate
track,4271,options,xenia-manasseh/options
track,4272,east2hwood,xenia-manasseh/east2hwood
track,4273,bittersweet,xenia-manasseh/bittersweet
track,4274,back2me,xenia-manasseh/back2me
track,4275,rudia,xenia-manasseh/rudia
track,4276,paradise,xenia-manasseh/paradise
track,4277,blessings-feat-xenia-manasseh,xenia-manasseh/blessings-feat-xenia-manasseh
track,4278,left-of-me,xenia-manasseh/left-of-me
track,4279,i-lay-feat-xenia-manasseh,xenia-manasseh/i-lay-feat-xenia-manasseh
track,428,nyaduse,kodongklan/nyaduse
track,4280,etoile,xenia-manasseh/etoile
track,4281,maybe,xenia-manasseh/maybe
track,4282,love-me-or-leave-me,xenia-manasseh/love-me-or-leave-me
track,4283,lost,xenia-manasseh/lost
track,4284,circadian-riddim,xenia-manasseh/circadian-riddim
track,4285,see-me,xenia-manasseh/see-me
track,4286,found-me,xenia-manasseh/found-me
track,4287,fading-interlude,xenia-manasseh/fading-interlude
track,4288,dont-go,xenia-manasseh/dont-go
track,4289,fallin-apart,xenia-manasseh/fallin-apart
track,429,okra-water-feat-ywaya-tajiri,kodongklan/okra-water-feat-ywaya-tajiri
track,4290,when-its-over,xenia-manasseh/when-its-over
track,4291,case,masauti/case
track,4292,god-did,masauti/god-did
track,4293,caro,masauti/caro
track,4294,maupendo,masauti/maupendo
track,4295,woman,masauti/woman
track,4296,sessy,masauti/sessy
track,4297,comeback,masauti/comeback
track,4298,feeling,masauti/feeling
track,4299,nurulain,masauti/nurulain
track,43,the-one,fancy-fingers/the-one
track,430,hold-my-hand,bridget-blue/hold-my-hand
track,4300,sare,masauti/sare
track,4301,mayonli-lova,masauti/mayonli-lova
track,4302,gaga,masauti/gaga
track,4303,roll-it-up,masauti/roll-it-up
track,4304,nairobianlover,masauti/nairobianlover
track,4305,sawa,masauti/sawa
track,4306,mahabuba,masauti/mahabuba
track,4307,usikate-tamaa,masauti/usikate-tamaa
track,4308,niwe-nawe,masauti/niwe-nawe
track,4309,usinifatilie,masauti/usinifatilie
track,431,kesho,bridget-blue/kesho
track,4310,shauri-moyo,masauti/shauri-moyo
track,4311,liar,masauti/liar
track,4312,foyu,masauti/foyu
track,4313,burudani,masauti/burudani
track,4314,deka,masauti/deka
track,4315,a-to-z,exray-taniua/a-to-z
track,4316,glow,exray-taniua/glow
track,4317,alright,exray-taniua/alright
track,4318,telenovela,exray-taniua/telenovela
track,4319,general,exray-taniua/general
track,432,mapenzi-1,bridget-blue/mapenzi-1
track,4320,ok,exray-taniua/ok
track,4321,ko,exray-taniua/ko
track,4322,mtaratara,exray-taniua/mtaratara
track,4323,doshi-ngumu,exray-taniua/doshi-ngumu
track,4324,partner,exray-taniua/partner
track,4325,ta-gui,exray-taniua/ta-gui
track,4326,yelele,exray-taniua/yelele
track,4327,irie,exray-taniua/irie
track,4328,la-casa,exray-taniua/la-casa
track,4329,drugs,exray-taniua/drugs
track,433,mbuzi-1,bridget-blue/mbuzi-1
track,4330,many-many,exray-taniua/many-many
track,4331,1-2,exray-taniua/1-2
track,4332,watashtukah,exray-taniua/watashtukah
track,4333,hide-seek,exray-taniua/hide-seek
track,4334,bononos,exray-taniua/bononos
track,4335,monika-acapella,exray-taniua/monika-acapella
track,4336,monika-dubb,exray-taniua/monika-dubb
track,4337,mapedi,exray-taniua/mapedi
track,4338,tuvybe,exray-taniua/tuvybe
track,4339,cinderella,exray-taniua/cinderella
track,434,nairobi-streets,bridget-blue/nairobi-streets
track,4340,kifeeling,exray-taniua/kifeeling
track,4341,mgenge,exray-taniua/mgenge
track,4342,ngeus-wa-sherehe,exray-taniua/ngeus-wa-sherehe
track,4343,na-sijanona-acapella,exray-taniua/na-sijanona-acapella
track,4344,na-sijanona-instrumental,exray-taniua/na-sijanona-instrumental
track,4345,likizo,dj-mura/likizo
track,4346,tucheze-1,dj-mura/tucheze-1
track,4347,nawe-1,dj-mura/nawe-1
track,4348,rejea,dj-mura/rejea
track,4349,rejea-instrumental,dj-mura/rejea-instrumental
track,435,ningelijua-1,j-blessing/ningelijua-1
track,4350,running-1,dj-mura/running-1
track,4351,tough-love-outro,dj-mura/tough-love-outro
track,4352,mvua,dj-mura/mvua
track,4353,tena,dj-mura/tena
track,4354,nyumbani,dj-mura/nyumbani
track,4355,attachment,dj-mura/attachment
track,4356,to-you,dj-mura/to-you
track,4357,hutia,dj-mura/hutia
track,4358,no-more,dj-mura/no-more
track,4359,waridi,dj-mura/waridi
track,436,now-and-always-remix,kotrell/now-and-always-remix
track,4360,katika,dj-mura/katika
track,4361,tycoon-1,dj-mura/tycoon-1
track,4362,loving,dj-mura/loving
track,4363,nimechoka,dj-mura/nimechoka
track,4364,goodtimes-riddim,dj-mura/goodtimes-riddim
track,4365,nikikuona,dj-mura/nikikuona
track,4366,nipe,dj-mura/nipe
track,4367,let-go,dj-mura/let-go
track,4368,hutia-kreative-nativez-amapiano-remix,dj-mura/hutia-kreative-nativez-amapiano-remix
track,4369,hutia-moira-sineti-amapiano-remix,dj-mura/hutia-moira-sineti-amapiano-remix
track,437,fall,njoki-karu/fall
track,4370,hutia-l3gs-soft-remix,dj-mura/hutia-l3gs-soft-remix
track,4371,hutia-kreative-nativez-afrotech-remix,dj-mura/hutia-kreative-nativez-afrotech-remix
track,4372,ghetto-girl,dyana-cods/ghetto-girl
track,4373,18-and-over,dyana-cods/18-and-over
track,4374,my-type,dyana-cods/my-type
track,4375,pass-by,dyana-cods/pass-by
track,4376,hold-me,dyana-cods/hold-me
track,4377,only-one-ft-mejja,dyana-cods/only-one-ft-mejja
track,4378,tricky-ft-fathermoh,dyana-cods/tricky-ft-fathermoh
track,4379,calipso-ft-scar,dyana-cods/calipso-ft-scar
track,438,holes,njoki-karu/holes
track,4380,right-now-ft-breeder-lw,dyana-cods/right-now-ft-breeder-lw
track,4381,gone-bad-ft-shekina-karen,dyana-cods/gone-bad-ft-shekina-karen
track,4382,police-man-ft-silverstone-barz,dyana-cods/police-man-ft-silverstone-barz
track,4383,zime-nice-ft-naiboi,dyana-cods/zime-nice-ft-naiboi
track,4384,bad-manners,dyana-cods/bad-manners
track,4385,mbogi-monyoski,dyana-cods/mbogi-monyoski
track,4386,now-you-know,dyana-cods/now-you-know
track,4387,daycare,dyana-cods/daycare
track,4388,kanairo,dyana-cods/kanairo
track,4389,underwaters,dyana-cods/underwaters
track,439,hope,njoki-karu/hope
track,4390,vile-inafaa,dyana-cods/vile-inafaa
track,4391,real-dagger,dyana-cods/real-dagger
track,4392,imeweza,dyana-cods/imeweza
track,4393,kalongolongo,dyana-cods/kalongolongo
track,4394,rue-baby,dyana-cods/rue-baby
track,4395,robber-ranks,dyana-cods/robber-ranks
track,4396,riswa-4-1,dyana-cods/riswa-4-1
track,4397,rest-in-peace,dyana-cods/rest-in-peace
track,4398,river-lake-nilote,dyana-cods/river-lake-nilote
track,4399,thank-you,dyana-cods/thank-you
track,44,ongora-dance,euggy/ongora-dance
track,440,mawio,njoki-karu/mawio
track,4400,dar,dyana-cods/dar
track,4401,fanya-mambo,dyana-cods/fanya-mambo
track,4402,kwekwe,dyana-cods/kwekwe
track,4403,drop-it-down,dyana-cods/drop-it-down
track,4404,sitachoka,dyana-cods/sitachoka
track,4405,cheche,dyana-cods/cheche
track,4406,body-reset,dyana-cods/body-reset
track,4407,hadithi,dyana-cods/hadithi
track,4408,all-the-things,dyana-cods/all-the-things
track,4409,raha-za-dunia,dyana-cods/raha-za-dunia
track,441,mwihoko,njoki-karu/mwihoko
track,4410,chege,dyana-cods/chege
track,4411,lingala,dyana-cods/lingala
track,4412,long-story,toxic-lyrikali/long-story
track,4413,euphoria,toxic-lyrikali/euphoria
track,4414,step-sana,toxic-lyrikali/step-sana
track,4415,glitter-freestyle-1,toxic-lyrikali/glitter-freestyle-1
track,4416,repercussions,elsy-wameyo/repercussions
track,4417,quagmire,elsy-wameyo/quagmire
track,4418,sinner,elsy-wameyo/sinner
track,4419,ler,elsy-wameyo/ler
track,442,nita,njoki-karu/nita
track,4420,selah,elsy-wameyo/selah
track,4421,slowly-slipping,elsy-wameyo/slowly-slipping
track,4422,wonder-horns,elsy-wameyo/wonder-horns
track,4423,piny-lara,elsy-wameyo/piny-lara
track,4424,conquer-1,elsy-wameyo/conquer-1
track,4425,journey,elsy-wameyo/journey
track,4426,saint,elsy-wameyo/saint
track,4427,thank-you,elsy-wameyo/thank-you
track,4428,on-me-1,elsy-wameyo/on-me-1
track,4429,crash-out-1,elsy-wameyo/crash-out-1
track,443,secret-love,njoki-karu/secret-love
track,4430,northside-kid-1,elsy-wameyo/northside-kid-1
track,4431,meant-to-be-1,elsy-wameyo/meant-to-be-1
track,4432,jungle,elsy-wameyo/jungle
track,4433,promise,elsy-wameyo/promise
track,4434,sulwe,elsy-wameyo/sulwe
track,4435,the-call,elsy-wameyo/the-call
track,4436,nilotic,elsy-wameyo/nilotic
track,4437,hunger,elsy-wameyo/hunger
track,4438,opening-title-track,eric-wainaina/opening-title-track
track,4439,blaze-trailer,eric-wainaina/blaze-trailer
track,444,sometimes,njoki-karu/sometimes
track,4440,language,eric-wainaina/language
track,4441,migration-1,eric-wainaina/migration-1
track,4442,migration-2,eric-wainaina/migration-2
track,4443,migration-3,eric-wainaina/migration-3
track,4444,cousins,eric-wainaina/cousins
track,4445,the-runaway-theme,eric-wainaina/the-runaway-theme
track,4446,intruder,eric-wainaina/intruder
track,4447,im-not-ready,eric-wainaina/im-not-ready
track,4448,lusala-and-bakhita,eric-wainaina/lusala-and-bakhita
track,4449,toy-aeroplane,eric-wainaina/toy-aeroplane
track,445,stay,njoki-karu/stay
track,4450,he-did-what,eric-wainaina/he-did-what
track,4451,the-runaway-theme-reprise,eric-wainaina/the-runaway-theme-reprise
track,4452,kuja-nami-come-with-me,eric-wainaina/kuja-nami-come-with-me
track,4453,home,eric-wainaina/home
track,4454,catch-you-lat3r-instrumental,eric-wainaina/catch-you-lat3r-instrumental
track,4455,okay,eric-wainaina/okay
track,4456,hold-me-down,eric-wainaina/hold-me-down
track,4457,hallelujah-people,eric-wainaina/hallelujah-people
track,4458,dont-bury-me-feat-john-nzenze-blinky-bill-kendi-nkonge,eric-wainaina/dont-bury-me-feat-john-nzenze-blinky-bill-kendi-nkonge
track,4459,fly-away-together,eric-wainaina/fly-away-together
track,446,abebo-feat-prince-indah,bahati/abebo-feat-prince-indah
track,4460,now-thats-a-fire,eric-wainaina/now-thats-a-fire
track,4461,want-you-want-you-feat-redrama,eric-wainaina/want-you-want-you-feat-redrama
track,4462,found-me-a-lover,eric-wainaina/found-me-a-lover
track,4463,talk-about-you,eric-wainaina/talk-about-you
track,4464,long-time-coming,eric-wainaina/long-time-coming
track,4465,impossible,eric-wainaina/impossible
track,4466,brand-new-day,eric-wainaina/brand-new-day
track,4467,revolution-time,eric-wainaina/revolution-time
track,4468,sing-mercy,eric-wainaina/sing-mercy
track,4469,other-peoples-lives,eric-wainaina/other-peoples-lives
track,447,adhiambo,bahati/adhiambo
track,4470,the-road-feat-baaba-maal,eric-wainaina/the-road-feat-baaba-maal
track,4471,orutu-special,eric-wainaina/orutu-special
track,4472,selina,eric-wainaina/selina
track,4473,baby-dont-go,eric-wainaina/baby-dont-go
track,4474,rain-on-you,eric-wainaina/rain-on-you
track,4475,isnt-it-funny,eric-wainaina/isnt-it-funny
track,4476,set-the-world-on-fire,eric-wainaina/set-the-world-on-fire
track,4477,fancy-car,eric-wainaina/fancy-car
track,4478,hii-ngoma,eric-wainaina/hii-ngoma
track,4479,tabasamu,eric-wainaina/tabasamu
track,448,cherie,bahati/cherie
track,4480,twende-twende-1,eric-wainaina/twende-twende-1
track,4481,too-far-from-home,eric-wainaina/too-far-from-home
track,4482,dunia-ina-mambo,eric-wainaina/dunia-ina-mambo
track,4483,fungeni-macho,eric-wainaina/fungeni-macho
track,4484,nani-nani,eric-wainaina/nani-nani
track,4485,dek-dek-dek,eric-wainaina/dek-dek-dek
track,4486,mabawa-1,eric-wainaina/mabawa-1
track,4487,adhiambo,eric-wainaina/adhiambo
track,4488,jana-ni-jana,eric-wainaina/jana-ni-jana
track,4489,ni-kii-kiega,eric-wainaina/ni-kii-kiega
track,449,diana,bahati/diana
track,4490,joka,eric-wainaina/joka
track,4491,subhaa,eric-wainaina/subhaa
track,4492,miili-yetu,eric-wainaina/miili-yetu
track,4493,sawa-sawa,eric-wainaina/sawa-sawa
track,4494,bolingo,eric-wainaina/bolingo
track,4495,kitu-gani-hii,eric-wainaina/kitu-gani-hii
track,4496,t-a-v,eric-wainaina/t-a-v
track,4497,who-is-to-blame,eric-wainaina/who-is-to-blame
track,4498,unataka-gani-feat-reddykyulass,eric-wainaina/unataka-gani-feat-reddykyulass
track,4499,usiku-wa-manane,eric-wainaina/usiku-wa-manane
track,45,unpredictable,sir-lewel/unpredictable
track,450,kiss,bahati/kiss
track,4500,dear-parents,eric-wainaina/dear-parents
track,4501,mashaka,eric-wainaina/mashaka
track,4502,butterfly-wing,kethan/butterfly-wing
track,4503,mabawa,kethan/mabawa
track,4504,malaika,kethan/malaika
track,4505,summer-1,kethan/summer-1
track,4506,niangalie-2,kethan/niangalie-2
track,4507,rose-colored-lobby,kethan/rose-colored-lobby
track,4508,heri-1,kethan/heri-1
track,4509,mwanzo-acoustic,kethan/mwanzo-acoustic
track,451,mi-amor,bahati/mi-amor
track,4510,nawe,kethan/nawe
track,4511,dawa-1,kethan/dawa-1
track,4512,is-that-how-you-really-breathe,kethan/is-that-how-you-really-breathe
track,4513,nyasaye-rita,kethan/nyasaye-rita
track,4514,highly-favored,kethan/highly-favored
track,4515,rudi-juu,kethan/rudi-juu
track,4516,right-where-intro,kethan/right-where-intro
track,4517,fresh,kethan/fresh
track,4518,sema-1,kethan/sema-1
track,4519,skit-pancakes-for-dinner,kethan/skit-pancakes-for-dinner
track,452,size-yangu,bahati/size-yangu
track,4520,rhyme,kethan/rhyme
track,4521,mbali,kethan/mbali
track,4522,headspace,kethan/headspace
track,4523,tokea,kethan/tokea
track,4524,bebe,kethan/bebe
track,4525,skit-makutano-junction,kethan/skit-makutano-junction
track,4526,karate-kung-fu,kethan/karate-kung-fu
track,4527,wembe,kethan/wembe
track,4528,skit-habits,kethan/skit-habits
track,4529,big-brother-blessings-bbb,kethan/big-brother-blessings-bbb
track,453,umenipendelea,bahati/umenipendelea
track,4530,alright-outro,kethan/alright-outro
track,4531,asali,kethan/asali
track,4532,all-or-nothing,kethan/all-or-nothing
track,4533,unavailable,kethan/unavailable
track,4534,interlude,kethan/interlude
track,4535,melanin-girls,kethan/melanin-girls
track,4536,anywhere-you-are,kethan/anywhere-you-are
track,4537,sweet-matunda-1,kethan/sweet-matunda-1
track,4538,a-star,kethan/a-star
track,4539,uko-poa,kethan/uko-poa
track,454,wewe-ni-mungu,bahati/wewe-ni-mungu
track,4540,sleki-initial-version,kethan/sleki-initial-version
track,4541,count-you-twice,kethan/count-you-twice
track,4542,poison,kethan/poison
track,4543,witness,kethan/witness
track,4544,survive,kethan/survive
track,4545,backwardness,kethan/backwardness
track,4546,save-my-soul,kethan/save-my-soul
track,4547,one-more-live-loop,kethan/one-more-live-loop
track,4548,tokea-live-loop,kethan/tokea-live-loop
track,4549,taji-live-loop,kethan/taji-live-loop
track,455,bubbling,jinku/bubbling
track,4550,wimbo-wetu-live-loop,kethan/wimbo-wetu-live-loop
track,4551,songa-live-at-nairobi-cinema,kethan/songa-live-at-nairobi-cinema
track,4552,one-more,kethan/one-more
track,4553,dont-1,kethan/dont-1
track,4554,bike,kethan/bike
track,4555,no-offense,kethan/no-offense
track,4556,this-type-of-love,kethan/this-type-of-love
track,4557,taji,kethan/taji
track,4558,hivyo,kethan/hivyo
track,4559,songa,kethan/songa
track,456,dreamscapes,ciano-maimba/dreamscapes
track,4560,silalishi,swat-matire/silalishi
track,4561,finyo-1,swat-matire/finyo-1
track,4562,maziwa,swat-matire/maziwa
track,4563,drip,swat-matire/drip
track,4564,sleepover,swat-matire/sleepover
track,4565,bleki,swat-matire/bleki
track,4566,hustling,swat-matire/hustling
track,4567,whine-take-it-down-acapella,swat-matire/whine-take-it-down-acapella
track,4568,whine-take-it-down-instrumental,swat-matire/whine-take-it-down-instrumental
track,4569,mratish,swat-matire/mratish
track,457,dunia,ciano-maimba/dunia
track,4570,mratish-acapella,swat-matire/mratish-acapella
track,4571,mratish-dubb,swat-matire/mratish-dubb
track,4572,mapema,swat-matire/mapema
track,4573,mapema-acapella,swat-matire/mapema-acapella
track,4574,mapema-dubb,swat-matire/mapema-dubb
track,4575,zogo,swat-matire/zogo
track,4576,zogo-acapella,swat-matire/zogo-acapella
track,4577,zogo-instrumental,swat-matire/zogo-instrumental
track,4578,rebirth-intro,kagwe-mungai/rebirth-intro
track,4579,buy-my-way,kagwe-mungai/buy-my-way
track,458,earned-it,ciano-maimba/earned-it
track,4580,hotsteppa,kagwe-mungai/hotsteppa
track,4581,peng-ting-wawili-wawili,kagwe-mungai/peng-ting-wawili-wawili
track,4582,mos-prelude-version,kagwe-mungai/mos-prelude-version
track,4583,pole-pole,kagwe-mungai/pole-pole
track,4584,zero,kagwe-mungai/zero
track,4585,lonely,kagwe-mungai/lonely
track,4586,bestie,kagwe-mungai/bestie
track,4587,sorry-basi,kagwe-mungai/sorry-basi
track,4588,chi-li-li,kagwe-mungai/chi-li-li
track,4589,rain,kagwe-mungai/rain
track,459,peace-like-a-river-flows,ciano-maimba/peace-like-a-river-flows
track,4590,rada-interlude-version,kagwe-mungai/rada-interlude-version
track,4591,goodtimes,kagwe-mungai/goodtimes
track,4592,nakulike-1,kagwe-mungai/nakulike-1
track,4593,you-know-this,kagwe-mungai/you-know-this
track,4594,ogopa-mungu,kagwe-mungai/ogopa-mungu
track,4595,pressure,kagwe-mungai/pressure
track,4596,till-the-end-1,kagwe-mungai/till-the-end-1
track,4597,boys-dont-cry,kagwe-mungai/boys-dont-cry
track,4598,unintentional,kagwe-mungai/unintentional
track,4599,lost,kagwe-mungai/lost
track,46,far,hildah-watiri/far
track,460,singing-the-blues,ciano-maimba/singing-the-blues
track,4600,super-seena,kagwe-mungai/super-seena
track,4601,mama-i-made-it,kagwe-mungai/mama-i-made-it
track,4602,bass,kagwe-mungai/bass
track,4603,african-lady,kagwe-mungai/african-lady
track,4604,doctor,kagwe-mungai/doctor
track,4605,royalty,kagwe-mungai/royalty
track,4606,billionaire,kagwe-mungai/billionaire
track,4607,buffering,kagwe-mungai/buffering
track,4608,tina,kagwe-mungai/tina
track,4609,idk-1,kagwe-mungai/idk-1
track,461,uhai,ciano-maimba/uhai
track,4610,im-okay,kagwe-mungai/im-okay
track,4611,secret-lover-1,muthaka/secret-lover-1
track,4612,touching-on-my-baby-1,muthaka/touching-on-my-baby-1
track,4613,driveway-1,muthaka/driveway-1
track,4614,songa-1,muthaka/songa-1
track,4615,mpishi-1,matata/mpishi-1
track,4616,inakubalika-2,matata/inakubalika-2
track,4617,wenanina,matata/wenanina
track,4618,tuma-madoo-remix,matata/tuma-madoo-remix
track,4619,pararira,matata/pararira
track,462,under,jinku/under
track,4620,mangware-1,matata/mangware-1
track,4621,ki-design-1,matata/ki-design-1
track,4622,tiki-tako-1,matata/tiki-tako-1
track,4623,intro,matata/intro
track,4624,oversized-t-shirt-1,matata/oversized-t-shirt-1
track,4625,this-love,matata/this-love
track,4626,novaa,matata/novaa
track,4627,super-morio,matata/super-morio
track,4628,amina,matata/amina
track,4629,a-minute,matata/a-minute
track,463,binti,wanja-wohoro/binti
track,4630,mbona-mbona,matata/mbona-mbona
track,4631,baby-mama,matata/baby-mama
track,4632,tausi,matata/tausi
track,4633,sexting,matata/sexting
track,4634,werute,matata/werute
track,4635,uhh-uhh-1,matata/uhh-uhh-1
track,4636,not-today-1,matata/not-today-1
track,4637,tulia-nikupange-1,matata/tulia-nikupange-1
track,4638,matatu,matata/matatu
track,4639,unaware,matata/unaware
track,464,built-for-you,wanja-wohoro/built-for-you
track,4640,pombe-na-kizungu-mingi,matata/pombe-na-kizungu-mingi
track,4641,scandalous,ayrosh/scandalous
track,4642,uhiki,ayrosh/uhiki
track,4643,wi-wakwa,ayrosh/wi-wakwa
track,4644,ningwendete-interlude,ayrosh/ningwendete-interlude
track,4645,ningwendete-1,ayrosh/ningwendete-1
track,4646,jangwani-1,ayrosh/jangwani-1
track,4647,loml,ayrosh/loml
track,4648,kabuku,ayrosh/kabuku
track,4649,fire,ayrosh/fire
track,465,dawa,wanja-wohoro/dawa
track,4650,ya,ayrosh/ya
track,4651,who-are-you,ayrosh/who-are-you
track,4652,kiroko,ayrosh/kiroko
track,4653,uka-mami,ayrosh/uka-mami
track,4654,murasta,ayrosh/murasta
track,4655,ngutunge,ayrosh/ngutunge
track,4656,nikikukosa,ayrosh/nikikukosa
track,4657,got-hitched,ayrosh/got-hitched
track,4658,what-ya-ah,uncojingjong/what-ya-ah
track,4659,kawathango,uncojingjong/kawathango
track,466,enjoy-the-night,wanja-wohoro/enjoy-the-night
track,4660,elnino,uncojingjong/elnino
track,4661,kadede-1,uncojingjong/kadede-1
track,4662,tattoo,uncojingjong/tattoo
track,4663,natti-dread,uncojingjong/natti-dread
track,4664,umelialia,uncojingjong/umelialia
track,4665,ooh,uncojingjong/ooh
track,4666,rich,uncojingjong/rich
track,4667,walk-it,uncojingjong/walk-it
track,4668,attention-seeker,uncojingjong/attention-seeker
track,4669,gold-digger,uncojingjong/gold-digger
track,467,fortress-with-wanja-wohoro-alternative,kato-change/fortress-with-wanja-wohoro-alternative
track,4670,down-nichi,uncojingjong/down-nichi
track,4671,whats-the-matter,uncojingjong/whats-the-matter
track,4672,nakutoa-teke,uncojingjong/nakutoa-teke
track,4673,katam,uncojingjong/katam
track,4674,free-g,uncojingjong/free-g
track,4675,vosti-akatii-oti,uncojingjong/vosti-akatii-oti
track,4676,bangih,uncojingjong/bangih
track,4677,madusko,uncojingjong/madusko
track,4678,kaa-ni-mbaya,uncojingjong/kaa-ni-mbaya
track,4679,kameiva-iva-nyongi,uncojingjong/kameiva-iva-nyongi
track,468,honey-bee,ea-wave/honey-bee
track,4680,spend,uncojingjong/spend
track,4681,buss,uncojingjong/buss
track,4682,intro-riang-fisa,uncojingjong/intro-riang-fisa
track,4683,kaa-mbayambaya,uncojingjong/kaa-mbayambaya
track,4684,bandana-ya-esir,ochungulo-family/bandana-ya-esir
track,4685,deliti,ochungulo-family/deliti
track,4686,kaa-na-mamaya,ochungulo-family/kaa-na-mamaya
track,4687,kamua-kamua,ochungulo-family/kamua-kamua
track,4688,king-bobi-wine,ochungulo-family/king-bobi-wine
track,4689,kirimino,ochungulo-family/kirimino
track,469,rain-machine,wanja-wohoro/rain-machine
track,4690,kongo,ochungulo-family/kongo
track,4691,kontrol,ochungulo-family/kontrol
track,4692,make-up,ochungulo-family/make-up
track,4693,mpenzi-mtazamaji,ochungulo-family/mpenzi-mtazamaji
track,4694,na-iwake,ochungulo-family/na-iwake
track,4695,niko-wera,ochungulo-family/niko-wera
track,4696,thutha,ochungulo-family/thutha
track,4697,bae-wako,ochungulo-family/bae-wako
track,4698,confirmed,ochungulo-family/confirmed
track,4699,expressway,ochungulo-family/expressway
track,47,bwagalaa,harry-craze/bwagalaa
track,470,roots,wanja-wohoro/roots
track,4700,stakabadhi,ochungulo-family/stakabadhi
track,4701,tamasha,ochungulo-family/tamasha
track,4702,tanker,ochungulo-family/tanker
track,4703,toka-watu,ochungulo-family/toka-watu
track,4704,kaveve-kazoze,ochungulo-family/kaveve-kazoze
track,4705,kaveve-kazoze-remix,ochungulo-family/kaveve-kazoze-remix
track,4706,aluta-1,ochungulo-family/aluta-1
track,4707,chachisha,ochungulo-family/chachisha
track,4708,twa-twa,ochungulo-family/twa-twa
track,4709,donnie-yen-intro,octopizzo/donnie-yen-intro
track,471,small-acts-of-recklessness,wanja-wohoro/small-acts-of-recklessness
track,4710,kich-ka-liech,octopizzo/kich-ka-liech
track,4711,wiya-moko,octopizzo/wiya-moko
track,4712,zoea,octopizzo/zoea
track,4713,mayienga,octopizzo/mayienga
track,4714,giga,octopizzo/giga
track,4715,dhiang-interlude,octopizzo/dhiang-interlude
track,4716,ler,octopizzo/ler
track,4717,simba-bonga,octopizzo/simba-bonga
track,4718,sinibuje,octopizzo/sinibuje
track,4719,okombe,octopizzo/okombe
track,472,youth,wanja-wohoro/youth
track,4720,mtume,octopizzo/mtume
track,4721,vacation,octopizzo/vacation
track,4722,moaning,octopizzo/moaning
track,4723,you,octopizzo/you
track,4724,want-it,octopizzo/want-it
track,4725,diaspora,octopizzo/diaspora
track,4726,eau-de-vie,octopizzo/eau-de-vie
track,4727,bad-vibes,octopizzo/bad-vibes
track,4728,achupa,octopizzo/achupa
track,4729,no-signal-1,octopizzo/no-signal-1
track,473,dunia-ina-mambo,just-a-band/dunia-ina-mambo
track,4730,zigi-zaga,octopizzo/zigi-zaga
track,4731,vile-inafaa-live-live,octopizzo/vile-inafaa-live-live
track,4732,black-dante-live,octopizzo/black-dante-live
track,4733,fashion-live-live,octopizzo/fashion-live-live
track,4734,diplomatic-live-live,octopizzo/diplomatic-live-live
track,4735,babylon-live-live,octopizzo/babylon-live-live
track,4736,ivo-ivo-ivo-live-live,octopizzo/ivo-ivo-ivo-live-live
track,4737,prezidential-live-live,octopizzo/prezidential-live-live
track,4738,good-morning-africa-live-live,octopizzo/good-morning-africa-live-live
track,4739,dungu-live-live,octopizzo/dungu-live-live
track,474,ha-he,just-a-band/ha-he
track,4740,something-for-you-live-live,octopizzo/something-for-you-live-live
track,4741,i-need-a-girl-interlude-live,octopizzo/i-need-a-girl-interlude-live
track,4742,tbt-live-live,octopizzo/tbt-live-live
track,4743,oliel-live-live,octopizzo/oliel-live-live
track,4744,noma-ni-live-live,octopizzo/noma-ni-live-live
track,4745,bank-otuch-live-live,octopizzo/bank-otuch-live-live
track,4746,motivation,octopizzo/motivation
track,4747,hakuna-matata,octopizzo/hakuna-matata
track,4748,bang,octopizzo/bang
track,4749,bj,octopizzo/bj
track,475,huff-puff,just-a-band/huff-puff
track,4750,rudi,octopizzo/rudi
track,4751,hold-you-down,octopizzo/hold-you-down
track,4752,kenyan-boy,octopizzo/kenyan-boy
track,4753,rada-ni-gani,octopizzo/rada-ni-gani
track,4754,go-hard,octopizzo/go-hard
track,4755,one-more-time,octopizzo/one-more-time
track,4756,kilos-on-kilos,octopizzo/kilos-on-kilos
track,4757,t-o-r,octopizzo/t-o-r
track,4758,single,octopizzo/single
track,4759,wewe,octopizzo/wewe
track,476,matatizo,just-a-band/matatizo
track,4760,kingsize,octopizzo/kingsize
track,4761,good-morning-africa,octopizzo/good-morning-africa
track,4762,sitaki,octopizzo/sitaki
track,4763,swaga-za-wapi,octopizzo/swaga-za-wapi
track,4764,zambe,octopizzo/zambe
track,4765,plus-one,octopizzo/plus-one
track,4766,jaber,octopizzo/jaber
track,4767,nataka,octopizzo/nataka
track,4768,lela,octopizzo/lela
track,4769,karatai,octopizzo/karatai
track,477,probably-for-lovers,just-a-band/probably-for-lovers
track,4770,maselina,octopizzo/maselina
track,4771,tamaa,octopizzo/tamaa
track,4772,dungu,octopizzo/dungu
track,4773,ringa,octopizzo/ringa
track,4774,city-cabanas,octopizzo/city-cabanas
track,4775,kibanda,octopizzo/kibanda
track,4776,am-black-live,octopizzo/am-black-live
track,4777,t-b-t-live,octopizzo/t-b-t-live
track,4778,preidential-live,octopizzo/preidential-live
track,4779,kanye-live,octopizzo/kanye-live
track,478,save-my-soul-who-will-remain,just-a-band/save-my-soul-who-will-remain
track,4780,harmonica-escobar-intro,octopizzo/harmonica-escobar-intro
track,4781,intro,octopizzo/intro
track,4782,we-can,octopizzo/we-can
track,4783,jazzy,octopizzo/jazzy
track,4784,monopoly,octopizzo/monopoly
track,4785,b-i-t-d,octopizzo/b-i-t-d
track,4786,wavy,octopizzo/wavy
track,4787,ga,octopizzo/ga
track,4788,nu-afrika,octopizzo/nu-afrika
track,4789,make-peace,octopizzo/make-peace
track,479,thank-you-rebel-and-a-cause-from-ech0,just-a-band/thank-you-rebel-and-a-cause-from-ech0
track,4790,darkside,octopizzo/darkside
track,4791,past,octopizzo/past
track,4792,trilla,octopizzo/trilla
track,4793,eight,octopizzo/eight
track,4794,flalala,octopizzo/flalala
track,4795,ma-champagne,octopizzo/ma-champagne
track,4796,lets-party,octopizzo/lets-party
track,4797,bet-kimo,octopizzo/bet-kimo
track,4798,turn-up,octopizzo/turn-up
track,4799,yozamalamu,octopizzo/yozamalamu
track,48,the-prize,calvo-mistari/the-prize
track,480,watu,just-a-band/watu
track,4800,wako-milele,octopizzo/wako-milele
track,4801,im-sorry,octopizzo/im-sorry
track,4802,kumarapo,octopizzo/kumarapo
track,4803,mwendo,octopizzo/mwendo
track,4804,ngaap,octopizzo/ngaap
track,4805,wendo-very,octopizzo/wendo-very
track,4806,nikubembeleze,octopizzo/nikubembeleze
track,4807,mapenzi-gani,octopizzo/mapenzi-gani
track,4808,usiniache,octopizzo/usiniache
track,4809,sikupambwa,octopizzo/sikupambwa
track,481,where-do-you-come-from,camp-mulla/where-do-you-come-from
track,4810,usilie,octopizzo/usilie
track,4811,last-shot,octopizzo/last-shot
track,4812,all-black-everythin,octopizzo/all-black-everythin
track,4813,wwy,octopizzo/wwy
track,4814,could-be-us,octopizzo/could-be-us
track,4815,they-love-it,octopizzo/they-love-it
track,4816,next2you,octopizzo/next2you
track,4817,bomaye,octopizzo/bomaye
track,4818,preidential,octopizzo/preidential
track,4819,wuoda,octopizzo/wuoda
track,482,who-no-know-go-know,just-a-band/who-no-know-go-know
track,4820,war,octopizzo/war
track,4821,get-rich,octopizzo/get-rich
track,4822,let-me-know,octopizzo/let-me-know
track,4823,no-time,octopizzo/no-time
track,4824,jump-pydu,octopizzo/jump-pydu
track,4825,heart-of-a-simba,octopizzo/heart-of-a-simba
track,4826,salute-me,octopizzo/salute-me
track,4827,nini,octopizzo/nini
track,4828,hala,octopizzo/hala
track,4829,on-top,octopizzo/on-top
track,483,aki-sioni-1,njerae/aki-sioni-1
track,4830,swag,octopizzo/swag
track,4831,biz-ni-biz,octopizzo/biz-ni-biz
track,4832,mama,octopizzo/mama
track,4833,bila-mic,octopizzo/bila-mic
track,4834,ivo-ivo-ivo,octopizzo/ivo-ivo-ivo
track,4835,bilamic-5star,octopizzo/bilamic-5star
track,4836,v-o-k,octopizzo/v-o-k
track,4837,vowels,octopizzo/vowels
track,4838,toboa,octopizzo/toboa
track,4839,kibera-ama,octopizzo/kibera-ama
track,484,aki-sioni-magik-mix,njerae/aki-sioni-magik-mix
track,4840,rolling,octopizzo/rolling
track,4841,kibare,octopizzo/kibare
track,4842,mada-wadhi,octopizzo/mada-wadhi
track,4843,njeri-doobiz-disstrack,octopizzo/njeri-doobiz-disstrack
track,4844,celebrate-life,octopizzo/celebrate-life
track,4845,you-know,octopizzo/you-know
track,4846,stay-so-fly,octopizzo/stay-so-fly
track,4847,tony-montana,octopizzo/tony-montana
track,4848,unaninokia,octopizzo/unaninokia
track,4849,memories,octopizzo/memories
track,485,beg-for-it-1,njerae/beg-for-it-1
track,4850,vile-inafaa,octopizzo/vile-inafaa
track,4851,blackstar,octopizzo/blackstar
track,4852,mungiki-freestyle,sabi-wu/mungiki-freestyle
track,4853,freedom,sabi-wu/freedom
track,4854,african-body,sabi-wu/african-body
track,4855,tired,sabi-wu/tired
track,4856,soft-life,sabi-wu/soft-life
track,4857,nitakusema,sabi-wu/nitakusema
track,4858,miss-me,sabi-wu/miss-me
track,4859,feminist,sabi-wu/feminist
track,486,colors-1,njerae/colors-1
track,4860,black-magic,sabi-wu/black-magic
track,4861,maandamano-riddim,sabi-wu/maandamano-riddim
track,4862,drinkcember,sabi-wu/drinkcember
track,4863,kitu-true-1,sabi-wu/kitu-true-1
track,4864,blackout-freestyle,sabi-wu/blackout-freestyle
track,4865,vichwa-ngumu,sabi-wu/vichwa-ngumu
track,4866,pretend,sabi-wu/pretend
track,4867,sunda,sabi-wu/sunda
track,4868,flavour,sabi-wu/flavour
track,4869,blessings-outro,sabi-wu/blessings-outro
track,487,games,njerae/games
track,4870,pole-pole,sabi-wu/pole-pole
track,4871,what-dey-say,sabi-wu/what-dey-say
track,4872,konnichiwa,sabi-wu/konnichiwa
track,4873,form,sabi-wu/form
track,4874,washa,sabi-wu/washa
track,4875,hush,sabi-wu/hush
track,4876,real,sabi-wu/real
track,4877,decide,sabi-wu/decide
track,4878,who-i-want-to-be,sabi-wu/who-i-want-to-be
track,4879,feel-right-now,sabi-wu/feel-right-now
track,488,otd,njerae/otd
track,4880,hold-yah,sabi-wu/hold-yah
track,4881,kwani-hujui,sabi-wu/kwani-hujui
track,4882,rasta-ni-nywele,sabi-wu/rasta-ni-nywele
track,4883,season-ya-baridi,sabi-wu/season-ya-baridi
track,4884,whine-down,sabi-wu/whine-down
track,4885,all-night,sabi-wu/all-night
track,4886,fumble,sabi-wu/fumble
track,4887,lifestyle,sabi-wu/lifestyle
track,4888,sikumbuki,sabi-wu/sikumbuki
track,4889,movin-different,sabi-wu/movin-different
track,489,penzi-wa-kasi,njerae/penzi-wa-kasi
track,4890,rockstar-chainz,sabi-wu/rockstar-chainz
track,4891,wacha-nirest-1,sabi-wu/wacha-nirest-1
track,4892,bazenga,sabi-wu/bazenga
track,4893,hatari,sabi-wu/hatari
track,4894,size-yako,sabi-wu/size-yako
track,4895,summer-girl-interlude,sabi-wu/summer-girl-interlude
track,4896,my-lover,sabi-wu/my-lover
track,4897,famous-v2,sabi-wu/famous-v2
track,4898,spoil-my-bitch,sabi-wu/spoil-my-bitch
track,4899,rass-life-1,sabi-wu/rass-life-1
track,49,nimeiona,okello-max/nimeiona
track,490,beta,njerae/beta
track,4900,yummy-freestyle,sabi-wu/yummy-freestyle
track,4901,gone-clear,sabi-wu/gone-clear
track,4902,pesa-huisha,sabi-wu/pesa-huisha
track,4903,icy,sabi-wu/icy
track,4904,one-by-one,sabi-wu/one-by-one
track,4905,lay-low,sabi-wu/lay-low
track,4906,fanya-like-this-1,sabi-wu/fanya-like-this-1
track,4907,close-to-you,sabi-wu/close-to-you
track,4908,badman,sabi-wu/badman
track,4909,i-know,sabi-wu/i-know
track,491,day-one,njerae/day-one
track,4910,kenya-love,sabi-wu/kenya-love
track,4911,zipande-juu,sabi-wu/zipande-juu
track,4912,baddie-wa-nairobi,sabi-wu/baddie-wa-nairobi
track,4913,kiss,sabi-wu/kiss
track,4914,choma-f-da-system,sabi-wu/choma-f-da-system
track,4915,pon-di-left,sabi-wu/pon-di-left
track,4916,binja,sabi-wu/binja
track,4917,nisho-1,sabi-wu/nisho-1
track,4918,dirty-talk-bonus,sabi-wu/dirty-talk-bonus
track,4919,tricky,sabi-wu/tricky
track,492,disemba,njerae/disemba
track,4920,mazza,sabi-wu/mazza
track,4921,cheza-kiwewe,sabi-wu/cheza-kiwewe
track,4922,niko-rada-1,sabi-wu/niko-rada-1
track,4923,kishada-freestyle,sabi-wu/kishada-freestyle
track,4924,dreamy,sabi-wu/dreamy
track,4925,woi,sabi-wu/woi
track,4926,single,sabi-wu/single
track,4927,no-curfew,sabi-wu/no-curfew
track,4928,fantasy,sabi-wu/fantasy
track,4929,same-old-you,sabi-wu/same-old-you
track,493,haikuanza-like-this,njerae/haikuanza-like-this
track,4930,onto-you,sabi-wu/onto-you
track,4931,never-again,sabi-wu/never-again
track,4932,demons,sabi-wu/demons
track,4933,turn-up-anywhere,sabi-wu/turn-up-anywhere
track,4934,losing-my-emotions,sabi-wu/losing-my-emotions
track,4935,love-you,sabi-wu/love-you
track,4936,mind-on-you,sabi-wu/mind-on-you
track,4937,fuck-a-date,sabi-wu/fuck-a-date
track,4938,emotionless,sabi-wu/emotionless
track,4939,kelele,mbuzi-gang/kelele
track,494,lonely-acoustic,njerae/lonely-acoustic
track,4940,alert,mbuzi-gang/alert
track,4941,mtama,mbuzi-gang/mtama
track,4942,mbona,mbuzi-gang/mbona
track,4943,amejam,mbuzi-gang/amejam
track,4944,whine,mbuzi-gang/whine
track,4945,goons,mbuzi-gang/goons
track,4946,ndasu,mbuzi-gang/ndasu
track,4947,blessings,mbuzi-gang/blessings
track,4948,iskaba,mbuzi-gang/iskaba
track,4949,shida,mbuzi-gang/shida
track,495,oliveia,njerae/oliveia
track,4950,tusere,mbuzi-gang/tusere
track,4951,zoza,mbuzi-gang/zoza
track,4952,shifla,mbuzi-gang/shifla
track,4953,happy-birthday,mbuzi-gang/happy-birthday
track,4954,wah-wah,mbuzi-gang/wah-wah
track,4955,rudi-nyumbani,mbuzi-gang/rudi-nyumbani
track,4956,unanibo,mbuzi-gang/unanibo
track,4957,shamra-shamra-remix-1,mbuzi-gang/shamra-shamra-remix-1
track,4958,tulewe,mbuzi-gang/tulewe
track,4959,tulewe-tu,mbuzi-gang/tulewe-tu
track,496,try,njerae/try
track,4960,mchecheto,mbuzi-gang/mchecheto
track,4961,mchecheto-dubb,mbuzi-gang/mchecheto-dubb
track,4962,men-can-lie-acapella,brandy-maina/men-can-lie-acapella
track,4963,men-can-lie-instrumental,brandy-maina/men-can-lie-instrumental
track,4964,pretending,brandy-maina/pretending
track,4965,power-cable-feat-okello-max-1,brandy-maina/power-cable-feat-okello-max-1
track,4966,picky-picky,brandy-maina/picky-picky
track,4967,promise-to,brandy-maina/promise-to
track,4968,chaos-poa-acoustic,brandy-maina/chaos-poa-acoustic
track,4969,different,brandy-maina/different
track,497,usiniringie-remix,njerae/usiniringie-remix
track,4970,mali-safi,brandy-maina/mali-safi
track,4971,mpaka-che,brandy-maina/mpaka-che
track,4972,metronome-musa-interlude,brandy-maina/metronome-musa-interlude
track,4973,maryjane,brandy-maina/maryjane
track,4974,yaani-wewe,brandy-maina/yaani-wewe
track,4975,katika-1,ethic/katika-1
track,4976,kalia,ethic/kalia
track,4977,odinareee,ethic/odinareee
track,4978,profile,ethic/profile
track,4979,dai-dai-acapella,fathermoh/dai-dai-acapella
track,498,wangoro-murray-gema-remix,njerae/wangoro-murray-gema-remix
track,4980,dai-dai-instrumental,fathermoh/dai-dai-instrumental
track,4981,tuwe-pamoja-1,israel-onyach/tuwe-pamoja-1
track,4982,kaveve-kazoze,kushman/kaveve-kazoze
track,4983,kaveve-kazoze-remix-1,kushman/kaveve-kazoze-remix-1
track,4984,doba-mbaya,rekles/doba-mbaya
track,4985,peng-manenoz,rekles/peng-manenoz
track,4986,kamwana,sofiya-nzau/kamwana
track,4987,kamwana-extended-mix,sofiya-nzau/kamwana-extended-mix
track,4988,higher-love-the-ironix-remix,sofiya-nzau/higher-love-the-ironix-remix
track,4989,higher-love-why-so-sad-remix,sofiya-nzau/higher-love-why-so-sad-remix
track,499,zimenishow-piano-version,njerae/zimenishow-piano-version
track,4990,higher-love-alev-tav-remix,sofiya-nzau/higher-love-alev-tav-remix
track,4991,higher-love-short-club-edit,sofiya-nzau/higher-love-short-club-edit
track,4992,higher-love,sofiya-nzau/higher-love
track,4993,kumbaya-austin-millz-remix,sofiya-nzau/kumbaya-austin-millz-remix
track,4994,kumbaya,sofiya-nzau/kumbaya
track,4995,kumbaya-citadelle-remix,sofiya-nzau/kumbaya-citadelle-remix
track,4996,kumbaya-kc-lights-remix,sofiya-nzau/kumbaya-kc-lights-remix
track,4997,kumbaya-massane-remix,sofiya-nzau/kumbaya-massane-remix
track,4998,kumbaya-dubdogz-remix,sofiya-nzau/kumbaya-dubdogz-remix
track,4999,shauku-bana,sofiya-nzau/shauku-bana
track,5,mash-up,zero-bandits/mash-up
track,50,have-mercy-remix,virusi-mbaya/have-mercy-remix
track,500,zimenishow-zouk,njerae/zimenishow-zouk
track,5000,shauku-bana-afro-house-version-extended,sofiya-nzau/shauku-bana-afro-house-version-extended
track,5001,shauku-bana-afro-house-version,sofiya-nzau/shauku-bana-afro-house-version
track,5002,meta-feat-fireboy-dml-edit,sofiya-nzau/meta-feat-fireboy-dml-edit
track,5003,maneye-radio-version,sofiya-nzau/maneye-radio-version
track,5004,maneye-feat-sofiya-nzau,sofiya-nzau/maneye-feat-sofiya-nzau
track,5005,digane-raphael-afro-vibe-remix,sofiya-nzau/digane-raphael-afro-vibe-remix
track,5006,digane-raphael-afro-vibe-remix-extended,sofiya-nzau/digane-raphael-afro-vibe-remix-extended
track,5007,karima-afro-house-mix,sofiya-nzau/karima-afro-house-mix
track,5008,karima-afro-house-instrumental,sofiya-nzau/karima-afro-house-instrumental
track,5009,karima-dj-industrial-badgers-madness-mix,sofiya-nzau/karima-dj-industrial-badgers-madness-mix
track,501,bad-mamacita,savinnah/bad-mamacita
track,5010,digane,sofiya-nzau/digane
track,5011,digane-extended,sofiya-nzau/digane-extended
track,5012,sondans,sofiya-nzau/sondans
track,5013,sondans-extended-mix,sofiya-nzau/sondans-extended-mix
track,5014,walking-on-water-afropiano-mix,sofiya-nzau/walking-on-water-afropiano-mix
track,5015,niuka-edit,sofiya-nzau/niuka-edit
track,5016,niuka-40d-edit-remix,sofiya-nzau/niuka-40d-edit-remix
track,5017,niuka-meith-edit-remix,sofiya-nzau/niuka-meith-edit-remix
track,5018,mationaga,sofiya-nzau/mationaga
track,5019,mationaga-reuxen-remix,sofiya-nzau/mationaga-reuxen-remix
track,502,blink-twice,savinnah/blink-twice
track,5020,na-wose-afro-tech-radio-edit,sofiya-nzau/na-wose-afro-tech-radio-edit
track,5021,na-wose-afro-house-radio-edit,sofiya-nzau/na-wose-afro-house-radio-edit
track,5022,jamuke,sofiya-nzau/jamuke
track,5023,jamuke-diamond-dealer-remix,sofiya-nzau/jamuke-diamond-dealer-remix
track,5024,mwaki-major-lazer-remix,sofiya-nzau/mwaki-major-lazer-remix
track,5025,mwaki-tiu00ebstos-vip-mix,sofiya-nzau/mwaki-tiu00ebstos-vip-mix
track,5026,mwaki,sofiya-nzau/mwaki
track,5027,shaolin-feat-fathermoh-masauti-boutross-harry-craze,ssaru/shaolin-feat-fathermoh-masauti-boutross-harry-craze
track,5028,spy-app-feat-munga-mkadinali-khaligraph-jones,ssaru/spy-app-feat-munga-mkadinali-khaligraph-jones
track,5029,bar-bar-feat-fathermoh,ssaru/bar-bar-feat-fathermoh
track,503,eat-it,savinnah/eat-it
track,5030,come-vile-unacome-feat-trio-mio-timmy-tdat,ssaru/come-vile-unacome-feat-trio-mio-timmy-tdat
track,5031,nataka-feat-masauti,ssaru/nataka-feat-masauti
track,5032,u2060fall-in-love-feat-machali-watundu,ssaru/u2060fall-in-love-feat-machali-watundu
track,5033,men-can-lie-acapella,ssaru/men-can-lie-acapella
track,5034,men-can-lie-instrumental,ssaru/men-can-lie-instrumental
track,5035,to-whom-it-may-concern,trio-mio/to-whom-it-may-concern
track,5036,to-whom-it-may-concern-instrumental,trio-mio/to-whom-it-may-concern-instrumental
track,5037,options-2,ukweli/options-2
track,5038,east2hwood-2,ukweli/east2hwood-2
track,5039,bittersweet,ukweli/bittersweet
track,504,hakika,savinnah/hakika
track,5040,back2me-1,ukweli/back2me-1
track,5041,rudia-2,ukweli/rudia-2
track,5042,paradise,ukweli/paradise
track,5043,u00c9toile,ukweli/u00c9toile
track,5044,maybe-1,ukweli/maybe-1
track,5045,love-me-or-leave-me-1,ukweli/love-me-or-leave-me-1
track,5046,lost,ukweli/lost
track,5047,circadian-riddim,ukweli/circadian-riddim
track,5048,waridi,ywaya-tajiri/waridi
track,5049,katika,ywaya-tajiri/katika
track,505,love-like-that,savinnah/love-like-that
track,5050,tycoon,ywaya-tajiri/tycoon
track,5051,sumbua,lil-maina/sumbua
track,5052,make-money,lil-maina/make-money
track,5053,gwanta-na-mera,lil-maina/gwanta-na-mera
track,5054,mashallah,lil-maina/mashallah
track,5055,calypso,lil-maina/calypso
track,5056,fully-red,lil-maina/fully-red
track,5057,naenda,lil-maina/naenda
track,5058,staajabu-ya-musa,lil-maina/staajabu-ya-musa
track,5059,desire-1,lilmaina__trashed-2/desire-1
track,506,nyota,savinnah/nyota
track,5060,away,lil-maina/away
track,5061,catch-a-fade,lil-maina/catch-a-fade
track,5062,push-it,lil-maina/push-it
track,5063,mchezo-utawacha,lil-maina/mchezo-utawacha
track,5064,saa-sita,lil-maina/saa-sita
track,5065,cocoa-butter-1,lil-maina/cocoa-butter-1
track,5066,alert,lil-maina/alert
track,5067,ma-g-kwenye-klabu,lil-maina/ma-g-kwenye-klabu
track,5068,doba-imewai,lil-maina/doba-imewai
track,5069,fom-after-fom,lil-maina/fom-after-fom
track,507,pardon-me,savinnah/pardon-me
track,5070,company,lil-maina/company
track,5071,sinzia-1,lil-maina/sinzia-1
track,5072,zoza-1,lil-maina/zoza-1
track,5073,lifeline,lil-maina/lifeline
track,5074,real-nigga,lil-maina/real-nigga
track,5075,mpoa-mkorofi,lil-maina/mpoa-mkorofi
track,5076,pop-lyk-adisosa,lil-maina/pop-lyk-adisosa
track,5077,day-ones,lil-maina/day-ones
track,5078,day-ones-ii,lil-maina/day-ones-ii
track,5079,lele-remix,lil-maina/lele-remix
track,508,trouble,savinnah/trouble
track,5080,lele,lil-maina/lele
track,5081,alicia-keys-remix-feat-lil-maina,lil-maina/alicia-keys-remix-feat-lil-maina
track,5082,alicia-keys,lil-maina/alicia-keys
track,5083,sabuni-ya-roho,yaba/sabuni-ya-roho
track,5084,wanjiku,yaba/wanjiku
track,5085,nashangaa,yaba/nashangaa
track,5086,sweet-banana,yaba/sweet-banana
track,5087,bum-bum,yaba/bum-bum
track,5088,atieno,yaba/atieno
track,5089,mti-na-dawa,yaba/mti-na-dawa
track,509,wondering,savinnah/wondering
track,5090,sherehe,yaba/sherehe
track,5091,hii-ni-form,yaba/hii-ni-form
track,5092,dala,yaba/dala
track,5093,show-them,yaba/show-them
track,5094,jaber,yaba/jaber
track,5095,mashujaa,yaba/mashujaa
track,5096,rhumbacane,yaba/rhumbacane
track,5097,pretty-girl,yaba/pretty-girl
track,5098,baby-momma,yaba/baby-momma
track,5099,kuna-vile,yaba/kuna-vile
track,51,bad-everyday,toxic-lyrikali/bad-everyday
track,510,wow,savinnah/wow
track,5100,mama-intro,nviiri-the-storyteller/mama-intro
track,5101,inside-out,nviiri-the-storyteller/inside-out
track,5102,bwana-sherehe,nviiri-the-storyteller/bwana-sherehe
track,5103,leta-pombe,nviiri-the-storyteller/leta-pombe
track,5104,nikilewa-1,nviiri-the-storyteller/nikilewa-1
track,5105,pombe-isiwe-tamu,nviiri-the-storyteller/pombe-isiwe-tamu
track,5106,badilika,nviiri-the-storyteller/badilika
track,5107,naisha,nviiri-the-storyteller/naisha
track,5108,wide-awake,nviiri-the-storyteller/wide-awake
track,5109,dancing-shoes,nviiri-the-storyteller/dancing-shoes
track,511,chain-chain,chris-kaiga/chain-chain
track,5110,shadow,nviiri-the-storyteller/shadow
track,5111,body,nviiri-the-storyteller/body
track,5112,you,nviiri-the-storyteller/you
track,5113,blessings,nviiri-the-storyteller/blessings
track,5114,message-outro,nviiri-the-storyteller/message-outro
track,5115,tulia-nikupange,nviiri-the-storyteller/tulia-nikupange
track,5116,matatu,nviiri-the-storyteller/matatu
track,5117,unaware,nviiri-the-storyteller/unaware
track,5118,pombe-na-kizungu-mingi,nviiri-the-storyteller/pombe-na-kizungu-mingi
track,5119,baridi-feat-sanaipei-tande-1,nviiri-the-storyteller/baridi-feat-sanaipei-tande-1
track,512,hapo-tu-feat-chris-kaiga,nyashinski/hapo-tu-feat-chris-kaiga
track,5120,niko-sawa-feat-bien-1,nviiri-the-storyteller/niko-sawa-feat-bien-1
track,5121,bembeleza,nviiri-the-storyteller/bembeleza
track,5122,birthday-song-feat-khaligraph-jones,nviiri-the-storyteller/birthday-song-feat-khaligraph-jones
track,5123,escobar-skit-1,masterpiece-king/escobar-skit-1
track,5124,hatutasahau,masterpiece-king/hatutasahau
track,5125,airbnb-1,masterpiece-king/airbnb-1
track,5126,kichwa-mbaya-1,masterpiece-king/kichwa-mbaya-1
track,5127,wanapanga,masterpiece-king/wanapanga
track,5128,bestie-1,masterpiece-king/bestie-1
track,5129,escobar-skit-2,masterpiece-king/escobar-skit-2
track,513,i-want,chris-kaiga/i-want
track,5130,guza-umbwa-1,masterpiece-king/guza-umbwa-1
track,5131,te-te-te,masterpiece-king/te-te-te
track,5132,vile-inafaa-1,masterpiece-king/vile-inafaa-1
track,5133,chapanisha,masterpiece-king/chapanisha
track,5134,vip,masterpiece-king/vip
track,5135,zendiambo,masterpiece-king/zendiambo
track,5136,energy,masterpiece-king/energy
track,5137,why-lie,masterpiece-king/why-lie
track,5138,napata-raha,masterpiece-king/napata-raha
track,5139,mzigo,masterpiece-king/mzigo
track,514,kwa-ceiling,chris-kaiga/kwa-ceiling
track,5140,jibwage,masterpiece-king/jibwage
track,5141,humble,masterpiece-king/humble
track,5142,sunshine-intro,muthoka/sunshine-intro
track,5143,love-ballad-no-3,muthoka/love-ballad-no-3
track,5144,sorry,muthoka/sorry
track,5145,too-young,muthoka/too-young
track,5146,sunshine,muthoka/sunshine
track,5147,why-dont-you-love-me,muthoka/why-dont-you-love-me
track,5148,guitar,muthoka/guitar
track,5149,broken-heart-live,muthoka/broken-heart-live
track,515,nairobi-girl,chris-kaiga/nairobi-girl
track,5150,let-you-go-live,muthoka/let-you-go-live
track,5151,wewe-live,muthoka/wewe-live
track,5152,quicksand,muthoka/quicksand
track,5153,secret-lover,muthoka/secret-lover
track,5154,touching-on-my-baby,muthoka/touching-on-my-baby
track,5155,driveway,muthoka/driveway
track,5156,songa,muthoka/songa
track,5157,weche-frigid-armadillo-remix,euggy-argento-dust-nyamal-nyang/weche-frigid-armadillo-remix
track,5158,rymgym-cypher-1,wakadinali/rymgym-cypher-1
track,5159,toxic,mejja/toxic
track,516,niko-on,chris-kaiga/niko-on
track,5160,ntampata-wapi,mejja/ntampata-wapi
track,5161,motion,mejja/motion
track,5162,confidence,mejja/confidence
track,5163,mboka,mejja/mboka
track,5164,mmea,mejja/mmea
track,5165,naskia-ooh,mejja/naskia-ooh
track,5166,lambo,mejja/lambo
track,5167,siaka,mejja/siaka
track,5168,vulai,mejja/vulai
track,5169,toxic-feat-shee,mejja/toxic-feat-shee
track,517,ongeza-debe,chris-kaiga/ongeza-debe
track,5170,lambo-feat-moha-madeh,mejja/lambo-feat-moha-madeh
track,5171,no-love,we-are-nubia/no-love
track,5172,available,we-are-nubia/available
track,5173,legend-intro,bien/legend-intro
track,5174,too-easy-original,bien/too-easy-original
track,5175,anointed-feat-sarah-ikumu-outro,bien/anointed-feat-sarah-ikumu-outro
track,5176,hit-song,mutoriah/hit-song
track,5177,interlude-courtroom,mutoriah/interlude-courtroom
track,5178,bora-feat-joshua-baraka,mutoriah/bora-feat-joshua-baraka
track,5179,baki-kidogo-feat-billy-black,mutoriah/baki-kidogo-feat-billy-black
track,518,zimenice,chris-kaiga/zimenice
track,5180,ngozi-kama-jua,bridget-blue/ngozi-kama-jua
track,5181,sober,bridget-blue/sober
track,5182,9-to-5,bridget-blue/9-to-5
track,5183,waters-of-my-enemies,bridget-blue/waters-of-my-enemies
track,5184,mimi-na-wewe,bridget-blue/mimi-na-wewe
track,5185,always-mine,bridget-blue/always-mine
track,5186,set-me-free,bridget-blue/set-me-free
track,5187,kuna-yule,bridget-blue/kuna-yule
track,5188,umbrella,bridget-blue/umbrella
track,5189,testimony-feat-sagini,khaligraph-jones/testimony-feat-sagini
track,519,hakuna-kulala,big-nyagz/hakuna-kulala
track,5190,superwoman-feat-mr-eazi-1,khaligraph-jones/superwoman-feat-mr-eazi-1
track,5191,don-know-feat-k-o,khaligraph-jones/don-know-feat-k-o
track,5192,khali-cartel-5-feat-jakk-quill-ruyonga-fresh-like-uhh-mex-cortez,khaligraph-jones/khali-cartel-5-feat-jakk-quill-ruyonga-fresh-like-uhh-mex-cortez
track,5193,wanguvu-feat-alikiba,khaligraph-jones/wanguvu-feat-alikiba
track,5194,tsunami-feat-scar,khaligraph-jones/tsunami-feat-scar
track,5195,avoid-those-people-ft-boutross-breeder-lw-abbas-kubaff-elisha-elai-dyana-cods-feat-boutross-breeder-lw-abbas-kubaff-elisha-elai-dyana-cods,wakadinali/avoid-those-people-ft-boutross-breeder-lw-abbas-kubaff-elisha-elai-dyana-cods-feat-boutross-breeder-lw-abbas-kubaff-elisha-elai-dyana-cods
track,5196,lockdown-bonus-track,wakadinali/lockdown-bonus-track
track,5197,kum-baba-feat-abbas-kubaf-wakuu-pepela-masterpiece-king,wakadinali/kum-baba-feat-abbas-kubaf-wakuu-pepela-masterpiece-king
track,5198,tamashani-feat-skillo-sudough-doss-katapilla-1,wakadinali/tamashani-feat-skillo-sudough-doss-katapilla-1
track,5199,faslane,khaligraph-jones/faslane
track,52,dumpsite,toxic-lyrikali/dumpsite
track,520,kilengeta-original-mix,big-nyagz/kilengeta-original-mix
track,5200,asante-sana-a-song-for-mama,khaligraph-jones/asante-sana-a-song-for-mama
track,5201,dedication-we-are-one,khaligraph-jones/dedication-we-are-one
track,5202,me-ntakupa-feat-eli-sketch-wally-b,khaligraph-jones/me-ntakupa-feat-eli-sketch-wally-b
track,5203,check-this-feat-prophas-black,khaligraph-jones/check-this-feat-prophas-black
track,5204,times-are-hard-feat-prophas-black-aress66,khaligraph-jones/times-are-hard-feat-prophas-black-aress66
track,5205,ukitaka,ethic-entertainment/ukitaka
track,5206,queens-speech-feat-shanty-bobo,femi-one/queens-speech-feat-shanty-bobo
track,5207,suspect-feat-katapilla,femi-one/suspect-feat-katapilla
track,5208,rahisi-feat-trio-mio,femi-one/rahisi-feat-trio-mio
track,5209,staki-feat-domani-munga,femi-one/staki-feat-domani-munga
track,521,likizo,dj-mura-k-e/likizo
track,5210,adonai-feat-bern-muzika,femi-one/adonai-feat-bern-muzika
track,5211,mgongo-feat-jadi,femi-one/mgongo-feat-jadi
track,5212,feelanga-free-feat-zakah,femi-one/feelanga-free-feat-zakah
track,5213,sina-haja-feat-sanaipei-tande,femi-one/sina-haja-feat-sanaipei-tande
track,5214,duru-feat-joh-makini,femi-one/duru-feat-joh-makini
track,5215,selekta-feat-oksyde,femi-one/selekta-feat-oksyde
track,5216,wapewe-feat-b2c,femi-one/wapewe-feat-b2c
track,5217,kuzina-nawe-feat-feffe-busi,femi-one/kuzina-nawe-feat-feffe-busi
track,5218,diva-feat-jay-rox,femi-one/diva-feat-jay-rox
track,5219,wi-muthaka,tuku-kantu/wi-muthaka
track,522,mpaka-mwisho,the-safari-oontz-collective/mpaka-mwisho
track,5220,umekuwa-wapi,gogo-ashley/umekuwa-wapi
track,5221,umenibamba,h_art-the-band/umenibamba
track,5222,utaambia-nini-watu,iyanii/utaambia-nini-watu
track,5223,nyongi,matata/nyongi
track,5224,surrender,muthoka/surrender
track,5225,pretty-whine,brandy-maina/pretty-whine
track,5226,nervous,bee-thee-artiste/nervous
track,5227,chai-ya-saa-kumi,ywaya-tajiri/chai-ya-saa-kumi
track,5228,better-love,v-be/better-love
track,5229,khadija,billy-black/khadija
track,523,nawe,dj-mura/nawe
track,5230,more,mwanaa/more
track,5231,matamu,bahati/matamu
track,5232,best-friend,ish-kevin/best-friend
track,5233,sahani,davy-waweru/sahani
track,5234,fall,hildah-watiri/fall
track,5235,nimeonja,mordecai-dex/nimeonja
track,5236,one-man-army,eric-wainaina/one-man-army
track,5237,anitah,jivu/anitah
track,5238,ex-harudiwi,nadia-mukami/ex-harudiwi
track,5239,mapenzi-yananiua,willy-paul/mapenzi-yananiua
track,524,northern-bypass,the-safari-oontz-collective/northern-bypass
track,5240,intro,abbas-doobeez/intro
track,5241,angabanga,abbas-doobeez/angabanga
track,5242,badae-feat-chiwawa,abbas-doobeez/badae-feat-chiwawa
track,5243,bizzy,abbas-doobeez/bizzy
track,5244,boom-boom-room,abbas-doobeez/boom-boom-room
track,5245,chapaa,abbas-doobeez/chapaa
track,5246,dangerous,abbas-doobeez/dangerous
track,5247,doobeez-did-feat-kantai-bamboo-third-eye,abbas-doobeez/doobeez-did-feat-kantai-bamboo-third-eye
track,5248,dunia-ina-mambo,abbas-doobeez/dunia-ina-mambo
track,5249,fresh-feat-kimya,abbas-doobeez/fresh-feat-kimya
track,525,rejea,dj-mura-k-e/rejea
track,5250,kerea,abbas-doobeez/kerea
track,5251,crossfire,abbas-k%eb%ab%bf/crossfire
track,5252,lala-salama,abbas-k%eb%ab%bf/lala-salama
track,5253,mi-napenda,abbas-doobeez/mi-napenda
track,5254,mo-faya,abbas-doobeez/mo-faya
track,5255,monkey-music,abbas-doobeez/monkey-music
track,5256,pump-your-fist-feat-third-eye,abbas-doobeez/pump-your-fist-feat-third-eye
track,5257,siasa,abbas-doobeez/siasa
track,5258,the-love,abbas-doobeez/the-love
track,5259,tikakunyaku,abbas-doobeez/tikakunyaku
track,526,running,dj-mura/running
track,5260,skit,abbas-doobeez/skit
track,5261,2050-feat-chiwawa-maleek,abbas-doobeez/2050-feat-chiwawa-maleek
track,5262,lavender-feat-hornsphere,watendawili/lavender-feat-hornsphere
track,5263,naogelea,watendawili/naogelea
track,5264,ngai-enda,watendawili/ngai-enda
track,5265,ex-wangu,watendawili/ex-wangu
track,5266,finale,bien/finale
track,5267,mkhana-feat-hardstone-one-ii-moja-na-nnoma-blak-imani,kalamashaka/mkhana-feat-hardstone-one-ii-moja-na-nnoma-blak-imani
track,5268,gals-anthem-feat-hardstone-one-ii-moja-na-nnoma-blak-imani,kalamashaka/gals-anthem-feat-hardstone-one-ii-moja-na-nnoma-blak-imani
track,5269,tafsiri-jam-mix-feat-hardstone-one-ii-moja-na-nnoma-blak-imani,kalamashaka/tafsiri-jam-mix-feat-hardstone-one-ii-moja-na-nnoma-blak-imani
track,527,tough-love-outro,dj-mura-k-e/tough-love-outro
track,5270,tafsirir-feat-hardstone-one-ii-moja-na-nnoma-blak-imani,kalamashaka/tafsirir-feat-hardstone-one-ii-moja-na-nnoma-blak-imani
track,5271,kila-saa-feat-hardstone-one-ii-moja-na-nnoma-blak-imani,kalamashaka/kila-saa-feat-hardstone-one-ii-moja-na-nnoma-blak-imani
track,5272,dail-nnoma-feat-hardstone-one-ii-moja-na-nnoma-blak-imani,kalamashaka/dail-nnoma-feat-hardstone-one-ii-moja-na-nnoma-blak-imani
track,5273,wanajipa-feat-hardstone-one-ii-moja-na-nnoma-blak-imani,kalamashaka/wanajipa-feat-hardstone-one-ii-moja-na-nnoma-blak-imani
track,5274,thaayi-feat-hardstone-one-ii-moja-na-nnoma-blak-imani,kalamashaka/thaayi-feat-hardstone-one-ii-moja-na-nnoma-blak-imani
track,5275,thaayi-remix-feat-hardstone-one-ii-moja-na-nnoma-blak-imani,kalamashaka/thaayi-remix-feat-hardstone-one-ii-moja-na-nnoma-blak-imani
track,5276,masaa-feat-hardstone-one-ii-moja-na-nnoma-blak-imani,kalamashaka/masaa-feat-hardstone-one-ii-moja-na-nnoma-blak-imani
track,5277,yule-yule-feat-hardstone-one-ii-moja-na-nnoma-blak-imani,kalamashaka/yule-yule-feat-hardstone-one-ii-moja-na-nnoma-blak-imani
track,5278,hands-up-feat-hardstone-one-ii-moja-na-nnoma-blak-imani,kalamashaka/hands-up-feat-hardstone-one-ii-moja-na-nnoma-blak-imani
track,5279,mabeste-feat-hardstone-one-ii-moja-na-nnoma-blak-imani,kalamashaka/mabeste-feat-hardstone-one-ii-moja-na-nnoma-blak-imani
track,528,tucheze,dj-mura/tucheze
track,5280,t-m-feat-hardstone-one-ii-moja-na-nnoma-blak-imani,kalamashaka/t-m-feat-hardstone-one-ii-moja-na-nnoma-blak-imani
track,5281,intro-feat-kitu-sewer,maovete/intro-feat-kitu-sewer
track,5282,kun-faya-kun-feat-kitu-sewer,maovete/kun-faya-kun-feat-kitu-sewer
track,5283,uta-kwenda-wapi-feat-kitu-sewer-jayhilz,maovete/uta-kwenda-wapi-feat-kitu-sewer-jayhilz
track,5284,endelezi-feat-kitu-sewer-roba-kalamashaka,maovete/endelezi-feat-kitu-sewer-roba-kalamashaka
track,5285,committee-ya-maovete-feat-kitu-sewer-jayhilz,maovete/committee-ya-maovete-feat-kitu-sewer-jayhilz
track,5286,drunken-master-barua-feat-kitu-sewer,maovete/drunken-master-barua-feat-kitu-sewer
track,5287,pandemic-feat-kitu-sewer-roba-kalamashaka-remix,maovete/pandemic-feat-kitu-sewer-roba-kalamashaka-remix
track,5288,weh-ongea-feat-kitu-sewer,maovete/weh-ongea-feat-kitu-sewer
track,5289,haina-makelele-feat-kitu-sewer,maovete/haina-makelele-feat-kitu-sewer
track,529,kai-wangu,nadia-mukami/kai-wangu
track,5290,cheki-number-feat-kitu-sewer,maovete/cheki-number-feat-kitu-sewer
track,5291,nayo-nayo-feat-kitu-sewer,maovete/nayo-nayo-feat-kitu-sewer
track,5292,pandemic-pt-2-bonus-feat-blackskillz,maovete/pandemic-pt-2-bonus-feat-blackskillz
track,5293,cheki-looku-feat-kamaa-kalamashaka-kitu-sewer-msito-nyawira-alison,maovete/cheki-looku-feat-kamaa-kalamashaka-kitu-sewer-msito-nyawira-alison
track,5294,hii-nairobi-feat-wenyeji,maovete/hii-nairobi-feat-wenyeji
track,5295,elevated-feat-kitu-sewer-msito-nem-r-shazzy-b,maovete/elevated-feat-kitu-sewer-msito-nem-r-shazzy-b
track,5296,togetherness-i-come-closer-feat-celine-msito-pain-killa,maovete/togetherness-i-come-closer-feat-celine-msito-pain-killa
track,5297,togetherness-ii-chap-chap-feat-alphablack-biggie-thee-don-dm-the-legend-fortune-teller-msito-tallam-tamzy,maovete/togetherness-ii-chap-chap-feat-alphablack-biggie-thee-don-dm-the-legend-fortune-teller-msito-tallam-tamzy
track,5298,cbd-cannabidiol-feat-kitu-sewer,maovete/cbd-cannabidiol-feat-kitu-sewer
track,5299,october-sky-feat-tallam-tamzy,maovete/october-sky-feat-tallam-tamzy
track,53,im-on-fire-for-you,elsaphan-njora/im-on-fire-for-you
track,530,mali-safi,nadia-mukami/mali-safi
track,5300,mangeta-feat-kitu-sewer-p-tah-shazzy-b,maovete/mangeta-feat-kitu-sewer-p-tah-shazzy-b
track,5301,togetherness-iii-baridi-feat-alphablack-biggie-thee-don-dm-the-legend-fortune-teller-msito-tallam-tamzy,maovete/togetherness-iii-baridi-feat-alphablack-biggie-thee-don-dm-the-legend-fortune-teller-msito-tallam-tamzy
track,5302,cha-kati-feat-kitu-sewer-msito,maovete/cha-kati-feat-kitu-sewer-msito
track,5303,togetherness-iv-ngori-feat-biggie-thee-don-dm-the-legend-fortune-teller-msito-pain-killa,maovete/togetherness-iv-ngori-feat-biggie-thee-don-dm-the-legend-fortune-teller-msito-pain-killa
track,5304,amka-kumekucha-feat-kamaa-kalamashaka-kitu-sewer,maovete/amka-kumekucha-feat-kamaa-kalamashaka-kitu-sewer
track,5305,vacation-feat-lisa-oduor-noah,octopizzo/vacation-feat-lisa-oduor-noah
track,5306,moaning-feat-wendy-kay,octopizzo/moaning-feat-wendy-kay
track,5307,you-feat-narde,octopizzo/you-feat-narde
track,5308,want-it-feat-jivu,octopizzo/want-it-feat-jivu
track,5309,diaspora-feat-tito-wagithomo,octopizzo/diaspora-feat-tito-wagithomo
track,531,mi-na-we,nadia-mukami/mi-na-we
track,5310,bad-vibes-feat-okello-max,octopizzo/bad-vibes-feat-okello-max
track,5311,achupa-feat-coster-ojwang,octopizzo/achupa-feat-coster-ojwang
track,5312,no-signal-feat-buruklyn-boyz,octopizzo/no-signal-feat-buruklyn-boyz
track,5313,the-best-feat-narde,octopizzo/the-best-feat-narde
track,5314,pupa-feat-idd-aziz,octopizzo/pupa-feat-idd-aziz
track,5315,good-morning-africa-feat-idd-aziz,octopizzo/good-morning-africa-feat-idd-aziz
track,5316,swaga-za-wapi-feat-maga,octopizzo/swaga-za-wapi-feat-maga
track,5317,zambe-feat-maga,octopizzo/zambe-feat-maga
track,5318,plus-one-feat-owino-kitoto,octopizzo/plus-one-feat-owino-kitoto
track,5319,lela-feat-suzanna-owiyo,octopizzo/lela-feat-suzanna-owiyo
track,532,nikupende,nadia-mukami/nikupende
track,5320,dungu-feat-idd-aziz,octopizzo/dungu-feat-idd-aziz
track,5321,city-cabanas-feat-idd-aziz,octopizzo/city-cabanas-feat-idd-aziz
track,5322,kibanda-feat-blinky-bill-zzero-sufuri,octopizzo/kibanda-feat-blinky-bill-zzero-sufuri
track,5323,wiya-moko-feat-akoth-jumadi,octopizzo/wiya-moko-feat-akoth-jumadi
track,5324,zoea-feat-fanisi-band,octopizzo/zoea-feat-fanisi-band
track,5325,mayienga-feat-magaa,octopizzo/mayienga-feat-magaa
track,5326,giga-feat-makadem-akoth-jumadi,octopizzo/giga-feat-makadem-akoth-jumadi
track,5327,sinibuje-feat-ach13ng-fanisi-band,octopizzo/sinibuje-feat-ach13ng-fanisi-band
track,5328,okombe-feat-magaa,octopizzo/okombe-feat-magaa
track,5329,kuja-ivo-feat-ybw-smith-sean-mmg-tipsy-gee,gody-tennor/kuja-ivo-feat-ybw-smith-sean-mmg-tipsy-gee
track,533,radio-love,nadia-mukami/radio-love
track,5330,hii-ndo-inabamba-feat-tipsy-gee-kushman-kappy,gody-tennor/hii-ndo-inabamba-feat-tipsy-gee-kushman-kappy
track,5331,finish-kumalo-feat-spoiler-soundkraft,tipsy-gee/finish-kumalo-feat-spoiler-soundkraft
track,5332,tiktoker-feat-gody-tennor-tipsy-gee-kappy,soundkraft/tiktoker-feat-gody-tennor-tipsy-gee-kappy
track,5333,mi-nataka-tu-mkale-remix-1,tugen-finest-souls/mi-nataka-tu-mkale-remix-1
track,5334,bad-manners-feat-trio-mio,dyana-cods/bad-manners-feat-trio-mio
track,5335,mbogi-monyoski-feat-ybw-smith,dyana-cods/mbogi-monyoski-feat-ybw-smith
track,5336,riswa-4-feat-sewersydaa,dyana-cods/riswa-4-feat-sewersydaa
track,5337,dar-feat-brian-simba,dyana-cods/dar-feat-brian-simba
track,5338,all-the-things-feat-timmy-blanco,dyana-cods/all-the-things-feat-timmy-blanco
track,5339,chude-genje-feat-femi-one,dyana-cods/chude-genje-feat-femi-one
track,534,siko-sure,nadia-mukami/siko-sure
track,5340,saa-sita-1,lil-maina/saa-sita-1
track,5341,alert,lilmaina__trashed-2/alert
track,5342,doba-imewai,lilmaina__trashed-2/doba-imewai
track,5343,fom-after-fom,lilmaina__trashed-2/fom-after-fom
track,5344,company,lilmaina__trashed-2/company
track,5345,lifeline,lilmaina__trashed-2/lifeline
track,5346,forget-intro,nikita-kering/forget-intro
track,5347,where-you-been,nikita-kering/where-you-been
track,5348,ex,nikita-kering/ex
track,5349,never-let-you-go,nikita-kering/never-let-you-go
track,535,tesa,nadia-mukami/tesa
track,5350,crossing-lines,nikita-kering/crossing-lines
track,5351,better-than-ever,nikita-kering/better-than-ever
track,5352,never-let-you-go-acoustic,nikita-kering/never-let-you-go-acoustic
track,5353,hallelujah-washwash,khaligraph-jones/hallelujah-washwash
track,5354,bazu,muthoni-drummer-queen/bazu
track,5355,vile-unataka,teslah/vile-unataka
track,5356,lete-sound-restore-local-sessions-001,don-diablo/lete-sound-restore-local-sessions-001
track,5357,tuko-on,thencho/tuko-on
track,5358,niko-kadi,nexxie-music/niko-kadi
track,5359,yes-i-do,barakah-the-prince/yes-i-do
track,536,wangu,nadia-mukami/wangu
track,5360,lost-in-your-eyes,wyre/lost-in-your-eyes
track,5361,forgive-me,wanavokali/forgive-me
track,5362,mungu-alipanga-mwenyewe,tuku-kantu/mungu-alipanga-mwenyewe
track,5363,mwema,moji-shortbabaa/mwema
track,5364,shark-tales,umoja-sounds/shark-tales
track,5365,german,boutross/german
track,5366,unajibamba,suzanna-owiyo/unajibamba
track,5367,dutty-money,spinx-mafia__trashed/dutty-money
track,5368,tuma-pin,rispek-ngoma/tuma-pin
track,5369,enjoy,exray-taniua/enjoy
track,537,woyoyo,nadia-mukami/woyoyo
track,5370,side-chick,arrow-bwoy/side-chick
track,5371,shots,lafayette-da1/shots
track,5372,more-than-a-friend-feat-nyashinski,savara/more-than-a-friend-feat-nyashinski
track,5373,vibration-feat-karun,savara/vibration-feat-karun
track,5374,brighter-days-feat-soweto-gospel-choir,sauti-sol/brighter-days-feat-soweto-gospel-choir
track,5375,set-me-free-interlude-1,sauti-sol/set-me-free-interlude-1
track,5376,my-everything-feat-india-arie,sauti-sol/my-everything-feat-india-arie
track,5377,wake-up-feat-mortimer,sauti-sol/wake-up-feat-mortimer
track,5378,rhumba-japani-feat-bensoul-xenia-nviiri-the-storyteller-okello-max-nhp,sauti-sol/rhumba-japani-feat-bensoul-xenia-nviiri-the-storyteller-okello-max-nhp
track,5379,disco-matanga-yambakhana-feat-sho-madjozi-black-motion,sauti-sol/disco-matanga-yambakhana-feat-sho-madjozi-black-motion
track,538,woza,nadia-mukami/woza
track,5380,likizo-feat-liboi-yah-listen,dj-mura/likizo-feat-liboi-yah-listen
track,5381,rejea-feat-coster-ojwang-yah-listen,dj-mura/rejea-feat-coster-ojwang-yah-listen
track,5382,rejea-instrumental-1,dj-mura/rejea-instrumental-1
track,5383,tough-love-outro-feat-cucu-wakomu-yah-listen,dj-mura/tough-love-outro-feat-cucu-wakomu-yah-listen
track,5384,good-vibes-inshallah-feat-bien,iyanii/good-vibes-inshallah-feat-bien
track,5385,katam-feat-bien,diamond-platnumz/katam-feat-bien
track,5386,chizi-feat-israel-onyach,serro/chizi-feat-israel-onyach
track,5387,a-mourners-cry-feat-coster-ojwang-anariko,serro/a-mourners-cry-feat-coster-ojwang-anariko
track,5388,find-a-feeling-feat-coster-ojwang,serro/find-a-feeling-feat-coster-ojwang
track,5389,nitakua-na-wewe-feat-osanya,serro/nitakua-na-wewe-feat-osanya
track,539,amnesia,mejja/amnesia
track,5390,dance-feat-ambasa-mandela,coster-ojwang/dance-feat-ambasa-mandela
track,5391,haaye-feat-ayrosh,coster-ojwang/haaye-feat-ayrosh
track,5392,mora-feat-ywaya-tajiri,coster-ojwang/mora-feat-ywaya-tajiri
track,5393,jathum-feat-savara,coster-ojwang/jathum-feat-savara
track,5394,purpose-feat-mordecai-dex,coster-ojwang/purpose-feat-mordecai-dex
track,5395,fly-away-feat-qwiss,coster-ojwang/fly-away-feat-qwiss
track,5396,tingamalo-feat-ywayah,coster-ojwang/tingamalo-feat-ywayah
track,5397,manyopesa-feat-watendawili,coster-ojwang/manyopesa-feat-watendawili
track,5398,furahia-feat-matilda-hilda,coster-ojwang/furahia-feat-matilda-hilda
track,5399,maayoo-feat-apio-moro,coster-ojwang/maayoo-feat-apio-moro
track,54,88-bars-2,moti-the-nrg/88-bars-2
track,540,chini-chini,matata/chini-chini
track,5400,ojoga-feat-serro,coster-ojwang/ojoga-feat-serro
track,5401,hera-feat-okello-max,coster-ojwang/hera-feat-okello-max
track,5402,pacha-feat-swiga,coster-ojwang/pacha-feat-swiga
track,5403,kipenda-roho-feat-brian-sigu,coster-ojwang/kipenda-roho-feat-brian-sigu
track,5404,herani-feat-wanjine,coster-ojwang/herani-feat-wanjine
track,5405,raila-odinga,coster-ojwang/raila-odinga
track,5406,jeshi-ya-katululu-feat-sir-bwoy,sewersydaa/jeshi-ya-katululu-feat-sir-bwoy
track,5407,arif-mangaa-feat-scar-sir-bwoy,sewersydaa/arif-mangaa-feat-scar-sir-bwoy
track,5408,4-na-kambao-feat-domani-sir-bwoy,sewersydaa/4-na-kambao-feat-domani-sir-bwoy
track,5409,wi-fi-feat-scar-sir-bwoy,sewersydaa/wi-fi-feat-scar-sir-bwoy
track,541,pesa-ndogo,exray-taniua/pesa-ndogo
track,5410,napenda-kenya-feat-scar-sir-bwoy,sewersydaa/napenda-kenya-feat-scar-sir-bwoy
track,5411,wacha-kujifanya-feat-juiceman-jinx,sewersydaa/wacha-kujifanya-feat-juiceman-jinx
track,5412,nena-live-1,karura-voices/nena-live-1
track,5413,malebo-remix-1,karura-voices/malebo-remix-1
track,5414,hakuna-jambo,karura-voices/hakuna-jambo
track,5415,brand-new-me-intro,pitson/brand-new-me-intro
track,5416,pale-ulipo-feat-karura-voices,pitson/pale-ulipo-feat-karura-voices
track,5417,utanifikia,pitson/utanifikia
track,5418,nakuimbia,pitson/nakuimbia
track,5419,ni-wewe-baba-feat-daddy-owen,pitson/ni-wewe-baba-feat-daddy-owen
track,542,siku-hizi-ni-ku-bad,mejja/siku-hizi-ni-ku-bad
track,5420,roho-wa-mungu-feat-bire-mwenyehaki-slejj-godson-jawabu,pitson/roho-wa-mungu-feat-bire-mwenyehaki-slejj-godson-jawabu
track,5421,tunawaombea-feat-karura-voices,pitson/tunawaombea-feat-karura-voices
track,5422,you-dont-struggle,pitson/you-dont-struggle
track,5423,i-belong,pitson/i-belong
track,5424,mrudie-baba,pitson/mrudie-baba
track,5425,kidogo-sana-feat-susan-wachira,pitson/kidogo-sana-feat-susan-wachira
track,5426,najificha-kwako-feat-timeless-noel,pitson/najificha-kwako-feat-timeless-noel
track,5427,turudishie-feat-bire-mwenyehaki,pitson/turudishie-feat-bire-mwenyehaki
track,5428,sitanyamaza-feat-liz-thairu-bonny-bones,pitson/sitanyamaza-feat-liz-thairu-bonny-bones
track,5429,mkono-wa-bwana-feat-paul-clement,pitson/mkono-wa-bwana-feat-paul-clement
track,543,siskii,mejja/siskii
track,5430,pale-ulipo-acoustic-feat-wakili-muthoni,pitson/pale-ulipo-acoustic-feat-wakili-muthoni
track,5431,tuma-pin-bonus-track,pitson/tuma-pin-bonus-track
track,5432,nimeokoka-feat-bugg-bonus-track,pitson/nimeokoka-feat-bugg-bonus-track
track,5433,lingala-ya-yesu,pitson/lingala-ya-yesu
track,5434,nainama,pitson/nainama
track,5435,rudia,pitson/rudia
track,5436,yeye-hufika-feat-njoki,pitson/yeye-hufika-feat-njoki
track,5437,mtu-wa-maana,pitson/mtu-wa-maana
track,5438,nisaidie,pitson/nisaidie
track,5439,neno-moja-feat-bire,pitson/neno-moja-feat-bire
track,544,tabia-za-wakenya-kanairo,mejja/tabia-za-wakenya-kanairo
track,5440,display-feat-lydia-ndwiga,pitson/display-feat-lydia-ndwiga
track,5441,wanajua-feat-mwenyehaki,pitson/wanajua-feat-mwenyehaki
track,5442,utanifikia-live,pitson/utanifikia-live
track,5443,mawaidha,pitson/mawaidha
track,5444,maneno-ya-uzima,pitson/maneno-ya-uzima
track,5445,zavuma,pitson/zavuma
track,5446,kilele,pitson/kilele
track,5447,niache-niimbe-feat-bire-joy-janice,pitson/niache-niimbe-feat-bire-joy-janice
track,5448,still,karun/still
track,5449,let-me-know-intro,karun/let-me-know-intro
track,545,tic-tac-remix,ranzscooby/tic-tac-remix
track,5450,paths,karun/paths
track,5451,here-with-me,karun/here-with-me
track,5452,catch-a-vibe,karun/catch-a-vibe
track,5453,i-know,karun/i-know
track,5454,grind,karun/grind
track,5455,only-you-a-colors-show,karun/only-you-a-colors-show
track,5456,make-believe-feat-blinky-bill,karun/make-believe-feat-blinky-bill
track,5457,glow-up,karun/glow-up
track,5458,pen-paper-feat-hook,karun/pen-paper-feat-hook
track,5459,buy-my-way-feat-redfourth-chorus,kagwe-mungai/buy-my-way-feat-redfourth-chorus
track,546,tiki-tako,matata/tiki-tako
track,5460,hotsteppa-feat-ndovu-kuu,kagwe-mungai/hotsteppa-feat-ndovu-kuu
track,5461,peng-ting-wawili-wawili-feat-matata,kagwe-mungai/peng-ting-wawili-wawili-feat-matata
track,5462,mos-prelude-version-1,kagwe-mungai/mos-prelude-version-1
track,5463,pole-pole-feat-king-kaka,kagwe-mungai/pole-pole-feat-king-kaka
track,5464,zero-feat-fena-gitu-mayonde,kagwe-mungai/zero-feat-fena-gitu-mayonde
track,5465,bestie-feat-collo,kagwe-mungai/bestie-feat-collo
track,5466,chi-li-li-feat-femi-one,kagwe-mungai/chi-li-li-feat-femi-one
track,5467,rada-interlude-version-1,kagwe-mungai/rada-interlude-version-1
track,5468,hainaga-mambo,maandy/hainaga-mambo
track,5469,last-dance,wakadinali/last-dance
track,547,weh-decide,mejja/weh-decide
track,5470,ryse,hopekid/ryse
track,5471,the-king,niraj-naik/the-king
track,5472,naenjoy,bensoul/naenjoy
track,5473,kiburi,kushman/kiburi
track,5474,very-bad,umoja-sounds/very-bad
track,5475,watu-wazima,tuku-kantu/watu-wazima
track,5476,running,muthoni-drummer-queen/running
track,5477,niko-hype,muthoni-drummer-queen/niko-hype
track,5478,sina-makosa-feat-boutross,muthoni-drummer-queen/sina-makosa-feat-boutross
track,5479,amazing,muthoni-drummer-queen/amazing
track,548,ya-mwisho-1,mejja/ya-mwisho-1
track,5480,keru,muthoni-drummer-queen/keru
track,5481,aina-moja,muthoni-drummer-queen/aina-moja
track,5482,nawapa,muthoni-drummer-queen/nawapa
track,5483,on-me-feat-khaligraph-jones,elsy-wameyo/on-me-feat-khaligraph-jones
track,5484,wameyo,elsy-wameyo/wameyo
track,5485,meant-to-be-feat-mr-right,elsy-wameyo/meant-to-be-feat-mr-right
track,5486,jungle-feat-femi-one,elsy-wameyo/jungle-feat-femi-one
track,5487,ler-feat-okello-max,elsy-wameyo/ler-feat-okello-max
track,5488,conquer-feat-ywaya-tajiri,elsy-wameyo/conquer-feat-ywaya-tajiri
track,5489,get-em-feat-ridiq,scar-mkadinali/get-em-feat-ridiq
track,549,6-years,serro/6-years
track,5490,like-that-feat-man-njoro,scar-mkadinali/like-that-feat-man-njoro
track,5491,l-y-f-feat-m-y-k,scar-mkadinali/l-y-f-feat-m-y-k
track,5492,nikishika-mic-feat-ares66-young-haze,scar-mkadinali/nikishika-mic-feat-ares66-young-haze
track,5493,niko-so-fine-feat-benvic,scar-mkadinali/niko-so-fine-feat-benvic
track,5494,nimfiti-feat-domani-munga,scar-mkadinali/nimfiti-feat-domani-munga
track,5495,mahaba-feat-wendy-kay,wangechi/mahaba-feat-wendy-kay
track,5496,romantic-rivals-feat-domani-mkadinali-sewersydaa,wangechi/romantic-rivals-feat-domani-mkadinali-sewersydaa
track,5497,maiyee-intro-1,winyo/maiyee-intro-1
track,5498,nyar-alego-feat-theonlyrosa,winyo/nyar-alego-feat-theonlyrosa
track,5499,angang-1,winyo/angang-1
track,55,company,mumo-beats/company
track,550,a-mourners-cry,serro/a-mourners-cry
track,5500,rombe-interlude-1,winyo/rombe-interlude-1
track,5501,daddy-issues-feat-dela,fancy-fingers/daddy-issues-feat-dela
track,5502,amanda-pressure-feat-nyashinski,fancy-fingers/amanda-pressure-feat-nyashinski
track,5503,pots-and-pans-feat-femi-leye,fancy-fingers/pots-and-pans-feat-femi-leye
track,5504,kienyeji-feat-ivy-alexander,fancy-fingers/kienyeji-feat-ivy-alexander
track,5505,braai-feat-ivy-alexander,fancy-fingers/braai-feat-ivy-alexander
track,5506,kudade-fancy-fingers-refix-feat-johnny-johnny-fathermoh-ndovu-kuu-harry-craze-lilmaina,fancy-fingers/kudade-fancy-fingers-refix-feat-johnny-johnny-fathermoh-ndovu-kuu-harry-craze-lilmaina
track,5507,sipangwingwi-feat-trio-mio-ssaru,exray-taniua/sipangwingwi-feat-trio-mio-ssaru
track,5508,luku-feat-kattapila-donn-j-steph-kapella-brit-the-ruler-ssaru-boutross-lamaz-span-k-o-b,khaligraph-jones/luku-feat-kattapila-donn-j-steph-kapella-brit-the-ruler-ssaru-boutross-lamaz-span-k-o-b
track,5509,secret-lover-feat-bensoul,muthaka/secret-lover-feat-bensoul
track,551,chizi,serro/chizi
track,5510,songa-ka-injili,kushman/songa-ka-injili
track,5511,ayayaah,element-eleeeh/ayayaah
track,5512,mapenzi-sumu,winyo/mapenzi-sumu
track,5513,december,muthoka/december
track,5514,lavender,mr-right/lavender
track,5515,sharp-boy,trio-mio/sharp-boy
track,5516,weekend,jaysoul/weekend
track,5517,bombo,maandy/bombo
track,5518,freaky,genes1s/freaky
track,5519,tell-nobody,mumbi/tell-nobody
track,552,ero-awerni,serro/ero-awerni
track,5520,wtdb-riddim,dj-wasabi/wtdb-riddim
track,5521,pole-pole,hildah-watiri/pole-pole
track,5522,weche-hera,ila-nia/weche-hera
track,5523,hawataweza-live,tribe-sessions/hawataweza-live
track,5524,kairetu,sean-mmg/kairetu
track,5525,kakizoza,sean-mmg/kakizoza
track,5526,yalala-bana,alpha-queen/yalala-bana
track,5527,my-lover,mura/my-lover
track,5528,jabanation-kususa-remix,dylan-s/jabanation-kususa-remix
track,5529,juju,barnaba/juju
track,553,find-a-feeling,serro/find-a-feeling
track,5530,body-on-me,otile-brown/body-on-me
track,5531,potion-feat-xenia-manasseh,ukweli/potion-feat-xenia-manasseh
track,5532,why-you-rude-feat-hiribae,hiribae/why-you-rude-feat-hiribae
track,5533,nice-nice,blocka-beats/nice-nice
track,5534,i-found-it-feat-june-on-the-moon,suffocate-sa/i-found-it-feat-june-on-the-moon
track,5535,i-found-it-instrumental,suffocate-sa/i-found-it-instrumental
track,5536,terra-sunrise,suffocate-sa/terra-sunrise
track,5537,thao-moja-feat-dez,hiribae/thao-moja-feat-dez
track,5538,upepo-feat-dipa-konnection,mura/upepo-feat-dipa-konnection
track,554,ilomba-1,serro/ilomba-1
track,5541,mwaki-tiestos-vip-mix,sofiya-nzau/mwaki-tiestos-vip-mix
track,5542,asante-sana-a-song-for-mama-1,khaligraph-jones/asante-sana-a-song-for-mama-1
track,5543,dedication-we-are-one-1,khaligraph-jones/dedication-we-are-one-1
track,5544,dance-samawaah,collo-blue/dance-samawaah
track,5545,paparazzi,uncojingjong/paparazzi
track,5546,unanijua-unaniskia,tipsy-gee/unanijua-unaniskia
track,5547,diligent-flow-iii,4mr-frank-white/diligent-flow-iii
track,5548,eastleigh-kgg,wakadinali/eastleigh-kgg
track,5549,aje,kethan/aje
track,555,kuwe,serro/kuwe
track,556,mwanga,serro/mwanga
track,557,nielewe,serro/nielewe
track,558,ole-interlude,serro/ole-interlude
track,559,constant-pressure-rui-radio-edit,foozak/constant-pressure-rui-radio-edit
track,56,tabasamu,shad-mziki/tabasamu
track,560,gicae-voodoo-tribe-mix,dj-tomer/gicae-voodoo-tribe-mix
track,561,kamweretho,tina-ardor/kamweretho
track,562,kamweretho-soul-reprise,tina-ardor/kamweretho-soul-reprise
track,563,kumerera,breyth/kumerera
track,564,muthamaki,lilocox/muthamaki
track,565,mwana-wakwa,dino-and-terry/mwana-wakwa
track,566,mundumuka,tina-ardor/mundumuka
track,567,play-with-my-heart,gil-bokobza/play-with-my-heart
track,568,sumbua,ally-fresh/sumbua
track,569,amazing,maya-amolo/amazing
track,57,chali-yako,kendi-kiremi/chali-yako
track,570,fly,mau-from-nowhere/fly
track,571,i-like,mau-from-nowhere/i-like
track,572,let-it-pass,mau-from-nowhere/let-it-pass
track,573,oasis,chxf-barry/oasis
track,574,restore,mau-from-nowhere/restore
track,575,s_t_l,mau-from-nowhere/s_t_l
track,576,slowly-fast,mau-from-nowhere/slowly-fast
track,577,virgin-denim,turunesh/virgin-denim
track,578,whats-all-this-then,mau-from-nowhere/whats-all-this-then
track,579,compromise,matt-ngesa/compromise
track,58,rausha,ethic-entertainment/rausha
track,580,idols,matt-ngesa/idols
track,581,intro-outro,matt-ngesa/intro-outro
track,582,muse,matt-ngesa/muse
track,583,muse-a-colors-show,matt-ngesa/muse-a-colors-show
track,584,oh-shoot,matt-ngesa/oh-shoot
track,585,problems,matt-ngesa/problems
track,586,quick-fix,matt-ngesa/quick-fix
track,587,remember-me,matt-ngesa/remember-me
track,588,twende-kazi,matt-ngesa/twende-kazi
track,589,el-shaddai-feat-cedo,h_art-the-band/el-shaddai-feat-cedo
track,59,bizz,wakadinali/bizz
track,590,issa-vibe-feat-sauti-sol,h_art-the-band/issa-vibe-feat-sauti-sol
track,591,masheesha-feat-bensoul,h_art-the-band/masheesha-feat-bensoul
track,592,my-jaber-friday-feat-brizy-annechild,h_art-the-band/my-jaber-friday-feat-brizy-annechild
track,593,na-bado-thursday-feat-nyashinski,h_art-the-band/na-bado-thursday-feat-nyashinski
track,594,nikikutazama,h_art-the-band/nikikutazama
track,595,rosella-feat-lady-jaydee,h_art-the-band/rosella-feat-lady-jaydee
track,596,tinini-feat-h_art-the-band,zuchu/tinini-feat-h_art-the-band
track,597,ukimwona,h_art-the-band/ukimwona
track,598,uliza-kiatu,h_art-the-band/uliza-kiatu
track,599,chini-kwa-chini,mayonde/chini-kwa-chini
track,6,vurugu,mauru-gwash/vurugu
track,60,im-waiting,masauti/im-waiting
track,600,en3rgy,hske/en3rgy
track,601,good-morning,mayonde/good-morning
track,602,im-feeling-it,blinky-bill/im-feeling-it
track,603,isikuti-love,mayonde/isikuti-love
track,604,magic-in-the-air,mayonde/magic-in-the-air
track,605,nairobi-feat-stonee-jiwe,mayonde/nairobi-feat-stonee-jiwe
track,606,party-nation,blinky/party-nation
track,607,raha,hske/raha
track,608,rise,mayonde/rise
track,609,balance,savara/balance
track,61,love-like-this,steph-kapela/love-like-this
track,610,changes,savara/changes
track,611,dawa-remix,elijah-kitaka/dawa-remix
track,612,farova-forever-1,savara/farova-forever-1
track,613,more-than-a-friend,savara/more-than-a-friend
track,614,parapanda,savara/parapanda
track,615,show-you-off,savara/show-you-off
track,616,show-you-off-acoustic-1,savara/show-you-off-acoustic-1
track,617,sianda-1,savara/sianda-1
track,618,use-me,savara/use-me
track,619,croozin,king-kaka/croozin
track,62,mpaka-che,gwaash/mpaka-che
track,620,dundaing,king-kaka/dundaing
track,621,find-me,king-kaka/find-me
track,622,hera-onge,king-kaka/hera-onge
track,623,hustla,king-kaka/hustla
track,624,lini-feat-rich-mavoko,king-kaka/lini-feat-rich-mavoko
track,625,morio,king-kaka/morio
track,626,papa-feat-elani,king-kaka/papa-feat-elani
track,627,share,king-kaka/share
track,628,soko,king-kaka/soko
track,629,baby-love,otile-brown/baby-love
track,63,false-9-freestyle,breeder-lw/false-9-freestyle
track,630,bounce,lexsil/bounce
track,631,chaguo-la-moyo-feat-sanaipei,otile-brown/chaguo-la-moyo-feat-sanaipei
track,632,dusuma,otile-brown/dusuma
track,633,jeraha,otile-brown/jeraha
track,634,mapenzi-hisia,otile-brown/mapenzi-hisia
track,635,one-call-feat-ruby,otile-brown/one-call-feat-ruby
track,636,regina,otile-brown/regina
track,637,such-kinda-love,otile-brown/such-kinda-love
track,638,woman-feat-harmonize,otile-brown/woman-feat-harmonize
track,639,chali-wa-mtaa,putumayo/chali-wa-mtaa
track,64,wakiuliza,collo-blue/wakiuliza
track,640,chill-kiasi-1,flier/chill-kiasi-1
track,641,filthy-rich,flier/filthy-rich
track,642,mtoto-wa-wenyewe,flier/mtoto-wa-wenyewe
track,643,siwezi-kukuweka,flier/siwezi-kukuweka
track,644,too-young-to-go-1,flier/too-young-to-go-1
track,645,uchumi-ni-mbaya,flier/uchumi-ni-mbaya
track,646,vijana-wanataka-kazi,flier/vijana-wanataka-kazi
track,647,wanawake-wanataka-maendeleo,flier/wanawake-wanataka-maendeleo
track,648,wazungu-wako-ulaya,flier/wazungu-wako-ulaya
track,649,afrikan-star,sauti-sol/afrikan-star
track,65,lifestyle,wakadinali/lifestyle
track,650,feel-my-love,sauti-sol/feel-my-love
track,651,insecure,sauti-sol/insecure
track,652,lil-mama,sauti-sol/lil-mama
track,653,melanin,sauti-sol/melanin
track,654,midnight-train,sauti-sol/midnight-train
track,655,nenda-lote,sauti-sol/nenda-lote
track,656,short-n-sweet,sauti-sol/short-n-sweet
track,657,still-the-one,sauti-sol/still-the-one
track,658,suzanna,sauti-sol/suzanna
track,659,doorstep-feat-zzero-sufuri,bensoul/doorstep-feat-zzero-sufuri
track,66,kamama,ybw-smith/kamama
track,660,favorite-song,bensoul/favorite-song
track,661,kautamu-flani-1,bensoul/kautamu-flani-1
track,662,nairobi-feat-mejja,bensoul/nairobi-feat-mejja
track,663,nakufa,okello-max/nakufa
track,664,navutishwa,bensoul/navutishwa
track,665,peddi,bensoul/peddi
track,666,thick-thighs,bensoul/thick-thighs
track,667,dush,vic-west/dush
track,668,let-you-know,charisma/let-you-know
track,669,marry-u-twice,charisma/marry-u-twice
track,67,nice-ride,zzero-sufuri/nice-ride
track,670,sherehe-feat-okello-max,charisma/sherehe-feat-okello-max
track,671,true-love,charisma/true-love
track,672,trust-issues-feat-bensoul,charisma/trust-issues-feat-bensoul
track,673,unavyonipenda-feat-mbithi,charisma/unavyonipenda-feat-mbithi
track,674,urao-1,charisma/urao-1
track,675,wivu,charisma/wivu
track,676,chokehold,zowie-kengocha/chokehold
track,677,fold-acoustic,zowie-kengocha/fold-acoustic
track,678,fragile,zowie-kengocha/fragile
track,679,hurts-like-heaven,mauimoon/hurts-like-heaven
track,68,mafrrrmbanya,watendawili/mafrrrmbanya
track,680,i-know,zowie-kengocha/i-know
track,681,pill,zowie-kengocha/pill
track,682,project-a-colors-show,zowie-kengocha/project-a-colors-show
track,683,skin,zowie-kengocha/skin
track,684,summer-bunny,zowie-kengocha/summer-bunny
track,685,touch,tangaza/touch
track,686,100-miles,4mr-frank-white/100-miles
track,687,alicia-keys-remix-feat-lil-maina,4mr-frank-white/alicia-keys-remix-feat-lil-maina
track,688,bad-boyz,4mr-frank-white/bad-boyz
track,689,diligent-flow,4mr-frank-white/diligent-flow
track,69,forever,we-are-nubia/forever
track,690,high-fashion,4mr-frank-white/high-fashion
track,691,jorja-smith,4mr-frank-white/jorja-smith
track,692,nakudungia,4mr-frank-white/nakudungia
track,693,pull-up,4mr-frank-white/pull-up
track,694,tempt,4mr-frank-white/tempt
track,695,top-tier,4mr-frank-white/top-tier
track,696,bad-gyal,maandy/bad-gyal
track,697,baddies-need-love,maandy/baddies-need-love
track,698,bubbly-bubbly-na-niki,maandy/bubbly-bubbly-na-niki
track,699,dem-mauru,maandy/dem-mauru
track,7,diehatsu,sewersydaa/diehatsu
track,70,nilivyo,kethan/nilivyo
track,700,ishia,maandy/ishia
track,701,ngori-sana,maandy/ngori-sana
track,702,non-stop-feat-maandy,nameless/non-stop-feat-maandy
track,703,sirudi-home,maandy/sirudi-home
track,704,zetu-zetu,maandy/zetu-zetu
track,705,diana,okello-max/diana
track,706,kung-fu,okello-max/kung-fu
track,707,nyamama,watendawili/nyamama
track,708,pogna-matin,fena-gitu/pogna-matin
track,709,police-na-guitar,okello-max/police-na-guitar
track,71,home,trio-mio/home
track,710,sembo,okello-max/sembo
track,711,sude-ka,okello-max/sude-ka
track,712,aus-nyamombasa,watendawili/aus-nyamombasa
track,713,cham-thum-atoti,watendawili/cham-thum-atoti
track,714,for-real,watendawili/for-real
track,715,inakubalika-1,matata/inakubalika-1
track,716,mangware,matata/mangware
track,717,abiro-da-capos-dub-mix,kato-change/abiro-da-capos-dub-mix
track,718,abiro-da-capos-touch,kato-change/abiro-da-capos-touch
track,719,akinyi,winyo/akinyi
track,72,anakushapre,eko-dydda/anakushapre
track,720,jowo,winyo/jowo
track,721,maria,winyo/maria
track,722,nyoro,kato-change/nyoro
track,723,odongo,winyo/odongo
track,724,oriti,kato-change/oriti
track,725,sazile,kato-change/sazile
track,726,yote-yote,winyo/yote-yote
track,727,ama-aje,blinky-bill/ama-aje
track,728,atenshan,blinky-bill/atenshan
track,729,compare,blinky-bill/compare
track,73,umeme-na-maji,crystal-asige/umeme-na-maji
track,730,constant-k,blinky-bill/constant-k
track,731,jam-now-simmer-down-bonus-track,blinky-bill/jam-now-simmer-down-bonus-track
track,732,kata-matin-feat-nature,blinky-bill/kata-matin-feat-nature
track,733,mungu-halali,blinky-bill/mungu-halali
track,734,oh-wah-feat-nature,blinky-bill/oh-wah-feat-nature
track,735,anyango-1,coster-ojwang/anyango-1
track,736,hera,coster-ojwang/hera
track,737,i-love-my-life,watendawili/i-love-my-life
track,738,jowi,coster-ojwang/jowi
track,739,manyopesa,coster-ojwang/manyopesa
track,74,sema,crystal-asige/sema
track,740,oguyo-oguyo,coster-ojwang/oguyo-oguyo
track,741,wabiro,coster-ojwang/wabiro
track,742,wajue-ni-wewe,shad-mziki/wajue-ni-wewe
track,743,yeyo,ochiko/yeyo
track,744,big-bigger-biggest,vic-west/big-bigger-biggest
track,745,hameni,bensoul/hameni
track,746,kuna-kuna,vic-west/kuna-kuna
track,747,ladies-only,bensoul/ladies-only
track,748,money-maker-1,bensoul/money-maker-1
track,749,vile-napenda-1,bensoul/vile-napenda-1
track,75,hiistory,crystal-asige/hiistory
track,750,zawadi,bensoul/zawadi
track,751,death-do-us-part-1,caleb-awiti/death-do-us-part-1
track,752,digestives-story,caleb-awiti/digestives-story
track,753,failing-together,caleb-awiti/failing-together
track,754,going,caleb-awiti/going
track,755,i-wish-i-was-honest,caleb-awiti/i-wish-i-was-honest
track,756,khartoum,caleb-awiti/khartoum
track,757,my-chargie,caleb-awiti/my-chargie
track,758,sinzia,lil-maina/sinzia
track,759,were-made-for-each-other,caleb-awiti/were-made-for-each-other
track,76,reasons,muthaka/reasons
track,760,beta,mutoriah/beta
track,761,disemba,mutoriah/disemba
track,762,for-lovers,hornsphere/for-lovers
track,763,lonely,mutoriah/lonely
track,764,love-song,mutoriah/love-song
track,765,nakuombea,mutoriah/nakuombea
track,766,oliveia-1,mutoriah/oliveia-1
track,767,presha,mutoriah/presha
track,768,sawa,mutoriah/sawa
track,769,tosheka,mutoriah/tosheka
track,77,masala-tea-with-matt-ngesa,muthaka/masala-tea-with-matt-ngesa
track,770,zimenishow-reggae-version,mutoriah/zimenishow-reggae-version
track,771,all-bizness-ft-scar-mkadinali,bryan-swazi/all-bizness-ft-scar-mkadinali
track,772,finya,scar-mkadinali/finya
track,773,ma-g-kwenye-klabu,lilmaina__trashed-2/ma-g-kwenye-klabu
track,774,romantic-rivals,wangechi/romantic-rivals
track,775,this-year,mr-seed/this-year
track,776,whip-inapiga-madoba,scar-mkadinali/whip-inapiga-madoba
track,777,wrong,ritzy/wrong
track,778,chuki,wyre/chuki
track,779,guarantee,wyre/guarantee
track,78,hello-mama,mutoriah/hello-mama
track,780,kingston-girl,wyre/kingston-girl
track,781,mimi-na-ye,wyre/mimi-na-ye
track,782,mwanake,wyre/mwanake
track,783,nakupenda-pia,wyre/nakupenda-pia
track,784,positivity-is-a-must,wyre/positivity-is-a-must
track,785,she-say-dat-remix,wyre/she-say-dat-remix
track,786,uprising,wyre/uprising
track,787,usimpe-roho,pam/usimpe-roho
track,788,angela,boutross/angela
track,789,angela-remix,boutross/angela-remix
track,79,niamini,mutoriah/niamini
track,790,get-down,dtx/get-down
track,791,kionjo,boutross/kionjo
track,792,miss-behavior,boutross/miss-behavior
track,793,omoka,boutross/omoka
track,794,position,blaiz-fayah/position
track,795,story-ilianza,boutross/story-ilianza
track,796,unapose,lilmaina__trashed-2/unapose
track,797,yea-yea,boutross/yea-yea
track,798,chachisha,wangechi/chachisha
track,799,hush-hush,wangechi/hush-hush
track,8,wild-fire,sasha-shlain/wild-fire
track,80,kavinya,mutoriah/kavinya
track,800,inshallah-n-vibes,wangechi/inshallah-n-vibes
track,801,lip-service,femi-one/lip-service
track,802,mahaba,wangechi/mahaba
track,803,mzigo,wangechi/mzigo
track,804,nairobi-pengz,wangechi/nairobi-pengz
track,805,rada,wangechi/rada
track,806,sanasana,wangechi/sanasana
track,807,1-nyt-stand,teslah/1-nyt-stand
track,808,1-nyt-stand-remix,teslah/1-nyt-stand-remix
track,809,call-me,vic-west/call-me
track,81,yes-loord,mutoriah/yes-loord
track,810,maua-1,dtx/maua-1
track,811,men-can-lie,vic-west/men-can-lie
track,812,ndugaikare,teslah/ndugaikare
track,813,ndugaikare-remix,teslah/ndugaikare-remix
track,814,smokie-pasua,teslah/smokie-pasua
track,815,step-on-it,teslah/step-on-it
track,816,tujibambe,teslah/tujibambe
track,817,bad-boyz-club,buruklyn-boyz/bad-boyz-club
track,818,classic,buruklyn-boyz/classic
track,819,dream-ya-kutoka-kwa-block,buruklyn-boyz/dream-ya-kutoka-kwa-block
track,82,sina-raha,wendy-kay/sina-raha
track,820,game-1,buruklyn-boyz/game-1
track,821,good-morning-africa,buruklyn-boyz/good-morning-africa
track,822,location-58,buruklyn-boyz/location-58
track,823,machete,buruklyn-boyz/machete
track,824,starshine,buruklyn-boyz/starshine
track,825,usikam-hii-section,buruklyn-boyz/usikam-hii-section
track,826,zoza,lil-maina/zoza
track,827,bahasha-ya-ocampo,juliani/bahasha-ya-ocampo
track,828,biceps,juliani/biceps
track,829,exponential-potential,juliani/exponential-potential
track,83,ndingienda-ungi,sunrise-alfie/ndingienda-ungi
track,830,hela,juliani/hela
track,831,jehovah,juliani/jehovah
track,832,kasisisi,juliani/kasisisi
track,833,mabawa,juliani/mabawa
track,834,one-day,juliani/one-day
track,835,radio,juliani/radio
track,836,utawala,juliani/utawala
track,837,beautiful-day,chimano/beautiful-day
track,838,do-you-remember,chimano/do-you-remember
track,839,fashion,chimano/fashion
track,84,usiku,big-yasa/usiku
track,840,freedom,chimano/freedom
track,841,friday-feeling,chimano/friday-feeling
track,842,halellujah,chimano/halellujah
track,843,mad-love,chimano/mad-love
track,844,show-me,willis-chimano/show-me
track,845,stereo,chimano/stereo
track,846,bamba-feat-big-pin-and-k-rupt,e-sir/bamba-feat-big-pin-and-k-rupt
track,847,boomba-train-feat-nameless,e-sir/boomba-train-feat-nameless
track,848,hamnitishi-feat-talia-oyando,e-sir/hamnitishi-feat-talia-oyando
track,849,kamata-feat-mr-lenny,e-sir/kamata-feat-mr-lenny
track,85,stima,buruklyn-boyz/stima
track,850,leo-ni-leo,e-sir/leo-ni-leo
track,851,lyrical-tounge-twister,e-sir/lyrical-tounge-twister
track,852,moss-moss-feat-brenda,e-sir/moss-moss-feat-brenda
track,853,nimefika-jo-feat-big-pin,e-sir/nimefika-jo-feat-big-pin
track,854,saree,e-sir/saree
track,855,au-sio-feat-mr-lenny,kleptomaniax/au-sio-feat-mr-lenny
track,856,furahia,kleptomaniax/furahia
track,857,haree,kleptomaniax/haree
track,858,magnetic,kleptomaniax/magnetic
track,859,maniacs-anthem,kleptomaniax/maniacs-anthem
track,86,daniel,ochungulo-family/daniel
track,860,mi-bado-niko,kleptomaniax/mi-bado-niko
track,861,njoo,kleptomaniax/njoo
track,862,swing,kleptomaniax/swing
track,863,tuendelee,kleptomaniax/tuendelee
track,864,dala,ayub-ogada/dala
track,865,dero,ayub-ogada/dero
track,866,dicholo,ayub-ogada/dicholo
track,867,kodhi,ayub-ogada/kodhi
track,868,kothbiro,ayub-ogada/kothbiro
track,869,mountains-of-the-moon,ayub-ogada/mountains-of-the-moon
track,87,genje-sana,buruklyn-boyz/genje-sana
track,870,obiero,ayub-ogada/obiero
track,871,ondiek,ayub-ogada/ondiek
track,872,otenga,ayub-ogada/otenga
track,873,wa-winjigo-ero,ayub-ogada/wa-winjigo-ero
track,874,cbd-cannabidiol,maovete/cbd-cannabidiol
track,875,cheki-number,maovete/cheki-number
track,876,committee-ya-maovete,maovete/committee-ya-maovete
track,877,drunken-master-barua,maovete/drunken-master-barua
track,878,endelezi,maovete/endelezi
track,879,haina-makelele,maovete/haina-makelele
track,88,stick,silverstone-barz/stick
track,880,kun-faya-kun,maovete/kun-faya-kun
track,881,pandemic-remix,maovete/pandemic-remix
track,882,uta-kwenda-wapi,maovete/uta-kwenda-wapi
track,883,weh-ongea,maovete/weh-ongea
track,884,a-i,unspoken-salaton/a-i
track,885,anaku-rada,joefes/anaku-rada
track,886,boys-mamako-alikukanya,joefes/boys-mamako-alikukanya
track,887,can-kare,fathermoh/can-kare
track,888,gaggle-wapi-msupa-1,joefes/gaggle-wapi-msupa-1
track,889,katanisha,sailors-254/katanisha
track,89,last-minute,exray-taniua/last-minute
track,890,sipendi-deni,josephyl/sipendi-deni
track,891,take-it-easy-1,odi-wa-muranga/take-it-easy-1
track,892,wagithomo,joefes/wagithomo
track,893,dail-nnoma,kalamashaka/dail-nnoma
track,894,hands-up,kalamashaka/hands-up
track,895,kila-saa,kalamashaka/kila-saa
track,896,mabeste,kalamashaka/mabeste
track,897,mkhana,kalamashaka/mkhana
track,898,t-m,kalamashaka/t-m
track,899,tafsiri-jam-mix,kalamashaka/tafsiri-jam-mix
track,9,sioni-haja,deno/sioni-haja
track,90,brayo,teslah/brayo
track,900,tafsirir,kalamashaka/tafsirir
track,901,thaayi-remix,kalamashaka/thaayi-remix
track,902,wanajipa,kalamashaka/wanajipa
track,903,hapa-sitoki,karura-voices/hapa-sitoki
track,904,makubwa,karura-voices/makubwa
track,905,malebo-remix,karura-voices/malebo-remix
track,906,nena-live,karura-voices/nena-live
track,907,ngatho,karura-voices/ngatho
track,908,nimekubali,karura-voices/nimekubali
track,909,nitakaa-nawewe,karura-voices/nitakaa-nawewe
track,91,corporate-baddie,dr-reign/corporate-baddie
track,910,pale-ulipo,pitson/pale-ulipo
track,911,pokea,karura-voices/pokea
track,912,usikubali,karura-voices/usikubali
track,913,crossed-the-line,june-gachui/crossed-the-line
track,914,everybody,june-gachui/everybody
track,915,everything-is-fine,june-gachui/everything-is-fine
track,916,forever-with-you,june-gachui/forever-with-you
track,917,good-day,june-gachui/good-day
track,918,holla,june-gachui/holla
track,919,love-like-this,mackinlay/love-like-this
track,92,mi-amor,ssaru/mi-amor
track,920,no-end-my-forever-song,june-gachui/no-end-my-forever-song
track,921,one-day,june-gachui/one-day
track,922,stay-in,june-gachui/stay-in
track,923,dreams-intro,bensoul/dreams-intro
track,924,dunia,wanavokali/dunia
track,925,hawataweza,wanavokali/hawataweza
track,926,kula-tatu,wanavokali/kula-tatu
track,927,niangalie-1,kethan/niangalie-1
track,928,nitangoja,wanavokali/nitangoja
track,929,reasons,wanavokali/reasons
track,93,all-over,charisma/all-over
track,930,rhumba,wanavokali/rhumba
track,931,supa-dupa,wanavokali/supa-dupa
track,932,tequila,wanavokali/tequila
track,933,better-1,afamefuna/better-1
track,934,buy-me-love,stacy-kamatu/buy-me-love
track,935,buy-me-love-aare-remix,stacy-kamatu/buy-me-love-aare-remix
track,936,coka-mucie,stacy-kamatu/coka-mucie
track,937,namanama-for-real-for-real,twan/namanama-for-real-for-real
track,938,swim,stacy-kamatu/swim
track,939,way-you-move,stacy-kamatu/way-you-move
track,94,nasinzia-ii,nameless/nasinzia-ii
track,940,aibu,we-are-nubia/aibu
track,941,dnd-1,we-are-nubia/dnd-1
track,942,mapenzi-ya-sinema,we-are-nubia/mapenzi-ya-sinema
track,943,mvinyo,we-are-nubia/mvinyo
track,944,ni-wewe,we-are-nubia/ni-wewe
track,945,niko-sawa-1,we-are-nubia/niko-sawa-1
track,946,hii-design,willy-paul/hii-design
track,947,i-do,willy-paul/i-do
track,948,kamati-ya-roho-chafu,willy-paul/kamati-ya-roho-chafu
track,949,kuu-kuu,willy-paul/kuu-kuu
track,95,just-break-my-heart,m-rumbi/just-break-my-heart
track,950,liar,willy-paul/liar
track,951,na-na-na,willy-paul/na-na-na
track,952,ngunga,willy-paul/ngunga
track,953,njiwa,willy-paul/njiwa
track,954,toto,willy-paul/toto
track,955,glock-in-the-lap,kahush/glock-in-the-lap
track,956,haga-ya-karao,benzema/haga-ya-karao
track,957,just-friends,karun/just-friends
track,958,lookin-gooood,kahush/lookin-gooood
track,959,mastingo,kahush/mastingo
track,96,wallahi,nonini-mgenge2ru/wallahi
track,960,mi-siwezi,kahush/mi-siwezi
track,961,sana-up,kahush/sana-up
track,962,skeletons-in-the-closet,kahush/skeletons-in-the-closet
track,963,stoned,kahush/stoned
track,964,wishlist-nakupenda,kahush/wishlist-nakupenda
track,965,3-am,eladio-carrion/3-am
track,966,cholo-2,victor-mendivil/cholo-2
track,967,coco-chanel,eladio-carrion/coco-chanel
track,968,eladio-carrion-bzrp-music-sessions-vol-40-66,bizarrap/eladio-carrion-bzrp-music-sessions-vol-40-66
track,969,hola-como-vas,eladio-carrion/hola-como-vas
track,97,mad-ting,wakuu-music/mad-ting
track,970,kemba-walker,eladio-carrion/kemba-walker
track,971,mbappe,eladio-carrion/mbappe
track,972,me-gustas-natural,eladio-carrion/me-gustas-natural
track,973,sigue-bailandome,yannc/sigue-bailandome
track,974,thunder-y-lightning,bad-bunny/thunder-y-lightning
track,975,mambo-imechemka,krg-the-don/mambo-imechemka
track,976,pombe-kwa-bar,ambassada/pombe-kwa-bar
track,977,wano,krg-the-don/wano
track,978,zimble,mbogi-genje/zimble
track,979,best-friend,mastar-vk/best-friend
track,98,dont-delay,dyana-cods/dont-delay
track,980,cbc,mastar-vk/cbc
track,981,chanua-ma-namble,mastar-vk/chanua-ma-namble
track,982,kamejaa-gas,mastar-vk/kamejaa-gas
track,983,kazoze,mastar-vk/kazoze
track,984,kisoja,mastar-vk/kisoja
track,985,kitu-nono-remix-remix,breeder-lw/kitu-nono-remix-remix
track,986,nakuja,mastar-vk/nakuja
track,987,ngeus,mastar-vk/ngeus
track,988,ni-real,mastar-vk/ni-real
track,989,frrmbanya,unspoken-salaton/frrmbanya
track,99,caliente,genes1s/caliente
track,990,guza-guza,unspoken-salaton/guza-guza
track,991,ngoma-ya-walevi,unspoken-salaton/ngoma-ya-walevi
track,992,be-my-lover,fancy-fingers/be-my-lover
track,993,fancy-feeling,fancy-fingers/fancy-feeling
track,994,fire-feat-nature,olivetheboy/fire-feat-nature
track,995,k-fancy-fingers-refix,fancy-fingers/k-fancy-fingers-refix
track,996,life-goes-on-feat-nature,bien/life-goes-on-feat-nature
track,997,ochikore,ochiko/ochikore
track,998,without-your-love-ii,dwin/without-your-love-ii
track,999,african-king-remastered-remastered,fena-gitu/african-king-remastered-remastered