id,source_wp_post_id,slug,name,country,city,logo_url,website,content_html,excerpt_html,wp_status,editable_payload,immutable_payload,seo_payload,updated_at
85e989e8-c107-da5f-0c92-9707bb2a8b83,null,sudah-nation,Sudah Nation,null,null,null,null,null,null,publish,"{""old_id"":1,""old_table"":""wp_wkcharts_labels""}","{""id"":1,""name"":""Sudah Nation"",""slug"":""sudah-nation"",""notes"":null,""created_at"":""2026-04-04 08:23:59"",""updated_at"":""2026-04-04 08:23:59"",""website_url"":null,""country_iso2"":null,""normalized_name"":""sudah nation""}",{},2026-04-04 08:23:59+00
3c856f0a-2bb9-fbfb-b9d7-d26e0c882240,null,3683177-records-dk2,3683177 Records DK2,null,null,null,null,null,null,publish,"{""old_id"":2,""old_table"":""wp_wkcharts_labels""}","{""id"":2,""name"":""3683177 Records DK2"",""slug"":""3683177-records-dk2"",""notes"":null,""created_at"":""2026-04-04 08:23:59"",""updated_at"":""2026-04-04 08:23:59"",""website_url"":null,""country_iso2"":null,""normalized_name"":""3683177 records dk2""}",{},2026-04-04 08:23:59+00
94ac7666-e126-598c-fb60-485425f59e2c,null,kethan,Kethan,null,null,null,null,null,null,publish,"{""old_id"":3,""old_table"":""wp_wkcharts_labels""}","{""id"":3,""name"":""Kethan"",""slug"":""kethan"",""notes"":null,""created_at"":""2026-04-04 08:23:59"",""updated_at"":""2026-04-04 08:23:59"",""website_url"":null,""country_iso2"":null,""normalized_name"":""kethan""}",{},2026-04-04 08:23:59+00
af34a99f-8409-80bd-2949-e1bddb10baf0,null,independent,Independent,null,null,null,null,null,null,publish,"{""old_id"":4,""old_table"":""wp_wkcharts_labels""}","{""id"":4,""name"":""Independent"",""slug"":""independent"",""notes"":null,""created_at"":""2026-04-04 08:23:59"",""updated_at"":""2026-04-04 08:23:59"",""website_url"":null,""country_iso2"":null,""normalized_name"":""independent""}",{},2026-04-04 08:23:59+00
30d16c31-ca3a-b624-bacc-1a59f1cd7c59,null,digitone-music-group,Digitone Music group,null,null,null,null,null,null,publish,"{""old_id"":5,""old_table"":""wp_wkcharts_labels""}","{""id"":5,""name"":""Digitone Music group"",""slug"":""digitone-music-group"",""notes"":null,""created_at"":""2026-04-04 08:23:59"",""updated_at"":""2026-04-04 08:23:59"",""website_url"":null,""country_iso2"":null,""normalized_name"":""digitone music group""}",{},2026-04-04 08:23:59+00
e581c374-e5e4-71a4-710d-1a9ce901c4b4,null,tanasha-donna,Tanasha Donna,null,null,null,null,null,null,publish,"{""old_id"":6,""old_table"":""wp_wkcharts_labels""}","{""id"":6,""name"":""Tanasha Donna"",""slug"":""tanasha-donna"",""notes"":null,""created_at"":""2026-04-04 08:23:59"",""updated_at"":""2026-04-04 08:23:59"",""website_url"":null,""country_iso2"":null,""normalized_name"":""tanasha donna""}",{},2026-04-04 08:23:59+00
dad1aa15-73b2-c873-9ba5-a76fe6ef75c0,null,sol-generation-publishing-limited,Sol Generation Publishing Limited,null,null,null,null,null,null,publish,"{""old_id"":7,""old_table"":""wp_wkcharts_labels""}","{""id"":7,""name"":""Sol Generation Publishing Limited"",""slug"":""sol-generation-publishing-limited"",""notes"":null,""created_at"":""2026-04-04 08:23:59"",""updated_at"":""2026-04-04 08:23:59"",""website_url"":null,""country_iso2"":null,""normalized_name"":""sol generation publishing limited""}",{},2026-04-04 08:23:59+00
9ba154e5-7162-970e-6025-01984477bebc,null,ahadi-records,AHADI RECORDS,null,null,null,null,null,null,publish,"{""old_id"":8,""old_table"":""wp_wkcharts_labels""}","{""id"":8,""name"":""AHADI RECORDS"",""slug"":""ahadi-records"",""notes"":null,""created_at"":""2026-04-04 08:23:59"",""updated_at"":""2026-04-04 08:23:59"",""website_url"":null,""country_iso2"":null,""normalized_name"":""ahadi records""}",{},2026-04-04 08:23:59+00
5300afc1-dab5-97d4-fabd-c583739e7592,null,ewoton-music,Ewoton Music,null,null,null,null,null,null,publish,"{""old_id"":9,""old_table"":""wp_wkcharts_labels""}","{""id"":9,""name"":""Ewoton Music"",""slug"":""ewoton-music"",""notes"":null,""created_at"":""2026-04-04 08:23:59"",""updated_at"":""2026-04-04 08:23:59"",""website_url"":null,""country_iso2"":null,""normalized_name"":""ewoton music""}",{},2026-04-04 08:23:59+00
73916e4e-66f2-2530-359c-d182393cf57e,null,atalia-records,Atalia Records,null,null,null,null,null,null,publish,"{""old_id"":10,""old_table"":""wp_wkcharts_labels""}","{""id"":10,""name"":""Atalia Records"",""slug"":""atalia-records"",""notes"":null,""created_at"":""2026-04-04 08:23:59"",""updated_at"":""2026-04-04 08:23:59"",""website_url"":null,""country_iso2"":null,""normalized_name"":""atalia records""}",{},2026-04-04 08:23:59+00
48457b1d-4162-c45d-66ba-3225f460bf33,null,5382939-records-dk,5382939 Records DK,null,null,null,null,null,null,publish,"{""old_id"":11,""old_table"":""wp_wkcharts_labels""}","{""id"":11,""name"":""5382939 Records DK"",""slug"":""5382939-records-dk"",""notes"":null,""created_at"":""2026-04-04 08:23:59"",""updated_at"":""2026-04-04 08:23:59"",""website_url"":null,""country_iso2"":null,""normalized_name"":""5382939 records dk""}",{},2026-04-04 08:23:59+00
3d0817e5-7b40-1675-f10b-376ebeed545b,null,davy-waweru-music,Davy Waweru Music.,null,null,null,null,null,null,publish,"{""old_id"":12,""old_table"":""wp_wkcharts_labels""}","{""id"":12,""name"":""Davy Waweru Music."",""slug"":""davy-waweru-music"",""notes"":null,""created_at"":""2026-04-04 08:23:59"",""updated_at"":""2026-04-04 08:23:59"",""website_url"":null,""country_iso2"":null,""normalized_name"":""davy waweru music""}",{},2026-04-04 08:23:59+00
a4fb7405-d196-fd01-189b-8b9755f5f03a,null,zaituni-music,Zaituni Music,null,null,null,null,null,null,publish,"{""old_id"":13,""old_table"":""wp_wkcharts_labels""}","{""id"":13,""name"":""Zaituni Music"",""slug"":""zaituni-music"",""notes"":null,""created_at"":""2026-04-04 08:23:59"",""updated_at"":""2026-04-04 08:23:59"",""website_url"":null,""country_iso2"":null,""normalized_name"":""zaituni music""}",{},2026-04-04 08:23:59+00
47983856-e8ad-9faa-4e4e-9d010a45025c,null,platoon,Platoon,null,null,null,null,null,null,publish,"{""old_id"":14,""old_table"":""wp_wkcharts_labels""}","{""id"":14,""name"":""Platoon"",""slug"":""platoon"",""notes"":null,""created_at"":""2026-04-04 08:23:59"",""updated_at"":""2026-04-04 08:23:59"",""website_url"":null,""country_iso2"":null,""normalized_name"":""platoon""}",{},2026-04-04 08:23:59+00
161d29ec-ee04-66d0-0d24-cb8a7c525f80,null,maya-amolo,Maya Amolo,null,null,null,null,null,null,publish,"{""old_id"":15,""old_table"":""wp_wkcharts_labels""}","{""id"":15,""name"":""Maya Amolo"",""slug"":""maya-amolo"",""notes"":null,""created_at"":""2026-04-04 08:23:59"",""updated_at"":""2026-04-04 08:23:59"",""website_url"":null,""country_iso2"":null,""normalized_name"":""maya amolo""}",{},2026-04-04 08:23:59+00
46766122-19f6-bf45-08ce-75cfc73f0c99,null,palagroove,PALAGROOVE,null,null,null,null,null,null,publish,"{""old_id"":16,""old_table"":""wp_wkcharts_labels""}","{""id"":16,""name"":""PALAGROOVE"",""slug"":""palagroove"",""notes"":null,""created_at"":""2026-04-04 08:23:59"",""updated_at"":""2026-04-04 08:23:59"",""website_url"":null,""country_iso2"":null,""normalized_name"":""palagroove""}",{},2026-04-04 08:23:59+00
8536d44e-00fd-8538-ae76-f1bffd94d073,null,colossal-dream-entertainment,COLOSSAL DREAM ENTERTAINMENT,null,null,null,null,null,null,publish,"{""old_id"":17,""old_table"":""wp_wkcharts_labels""}","{""id"":17,""name"":""COLOSSAL DREAM ENTERTAINMENT"",""slug"":""colossal-dream-entertainment"",""notes"":null,""created_at"":""2026-04-04 08:23:59"",""updated_at"":""2026-04-04 08:23:59"",""website_url"":null,""country_iso2"":null,""normalized_name"":""colossal dream entertainment""}",{},2026-04-04 08:23:59+00
df21b18d-65c6-4266-e471-23e0fb2359eb,null,universal-music-kenya-limited,Universal Music Kenya Limited,null,null,null,null,null,null,publish,"{""old_id"":18,""old_table"":""wp_wkcharts_labels""}","{""id"":18,""name"":""Universal Music Kenya Limited"",""slug"":""universal-music-kenya-limited"",""notes"":null,""created_at"":""2026-04-04 08:23:59"",""updated_at"":""2026-04-04 08:23:59"",""website_url"":null,""country_iso2"":null,""normalized_name"":""universal music kenya limited""}",{},2026-04-04 08:23:59+00
42bfeffb-f885-77d1-2e7c-0314819b351c,null,le-loup-studios,Le Loup Studios,null,null,null,null,null,null,publish,"{""old_id"":19,""old_table"":""wp_wkcharts_labels""}","{""id"":19,""name"":""Le Loup Studios"",""slug"":""le-loup-studios"",""notes"":null,""created_at"":""2026-04-04 08:23:59"",""updated_at"":""2026-04-04 08:23:59"",""website_url"":null,""country_iso2"":null,""normalized_name"":""le loup studios""}",{},2026-04-04 08:23:59+00
fae38510-db49-13a5-3551-f3c275ddc93f,null,ochiko,Ochiko,null,null,null,null,null,null,publish,"{""old_id"":20,""old_table"":""wp_wkcharts_labels""}","{""id"":20,""name"":""Ochiko"",""slug"":""ochiko"",""notes"":null,""created_at"":""2026-04-04 08:23:59"",""updated_at"":""2026-04-04 08:23:59"",""website_url"":null,""country_iso2"":null,""normalized_name"":""ochiko""}",{},2026-04-04 08:23:59+00
db402c09-b14f-9fa3-446b-97fbac10ce7d,null,me-n-my-cousin-entertainment,Me N My Cousin Entertainment,null,null,null,null,null,null,publish,"{""old_id"":21,""old_table"":""wp_wkcharts_labels""}","{""id"":21,""name"":""Me N My Cousin Entertainment"",""slug"":""me-n-my-cousin-entertainment"",""notes"":null,""created_at"":""2026-04-04 08:23:59"",""updated_at"":""2026-04-04 08:23:59"",""website_url"":null,""country_iso2"":null,""normalized_name"":""me n my cousin entertainment""}",{},2026-04-04 08:23:59+00
79f01fd9-62c1-e8f4-3512-d04987979164,null,colorsxstudios,COLORSxSTUDIOS,null,null,null,null,null,null,publish,"{""old_id"":22,""old_table"":""wp_wkcharts_labels""}","{""id"":22,""name"":""COLORSxSTUDIOS"",""slug"":""colorsxstudios"",""notes"":null,""created_at"":""2026-04-04 08:23:59"",""updated_at"":""2026-04-04 08:23:59"",""website_url"":null,""country_iso2"":null,""normalized_name"":""colorsxstudios""}",{},2026-04-04 08:23:59+00
c7845d93-ee15-648b-499d-43c40f2f7d44,null,bmg-rights-management-us-llc,BMG Rights Management (US) LLC,null,null,null,null,null,null,publish,"{""old_id"":23,""old_table"":""wp_wkcharts_labels""}","{""id"":23,""name"":""BMG Rights Management (US) LLC"",""slug"":""bmg-rights-management-us-llc"",""notes"":null,""created_at"":""2026-04-04 08:23:59"",""updated_at"":""2026-04-04 08:23:59"",""website_url"":null,""country_iso2"":null,""normalized_name"":""bmg rights management us llc""}",{},2026-04-04 08:23:59+00
99a49de0-822b-e6d5-d005-d7b8f5ce21c4,null,flying-radio,Flying Radio,null,null,null,null,null,null,publish,"{""old_id"":24,""old_table"":""wp_wkcharts_labels""}","{""id"":24,""name"":""Flying Radio"",""slug"":""flying-radio"",""notes"":null,""created_at"":""2026-04-04 08:23:59"",""updated_at"":""2026-04-04 08:23:59"",""website_url"":null,""country_iso2"":null,""normalized_name"":""flying radio""}",{},2026-04-04 08:23:59+00
dba2674d-6a7f-bac8-ffb6-98c76fc605fa,null,big-b-ent,BIG B ENT,null,null,null,null,null,null,publish,"{""old_id"":25,""old_table"":""wp_wkcharts_labels""}","{""id"":25,""name"":""BIG B ENT"",""slug"":""big-b-ent"",""notes"":null,""created_at"":""2026-04-04 08:23:59"",""updated_at"":""2026-04-04 08:23:59"",""website_url"":null,""country_iso2"":null,""normalized_name"":""big b ent""}",{},2026-04-04 08:23:59+00
92e9dfce-a815-625e-9f41-d4b8c80cd0a1,null,itsbill,it'sBill,null,null,null,null,null,null,publish,"{""old_id"":26,""old_table"":""wp_wkcharts_labels""}","{""id"":26,""name"":""it'sBill"",""slug"":""itsbill"",""notes"":null,""created_at"":""2026-04-04 08:23:59"",""updated_at"":""2026-04-04 08:23:59"",""website_url"":null,""country_iso2"":null,""normalized_name"":""it sbill""}",{},2026-04-04 08:23:59+00
10bff69d-e44b-c406-e14e-9e85dd5726b2,null,ovek-ltd,Ovek ltd,null,null,null,null,null,null,publish,"{""old_id"":27,""old_table"":""wp_wkcharts_labels""}","{""id"":27,""name"":""Ovek ltd"",""slug"":""ovek-ltd"",""notes"":null,""created_at"":""2026-04-04 08:23:59"",""updated_at"":""2026-04-04 08:23:59"",""website_url"":null,""country_iso2"":null,""normalized_name"":""ovek ltd""}",{},2026-04-04 08:23:59+00
2be8c15d-aa89-7082-2195-a159630f6e50,null,malobaby-entertainment,malobaby entertainment,null,null,null,null,null,null,publish,"{""old_id"":28,""old_table"":""wp_wkcharts_labels""}","{""id"":28,""name"":""malobaby entertainment"",""slug"":""malobaby-entertainment"",""notes"":null,""created_at"":""2026-04-04 08:23:59"",""updated_at"":""2026-04-04 08:23:59"",""website_url"":null,""country_iso2"":null,""normalized_name"":""malobaby entertainment""}",{},2026-04-04 08:23:59+00
a8ca276a-248f-cde8-cabd-baf10a320302,null,us-inc,us.inc,null,null,null,null,null,null,publish,"{""old_id"":29,""old_table"":""wp_wkcharts_labels""}","{""id"":29,""name"":""us.inc"",""slug"":""us-inc"",""notes"":null,""created_at"":""2026-04-04 08:23:59"",""updated_at"":""2026-04-04 08:23:59"",""website_url"":null,""country_iso2"":null,""normalized_name"":""us inc""}",{},2026-04-04 08:23:59+00
6d7f5c56-1457-899b-f89e-8fe6c474b1b9,null,4027713-records-dk,4027713 Records DK,null,null,null,null,null,null,publish,"{""old_id"":30,""old_table"":""wp_wkcharts_labels""}","{""id"":30,""name"":""4027713 Records DK"",""slug"":""4027713-records-dk"",""notes"":null,""created_at"":""2026-04-04 08:23:59"",""updated_at"":""2026-04-04 08:23:59"",""website_url"":null,""country_iso2"":null,""normalized_name"":""4027713 records dk""}",{},2026-04-04 08:23:59+00
ddcc6423-2c82-a2a4-16e8-de021a747b2c,null,alamuziki-enterprises,ALAMUZIKI ENTERPRISES,null,null,null,null,null,null,publish,"{""old_id"":31,""old_table"":""wp_wkcharts_labels""}","{""id"":31,""name"":""ALAMUZIKI ENTERPRISES"",""slug"":""alamuziki-enterprises"",""notes"":null,""created_at"":""2026-04-04 08:23:59"",""updated_at"":""2026-04-04 08:23:59"",""website_url"":null,""country_iso2"":null,""normalized_name"":""alamuziki enterprises""}",{},2026-04-04 08:23:59+00
fc9f9d89-21d6-00ac-adf2-046815725da0,null,maali,maali,null,null,null,null,null,null,publish,"{""old_id"":32,""old_table"":""wp_wkcharts_labels""}","{""id"":32,""name"":""maali"",""slug"":""maali"",""notes"":null,""created_at"":""2026-04-04 08:23:59"",""updated_at"":""2026-04-04 08:23:59"",""website_url"":null,""country_iso2"":null,""normalized_name"":""maali""}",{},2026-04-04 08:23:59+00
b9f6bbac-60f4-5d7a-915c-035d8cdabfe5,null,kaka-empire,KAKA EMPIRE,null,null,null,null,null,null,publish,"{""old_id"":33,""old_table"":""wp_wkcharts_labels""}","{""id"":33,""name"":""KAKA EMPIRE"",""slug"":""kaka-empire"",""notes"":null,""created_at"":""2026-04-04 08:23:59"",""updated_at"":""2026-04-04 08:23:59"",""website_url"":null,""country_iso2"":null,""normalized_name"":""kaka empire""}",{},2026-04-04 08:23:59+00
60c9f20d-e7ea-0fce-59e4-c95849f40460,null,maandy,Maandy,null,null,null,null,null,null,publish,"{""old_id"":34,""old_table"":""wp_wkcharts_labels""}","{""id"":34,""name"":""Maandy"",""slug"":""maandy"",""notes"":null,""created_at"":""2026-04-04 08:23:59"",""updated_at"":""2026-04-04 08:23:59"",""website_url"":null,""country_iso2"":null,""normalized_name"":""maandy""}",{},2026-04-04 08:23:59+00
f45cd53d-49ef-0676-db55-6c1f35878904,null,saldido-international,Saldido International,null,null,null,null,null,null,publish,"{""old_id"":35,""old_table"":""wp_wkcharts_labels""}","{""id"":35,""name"":""Saldido International"",""slug"":""saldido-international"",""notes"":null,""created_at"":""2026-04-04 08:23:59"",""updated_at"":""2026-04-04 08:23:59"",""website_url"":null,""country_iso2"":null,""normalized_name"":""saldido international""}",{},2026-04-04 08:23:59+00
67283d1b-5cdd-1e62-cea2-675dbf7ba782,null,universal-music-kenya-limited-distributed-labels,Universal Music Kenya Limited Distributed Labels,null,null,null,null,null,null,publish,"{""old_id"":37,""old_table"":""wp_wkcharts_labels""}","{""id"":37,""name"":""Universal Music Kenya Limited Distributed Labels"",""slug"":""universal-music-kenya-limited-distributed-labels"",""notes"":null,""created_at"":""2026-04-04 08:23:59"",""updated_at"":""2026-04-04 08:23:59"",""website_url"":null,""country_iso2"":null,""normalized_name"":""universal music kenya limited distributed labels""}",{},2026-04-04 08:23:59+00
1ef9b154-429b-cdef-1e90-eba2bb91e8f9,null,kambaboy-entertainment,Kambaboy Entertainment,null,null,null,null,null,null,publish,"{""old_id"":38,""old_table"":""wp_wkcharts_labels""}","{""id"":38,""name"":""Kambaboy Entertainment"",""slug"":""kambaboy-entertainment"",""notes"":null,""created_at"":""2026-04-04 08:23:59"",""updated_at"":""2026-04-04 08:23:59"",""website_url"":null,""country_iso2"":null,""normalized_name"":""kambaboy entertainment""}",{},2026-04-04 08:23:59+00
ca5c9a2f-2d94-2954-a0fd-58df2d19e4cd,null,manasseh-entertainment-llc,Manasseh Entertainment LLC,null,null,null,null,null,null,publish,"{""old_id"":39,""old_table"":""wp_wkcharts_labels""}","{""id"":39,""name"":""Manasseh Entertainment LLC"",""slug"":""manasseh-entertainment-llc"",""notes"":null,""created_at"":""2026-04-04 08:23:59"",""updated_at"":""2026-04-04 08:23:59"",""website_url"":null,""country_iso2"":null,""normalized_name"":""manasseh entertainment llc""}",{},2026-04-04 08:23:59+00
11e0d561-6c62-3961-9369-a73cefbc7091,null,waruks-productions,Waruks Productions,null,null,null,null,null,null,publish,"{""old_id"":40,""old_table"":""wp_wkcharts_labels""}","{""id"":40,""name"":""Waruks Productions"",""slug"":""waruks-productions"",""notes"":null,""created_at"":""2026-04-04 08:23:59"",""updated_at"":""2026-04-04 08:23:59"",""website_url"":null,""country_iso2"":null,""normalized_name"":""waruks productions""}",{},2026-04-04 08:23:59+00
ab5decc4-5ba7-57be-87bc-bc1e94723101,null,sony-music-entertainment-east-africa,Sony Music Entertainment East Africa,null,null,null,null,null,null,publish,"{""old_id"":41,""old_table"":""wp_wkcharts_labels""}","{""id"":41,""name"":""Sony Music Entertainment East Africa"",""slug"":""sony-music-entertainment-east-africa"",""notes"":null,""created_at"":""2026-04-04 08:23:59"",""updated_at"":""2026-04-04 08:23:59"",""website_url"":null,""country_iso2"":null,""normalized_name"":""sony music entertainment east africa""}",{},2026-04-04 08:23:59+00
d90cb580-521a-66cb-fc2f-fee90a57d70f,null,5498330-records-dk2,5498330 Records DK2,null,null,null,null,null,null,publish,"{""old_id"":42,""old_table"":""wp_wkcharts_labels""}","{""id"":42,""name"":""5498330 Records DK2"",""slug"":""5498330-records-dk2"",""notes"":null,""created_at"":""2026-04-04 08:23:59"",""updated_at"":""2026-04-04 08:23:59"",""website_url"":null,""country_iso2"":null,""normalized_name"":""5498330 records dk2""}",{},2026-04-04 08:23:59+00
6437be61-823a-86f2-248d-c4a629257023,null,nnavy,NNAVY,null,null,null,null,null,null,publish,"{""old_id"":43,""old_table"":""wp_wkcharts_labels""}","{""id"":43,""name"":""NNAVY"",""slug"":""nnavy"",""notes"":null,""created_at"":""2026-04-04 08:23:59"",""updated_at"":""2026-04-04 08:23:59"",""website_url"":null,""country_iso2"":null,""normalized_name"":""nnavy""}",{},2026-04-04 08:23:59+00
f5c3f149-153a-fada-153e-d20b4e45ae86,null,shamzisto,Shamzisto,null,null,null,null,null,null,publish,"{""old_id"":44,""old_table"":""wp_wkcharts_labels""}","{""id"":44,""name"":""Shamzisto"",""slug"":""shamzisto"",""notes"":null,""created_at"":""2026-04-04 08:23:59"",""updated_at"":""2026-04-04 08:23:59"",""website_url"":null,""country_iso2"":null,""normalized_name"":""shamzisto""}",{},2026-04-04 08:23:59+00
d3e8f82b-d0fa-d093-7532-7cfe48ee1c12,null,2583524-records-dk,2583524 Records DK,null,null,null,null,null,null,publish,"{""old_id"":45,""old_table"":""wp_wkcharts_labels""}","{""id"":45,""name"":""2583524 Records DK"",""slug"":""2583524-records-dk"",""notes"":null,""created_at"":""2026-04-04 08:23:59"",""updated_at"":""2026-04-04 08:23:59"",""website_url"":null,""country_iso2"":null,""normalized_name"":""2583524 records dk""}",{},2026-04-04 08:23:59+00
1a7e5ec5-e89a-2622-03e2-1f09a86515b9,null,deep-core-records,Deep Core Records.,null,null,null,null,null,null,publish,"{""old_id"":46,""old_table"":""wp_wkcharts_labels""}","{""id"":46,""name"":""Deep Core Records."",""slug"":""deep-core-records"",""notes"":null,""created_at"":""2026-04-04 08:23:59"",""updated_at"":""2026-04-04 08:23:59"",""website_url"":null,""country_iso2"":null,""normalized_name"":""deep core records""}",{},2026-04-04 08:23:59+00
2f0e1d06-f906-9ef3-6037-38e85fd09494,null,watendawili,Watendawili,null,null,null,null,null,null,publish,"{""old_id"":47,""old_table"":""wp_wkcharts_labels""}","{""id"":47,""name"":""Watendawili"",""slug"":""watendawili"",""notes"":null,""created_at"":""2026-04-04 08:23:59"",""updated_at"":""2026-04-04 08:23:59"",""website_url"":null,""country_iso2"":null,""normalized_name"":""watendawili""}",{},2026-04-04 08:23:59+00
82ef8e05-2336-519d-15c0-fc744772a5e3,null,the-clan,THE CLAN,null,null,null,null,null,null,publish,"{""old_id"":48,""old_table"":""wp_wkcharts_labels""}","{""id"":48,""name"":""THE CLAN"",""slug"":""the-clan"",""notes"":null,""created_at"":""2026-04-04 08:23:59"",""updated_at"":""2026-04-04 08:23:59"",""website_url"":null,""country_iso2"":null,""normalized_name"":""the clan""}",{},2026-04-04 08:23:59+00
1f0ae11b-51c6-0177-b7cd-b647e50c1f1e,null,nikita-kering,Nikita Kering',null,null,null,null,null,null,publish,"{""old_id"":49,""old_table"":""wp_wkcharts_labels""}","{""id"":49,""name"":""Nikita Kering'"",""slug"":""nikita-kering"",""notes"":null,""created_at"":""2026-04-04 08:23:59"",""updated_at"":""2026-04-04 08:23:59"",""website_url"":null,""country_iso2"":null,""normalized_name"":""nikita kering""}",{},2026-04-04 08:23:59+00
79150350-f973-9b35-3610-da43d37ecfd8,null,fancy-fingers,Fancy Fingers,null,null,null,null,null,null,publish,"{""old_id"":50,""old_table"":""wp_wkcharts_labels""}","{""id"":50,""name"":""Fancy Fingers"",""slug"":""fancy-fingers"",""notes"":null,""created_at"":""2026-04-04 08:23:59"",""updated_at"":""2026-04-04 08:23:59"",""website_url"":null,""country_iso2"":null,""normalized_name"":""fancy fingers""}",{},2026-04-04 08:23:59+00
c4af4724-b68e-a6f6-236d-6fb88b100c02,null,frinant-music,Frinant Music,null,null,null,null,null,null,publish,"{""old_id"":51,""old_table"":""wp_wkcharts_labels""}","{""id"":51,""name"":""Frinant Music"",""slug"":""frinant-music"",""notes"":null,""created_at"":""2026-04-04 08:23:59"",""updated_at"":""2026-04-04 08:23:59"",""website_url"":null,""country_iso2"":null,""normalized_name"":""frinant music""}",{},2026-04-04 08:23:59+00
a1cc18ad-900a-02cc-09fb-0ac3ef0362b3,null,x-o-productions,X.O productions,null,null,null,null,null,null,publish,"{""old_id"":52,""old_table"":""wp_wkcharts_labels""}","{""id"":52,""name"":""X.O productions"",""slug"":""x-o-productions"",""notes"":null,""created_at"":""2026-04-04 08:23:59"",""updated_at"":""2026-04-04 08:23:59"",""website_url"":null,""country_iso2"":null,""normalized_name"":""x o productions""}",{},2026-04-04 08:23:59+00
19ebf673-d265-5564-acd2-805b2593cadf,null,coster-ojwang,Coster Ojwang,null,null,null,null,null,null,publish,"{""old_id"":53,""old_table"":""wp_wkcharts_labels""}","{""id"":53,""name"":""Coster Ojwang"",""slug"":""coster-ojwang"",""notes"":null,""created_at"":""2026-04-04 08:23:59"",""updated_at"":""2026-04-04 08:23:59"",""website_url"":null,""country_iso2"":null,""normalized_name"":""coster ojwang""}",{},2026-04-04 08:23:59+00
5bea7c94-3944-3fcd-81a0-d83ba2f7719c,null,kodong-klan,KODONG KLAN,null,null,null,null,null,null,publish,"{""old_id"":54,""old_table"":""wp_wkcharts_labels""}","{""id"":54,""name"":""KODONG KLAN"",""slug"":""kodong-klan"",""notes"":null,""created_at"":""2026-04-04 08:23:59"",""updated_at"":""2026-04-04 08:23:59"",""website_url"":null,""country_iso2"":null,""normalized_name"":""kodong klan""}",{},2026-04-04 08:23:59+00
a4e6e921-f296-3fd3-c2d6-c6dd3dbf13bb,null,rainlabs,RainLabs,null,null,null,null,null,null,publish,"{""old_id"":56,""old_table"":""wp_wkcharts_labels""}","{""id"":56,""name"":""RainLabs"",""slug"":""rainlabs"",""notes"":null,""created_at"":""2026-04-04 08:23:59"",""updated_at"":""2026-04-04 08:23:59"",""website_url"":null,""country_iso2"":null,""normalized_name"":""rainlabs""}",{},2026-04-04 08:23:59+00
b01c8aaa-8d7c-6399-9d9b-582c7c8a2cb1,null,pinnacle-canvass-records-limited,Pinnacle Canvass Records Limited,null,null,null,null,null,null,publish,"{""old_id"":57,""old_table"":""wp_wkcharts_labels""}","{""id"":57,""name"":""Pinnacle Canvass Records Limited"",""slug"":""pinnacle-canvass-records-limited"",""notes"":null,""created_at"":""2026-04-04 08:23:59"",""updated_at"":""2026-04-04 08:23:59"",""website_url"":null,""country_iso2"":null,""normalized_name"":""pinnacle canvass records limited""}",{},2026-04-04 08:23:59+00
14a61f96-0135-e40d-2c90-93afff2f78d9,null,bien,Bien,null,null,null,null,null,null,publish,"{""old_id"":58,""old_table"":""wp_wkcharts_labels""}","{""id"":58,""name"":""Bien"",""slug"":""bien"",""notes"":null,""created_at"":""2026-04-04 08:23:59"",""updated_at"":""2026-04-04 08:23:59"",""website_url"":null,""country_iso2"":null,""normalized_name"":""bien""}",{},2026-04-04 08:23:59+00
01b8f79e-42bb-64de-b5a6-712652e97f65,null,topklass-sounds,Topklass Sounds,null,null,null,null,null,null,publish,"{""old_id"":59,""old_table"":""wp_wkcharts_labels""}","{""id"":59,""name"":""Topklass Sounds"",""slug"":""topklass-sounds"",""notes"":null,""created_at"":""2026-04-04 08:23:59"",""updated_at"":""2026-04-04 08:23:59"",""website_url"":null,""country_iso2"":null,""normalized_name"":""topklass sounds""}",{},2026-04-04 08:23:59+00
51d35a01-db6f-f94e-0d1f-e84f7a7292c5,null,matata-creatives,Matata Creatives,null,null,null,null,null,null,publish,"{""old_id"":60,""old_table"":""wp_wkcharts_labels""}","{""id"":60,""name"":""Matata Creatives"",""slug"":""matata-creatives"",""notes"":null,""created_at"":""2026-04-04 08:23:59"",""updated_at"":""2026-04-04 08:23:59"",""website_url"":null,""country_iso2"":null,""normalized_name"":""matata creatives""}",{},2026-04-04 08:23:59+00
480d63b6-f5af-456e-773a-95c992b4ba51,null,oneland-music-group,OneLand Music Group,null,null,null,null,null,null,publish,"{""old_id"":61,""old_table"":""wp_wkcharts_labels""}","{""id"":61,""name"":""OneLand Music Group"",""slug"":""oneland-music-group"",""notes"":null,""created_at"":""2026-04-04 08:23:59"",""updated_at"":""2026-04-04 08:23:59"",""website_url"":null,""country_iso2"":null,""normalized_name"":""oneland music group""}",{},2026-04-04 08:23:59+00
4f1ca9ea-fcf8-e8a9-a11b-184e05053d7c,null,goinggufy,#GoingGufy,null,null,null,null,null,null,publish,"{""old_id"":62,""old_table"":""wp_wkcharts_labels""}","{""id"":62,""name"":""#GoingGufy"",""slug"":""goinggufy"",""notes"":null,""created_at"":""2026-04-04 08:23:59"",""updated_at"":""2026-04-04 08:23:59"",""website_url"":null,""country_iso2"":null,""normalized_name"":""goinggufy""}",{},2026-04-04 08:23:59+00
3b79328b-b114-47ce-1de3-d83e7c3be45d,null,jpt-donge,JPT DONGE,null,null,null,null,null,null,publish,"{""old_id"":63,""old_table"":""wp_wkcharts_labels""}","{""id"":63,""name"":""JPT DONGE"",""slug"":""jpt-donge"",""notes"":null,""created_at"":""2026-04-04 08:23:59"",""updated_at"":""2026-04-04 08:23:59"",""website_url"":null,""country_iso2"":null,""normalized_name"":""jpt donge""}",{},2026-04-04 08:23:59+00
b7af866d-07b3-3229-9b98-ed7c3281084f,null,4reigner-music-group-llc-me-n-my-cousin-entertainment,"4reigner Music Group, llc, Me N My Cousin Entertainment",null,null,null,null,null,null,publish,"{""old_id"":64,""old_table"":""wp_wkcharts_labels""}","{""id"":64,""name"":""4reigner Music Group, llc, Me N My Cousin Entertainment"",""slug"":""4reigner-music-group-llc-me-n-my-cousin-entertainment"",""notes"":null,""created_at"":""2026-04-04 08:23:59"",""updated_at"":""2026-04-04 08:23:59"",""website_url"":null,""country_iso2"":null,""normalized_name"":""4reigner music group, llc, me n my cousin entertainment""}",{},2026-04-04 08:23:59+00
013cf353-d010-01b5-e30e-c67ce0261da9,null,benzema,Benzema,null,null,null,null,null,null,publish,"{""old_id"":65,""old_table"":""wp_wkcharts_labels""}","{""id"":65,""name"":""Benzema"",""slug"":""benzema"",""notes"":null,""created_at"":""2026-04-04 08:23:59"",""updated_at"":""2026-04-04 08:23:59"",""website_url"":null,""country_iso2"":null,""normalized_name"":""benzema""}",{},2026-04-04 08:23:59+00
73ce1575-1a17-a54c-fdb6-3cb52a01f9cc,null,ochungulo-family,Ochungulo Family,null,null,null,null,null,null,publish,"{""old_id"":66,""old_table"":""wp_wkcharts_labels""}","{""id"":66,""name"":""Ochungulo Family"",""slug"":""ochungulo-family"",""notes"":null,""created_at"":""2026-04-04 08:23:59"",""updated_at"":""2026-04-04 08:23:59"",""website_url"":null,""country_iso2"":null,""normalized_name"":""ochungulo family""}",{},2026-04-04 08:23:59+00
67c76a6f-a891-c9c2-c5e2-168d7df19cce,null,blu-ink,Blu Ink,null,null,null,null,null,null,publish,"{""old_id"":67,""old_table"":""wp_wkcharts_labels""}","{""id"":67,""name"":""Blu Ink"",""slug"":""blu-ink"",""notes"":null,""created_at"":""2026-04-04 08:23:59"",""updated_at"":""2026-04-04 08:23:59"",""website_url"":null,""country_iso2"":null,""normalized_name"":""blu ink""}",{},2026-04-04 08:23:59+00
050da552-c980-73e2-de4d-662504736d26,null,boutross-music-ltd,Boutross Music Ltd.,null,null,null,null,null,null,publish,"{""old_id"":68,""old_table"":""wp_wkcharts_labels""}","{""id"":68,""name"":""Boutross Music Ltd."",""slug"":""boutross-music-ltd"",""notes"":null,""created_at"":""2026-04-04 08:23:59"",""updated_at"":""2026-04-04 08:23:59"",""website_url"":null,""country_iso2"":null,""normalized_name"":""boutross music ltd""}",{},2026-04-04 08:23:59+00
66968f21-66d2-6b83-f97a-5d16692f3777,null,steph-kapela,Steph Kapela,null,null,null,null,null,null,publish,"{""old_id"":69,""old_table"":""wp_wkcharts_labels""}","{""id"":69,""name"":""Steph Kapela"",""slug"":""steph-kapela"",""notes"":null,""created_at"":""2026-04-04 08:23:59"",""updated_at"":""2026-04-04 08:23:59"",""website_url"":null,""country_iso2"":null,""normalized_name"":""steph kapela""}",{},2026-04-04 08:23:59+00
79928393-e8e1-9b97-a2c7-e3cb6f2ec55c,null,black-market-records,Black Market Records,null,null,null,null,null,null,publish,"{""old_id"":70,""old_table"":""wp_wkcharts_labels""}","{""id"":70,""name"":""Black Market Records"",""slug"":""black-market-records"",""notes"":null,""created_at"":""2026-04-04 08:23:59"",""updated_at"":""2026-04-04 08:23:59"",""website_url"":null,""country_iso2"":null,""normalized_name"":""black market records""}",{},2026-04-04 08:23:59+00
935222c7-34b7-d9a6-d0b9-44875cfd763c,null,baxx-entertainment-quaver-music,"BAXX ENTERTAINMENT, QUAVER MUSIC",null,null,null,null,null,null,publish,"{""old_id"":71,""old_table"":""wp_wkcharts_labels""}","{""id"":71,""name"":""BAXX ENTERTAINMENT, QUAVER MUSIC"",""slug"":""baxx-entertainment-quaver-music"",""notes"":null,""created_at"":""2026-04-04 08:23:59"",""updated_at"":""2026-04-04 08:23:59"",""website_url"":null,""country_iso2"":null,""normalized_name"":""baxx entertainment, quaver music""}",{},2026-04-04 08:23:59+00
f3bd3c98-6e7d-5c05-3a1b-6adbd69976c1,null,mejja-music,Mejja Music,null,null,null,null,null,null,publish,"{""old_id"":72,""old_table"":""wp_wkcharts_labels""}","{""id"":72,""name"":""Mejja Music"",""slug"":""mejja-music"",""notes"":null,""created_at"":""2026-04-07 10:01:57"",""updated_at"":""2026-04-07 10:01:57"",""website_url"":null,""country_iso2"":null,""normalized_name"":""mejja music""}",{},2026-04-07 10:01:57+00
093e0713-c28b-35d3-4e1e-ddc229e81219,null,wk-labels-70,0,null,null,null,null,null,null,publish,"{""old_id"":73,""old_table"":""wp_wkcharts_labels""}","{""id"":73,""name"":0,""slug"":0,""notes"":null,""created_at"":""2026-04-07 17:07:29"",""updated_at"":""2026-04-07 17:07:29"",""website_url"":null,""country_iso2"":null,""normalized_name"":""""}",{},2026-04-07 17:07:29+00
0273e289-3105-8119-c22d-ca787a8a92a2,null,digitone-music-group-onerpm,Digitone Music group/ONErpm,null,null,null,null,null,null,publish,"{""old_id"":74,""old_table"":""wp_wkcharts_labels""}","{""id"":74,""name"":""Digitone Music group/ONErpm"",""slug"":""digitone-music-group-onerpm"",""notes"":null,""created_at"":""2026-04-07 17:17:40"",""updated_at"":""2026-04-07 17:17:40"",""website_url"":null,""country_iso2"":null,""normalized_name"":""digitone music group onerpm""}",{},2026-04-07 17:17:40+00
a6eb725a-705e-e4bd-9631-b4e2f85435bf,null,warner-music-africa,Warner Music Africa,null,null,null,null,null,null,publish,"{""old_id"":76,""old_table"":""wp_wkcharts_labels""}","{""id"":76,""name"":""Warner Music Africa"",""slug"":""warner-music-africa"",""notes"":null,""created_at"":""2026-04-07 20:28:47"",""updated_at"":""2026-04-07 20:28:47"",""website_url"":null,""country_iso2"":null,""normalized_name"":""warner music africa""}",{},2026-04-07 20:28:47+00
f91f0282-4815-7b0e-6506-216ced1d4869,null,exodus-records,Exodus Records,null,null,null,null,null,null,publish,"{""old_id"":77,""old_table"":""wp_wkcharts_labels""}","{""id"":77,""name"":""Exodus Records"",""slug"":""exodus-records"",""notes"":null,""created_at"":""2026-04-07 20:53:19"",""updated_at"":""2026-04-07 20:53:19"",""website_url"":null,""country_iso2"":null,""normalized_name"":""exodus records""}",{},2026-04-07 20:53:19+00
f479ec44-fd6f-b66f-e1d1-7d64591c892f,null,khaligraph-jones,Khaligraph Jones,null,null,null,null,null,null,publish,"{""old_id"":78,""old_table"":""wp_wkcharts_labels""}","{""id"":78,""name"":""Khaligraph Jones"",""slug"":""khaligraph-jones"",""notes"":null,""created_at"":""2026-04-08 08:37:21"",""updated_at"":""2026-04-08 08:37:21"",""website_url"":null,""country_iso2"":null,""normalized_name"":""khaligraph jones""}",{},2026-04-08 08:37:21+00
ee16455f-2e0e-126e-b6f0-ab5877baa887,null,blue-ink,BLUE INK,null,null,null,null,null,null,publish,"{""old_id"":79,""old_table"":""wp_wkcharts_labels""}","{""id"":79,""name"":""BLUE INK"",""slug"":""blue-ink"",""notes"":null,""created_at"":""2026-04-08 08:38:28"",""updated_at"":""2026-04-08 08:38:28"",""website_url"":null,""country_iso2"":null,""normalized_name"":""blue ink""}",{},2026-04-08 08:38:28+00
519df552-9cb0-ac52-7b8c-be6e653cf6c5,null,2821688-records-dk,2821688 Records DK,null,null,null,null,null,null,publish,"{""old_id"":81,""old_table"":""wp_wkcharts_labels""}","{""id"":81,""name"":""2821688 Records DK"",""slug"":""2821688-records-dk"",""notes"":null,""created_at"":""2026-04-08 22:05:08"",""updated_at"":""2026-04-08 22:05:08"",""website_url"":null,""country_iso2"":null,""normalized_name"":""2821688 records dk""}",{},2026-04-08 22:05:08+00
d9114171-4905-f6f9-469f-286c65049a58,null,like-a-boss-records,Like A Boss Records,null,null,null,null,null,null,publish,"{""old_id"":82,""old_table"":""wp_wkcharts_labels""}","{""id"":82,""name"":""Like A Boss Records"",""slug"":""like-a-boss-records"",""notes"":null,""created_at"":""2026-04-11 15:45:51"",""updated_at"":""2026-04-11 15:45:51"",""website_url"":null,""country_iso2"":null,""normalized_name"":""like a boss records""}",{},2026-04-11 15:45:51+00
188c41ed-01cb-550f-a30c-595ab9a79b49,null,cd-run,CD RUN,null,null,null,null,null,null,publish,"{""old_id"":83,""old_table"":""wp_wkcharts_labels""}","{""id"":83,""name"":""CD RUN"",""slug"":""cd-run"",""notes"":null,""created_at"":""2026-04-12 09:09:16"",""updated_at"":""2026-04-12 09:09:16"",""website_url"":null,""country_iso2"":null,""normalized_name"":""cd run""}",{},2026-04-12 09:09:16+00
f9fb3e63-854a-0db2-bf12-a18e96c0b75d,null,ybw-smith,YBW Smith,null,null,null,null,null,null,publish,"{""old_id"":85,""old_table"":""wp_wkcharts_labels""}","{""id"":85,""name"":""YBW Smith"",""slug"":""ybw-smith"",""notes"":null,""created_at"":""2026-04-12 10:48:25"",""updated_at"":""2026-04-12 10:48:25"",""website_url"":null,""country_iso2"":null,""normalized_name"":""ybw smith""}",{},2026-04-12 10:48:25+00
91d39e24-4867-1528-d816-1860bd6810f0,null,gwaash,Gwaash,null,null,null,null,null,null,publish,"{""old_id"":86,""old_table"":""wp_wkcharts_labels""}","{""id"":86,""name"":""Gwaash"",""slug"":""gwaash"",""notes"":null,""created_at"":""2026-04-12 10:48:25"",""updated_at"":""2026-04-12 10:48:25"",""website_url"":null,""country_iso2"":null,""normalized_name"":""gwaash""}",{},2026-04-12 10:48:25+00
42f19d86-8f4c-3bf5-7531-f909e3a2892d,null,ziiki-media,Ziiki Media,null,null,null,null,null,null,publish,"{""old_id"":87,""old_table"":""wp_wkcharts_labels""}","{""id"":87,""name"":""Ziiki Media"",""slug"":""ziiki-media"",""notes"":null,""created_at"":""2026-04-12 10:48:25"",""updated_at"":""2026-04-12 10:48:25"",""website_url"":null,""country_iso2"":null,""normalized_name"":""ziiki media""}",{},2026-04-12 10:48:25+00
8f7326e4-8590-9426-d56a-0f5c6c59a739,null,zero-bandits,ZERO BANDITS,null,null,null,null,null,null,publish,"{""old_id"":88,""old_table"":""wp_wkcharts_labels""}","{""id"":88,""name"":""ZERO BANDITS"",""slug"":""zero-bandits"",""notes"":null,""created_at"":""2026-04-12 10:48:25"",""updated_at"":""2026-04-12 10:48:25"",""website_url"":null,""country_iso2"":null,""normalized_name"":""zero bandits""}",{},2026-04-12 10:48:25+00
49173733-565e-24eb-9fcb-d5e8703636b4,null,ndovu-kuu-studios,Ndovu Kuu Studios,null,null,null,null,null,null,publish,"{""old_id"":89,""old_table"":""wp_wkcharts_labels""}","{""id"":89,""name"":""Ndovu Kuu Studios"",""slug"":""ndovu-kuu-studios"",""notes"":null,""created_at"":""2026-04-12 10:48:25"",""updated_at"":""2026-04-12 10:48:25"",""website_url"":null,""country_iso2"":null,""normalized_name"":""ndovu kuu studios""}",{},2026-04-12 10:48:25+00
7c2b2fc6-3f8e-16e4-e741-8ef20c0c3b46,null,mad-records,Mad Records,null,null,null,null,null,null,publish,"{""old_id"":90,""old_table"":""wp_wkcharts_labels""}","{""id"":90,""name"":""Mad Records"",""slug"":""mad-records"",""notes"":null,""created_at"":""2026-04-12 10:48:25"",""updated_at"":""2026-04-12 10:48:25"",""website_url"":null,""country_iso2"":null,""normalized_name"":""mad records""}",{},2026-04-12 10:48:25+00
3e73bacf-a6ae-424d-126d-8b9f086756f5,null,vunulu-ent,Vunulu Ent,null,null,null,null,null,null,publish,"{""old_id"":91,""old_table"":""wp_wkcharts_labels""}","{""id"":91,""name"":""Vunulu Ent"",""slug"":""vunulu-ent"",""notes"":null,""created_at"":""2026-04-12 10:48:25"",""updated_at"":""2026-04-12 10:48:25"",""website_url"":null,""country_iso2"":null,""normalized_name"":""vunulu ent""}",{},2026-04-12 10:48:25+00
5d576c97-225a-a419-0f1a-98996a44999c,null,kilundeezy,kilundeezy,null,null,null,null,null,null,publish,"{""old_id"":92,""old_table"":""wp_wkcharts_labels""}","{""id"":92,""name"":""kilundeezy"",""slug"":""kilundeezy"",""notes"":null,""created_at"":""2026-04-12 10:48:25"",""updated_at"":""2026-04-12 10:48:25"",""website_url"":null,""country_iso2"":null,""normalized_name"":""kilundeezy""}",{},2026-04-12 10:48:25+00
0cb6ea2a-6424-90eb-695c-d2b8ca55a938,null,ochunglo-family-onerpm,Ochunglo Family /ONErpm,null,null,null,null,null,null,publish,"{""old_id"":93,""old_table"":""wp_wkcharts_labels""}","{""id"":93,""name"":""Ochunglo Family /ONErpm"",""slug"":""ochunglo-family-onerpm"",""notes"":null,""created_at"":""2026-04-12 10:48:25"",""updated_at"":""2026-04-12 10:48:25"",""website_url"":null,""country_iso2"":null,""normalized_name"":""ochunglo family onerpm""}",{},2026-04-12 10:48:25+00
3093afc2-4eb5-4fb2-e1ef-6aad4567c824,null,sainttts,SAiNTTTS,null,null,null,null,null,null,publish,"{""old_id"":94,""old_table"":""wp_wkcharts_labels""}","{""id"":94,""name"":""SAiNTTTS"",""slug"":""sainttts"",""notes"":null,""created_at"":""2026-04-12 10:48:25"",""updated_at"":""2026-04-12 10:48:25"",""website_url"":null,""country_iso2"":null,""normalized_name"":""sainttts""}",{},2026-04-12 10:48:25+00
55ac2c07-b7b4-41dc-2f5b-77b20c21b947,null,deco-shazam,Deco Shazam,null,null,null,null,null,null,publish,"{""old_id"":95,""old_table"":""wp_wkcharts_labels""}","{""id"":95,""name"":""Deco Shazam"",""slug"":""deco-shazam"",""notes"":null,""created_at"":""2026-04-12 10:48:25"",""updated_at"":""2026-04-12 10:48:25"",""website_url"":null,""country_iso2"":null,""normalized_name"":""deco shazam""}",{},2026-04-12 10:48:25+00
663aa8c8-6d64-450e-1ff0-34aa48eba741,null,wanati,Wanati,null,null,null,null,null,null,publish,"{""old_id"":96,""old_table"":""wp_wkcharts_labels""}","{""id"":96,""name"":""Wanati"",""slug"":""wanati"",""notes"":null,""created_at"":""2026-04-12 10:48:25"",""updated_at"":""2026-04-12 10:48:25"",""website_url"":null,""country_iso2"":null,""normalized_name"":""wanati""}",{},2026-04-12 10:48:25+00
0d9d6e86-22fa-67c4-f32d-b9fa22918166,null,mavo-on-the-beat,Mavo On The Beat,null,null,null,null,null,null,publish,"{""old_id"":97,""old_table"":""wp_wkcharts_labels""}","{""id"":97,""name"":""Mavo On The Beat"",""slug"":""mavo-on-the-beat"",""notes"":null,""created_at"":""2026-04-12 10:48:25"",""updated_at"":""2026-04-12 10:48:25"",""website_url"":null,""country_iso2"":null,""normalized_name"":""mavo on the beat""}",{},2026-04-12 10:48:25+00
48d9e795-6e1d-8263-716f-d9a1b42cf8e6,null,dinastia-inc,Dinastia INC,null,null,null,null,null,null,publish,"{""old_id"":98,""old_table"":""wp_wkcharts_labels""}","{""id"":98,""name"":""Dinastia INC"",""slug"":""dinastia-inc"",""notes"":null,""created_at"":""2026-04-12 10:48:25"",""updated_at"":""2026-04-12 10:48:25"",""website_url"":null,""country_iso2"":null,""normalized_name"":""dinastia inc""}",{},2026-04-12 10:48:25+00
d89568fd-a645-3148-5152-c8aca0a44057,null,kushman,KUSHMAN,null,null,null,null,null,null,publish,"{""old_id"":99,""old_table"":""wp_wkcharts_labels""}","{""id"":99,""name"":""KUSHMAN"",""slug"":""kushman"",""notes"":null,""created_at"":""2026-04-12 10:48:25"",""updated_at"":""2026-04-12 10:48:25"",""website_url"":null,""country_iso2"":null,""normalized_name"":""kushman""}",{},2026-04-12 10:48:25+00
ececa8d8-44f0-7495-6cb9-0757e5faeed4,null,daney-b,Daney B,null,null,null,null,null,null,publish,"{""old_id"":100,""old_table"":""wp_wkcharts_labels""}","{""id"":100,""name"":""Daney B"",""slug"":""daney-b"",""notes"":null,""created_at"":""2026-04-12 10:48:26"",""updated_at"":""2026-04-12 10:48:26"",""website_url"":null,""country_iso2"":null,""normalized_name"":""daney b""}",{},2026-04-12 10:48:26+00
4f751d6f-0ecb-1ed7-fe9d-a8abbb3f103c,null,woosahexperience,WOOSAHEXPERIENCE,null,null,null,null,null,null,publish,"{""old_id"":101,""old_table"":""wp_wkcharts_labels""}","{""id"":101,""name"":""WOOSAHEXPERIENCE"",""slug"":""woosahexperience"",""notes"":null,""created_at"":""2026-04-12 10:48:26"",""updated_at"":""2026-04-12 10:48:26"",""website_url"":null,""country_iso2"":null,""normalized_name"":""woosahexperience""}",{},2026-04-12 10:48:26+00
53b7e38a-e40e-6349-5d96-d3f53a48092d,null,bridge-records-entertainment,Bridge Records Entertainment.,null,null,null,null,null,null,publish,"{""old_id"":102,""old_table"":""wp_wkcharts_labels""}","{""id"":102,""name"":""Bridge Records Entertainment."",""slug"":""bridge-records-entertainment"",""notes"":null,""created_at"":""2026-04-12 10:48:26"",""updated_at"":""2026-04-12 10:48:26"",""website_url"":null,""country_iso2"":null,""normalized_name"":""bridge records entertainment""}",{},2026-04-12 10:48:26+00
881bf833-1222-4001-81cf-a6e2e208c819,null,fab-n-roll,fab n roll,null,null,null,null,null,null,publish,"{""old_id"":103,""old_table"":""wp_wkcharts_labels""}","{""id"":103,""name"":""fab n roll"",""slug"":""fab-n-roll"",""notes"":null,""created_at"":""2026-04-12 10:48:26"",""updated_at"":""2026-04-12 10:48:26"",""website_url"":null,""country_iso2"":null,""normalized_name"":""fab n roll""}",{},2026-04-12 10:48:26+00
f484422d-3275-5a04-1308-3906c2b68439,null,breeder-lw,BREEDER LW,null,null,null,null,null,null,publish,"{""old_id"":104,""old_table"":""wp_wkcharts_labels""}","{""id"":104,""name"":""BREEDER LW"",""slug"":""breeder-lw"",""notes"":null,""created_at"":""2026-04-12 10:48:26"",""updated_at"":""2026-04-12 10:48:26"",""website_url"":null,""country_iso2"":null,""normalized_name"":""breeder lw""}",{},2026-04-12 10:48:26+00
379cb105-0638-a84b-25d7-f7459428db7c,null,billy-black,Billy Black,null,null,null,null,null,null,publish,"{""old_id"":105,""old_table"":""wp_wkcharts_labels""}","{""id"":105,""name"":""Billy Black"",""slug"":""billy-black"",""notes"":null,""created_at"":""2026-04-12 14:38:22"",""updated_at"":""2026-04-12 14:38:22"",""website_url"":null,""country_iso2"":null,""normalized_name"":""billy black""}",{},2026-04-12 14:38:22+00
1049a780-0b29-4342-6dc7-8bb25f6e8629,null,mumbi-njeri,Mūmbi Njeri,null,null,null,null,null,null,publish,"{""old_id"":106,""old_table"":""wp_wkcharts_labels""}","{""id"":106,""name"":""Mūmbi Njeri"",""slug"":""mumbi-njeri"",""notes"":null,""created_at"":""2026-04-12 14:38:22"",""updated_at"":""2026-04-12 14:38:22"",""website_url"":null,""country_iso2"":null,""normalized_name"":""mūmbi njeri""}",{},2026-04-12 14:38:22+00
c4fb1e40-fba7-cafc-db52-37da6cbbb33e,null,shadmziki,ShadMziki,null,null,null,null,null,null,publish,"{""old_id"":107,""old_table"":""wp_wkcharts_labels""}","{""id"":107,""name"":""ShadMziki"",""slug"":""shadmziki"",""notes"":null,""created_at"":""2026-04-12 14:38:22"",""updated_at"":""2026-04-12 14:38:22"",""website_url"":null,""country_iso2"":null,""normalized_name"":""shadmziki""}",{},2026-04-12 14:38:22+00
801b5edc-5c8c-58cb-1a59-bf054d5cbd18,null,deepcore-records-under-exclusive-license-to-onerpm,"Deepcore Records, under exclusive license to ONErpm",null,null,null,null,null,null,publish,"{""old_id"":108,""old_table"":""wp_wkcharts_labels""}","{""id"":108,""name"":""Deepcore Records, under exclusive license to ONErpm"",""slug"":""deepcore-records-under-exclusive-license-to-onerpm"",""notes"":null,""created_at"":""2026-04-12 14:38:22"",""updated_at"":""2026-04-12 14:38:22"",""website_url"":null,""country_iso2"":null,""normalized_name"":""deepcore records, under exclusive license to onerpm""}",{},2026-04-12 14:38:22+00
197006f8-14a3-8e7f-e83d-06132a1ea77d,null,mikiki-ent,MIKIKI ENT,null,null,null,null,null,null,publish,"{""old_id"":109,""old_table"":""wp_wkcharts_labels""}","{""id"":109,""name"":""MIKIKI ENT"",""slug"":""mikiki-ent"",""notes"":null,""created_at"":""2026-04-12 14:38:22"",""updated_at"":""2026-04-12 14:38:22"",""website_url"":null,""country_iso2"":null,""normalized_name"":""mikiki ent""}",{},2026-04-12 14:38:22+00
7b6ce6cd-1845-e84b-1811-582f2f915026,null,iyanii-official-onerpm,Iyanii Official/ONErpm,null,null,null,null,null,null,publish,"{""old_id"":110,""old_table"":""wp_wkcharts_labels""}","{""id"":110,""name"":""Iyanii Official/ONErpm"",""slug"":""iyanii-official-onerpm"",""notes"":null,""created_at"":""2026-04-12 14:38:22"",""updated_at"":""2026-04-12 14:38:22"",""website_url"":null,""country_iso2"":null,""normalized_name"":""iyanii official onerpm""}",{},2026-04-12 14:38:22+00
1af34ce4-2226-ca9b-ca76-d70993a63652,null,sashin-orchester,Sashin Orchester,null,null,null,null,null,null,publish,"{""old_id"":111,""old_table"":""wp_wkcharts_labels""}","{""id"":111,""name"":""Sashin Orchester"",""slug"":""sashin-orchester"",""notes"":null,""created_at"":""2026-04-12 14:38:23"",""updated_at"":""2026-04-12 14:38:23"",""website_url"":null,""country_iso2"":null,""normalized_name"":""sashin orchester""}",{},2026-04-12 14:38:23+00
aa239ca2-4ebd-8709-4c0f-6e736c3ecb30,null,karun-music,Karun Music,null,null,null,null,null,null,publish,"{""old_id"":112,""old_table"":""wp_wkcharts_labels""}","{""id"":112,""name"":""Karun Music"",""slug"":""karun-music"",""notes"":null,""created_at"":""2026-04-12 14:38:23"",""updated_at"":""2026-04-12 14:38:23"",""website_url"":null,""country_iso2"":null,""normalized_name"":""karun music""}",{},2026-04-12 14:38:23+00
a4af145d-e03e-7f5b-b13b-a23ae99ba1df,null,muthaka-music,Muthaka Music,null,null,null,null,null,null,publish,"{""old_id"":113,""old_table"":""wp_wkcharts_labels""}","{""id"":113,""name"":""Muthaka Music"",""slug"":""muthaka-music"",""notes"":null,""created_at"":""2026-04-12 14:38:23"",""updated_at"":""2026-04-12 14:38:23"",""website_url"":null,""country_iso2"":null,""normalized_name"":""muthaka music""}",{},2026-04-12 14:38:23+00
885d2b4e-96ba-2ab2-9c64-3523f38f23c4,null,wendy-kay,Wendy Kay,null,null,null,null,null,null,publish,"{""old_id"":114,""old_table"":""wp_wkcharts_labels""}","{""id"":114,""name"":""Wendy Kay"",""slug"":""wendy-kay"",""notes"":null,""created_at"":""2026-04-12 14:38:23"",""updated_at"":""2026-04-12 14:38:23"",""website_url"":null,""country_iso2"":null,""normalized_name"":""wendy kay""}",{},2026-04-12 14:38:23+00
fb302342-0a64-20a5-f9cc-8d32c953779f,null,iyanii-official,Iyanii Official,null,null,null,null,null,null,publish,"{""old_id"":115,""old_table"":""wp_wkcharts_labels""}","{""id"":115,""name"":""Iyanii Official"",""slug"":""iyanii-official"",""notes"":null,""created_at"":""2026-04-12 14:38:23"",""updated_at"":""2026-04-12 14:38:23"",""website_url"":null,""country_iso2"":null,""normalized_name"":""iyanii official""}",{},2026-04-12 14:38:23+00
313a33d6-228e-2951-c007-2f3643c34955,null,bad-nation,Bad Nation,null,null,null,null,null,null,publish,"{""old_id"":116,""old_table"":""wp_wkcharts_labels""}","{""id"":116,""name"":""Bad Nation"",""slug"":""bad-nation"",""notes"":null,""created_at"":""2026-04-12 14:38:23"",""updated_at"":""2026-04-12 14:38:23"",""website_url"":null,""country_iso2"":null,""normalized_name"":""bad nation""}",{},2026-04-12 14:38:23+00
8cd917a1-2736-fdba-1f55-dd72d861d208,null,moves-recordings,MOVES Recordings,null,null,null,null,null,null,publish,"{""old_id"":117,""old_table"":""wp_wkcharts_labels""}","{""id"":117,""name"":""MOVES Recordings"",""slug"":""moves-recordings"",""notes"":null,""created_at"":""2026-04-12 14:38:23"",""updated_at"":""2026-04-12 14:38:23"",""website_url"":null,""country_iso2"":null,""normalized_name"":""moves recordings""}",{},2026-04-12 14:38:23+00
652d6a05-43a6-ae18-03f4-9195b0b2b0cb,null,2wentysixx,©2wentysixx,null,null,null,null,null,null,publish,"{""old_id"":118,""old_table"":""wp_wkcharts_labels""}","{""id"":118,""name"":""©2wentysixx"",""slug"":""2wentysixx"",""notes"":null,""created_at"":""2026-04-12 14:38:24"",""updated_at"":""2026-04-12 14:38:24"",""website_url"":null,""country_iso2"":null,""normalized_name"":""2wentysixx""}",{},2026-04-12 14:38:24+00
d2c13adf-0bc3-987b-814d-688a379ccdb0,null,fena-gitu,Fena Gitu,null,null,null,null,null,null,publish,"{""old_id"":119,""old_table"":""wp_wkcharts_labels""}","{""id"":119,""name"":""Fena Gitu"",""slug"":""fena-gitu"",""notes"":null,""created_at"":""2026-04-12 14:38:24"",""updated_at"":""2026-04-12 14:38:24"",""website_url"":null,""country_iso2"":null,""normalized_name"":""fena gitu""}",{},2026-04-12 14:38:24+00
0dfddf74-88fc-29f9-77dc-fed8aed9b088,null,soul-hq,Soul HQ,null,null,null,null,null,null,publish,"{""old_id"":120,""old_table"":""wp_wkcharts_labels""}","{""id"":120,""name"":""Soul HQ"",""slug"":""soul-hq"",""notes"":null,""created_at"":""2026-04-12 14:38:24"",""updated_at"":""2026-04-12 14:38:24"",""website_url"":null,""country_iso2"":null,""normalized_name"":""soul hq""}",{},2026-04-12 14:38:24+00
fb26d3d7-6c2f-694e-f564-84ef5629cdf5,null,luhya-heat-ent,Luhya Heat Ent,null,null,null,null,null,null,publish,"{""old_id"":121,""old_table"":""wp_wkcharts_labels""}","{""id"":121,""name"":""Luhya Heat Ent"",""slug"":""luhya-heat-ent"",""notes"":null,""created_at"":""2026-04-12 14:38:24"",""updated_at"":""2026-04-12 14:38:24"",""website_url"":null,""country_iso2"":null,""normalized_name"":""luhya heat ent""}",{},2026-04-12 14:38:24+00
ac0acf21-ee21-4b37-01ca-44ebc8af298e,null,watendawili-onerpm,Watendawili/ONErpm,null,null,null,null,null,null,publish,"{""old_id"":122,""old_table"":""wp_wkcharts_labels""}","{""id"":122,""name"":""Watendawili/ONErpm"",""slug"":""watendawili-onerpm"",""notes"":null,""created_at"":""2026-04-12 14:38:24"",""updated_at"":""2026-04-12 14:38:24"",""website_url"":null,""country_iso2"":null,""normalized_name"":""watendawili onerpm""}",{},2026-04-12 14:38:24+00
b1a7419e-3589-4aab-b06a-bd59f3587f05,null,umoja-sounds,Umoja Sounds,null,null,null,null,null,null,publish,"{""old_id"":123,""old_table"":""wp_wkcharts_labels""}","{""id"":123,""name"":""Umoja Sounds"",""slug"":""umoja-sounds"",""notes"":null,""created_at"":""2026-04-12 14:38:24"",""updated_at"":""2026-04-12 14:38:24"",""website_url"":null,""country_iso2"":null,""normalized_name"":""umoja sounds""}",{},2026-04-12 14:38:24+00
2387d204-4812-4baa-9bb8-25a74e10e4b3,null,caleb-awiti,Caleb Awiti,null,null,null,null,null,null,publish,"{""old_id"":124,""old_table"":""wp_wkcharts_labels""}","{""id"":124,""name"":""Caleb Awiti"",""slug"":""caleb-awiti"",""notes"":null,""created_at"":""2026-04-12 14:38:24"",""updated_at"":""2026-04-12 14:38:24"",""website_url"":null,""country_iso2"":null,""normalized_name"":""caleb awiti""}",{},2026-04-12 14:38:24+00
122b7351-2f6d-9d64-7b3b-5ce1eb26ad21,null,we-are-nubia,We are Nubia,null,null,null,null,null,null,publish,"{""old_id"":125,""old_table"":""wp_wkcharts_labels""}","{""id"":125,""name"":""We are Nubia"",""slug"":""we-are-nubia"",""notes"":null,""created_at"":""2026-04-12 14:38:24"",""updated_at"":""2026-04-12 14:38:24"",""website_url"":null,""country_iso2"":null,""normalized_name"":""we are nubia""}",{},2026-04-12 14:38:24+00
f11dd1a9-163a-0214-82a5-537c4d837332,null,serro-ke,SERRO KE,null,null,null,null,null,null,publish,"{""old_id"":126,""old_table"":""wp_wkcharts_labels""}","{""id"":126,""name"":""SERRO KE"",""slug"":""serro-ke"",""notes"":null,""created_at"":""2026-04-12 14:38:24"",""updated_at"":""2026-04-12 14:38:24"",""website_url"":null,""country_iso2"":null,""normalized_name"":""serro ke""}",{},2026-04-12 14:38:24+00
ae61c9d7-2ef7-3561-2a16-23350c9ee677,null,mtv-staying-alive-foundation,MTV Staying Alive Foundation,null,null,null,null,null,null,publish,"{""old_id"":127,""old_table"":""wp_wkcharts_labels""}","{""id"":127,""name"":""MTV Staying Alive Foundation"",""slug"":""mtv-staying-alive-foundation"",""notes"":null,""created_at"":""2026-04-12 14:38:24"",""updated_at"":""2026-04-12 14:38:24"",""website_url"":null,""country_iso2"":null,""normalized_name"":""mtv staying alive foundation""}",{},2026-04-12 14:38:24+00
037a7375-8092-733a-7396-b8c077a5e02b,null,delicious-tunes,Delicious Tunes,null,null,null,null,null,null,publish,"{""old_id"":128,""old_table"":""wp_wkcharts_labels""}","{""id"":128,""name"":""Delicious Tunes"",""slug"":""delicious-tunes"",""notes"":null,""created_at"":""2026-04-12 14:38:25"",""updated_at"":""2026-04-12 14:38:25"",""website_url"":null,""country_iso2"":null,""normalized_name"":""delicious tunes""}",{},2026-04-12 14:38:25+00
5d1374c2-3f08-b2c1-e906-f237836e9820,null,sol-generation,Sol Generation,null,null,null,null,null,null,publish,"{""old_id"":129,""old_table"":""wp_wkcharts_labels""}","{""id"":129,""name"":""Sol Generation"",""slug"":""sol-generation"",""notes"":null,""created_at"":""2026-04-12 15:12:55"",""updated_at"":""2026-04-12 15:12:55"",""website_url"":null,""country_iso2"":null,""normalized_name"":""sol generation""}",{},2026-04-12 15:12:55+00
1056c909-4455-9b46-71ad-2cc36ca61d12,null,luhya-heat-entertainment,Luhya Heat Entertainment,null,null,null,null,null,null,publish,"{""old_id"":130,""old_table"":""wp_wkcharts_labels""}","{""id"":130,""name"":""Luhya Heat Entertainment"",""slug"":""luhya-heat-entertainment"",""notes"":null,""created_at"":""2026-04-12 15:21:30"",""updated_at"":""2026-04-12 15:21:30"",""website_url"":null,""country_iso2"":null,""normalized_name"":""luhya heat entertainment""}",{},2026-04-12 15:21:30+00
672d4f54-4785-1a54-a4fd-564745d4f36e,null,octopizzo-music,Octopizzo Music,null,null,null,null,null,null,publish,"{""old_id"":131,""old_table"":""wp_wkcharts_labels""}","{""id"":131,""name"":""Octopizzo Music"",""slug"":""octopizzo-music"",""notes"":null,""created_at"":""2026-04-12 16:01:25"",""updated_at"":""2026-04-12 16:01:25"",""website_url"":null,""country_iso2"":null,""normalized_name"":""octopizzo music""}",{},2026-04-12 16:01:25+00
5454ed4d-69a2-3b6b-3682-d89f3f87df27,null,mejja-khadija,Mejja Khadija,null,null,null,null,null,null,publish,"{""old_id"":132,""old_table"":""wp_wkcharts_labels""}","{""id"":132,""name"":""Mejja Khadija"",""slug"":""mejja-khadija"",""notes"":null,""created_at"":""2026-04-12 16:01:25"",""updated_at"":""2026-04-12 16:01:25"",""website_url"":null,""country_iso2"":null,""normalized_name"":""mejja khadija""}",{},2026-04-12 16:01:25+00
1f7f07ba-5756-8bd7-5da0-006d6534e3dc,null,five8,Five8,null,null,null,null,null,null,publish,"{""old_id"":133,""old_table"":""wp_wkcharts_labels""}","{""id"":133,""name"":""Five8"",""slug"":""five8"",""notes"":null,""created_at"":""2026-04-12 16:01:25"",""updated_at"":""2026-04-12 16:01:25"",""website_url"":null,""country_iso2"":null,""normalized_name"":""five8""}",{},2026-04-12 16:01:25+00
3a8892cd-806a-aea6-1e32-4c622f738f42,null,nsg-entertainment,NSG Entertainment,null,null,null,null,null,null,publish,"{""old_id"":134,""old_table"":""wp_wkcharts_labels""}","{""id"":134,""name"":""NSG Entertainment"",""slug"":""nsg-entertainment"",""notes"":null,""created_at"":""2026-04-12 16:01:25"",""updated_at"":""2026-04-12 16:01:25"",""website_url"":null,""country_iso2"":null,""normalized_name"":""nsg entertainment""}",{},2026-04-12 16:01:25+00
7eeefcc8-2517-8f86-df8b-5669b1da2028,null,fnl-records,FNL Records,null,null,null,null,null,null,publish,"{""old_id"":135,""old_table"":""wp_wkcharts_labels""}","{""id"":135,""name"":""FNL Records"",""slug"":""fnl-records"",""notes"":null,""created_at"":""2026-04-12 16:01:25"",""updated_at"":""2026-04-12 16:01:25"",""website_url"":null,""country_iso2"":null,""normalized_name"":""fnl records""}",{},2026-04-12 16:01:25+00
d3657c1c-5abb-67fd-6673-a0964f341770,null,rain-records,Rain Records,null,null,null,null,null,null,publish,"{""old_id"":136,""old_table"":""wp_wkcharts_labels""}","{""id"":136,""name"":""Rain Records"",""slug"":""rain-records"",""notes"":null,""created_at"":""2026-04-12 16:01:26"",""updated_at"":""2026-04-12 16:01:26"",""website_url"":null,""country_iso2"":null,""normalized_name"":""rain records""}",{},2026-04-12 16:01:26+00
d8e339cc-84ac-d33b-c9e4-58e26ecf14df,null,jivu,JIVU,null,null,null,null,null,null,publish,"{""old_id"":137,""old_table"":""wp_wkcharts_labels""}","{""id"":137,""name"":""JIVU"",""slug"":""jivu"",""notes"":null,""created_at"":""2026-04-12 16:01:26"",""updated_at"":""2026-04-12 16:01:26"",""website_url"":null,""country_iso2"":null,""normalized_name"":""jivu""}",{},2026-04-12 16:01:26+00
533c1c9e-fd2c-e8a2-3cad-8f307460f0dd,null,sevens-creative-hub,SEVENS CREATIVE HUB,null,null,null,null,null,null,publish,"{""old_id"":138,""old_table"":""wp_wkcharts_labels""}","{""id"":138,""name"":""SEVENS CREATIVE HUB"",""slug"":""sevens-creative-hub"",""notes"":null,""created_at"":""2026-04-12 16:01:26"",""updated_at"":""2026-04-12 16:01:26"",""website_url"":null,""country_iso2"":null,""normalized_name"":""sevens creative hub""}",{},2026-04-12 16:01:26+00
e9719f14-c306-1d00-7079-eb5ca9e70d1b,null,blu-ink-corp-presents,Blu Ink corp presents,null,null,null,null,null,null,publish,"{""old_id"":139,""old_table"":""wp_wkcharts_labels""}","{""id"":139,""name"":""Blu Ink corp presents"",""slug"":""blu-ink-corp-presents"",""notes"":null,""created_at"":""2026-04-12 16:01:26"",""updated_at"":""2026-04-12 16:01:26"",""website_url"":null,""country_iso2"":null,""normalized_name"":""blu ink corp presents""}",{},2026-04-12 16:01:26+00
abd1d785-95d1-18c2-9d4d-0f38a415fd6e,null,fancy-fingers-music,Fancy Fingers Music,null,null,null,null,null,null,publish,"{""old_id"":140,""old_table"":""wp_wkcharts_labels""}","{""id"":140,""name"":""Fancy Fingers Music"",""slug"":""fancy-fingers-music"",""notes"":null,""created_at"":""2026-04-12 16:01:26"",""updated_at"":""2026-04-12 16:01:26"",""website_url"":null,""country_iso2"":null,""normalized_name"":""fancy fingers music""}",{},2026-04-12 16:01:26+00
0132d982-0756-ab67-844e-d90a0c7f90ef,null,gondwana,Gondwana,null,null,null,null,null,null,publish,"{""old_id"":141,""old_table"":""wp_wkcharts_labels""}","{""id"":141,""name"":""Gondwana"",""slug"":""gondwana"",""notes"":null,""created_at"":""2026-04-12 16:01:26"",""updated_at"":""2026-04-12 16:01:26"",""website_url"":null,""country_iso2"":null,""normalized_name"":""gondwana""}",{},2026-04-12 16:01:26+00
873b18f1-aa00-fb87-4172-eecca9a09449,null,hood-boyz,HOOD BOYZ,null,null,null,null,null,null,publish,"{""old_id"":142,""old_table"":""wp_wkcharts_labels""}","{""id"":142,""name"":""HOOD BOYZ"",""slug"":""hood-boyz"",""notes"":null,""created_at"":""2026-04-12 16:01:26"",""updated_at"":""2026-04-12 16:01:26"",""website_url"":null,""country_iso2"":null,""normalized_name"":""hood boyz""}",{},2026-04-12 16:01:26+00
63448206-ca5b-85f8-9d7c-cddcd2a17b70,null,pinnacle-canvas-records-ltd,Pinnacle Canvas Records LTD,null,null,null,null,null,null,publish,"{""old_id"":143,""old_table"":""wp_wkcharts_labels""}","{""id"":143,""name"":""Pinnacle Canvas Records LTD"",""slug"":""pinnacle-canvas-records-ltd"",""notes"":null,""created_at"":""2026-04-12 16:01:27"",""updated_at"":""2026-04-12 16:01:27"",""website_url"":null,""country_iso2"":null,""normalized_name"":""pinnacle canvas records ltd""}",{},2026-04-12 16:01:27+00
3ad08ca2-ea94-17f3-953d-fcac2aed3726,null,bafa-music,Bafa Music,null,null,null,null,null,null,publish,"{""old_id"":144,""old_table"":""wp_wkcharts_labels""}","{""id"":144,""name"":""Bafa Music"",""slug"":""bafa-music"",""notes"":null,""created_at"":""2026-04-12 16:01:27"",""updated_at"":""2026-04-12 16:01:27"",""website_url"":null,""country_iso2"":null,""normalized_name"":""bafa music""}",{},2026-04-12 16:01:27+00
9ac31613-c39b-f296-8bea-c1cb9bc36e9c,null,team-mistari,Team Mistari,null,null,null,null,null,null,publish,"{""old_id"":145,""old_table"":""wp_wkcharts_labels""}","{""id"":145,""name"":""Team Mistari"",""slug"":""team-mistari"",""notes"":null,""created_at"":""2026-04-12 16:01:27"",""updated_at"":""2026-04-12 16:01:27"",""website_url"":null,""country_iso2"":null,""normalized_name"":""team mistari""}",{},2026-04-12 16:01:27+00
bc352e75-fda3-1553-8d5f-a0bd91cd6369,null,jot-donge,JOT DONGE,null,null,null,null,null,null,publish,"{""old_id"":146,""old_table"":""wp_wkcharts_labels""}","{""id"":146,""name"":""JOT DONGE"",""slug"":""jot-donge"",""notes"":null,""created_at"":""2026-04-12 16:01:27"",""updated_at"":""2026-04-12 16:01:27"",""website_url"":null,""country_iso2"":null,""normalized_name"":""jot donge""}",{},2026-04-12 16:01:27+00
5a21f50a-230f-ee09-0316-5fb8c2eaa7e4,null,3407132-records-dk,3407132 Records DK,null,null,null,null,null,null,publish,"{""old_id"":147,""old_table"":""wp_wkcharts_labels""}","{""id"":147,""name"":""3407132 Records DK"",""slug"":""3407132-records-dk"",""notes"":null,""created_at"":""2026-04-12 16:01:27"",""updated_at"":""2026-04-12 16:01:27"",""website_url"":null,""country_iso2"":null,""normalized_name"":""3407132 records dk""}",{},2026-04-12 16:01:27+00
b9c84500-b6b1-ec2c-559a-2c5951c88e18,null,thirtyfourbrick-records,ThirtyFourBrick Records,null,null,null,null,null,null,publish,"{""old_id"":148,""old_table"":""wp_wkcharts_labels""}","{""id"":148,""name"":""ThirtyFourBrick Records"",""slug"":""thirtyfourbrick-records"",""notes"":null,""created_at"":""2026-04-12 16:01:27"",""updated_at"":""2026-04-12 16:01:27"",""website_url"":null,""country_iso2"":null,""normalized_name"":""thirtyfourbrick records""}",{},2026-04-12 16:01:27+00
b5a5e757-6a3f-5e8b-2738-3800466026cc,null,3338945-records-dk,3338945 Records DK,null,null,null,null,null,null,publish,"{""old_id"":149,""old_table"":""wp_wkcharts_labels""}","{""id"":149,""name"":""3338945 Records DK"",""slug"":""3338945-records-dk"",""notes"":null,""created_at"":""2026-04-12 16:01:27"",""updated_at"":""2026-04-12 16:01:27"",""website_url"":null,""country_iso2"":null,""normalized_name"":""3338945 records dk""}",{},2026-04-12 16:01:27+00
6788ddee-baac-cfee-b5e9-2b1ec82c0e87,null,2109087-records-dk,2109087 Records DK,null,null,null,null,null,null,publish,"{""old_id"":150,""old_table"":""wp_wkcharts_labels""}","{""id"":150,""name"":""2109087 Records DK"",""slug"":""2109087-records-dk"",""notes"":null,""created_at"":""2026-04-12 16:01:27"",""updated_at"":""2026-04-12 16:01:27"",""website_url"":null,""country_iso2"":null,""normalized_name"":""2109087 records dk""}",{},2026-04-12 16:01:27+00
cd5ad707-d551-873e-24a9-9af29f4be4f2,null,elsaphan-njora,Elsaphan Njora,null,null,null,null,null,null,publish,"{""old_id"":151,""old_table"":""wp_wkcharts_labels""}","{""id"":151,""name"":""Elsaphan Njora"",""slug"":""elsaphan-njora"",""notes"":null,""created_at"":""2026-04-12 16:01:27"",""updated_at"":""2026-04-12 16:01:27"",""website_url"":null,""country_iso2"":null,""normalized_name"":""elsaphan njora""}",{},2026-04-12 16:01:27+00
d3be297b-3a52-603f-d0ff-2db1bf569991,null,7696901-records-dk,7696901 Records DK,null,null,null,null,null,null,publish,"{""old_id"":152,""old_table"":""wp_wkcharts_labels""}","{""id"":152,""name"":""7696901 Records DK"",""slug"":""7696901-records-dk"",""notes"":null,""created_at"":""2026-04-12 16:01:27"",""updated_at"":""2026-04-12 16:01:27"",""website_url"":null,""country_iso2"":null,""normalized_name"":""7696901 records dk""}",{},2026-04-12 16:01:27+00
02606e60-e568-ea1d-095f-2e640f868737,null,respekt-entertainment-ltd,RESPEKT ENTERTAINMENT LTD,null,null,null,null,null,null,publish,"{""old_id"":153,""old_table"":""wp_wkcharts_labels""}","{""id"":153,""name"":""RESPEKT ENTERTAINMENT LTD"",""slug"":""respekt-entertainment-ltd"",""notes"":null,""created_at"":""2026-04-12 16:01:27"",""updated_at"":""2026-04-12 16:01:27"",""website_url"":null,""country_iso2"":null,""normalized_name"":""respekt entertainment ltd""}",{},2026-04-12 16:01:27+00
eb203cb1-86e0-1433-0bff-cf618a388285,null,5242223-records-dk2,5242223 Records DK2,null,null,null,null,null,null,publish,"{""old_id"":154,""old_table"":""wp_wkcharts_labels""}","{""id"":154,""name"":""5242223 Records DK2"",""slug"":""5242223-records-dk2"",""notes"":null,""created_at"":""2026-04-12 16:01:27"",""updated_at"":""2026-04-12 16:01:27"",""website_url"":null,""country_iso2"":null,""normalized_name"":""5242223 records dk2""}",{},2026-04-12 16:01:27+00
f3845120-3d4b-25f2-327e-dae0bfd8e6c7,null,ethic-entertainment,Ethic Entertainment,null,null,null,null,null,null,publish,"{""old_id"":155,""old_table"":""wp_wkcharts_labels""}","{""id"":155,""name"":""Ethic Entertainment"",""slug"":""ethic-entertainment"",""notes"":null,""created_at"":""2026-04-12 16:01:27"",""updated_at"":""2026-04-12 16:01:27"",""website_url"":null,""country_iso2"":null,""normalized_name"":""ethic entertainment""}",{},2026-04-12 16:01:27+00
da01a01b-fa2b-ba8d-f09e-4b9adeb9f2b3,null,buruklynboyz,BuruklynBoyz,null,null,null,null,null,null,publish,"{""old_id"":156,""old_table"":""wp_wkcharts_labels""}","{""id"":156,""name"":""BuruklynBoyz"",""slug"":""buruklynboyz"",""notes"":null,""created_at"":""2026-04-12 16:01:27"",""updated_at"":""2026-04-12 16:01:27"",""website_url"":null,""country_iso2"":null,""normalized_name"":""buruklynboyz""}",{},2026-04-12 16:01:27+00
3dc008b1-4620-26f4-4eb7-e7358253663e,null,brandy-maina,Brandy Maina,null,null,null,null,null,null,publish,"{""old_id"":157,""old_table"":""wp_wkcharts_labels""}","{""id"":157,""name"":""Brandy Maina"",""slug"":""brandy-maina"",""notes"":null,""created_at"":""2026-04-12 16:01:27"",""updated_at"":""2026-04-12 16:01:27"",""website_url"":null,""country_iso2"":null,""normalized_name"":""brandy maina""}",{},2026-04-12 16:01:27+00
8e4072a9-a0dc-e344-4516-9abb7f89dbb8,null,masauti-under-exclusive-license-to-onerpm,"Masauti, Under exclusive license to ONErpm",null,null,null,null,null,null,publish,"{""old_id"":158,""old_table"":""wp_wkcharts_labels""}","{""id"":158,""name"":""Masauti, Under exclusive license to ONErpm"",""slug"":""masauti-under-exclusive-license-to-onerpm"",""notes"":null,""created_at"":""2026-04-12 16:01:27"",""updated_at"":""2026-04-12 16:01:27"",""website_url"":null,""country_iso2"":null,""normalized_name"":""masauti, under exclusive license to onerpm""}",{},2026-04-12 16:01:27+00
76d96252-4581-dd57-f265-53d9d04a77f3,null,breeder-lw-under-exclusive-license-to-onerpm,"Breeder LW, Under exclusive license to ONErpm",null,null,null,null,null,null,publish,"{""old_id"":159,""old_table"":""wp_wkcharts_labels""}","{""id"":159,""name"":""Breeder LW, Under exclusive license to ONErpm"",""slug"":""breeder-lw-under-exclusive-license-to-onerpm"",""notes"":null,""created_at"":""2026-04-12 16:01:27"",""updated_at"":""2026-04-12 16:01:27"",""website_url"":null,""country_iso2"":null,""normalized_name"":""breeder lw, under exclusive license to onerpm""}",{},2026-04-12 16:01:27+00
875d416e-3713-001a-cf4c-d1de39842109,null,zzero-sufuri,Zzero Sufuri,null,null,null,null,null,null,publish,"{""old_id"":160,""old_table"":""wp_wkcharts_labels""}","{""id"":160,""name"":""Zzero Sufuri"",""slug"":""zzero-sufuri"",""notes"":null,""created_at"":""2026-04-12 16:01:27"",""updated_at"":""2026-04-12 16:01:27"",""website_url"":null,""country_iso2"":null,""normalized_name"":""zzero sufuri""}",{},2026-04-12 16:01:27+00
0564d1c2-11c5-4d59-3583-bb8037cf52fa,null,nine-inch-records,Nine Inch Records,null,null,null,null,null,null,publish,"{""old_id"":161,""old_table"":""wp_wkcharts_labels""}","{""id"":161,""name"":""Nine Inch Records"",""slug"":""nine-inch-records"",""notes"":null,""created_at"":""2026-04-14 14:00:48"",""updated_at"":""2026-04-14 14:00:48"",""website_url"":null,""country_iso2"":null,""normalized_name"":""nine inch records""}",{},2026-04-14 14:00:48+00
35cbf2ed-ac7b-8028-1d14-4964f9c01d34,null,tamasha-corporation-limited,Tamasha Corporation Limited,null,null,null,null,null,null,publish,"{""old_id"":162,""old_table"":""wp_wkcharts_labels""}","{""id"":162,""name"":""Tamasha Corporation Limited"",""slug"":""tamasha-corporation-limited"",""notes"":null,""created_at"":""2026-04-15 13:06:47"",""updated_at"":""2026-04-15 13:06:47"",""website_url"":null,""country_iso2"":null,""normalized_name"":""tamasha corporation limited""}",{},2026-04-15 13:06:47+00
2b4ba773-5f04-e38f-a453-0ab87a030a65,null,siepna-inc,SIEPNA INC,null,null,null,null,null,null,publish,"{""old_id"":163,""old_table"":""wp_wkcharts_labels""}","{""id"":163,""name"":""SIEPNA INC"",""slug"":""siepna-inc"",""notes"":null,""created_at"":""2026-04-15 16:23:03"",""updated_at"":""2026-04-15 16:23:03"",""website_url"":null,""country_iso2"":null,""normalized_name"":""siepna inc""}",{},2026-04-15 16:23:03+00
51615d1b-3c9e-99ca-335c-ee9ea04db625,null,soundkraft-under-exclusive-license-to-amuseio-ab,Soundkraft under exclusive license to Amuseio AB,null,null,null,null,null,null,publish,"{""old_id"":164,""old_table"":""wp_wkcharts_labels""}","{""id"":164,""name"":""Soundkraft under exclusive license to Amuseio AB"",""slug"":""soundkraft-under-exclusive-license-to-amuseio-ab"",""notes"":null,""created_at"":""2026-04-16 06:54:47"",""updated_at"":""2026-04-16 06:54:47"",""website_url"":null,""country_iso2"":null,""normalized_name"":""soundkraft under exclusive license to amuseio ab""}",{},2026-04-16 06:54:47+00
3b831147-669d-a0c3-565b-6c23e1d9fe93,null,canvass-records,Canvass Records,null,null,null,null,null,null,publish,"{""old_id"":165,""old_table"":""wp_wkcharts_labels""}","{""id"":165,""name"":""Canvass Records"",""slug"":""canvass-records"",""notes"":null,""created_at"":""2026-04-16 06:55:15"",""updated_at"":""2026-04-16 06:55:15"",""website_url"":null,""country_iso2"":null,""normalized_name"":""canvass records""}",{},2026-04-16 06:55:15+00
39d90467-bc0c-1d02-b980-8b0541eecb7f,null,pta,PTA,null,null,null,null,null,null,publish,"{""old_id"":166,""old_table"":""wp_wkcharts_labels""}","{""id"":166,""name"":""PTA"",""slug"":""pta"",""notes"":null,""created_at"":""2026-04-16 06:56:31"",""updated_at"":""2026-04-16 06:56:31"",""website_url"":null,""country_iso2"":null,""normalized_name"":""pta""}",{},2026-04-16 06:56:31+00
433d3dbd-d4f3-02fd-bdf4-a073056c586a,null,emc,EMC,null,null,null,null,null,null,publish,"{""old_id"":167,""old_table"":""wp_wkcharts_labels""}","{""id"":167,""name"":""EMC"",""slug"":""emc"",""notes"":null,""created_at"":""2026-04-16 07:04:48"",""updated_at"":""2026-04-16 07:04:48"",""website_url"":null,""country_iso2"":null,""normalized_name"":""emc""}",{},2026-04-16 07:04:48+00
43af91d8-f6c2-8487-32a8-a821b5750855,null,bigbeatsafriq,BIGBEATSAFRIQ,null,null,null,null,null,null,publish,"{""old_id"":168,""old_table"":""wp_wkcharts_labels""}","{""id"":168,""name"":""BIGBEATSAFRIQ"",""slug"":""bigbeatsafriq"",""notes"":null,""created_at"":""2026-04-16 07:05:59"",""updated_at"":""2026-04-16 07:05:59"",""website_url"":null,""country_iso2"":null,""normalized_name"":""bigbeatsafriq""}",{},2026-04-16 07:05:59+00
39a143cc-bec3-36e1-f877-cff5f109b9b1,null,phauria-limited,Phauria Limited,null,null,null,null,null,null,publish,"{""old_id"":169,""old_table"":""wp_wkcharts_labels""}","{""id"":169,""name"":""Phauria Limited"",""slug"":""phauria-limited"",""notes"":null,""created_at"":""2026-04-16 17:27:43"",""updated_at"":""2026-04-16 17:27:43"",""website_url"":null,""country_iso2"":null,""normalized_name"":""phauria limited""}",{},2026-04-16 17:27:43+00
da67f942-9e1b-9acc-b978-6b14884ed1c4,null,watotowakorofi,Watotowakorofi,null,null,null,null,null,null,publish,"{""old_id"":170,""old_table"":""wp_wkcharts_labels""}","{""id"":170,""name"":""Watotowakorofi"",""slug"":""watotowakorofi"",""notes"":null,""created_at"":""2026-04-16 17:32:56"",""updated_at"":""2026-04-16 17:32:56"",""website_url"":null,""country_iso2"":null,""normalized_name"":""watotowakorofi""}",{},2026-04-16 17:32:56+00
c3765100-5e60-c2d4-be57-a3140074b460,null,muthoni-music-ltd,Muthoni Music LTD,null,null,null,null,null,null,publish,"{""old_id"":171,""old_table"":""wp_wkcharts_labels""}","{""id"":171,""name"":""Muthoni Music LTD"",""slug"":""muthoni-music-ltd"",""notes"":null,""created_at"":""2026-04-18 11:37:11"",""updated_at"":""2026-04-18 11:37:11"",""website_url"":null,""country_iso2"":null,""normalized_name"":""muthoni music ltd""}",{},2026-04-18 11:37:11+00
6b3ddd2b-eb69-b5f5-2870-b02ee02e5c54,null,crystal-asige,Crystal Asige,null,null,null,null,null,null,publish,"{""old_id"":172,""old_table"":""wp_wkcharts_labels""}","{""id"":172,""name"":""Crystal Asige"",""slug"":""crystal-asige"",""notes"":null,""created_at"":""2026-04-18 11:37:11"",""updated_at"":""2026-04-18 11:37:11"",""website_url"":null,""country_iso2"":null,""normalized_name"":""crystal asige""}",{},2026-04-18 11:37:11+00
3e202979-0e84-643f-c9cd-75efd5d3ed5f,null,paraiso,Paraiso,null,null,null,null,null,null,publish,"{""old_id"":173,""old_table"":""wp_wkcharts_labels""}","{""id"":173,""name"":""Paraiso"",""slug"":""paraiso"",""notes"":null,""created_at"":""2026-04-18 11:37:11"",""updated_at"":""2026-04-18 11:37:11"",""website_url"":null,""country_iso2"":null,""normalized_name"":""paraiso""}",{},2026-04-18 11:37:11+00
9709598f-5ff6-46e2-ca3b-46209ae12bf4,null,starmind-international,Starmind International,null,null,null,null,null,null,publish,"{""old_id"":174,""old_table"":""wp_wkcharts_labels""}","{""id"":174,""name"":""Starmind International"",""slug"":""starmind-international"",""notes"":null,""created_at"":""2026-04-18 11:37:12"",""updated_at"":""2026-04-18 11:37:12"",""website_url"":null,""country_iso2"":null,""normalized_name"":""starmind international""}",{},2026-04-18 11:37:12+00
8d144c97-f27b-53c4-45ee-410ac02e034a,null,wyre,WYRE,null,null,null,null,null,null,publish,"{""old_id"":175,""old_table"":""wp_wkcharts_labels""}","{""id"":175,""name"":""WYRE"",""slug"":""wyre"",""notes"":null,""created_at"":""2026-04-18 11:37:12"",""updated_at"":""2026-04-18 11:37:12"",""website_url"":null,""country_iso2"":null,""normalized_name"":""wyre""}",{},2026-04-18 11:37:12+00
43919df2-4490-55e2-cb49-3b743702c3fb,null,wanavokali,Wanavokali,null,null,null,null,null,null,publish,"{""old_id"":176,""old_table"":""wp_wkcharts_labels""}","{""id"":176,""name"":""Wanavokali"",""slug"":""wanavokali"",""notes"":null,""created_at"":""2026-04-18 11:37:12"",""updated_at"":""2026-04-18 11:37:12"",""website_url"":null,""country_iso2"":null,""normalized_name"":""wanavokali""}",{},2026-04-18 11:37:12+00
a36f96db-c9a2-ece7-c5f1-eef10e3ac5a5,null,moji-shortbabaa-onerpm,Moji Shortbabaa/ONErpm,null,null,null,null,null,null,publish,"{""old_id"":177,""old_table"":""wp_wkcharts_labels""}","{""id"":177,""name"":""Moji Shortbabaa/ONErpm"",""slug"":""moji-shortbabaa-onerpm"",""notes"":null,""created_at"":""2026-04-18 11:37:12"",""updated_at"":""2026-04-18 11:37:12"",""website_url"":null,""country_iso2"":null,""normalized_name"":""moji shortbabaa onerpm""}",{},2026-04-18 11:37:12+00
cf000620-26c4-17d7-f619-ff8a4fa7c80d,null,benjamin-otwal,Benjamin Otwal,null,null,null,null,null,null,publish,"{""old_id"":178,""old_table"":""wp_wkcharts_labels""}","{""id"":178,""name"":""Benjamin Otwal"",""slug"":""benjamin-otwal"",""notes"":null,""created_at"":""2026-04-18 11:37:12"",""updated_at"":""2026-04-18 11:37:12"",""website_url"":null,""country_iso2"":null,""normalized_name"":""benjamin otwal""}",{},2026-04-18 11:37:12+00
40404554-aebf-c50f-927a-0e641dc7a643,null,4750537-records-dk,4750537 Records DK,null,null,null,null,null,null,publish,"{""old_id"":179,""old_table"":""wp_wkcharts_labels""}","{""id"":179,""name"":""4750537 Records DK"",""slug"":""4750537-records-dk"",""notes"":null,""created_at"":""2026-04-18 11:37:12"",""updated_at"":""2026-04-18 11:37:12"",""website_url"":null,""country_iso2"":null,""normalized_name"":""4750537 records dk""}",{},2026-04-18 11:37:12+00
ab7b497e-67f9-7841-0642-3578067e43f0,null,ngoma-studios,Ngoma Studios,null,null,null,null,null,null,publish,"{""old_id"":180,""old_table"":""wp_wkcharts_labels""}","{""id"":180,""name"":""Ngoma Studios"",""slug"":""ngoma-studios"",""notes"":null,""created_at"":""2026-04-18 11:37:12"",""updated_at"":""2026-04-18 11:37:12"",""website_url"":null,""country_iso2"":null,""normalized_name"":""ngoma studios""}",{},2026-04-18 11:37:12+00
b05c21eb-2607-de7d-fd0c-6ebb8388bd9e,null,shad-mziki,Shad Mziki,null,null,null,null,null,null,publish,"{""old_id"":181,""old_table"":""wp_wkcharts_labels""}","{""id"":181,""name"":""Shad Mziki"",""slug"":""shad-mziki"",""notes"":null,""created_at"":""2026-04-18 11:39:15"",""updated_at"":""2026-04-18 11:39:15"",""website_url"":null,""country_iso2"":null,""normalized_name"":""shad mziki""}",{},2026-04-18 11:39:15+00
39b38191-51ba-53c6-473c-1953b0c0f0fb,null,iyanii,Iyanii,null,null,null,null,null,null,publish,"{""old_id"":182,""old_table"":""wp_wkcharts_labels""}","{""id"":182,""name"":""Iyanii"",""slug"":""iyanii"",""notes"":null,""created_at"":""2026-04-18 11:39:16"",""updated_at"":""2026-04-18 11:39:16"",""website_url"":null,""country_iso2"":null,""normalized_name"":""iyanii""}",{},2026-04-18 11:39:16+00
a07a33eb-bc86-c4a4-8d94-3e627e4e5c4f,null,camouflage-inc,Camouflage Inc,null,null,null,null,null,null,publish,"{""old_id"":183,""old_table"":""wp_wkcharts_labels""}","{""id"":183,""name"":""Camouflage Inc"",""slug"":""camouflage-inc"",""notes"":null,""created_at"":""2026-04-18 11:39:16"",""updated_at"":""2026-04-18 11:39:16"",""website_url"":null,""country_iso2"":null,""normalized_name"":""camouflage inc""}",{},2026-04-18 11:39:16+00
77e211be-fd8d-1158-8c4b-7377d43d4cb6,null,silverstone-barz-onerpm,Silverstone Barz/ONErpm,null,null,null,null,null,null,publish,"{""old_id"":184,""old_table"":""wp_wkcharts_labels""}","{""id"":184,""name"":""Silverstone Barz/ONErpm"",""slug"":""silverstone-barz-onerpm"",""notes"":null,""created_at"":""2026-04-18 11:39:16"",""updated_at"":""2026-04-18 11:39:16"",""website_url"":null,""country_iso2"":null,""normalized_name"":""silverstone barz onerpm""}",{},2026-04-18 11:39:16+00
75c22315-efd8-185d-6e41-f6a1fcd9bc76,null,lafayetteda1-onerpm,lafayetteda1/ONErpm,null,null,null,null,null,null,publish,"{""old_id"":186,""old_table"":""wp_wkcharts_labels""}","{""id"":186,""name"":""lafayetteda1/ONErpm"",""slug"":""lafayetteda1-onerpm"",""notes"":null,""created_at"":""2026-04-18 11:39:16"",""updated_at"":""2026-04-18 11:39:16"",""website_url"":null,""country_iso2"":null,""normalized_name"":""lafayetteda1 onerpm""}",{},2026-04-18 11:39:16+00
72fa4520-b270-007e-5f29-ddc2d328e9d4,null,kethan-onerpm,Kethan /ONErpm,null,null,null,null,null,null,publish,"{""old_id"":187,""old_table"":""wp_wkcharts_labels""}","{""id"":187,""name"":""Kethan /ONErpm"",""slug"":""kethan-onerpm"",""notes"":null,""created_at"":""2026-04-18 11:39:16"",""updated_at"":""2026-04-18 11:39:16"",""website_url"":null,""country_iso2"":null,""normalized_name"":""kethan onerpm""}",{},2026-04-18 11:39:16+00
88e0da6d-adcc-685b-dafd-252f0ece60ca,null,trouble-music-inc,Trouble Music Inc,null,null,null,null,null,null,publish,"{""old_id"":188,""old_table"":""wp_wkcharts_labels""}","{""id"":188,""name"":""Trouble Music Inc"",""slug"":""trouble-music-inc"",""notes"":null,""created_at"":""2026-04-18 11:39:16"",""updated_at"":""2026-04-18 11:39:16"",""website_url"":null,""country_iso2"":null,""normalized_name"":""trouble music inc""}",{},2026-04-18 11:39:16+00
ad8dbb54-3e54-9e28-05d7-9a06b67798f5,null,universal-music-pty-ltd,Universal Music (Pty) Ltd.,null,null,null,null,null,null,publish,"{""old_id"":189,""old_table"":""wp_wkcharts_labels""}","{""id"":189,""name"":""Universal Music (Pty) Ltd."",""slug"":""universal-music-pty-ltd"",""notes"":null,""created_at"":""2026-04-19 11:38:12"",""updated_at"":""2026-04-19 11:38:12"",""website_url"":null,""country_iso2"":null,""normalized_name"":""universal music pty ltd""}",{},2026-04-19 11:38:12+00
08c5b43d-b6fa-3d47-d7d9-863d4dae7b69,null,savage-kitchen,Savage Kitchen,null,null,null,null,null,null,publish,"{""old_id"":190,""old_table"":""wp_wkcharts_labels""}","{""id"":190,""name"":""Savage Kitchen"",""slug"":""savage-kitchen"",""notes"":null,""created_at"":""2026-04-19 11:43:35"",""updated_at"":""2026-04-19 11:43:35"",""website_url"":null,""country_iso2"":null,""normalized_name"":""savage kitchen""}",{},2026-04-19 11:43:35+00
e044a110-a889-e001-70f5-c59d124e0d71,null,utembe,Utembe,null,null,null,null,null,null,publish,"{""old_id"":191,""old_table"":""wp_wkcharts_labels""}","{""id"":191,""name"":""Utembe"",""slug"":""utembe"",""notes"":null,""created_at"":""2026-04-20 09:37:10"",""updated_at"":""2026-04-20 09:37:10"",""website_url"":null,""country_iso2"":null,""normalized_name"":""utembe""}",{},2026-04-20 09:37:10+00
20a40b15-4d15-5650-68ba-96ca2602b5ed,null,dufla-diligon,Dufla Diligon,null,null,null,null,null,null,publish,"{""old_id"":192,""old_table"":""wp_wkcharts_labels""}","{""id"":192,""name"":""Dufla Diligon"",""slug"":""dufla-diligon"",""notes"":null,""created_at"":""2026-04-20 09:45:17"",""updated_at"":""2026-04-20 09:45:17"",""website_url"":null,""country_iso2"":null,""normalized_name"":""dufla diligon""}",{},2026-04-20 09:45:17+00
96854fd5-7b05-5894-b1de-b87e4e3c60b7,null,utembe-world,Utembe World,null,null,null,null,null,null,publish,"{""old_id"":193,""old_table"":""wp_wkcharts_labels""}","{""id"":193,""name"":""Utembe World"",""slug"":""utembe-world"",""notes"":null,""created_at"":""2026-04-20 09:46:42"",""updated_at"":""2026-04-20 09:46:42"",""website_url"":null,""country_iso2"":null,""normalized_name"":""utembe world""}",{},2026-04-20 09:46:42+00
529d08b5-b7e5-4617-ced4-9b3bbd605ea9,null,onerpm,ONErpm,null,null,null,null,null,null,publish,"{""old_id"":194,""old_table"":""wp_wkcharts_labels""}","{""id"":194,""name"":""ONErpm"",""slug"":""onerpm"",""notes"":null,""created_at"":""2026-04-21 15:50:23"",""updated_at"":""2026-04-21 15:50:23"",""website_url"":null,""country_iso2"":null,""normalized_name"":""onerpm""}",{},2026-04-21 15:50:23+00
4ce73b25-8e6f-c326-e468-65fcf7004a3f,null,soundkraft,Soundkraft,null,null,null,null,null,null,publish,"{""old_id"":195,""old_table"":""wp_wkcharts_labels""}","{""id"":195,""name"":""Soundkraft"",""slug"":""soundkraft"",""notes"":null,""created_at"":""2026-04-21 15:50:23"",""updated_at"":""2026-04-21 15:50:23"",""website_url"":null,""country_iso2"":null,""normalized_name"":""soundkraft""}",{},2026-04-21 15:50:23+00
456cb954-f96e-13f5-027c-da40b25a453b,null,amuseio-ab,Amuseio AB,null,null,null,null,null,null,publish,"{""old_id"":196,""old_table"":""wp_wkcharts_labels""}","{""id"":196,""name"":""Amuseio AB"",""slug"":""amuseio-ab"",""notes"":null,""created_at"":""2026-04-21 15:50:23"",""updated_at"":""2026-04-21 15:50:23"",""website_url"":null,""country_iso2"":null,""normalized_name"":""amuseio ab""}",{},2026-04-21 15:50:23+00
7fa9b5f1-fdaf-fa5e-8b07-36f6b9484de2,null,toxic-lyrikali,Toxic Lyrikali,null,null,null,null,null,null,publish,"{""old_id"":197,""old_table"":""wp_wkcharts_labels""}","{""id"":197,""name"":""Toxic Lyrikali"",""slug"":""toxic-lyrikali"",""notes"":null,""created_at"":""2026-04-21 15:50:23"",""updated_at"":""2026-04-21 15:50:23"",""website_url"":null,""country_iso2"":null,""normalized_name"":""toxic lyrikali""}",{},2026-04-21 15:50:23+00
eb566dc7-4aad-e96e-56aa-d64e2af0e566,null,mboka-doba-ltd,Mboka Doba Ltd,null,null,null,null,null,null,publish,"{""old_id"":198,""old_table"":""wp_wkcharts_labels""}","{""id"":198,""name"":""Mboka Doba Ltd"",""slug"":""mboka-doba-ltd"",""notes"":null,""created_at"":""2026-04-21 15:50:23"",""updated_at"":""2026-04-21 15:50:23"",""website_url"":null,""country_iso2"":null,""normalized_name"":""mboka doba ltd""}",{},2026-04-21 15:50:23+00
1a4d292a-dfd4-15fb-9235-3b751ed182a2,null,soh-music,SOH Music,null,null,null,null,null,null,publish,"{""old_id"":199,""old_table"":""wp_wkcharts_labels""}","{""id"":199,""name"":""SOH Music"",""slug"":""soh-music"",""notes"":null,""created_at"":""2026-04-21 15:50:23"",""updated_at"":""2026-04-21 15:50:23"",""website_url"":null,""country_iso2"":null,""normalized_name"":""soh music""}",{},2026-04-21 15:50:23+00
8679d22e-1d31-4867-0946-e4ca74a86bde,null,empire,EMPIRE,null,null,null,null,null,null,publish,"{""old_id"":200,""old_table"":""wp_wkcharts_labels""}","{""id"":200,""name"":""EMPIRE"",""slug"":""empire"",""notes"":null,""created_at"":""2026-04-21 15:50:23"",""updated_at"":""2026-04-21 15:50:23"",""website_url"":null,""country_iso2"":null,""normalized_name"":""empire""}",{},2026-04-21 15:50:23+00
a316186e-21d2-426b-ce87-9f8d835747c2,null,3n,3N!,null,null,null,null,null,null,publish,"{""old_id"":201,""old_table"":""wp_wkcharts_labels""}","{""id"":201,""name"":""3N!"",""slug"":""3n"",""notes"":null,""created_at"":""2026-04-21 15:50:24"",""updated_at"":""2026-04-21 15:50:24"",""website_url"":null,""country_iso2"":null,""normalized_name"":""3n""}",{},2026-04-21 15:50:24+00
c12b2d31-4b1b-9e38-751a-0c5379c5df6a,null,tugi-ndichu,tugi ndichu,null,null,null,null,null,null,publish,"{""old_id"":202,""old_table"":""wp_wkcharts_labels""}","{""id"":202,""name"":""tugi ndichu"",""slug"":""tugi-ndichu"",""notes"":null,""created_at"":""2026-04-21 15:50:24"",""updated_at"":""2026-04-21 15:50:24"",""website_url"":null,""country_iso2"":null,""normalized_name"":""tugi ndichu""}",{},2026-04-21 15:50:24+00
93635411-274a-359b-8153-bbf7f0083205,null,costerojwang001,CosterOjwang001,null,null,null,null,null,null,publish,"{""old_id"":203,""old_table"":""wp_wkcharts_labels""}","{""id"":203,""name"":""CosterOjwang001"",""slug"":""costerojwang001"",""notes"":null,""created_at"":""2026-04-21 20:44:52"",""updated_at"":""2026-04-21 20:44:52"",""website_url"":null,""country_iso2"":null,""normalized_name"":""costerojwang001""}",{},2026-04-21 20:44:52+00
93f3fd60-a78f-399d-2f75-91b4d1427ffa,null,still-alive,Still Alive,null,null,null,null,null,null,publish,"{""old_id"":204,""old_table"":""wp_wkcharts_labels""}","{""id"":204,""name"":""Still Alive"",""slug"":""still-alive"",""notes"":null,""created_at"":""2026-04-21 21:01:48"",""updated_at"":""2026-04-21 21:01:48"",""website_url"":null,""country_iso2"":null,""normalized_name"":""still alive""}",{},2026-04-21 21:01:48+00
dc81b406-8a9e-b7ff-f692-8fef82fefc12,null,still-alive-production,Still Alive Production,null,null,null,null,null,null,publish,"{""old_id"":205,""old_table"":""wp_wkcharts_labels""}","{""id"":205,""name"":""Still Alive Production"",""slug"":""still-alive-production"",""notes"":null,""created_at"":""2026-04-21 21:03:24"",""updated_at"":""2026-04-21 21:03:24"",""website_url"":null,""country_iso2"":null,""normalized_name"":""still alive production""}",{},2026-04-21 21:03:24+00
1b7873a6-4494-c762-3d30-eec4183109a3,null,karura-voices,Karura Voices,null,null,null,null,null,null,publish,"{""old_id"":206,""old_table"":""wp_wkcharts_labels""}","{""id"":206,""name"":""Karura Voices"",""slug"":""karura-voices"",""notes"":null,""created_at"":""2026-04-21 21:05:49"",""updated_at"":""2026-04-21 21:05:49"",""website_url"":null,""country_iso2"":null,""normalized_name"":""karura voices""}",{},2026-04-21 21:05:49+00
7456af10-9ee3-654d-079b-185fffeedaf4,null,oby-afrika,OBY Afrika,null,null,null,null,null,null,publish,"{""old_id"":207,""old_table"":""wp_wkcharts_labels""}","{""id"":207,""name"":""OBY Afrika"",""slug"":""oby-afrika"",""notes"":null,""created_at"":""2026-04-26 10:29:29"",""updated_at"":""2026-04-26 10:29:29"",""website_url"":null,""country_iso2"":null,""normalized_name"":""oby afrika""}",{},2026-04-26 10:29:29+00
d81d269a-1792-57b6-57cc-dd2f18d4e58f,null,deepcore-records,Deepcore Records,null,null,null,null,null,null,publish,"{""old_id"":208,""old_table"":""wp_wkcharts_labels""}","{""id"":208,""name"":""Deepcore Records"",""slug"":""deepcore-records"",""notes"":null,""created_at"":""2026-04-26 15:35:28"",""updated_at"":""2026-04-26 15:35:28"",""website_url"":null,""country_iso2"":null,""normalized_name"":""deepcore records""}",{},2026-04-26 15:35:28+00
5d68d24b-96d7-f428-c0e1-8b0e85d55e59,null,colloblue,Colloblue,null,null,null,null,null,null,publish,"{""old_id"":209,""old_table"":""wp_wkcharts_labels""}","{""id"":209,""name"":""Colloblue"",""slug"":""colloblue"",""notes"":null,""created_at"":""2026-04-26 15:35:28"",""updated_at"":""2026-04-26 15:35:28"",""website_url"":null,""country_iso2"":null,""normalized_name"":""colloblue""}",{},2026-04-26 15:35:28+00
a9129963-117a-9313-8f9d-10f0ddc1a5c1,null,ochunglo-family,Ochunglo Family,null,null,null,null,null,null,publish,"{""old_id"":210,""old_table"":""wp_wkcharts_labels""}","{""id"":210,""name"":""Ochunglo Family"",""slug"":""ochunglo-family"",""notes"":null,""created_at"":""2026-04-26 15:35:29"",""updated_at"":""2026-04-26 15:35:29"",""website_url"":null,""country_iso2"":null,""normalized_name"":""ochunglo family""}",{},2026-04-26 15:35:29+00
42b00eb3-026b-0553-917a-05db500cc784,null,countree-hype-ent,Countree Hype Ent,null,null,null,null,null,null,publish,"{""old_id"":211,""old_table"":""wp_wkcharts_labels""}","{""id"":211,""name"":""Countree Hype Ent"",""slug"":""countree-hype-ent"",""notes"":null,""created_at"":""2026-04-26 15:35:30"",""updated_at"":""2026-04-26 15:35:30"",""website_url"":null,""country_iso2"":null,""normalized_name"":""countree hype ent""}",{},2026-04-26 15:35:30+00
39e331b4-f546-9ed0-c68e-318b79217ce2,null,moji-shortbabaa,Moji Shortbabaa,null,null,null,null,null,null,publish,"{""old_id"":212,""old_table"":""wp_wkcharts_labels""}","{""id"":212,""name"":""Moji Shortbabaa"",""slug"":""moji-shortbabaa"",""notes"":null,""created_at"":""2026-04-26 15:35:31"",""updated_at"":""2026-04-26 15:35:31"",""website_url"":null,""country_iso2"":null,""normalized_name"":""moji shortbabaa""}",{},2026-04-26 15:35:31+00
0c9c6470-6b71-7afd-6754-ab1cf6101fdf,null,hopekid,Hopekid,null,null,null,null,null,null,publish,"{""old_id"":213,""old_table"":""wp_wkcharts_labels""}","{""id"":213,""name"":""Hopekid"",""slug"":""hopekid"",""notes"":null,""created_at"":""2026-04-26 15:40:10"",""updated_at"":""2026-04-26 15:40:10"",""website_url"":null,""country_iso2"":null,""normalized_name"":""hopekid""}",{},2026-04-26 15:40:10+00
452fafd4-9247-342f-e557-80b81289ba72,null,soma-breath,Soma Breath,null,null,null,null,null,null,publish,"{""old_id"":214,""old_table"":""wp_wkcharts_labels""}","{""id"":214,""name"":""Soma Breath"",""slug"":""soma-breath"",""notes"":null,""created_at"":""2026-04-26 15:40:10"",""updated_at"":""2026-04-26 15:40:10"",""website_url"":null,""country_iso2"":null,""normalized_name"":""soma breath""}",{},2026-04-26 15:40:10+00
43b06564-6f98-a58d-c37f-abf7965a078f,null,2026-baxx-entertainment-quaver-music,"2026 BAXX ENTERTAINMENT, QUAVER MUSIC",null,null,null,null,null,null,publish,"{""old_id"":215,""old_table"":""wp_wkcharts_labels""}","{""id"":215,""name"":""2026 BAXX ENTERTAINMENT, QUAVER MUSIC"",""slug"":""2026-baxx-entertainment-quaver-music"",""notes"":null,""created_at"":""2026-04-26 19:12:59"",""updated_at"":""2026-04-26 19:12:59"",""website_url"":null,""country_iso2"":null,""normalized_name"":""2026 baxx entertainment, quaver music""}",{},2026-04-26 19:12:59+00
89db9992-3647-5c63-5de4-b3a2ff0214ec,null,maureen-kunga,Maureen Kunga,null,null,null,null,null,null,publish,"{""old_id"":216,""old_table"":""wp_wkcharts_labels""}","{""id"":216,""name"":""Maureen Kunga"",""slug"":""maureen-kunga"",""notes"":null,""created_at"":""2026-04-26 19:13:01"",""updated_at"":""2026-04-26 19:13:01"",""website_url"":null,""country_iso2"":null,""normalized_name"":""maureen kunga""}",{},2026-04-26 19:13:01+00
dbf2d649-7fdd-41c0-4713-caaae029bff2,null,elsy-wameyo,Elsy Wameyo,null,null,null,null,null,null,publish,"{""old_id"":217,""old_table"":""wp_wkcharts_labels""}","{""id"":217,""name"":""Elsy Wameyo"",""slug"":""elsy-wameyo"",""notes"":null,""created_at"":""2026-04-27 20:07:49"",""updated_at"":""2026-04-27 20:07:49"",""website_url"":null,""country_iso2"":null,""normalized_name"":""elsy wameyo""}",{},2026-04-27 20:07:49+00
c3e50ef9-bfcf-013a-6f5f-dee02a9ab655,null,music-in-exile,Music in Exile,null,null,null,null,null,null,publish,"{""old_id"":218,""old_table"":""wp_wkcharts_labels""}","{""id"":218,""name"":""Music in Exile"",""slug"":""music-in-exile"",""notes"":null,""created_at"":""2026-04-27 21:22:00"",""updated_at"":""2026-04-27 21:22:00"",""website_url"":null,""country_iso2"":null,""normalized_name"":""music in exile""}",{},2026-04-27 21:22:00+00
b3c3c086-8f83-fe3d-3f96-3590c58b440f,null,ws-records,WS Records,null,null,null,null,null,null,publish,"{""old_id"":219,""old_table"":""wp_wkcharts_labels""}","{""id"":219,""name"":""WS Records"",""slug"":""ws-records"",""notes"":null,""created_at"":""2026-04-27 21:25:41"",""updated_at"":""2026-04-27 21:25:41"",""website_url"":null,""country_iso2"":null,""normalized_name"":""ws records""}",{},2026-04-27 21:25:41+00
9e4ef6cd-8442-e14c-b365-59c0f201c06b,null,sol-generation-records-with-exclusive-license-to-onerpm,Sol Generation Records with exclusive license to ONErpm,null,null,null,null,null,null,publish,"{""old_id"":220,""old_table"":""wp_wkcharts_labels""}","{""id"":220,""name"":""Sol Generation Records with exclusive license to ONErpm"",""slug"":""sol-generation-records-with-exclusive-license-to-onerpm"",""notes"":null,""created_at"":""2026-05-02 16:52:23"",""updated_at"":""2026-05-02 16:52:23"",""website_url"":null,""country_iso2"":null,""normalized_name"":""sol generation records with exclusive license to onerpm""}",{},2026-05-02 16:52:23+00
b09b2439-d567-acba-e979-f3156a86ffd8,null,eleeesphere-music-worldwide,Eleéesphere Music Worldwide,null,null,null,null,null,null,publish,"{""old_id"":221,""old_table"":""wp_wkcharts_labels""}","{""id"":221,""name"":""Eleéesphere Music Worldwide"",""slug"":""eleeesphere-music-worldwide"",""notes"":null,""created_at"":""2026-05-03 21:00:14"",""updated_at"":""2026-05-03 21:00:14"",""website_url"":null,""country_iso2"":null,""normalized_name"":""eleéesphere music worldwide""}",{},2026-05-03 21:00:14+00
3764ecd4-620f-44df-898f-bdd6775ce80c,null,abubilla-music-llp,Abubilla Music LLP,null,null,null,null,null,null,publish,"{""old_id"":222,""old_table"":""wp_wkcharts_labels""}","{""id"":222,""name"":""Abubilla Music LLP"",""slug"":""abubilla-music-llp"",""notes"":null,""created_at"":""2026-05-03 21:00:16"",""updated_at"":""2026-05-03 21:00:16"",""website_url"":null,""country_iso2"":null,""normalized_name"":""abubilla music llp""}",{},2026-05-03 21:00:16+00
1008bc0c-9f97-6a55-c615-891fa1f56f4f,null,mrabaentertainment-co,MrabaEntertainment.co,null,null,null,null,null,null,publish,"{""old_id"":223,""old_table"":""wp_wkcharts_labels""}","{""id"":223,""name"":""MrabaEntertainment.co"",""slug"":""mrabaentertainment-co"",""notes"":null,""created_at"":""2026-05-03 21:02:17"",""updated_at"":""2026-05-03 21:02:17"",""website_url"":null,""country_iso2"":null,""normalized_name"":""mrabaentertainment co""}",{},2026-05-03 21:02:17+00
9ee5b968-0e7a-8940-da49-17885399b84c,null,buruklynboyz58,BuruklynBoyz58,null,null,null,null,null,null,publish,"{""old_id"":224,""old_table"":""wp_wkcharts_labels""}","{""id"":224,""name"":""BuruklynBoyz58"",""slug"":""buruklynboyz58"",""notes"":null,""created_at"":""2026-05-03 21:04:02"",""updated_at"":""2026-05-03 21:04:02"",""website_url"":null,""country_iso2"":null,""normalized_name"":""buruklynboyz58""}",{},2026-05-03 21:04:02+00
db044481-d3d5-da51-852a-66bb8a0be5f2,null,jaysoul-highpitch,Jaysoul Highpitch,null,null,null,null,null,null,publish,"{""old_id"":225,""old_table"":""wp_wkcharts_labels""}","{""id"":225,""name"":""Jaysoul Highpitch"",""slug"":""jaysoul-highpitch"",""notes"":null,""created_at"":""2026-05-03 21:04:02"",""updated_at"":""2026-05-03 21:04:02"",""website_url"":null,""country_iso2"":null,""normalized_name"":""jaysoul highpitch""}",{},2026-05-03 21:04:02+00
2a6cd999-06b5-65b0-fae6-46a6927166cb,null,sofresh-music-limited,SoFresh Music Limited,null,null,null,null,null,null,publish,"{""old_id"":226,""old_table"":""wp_wkcharts_labels""}","{""id"":226,""name"":""SoFresh Music Limited"",""slug"":""sofresh-music-limited"",""notes"":null,""created_at"":""2026-05-03 21:04:02"",""updated_at"":""2026-05-03 21:04:02"",""website_url"":null,""country_iso2"":null,""normalized_name"":""sofresh music limited""}",{},2026-05-03 21:04:02+00
d43de246-903e-e0ac-960f-7901e032d770,null,4425217-records-dk,4425217 Records DK,null,null,null,null,null,null,publish,"{""old_id"":227,""old_table"":""wp_wkcharts_labels""}","{""id"":227,""name"":""4425217 Records DK"",""slug"":""4425217-records-dk"",""notes"":null,""created_at"":""2026-05-03 21:04:03"",""updated_at"":""2026-05-03 21:04:03"",""website_url"":null,""country_iso2"":null,""normalized_name"":""4425217 records dk""}",{},2026-05-03 21:04:03+00
6357ba6c-b44a-1302-7068-ad740017143d,null,the-future-music,The Future Music,null,null,null,null,null,null,publish,"{""old_id"":228,""old_table"":""wp_wkcharts_labels""}","{""id"":228,""name"":""The Future Music"",""slug"":""the-future-music"",""notes"":null,""created_at"":""2026-05-03 21:05:56"",""updated_at"":""2026-05-03 21:05:56"",""website_url"":null,""country_iso2"":null,""normalized_name"":""the future music""}",{},2026-05-03 21:05:56+00
e7b8d9c5-2834-eebe-3887-b429c6e1bc3c,null,tribe-sessions,Tribe Sessions,null,null,null,null,null,null,publish,"{""old_id"":229,""old_table"":""wp_wkcharts_labels""}","{""id"":229,""name"":""Tribe Sessions"",""slug"":""tribe-sessions"",""notes"":null,""created_at"":""2026-05-03 21:08:45"",""updated_at"":""2026-05-03 21:08:45"",""website_url"":null,""country_iso2"":null,""normalized_name"":""tribe sessions""}",{},2026-05-03 21:08:45+00
d2623d55-dc54-bdeb-aecd-5acdf37aa31d,null,elev8,Elev8,null,null,null,null,null,null,publish,"{""old_id"":230,""old_table"":""wp_wkcharts_labels""}","{""id"":230,""name"":""Elev8"",""slug"":""elev8"",""notes"":null,""created_at"":""2026-05-03 21:08:45"",""updated_at"":""2026-05-03 21:08:45"",""website_url"":null,""country_iso2"":null,""normalized_name"":""elev8""}",{},2026-05-03 21:08:45+00
976f25ee-0127-0ab9-3f80-d18dbe74ae52,null,alpha-queen,Alpha Queen,null,null,null,null,null,null,publish,"{""old_id"":231,""old_table"":""wp_wkcharts_labels""}","{""id"":231,""name"":""Alpha Queen"",""slug"":""alpha-queen"",""notes"":null,""created_at"":""2026-05-03 21:08:46"",""updated_at"":""2026-05-03 21:08:46"",""website_url"":null,""country_iso2"":null,""normalized_name"":""alpha queen""}",{},2026-05-03 21:08:46+00
08084378-c2fe-97c2-36d5-666c1ec11379,null,ewaso-records,Ewaso Records,null,null,null,null,null,null,publish,"{""old_id"":232,""old_table"":""wp_wkcharts_labels""}","{""id"":232,""name"":""Ewaso Records"",""slug"":""ewaso-records"",""notes"":null,""created_at"":""2026-05-03 21:08:46"",""updated_at"":""2026-05-03 21:08:46"",""website_url"":null,""country_iso2"":null,""normalized_name"":""ewaso records""}",{},2026-05-03 21:08:46+00
cbb51c20-9f6d-587b-e489-6490335e4cc4,null,east-african-wave-sound-collective,East African Wave Sound Collective,null,null,null,null,null,null,publish,"{""old_id"":233,""old_table"":""wp_wkcharts_labels""}","{""id"":233,""name"":""East African Wave Sound Collective"",""slug"":""east-african-wave-sound-collective"",""notes"":null,""created_at"":""2026-05-06 19:02:42"",""updated_at"":""2026-05-06 19:02:42"",""website_url"":null,""country_iso2"":null,""normalized_name"":""east african wave sound collective""}",{},2026-05-06 19:02:42+00
efdf83ec-7968-efd3-b9ac-f4bbc2efb951,null,blochainsthelabel,BlochainsTheLabel,null,null,null,null,null,null,publish,"{""old_id"":234,""old_table"":""wp_wkcharts_labels""}","{""id"":234,""name"":""BlochainsTheLabel"",""slug"":""blochainsthelabel"",""notes"":null,""created_at"":""2026-05-06 19:03:33"",""updated_at"":""2026-05-06 19:03:33"",""website_url"":null,""country_iso2"":null,""normalized_name"":""blochainsthelabel""}",{},2026-05-06 19:03:33+00
aa555f3c-c06f-a41c-bd23-df2645aa67fa,null,baobab-studios,Baobab Studios,null,null,null,null,null,null,publish,"{""old_id"":235,""old_table"":""wp_wkcharts_labels""}","{""id"":235,""name"":""Baobab Studios"",""slug"":""baobab-studios"",""notes"":null,""created_at"":""2026-05-06 19:04:33"",""updated_at"":""2026-05-06 19:04:33"",""website_url"":null,""country_iso2"":null,""normalized_name"":""baobab studios""}",{},2026-05-06 19:04:33+00
7d892c0f-a900-527b-470e-9123ec1a3a9a,null,never-die-records,NEVER DIE RECORDS,null,null,null,null,null,null,publish,"{""old_id"":236,""old_table"":""wp_wkcharts_labels""}","{""id"":236,""name"":""NEVER DIE RECORDS"",""slug"":""never-die-records"",""notes"":null,""created_at"":""2026-05-21 17:10:14"",""updated_at"":""2026-05-21 17:10:14"",""website_url"":null,""country_iso2"":null,""normalized_name"":""never die records""}",{},2026-05-21 17:10:14+00
ce595678-23a5-d282-8b1d-156eba4797aa,null,4th-yard-records,4TH YARD RECORDS,null,null,null,null,null,null,publish,"{""old_id"":237,""old_table"":""wp_wkcharts_labels""}","{""id"":237,""name"":""4TH YARD RECORDS"",""slug"":""4th-yard-records"",""notes"":null,""created_at"":""2026-05-21 17:15:15"",""updated_at"":""2026-05-21 17:15:15"",""website_url"":null,""country_iso2"":null,""normalized_name"":""4th yard records""}",{},2026-05-21 17:15:15+00
2a5ea3ba-2d60-9f15-9535-a5e405a83022,null,lafayetteda1,lafayetteda1,null,null,null,null,null,null,publish,"{""old_id"":238,""old_table"":""wp_wkcharts_labels""}","{""id"":238,""name"":""lafayetteda1"",""slug"":""lafayetteda1"",""notes"":null,""created_at"":""2026-05-21 17:17:08"",""updated_at"":""2026-05-21 17:17:08"",""website_url"":null,""country_iso2"":null,""normalized_name"":""lafayetteda1""}",{},2026-05-21 17:17:08+00